bytes proof: /tmp/bytes-vtable-no-dyn-assert; one prover; 1024 MiB; native Ordering; sc-drf disabled
     Removed 2 files, 455.2KiB total
    Checking bytes v1.11.1 (/tmp/bytes-vtable-no-dyn-assert)
warning: unused import: `string::String`
 --> src/bytes_mut.rs:9:5
  |
9 |     string::String,
  |     ^^^^^^^^^^^^^^
  |
  = note: `#[warn(unused_imports)]` (part of `#[warn(unused)]`) on by default

warning: unused import: `AtomicUsize`
  --> src/bytes_mut.rs:18:44
   |
18 | use crate::loom::sync::atomic::{AtomicPtr, AtomicUsize, Ordering};
   |                                            ^^^^^^^^^^^

warning: unreachable expression
    --> src/bytes_mut.rs:2846:13
     |
2836 |             panic!("ARC clone is outside the first sequential split gate");
     |             -------------------------------------------------------------- any code following this expression is unreachable
...
2846 |             { self.pending_descriptor_copy() }
     |             ^^^^^^^^^^^^^^^^^^^^^^^^^^^^^^^^^^ unreachable expression
     |
     = note: `#[warn(unreachable_code)]` (part of `#[warn(unused)]`) on by default

warning: unused import: `prelude`
    --> src/bytes_mut.rs:4029:53
     |
4029 |     use creusot_std::{ghost::perm::Perm, logic::Id, prelude::*};
     |                                                     ^^^^^^^

warning: unused variable: `off`
    --> src/bytes_mut.rs:2751:13
     |
2751 |         let off = crate::capacity_ops::vec_pos_from_data(
     |             ^^^ help: if this is intentional, prefix it with an underscore: `_off`
     |
     = note: `#[warn(unused_variables)]` (part of `#[warn(unused)]`) on by default

warning: unused variable: `base`
   --> src/ownership_proof/raw_vec.rs:905:25
    |
905 |     let RawAllocation { base, capacity, namespace: _, _not_objective: _ } = raw;
    |                         ^^^^ help: try ignoring the field: `base: _`

warning: unused variable: `capacity`
   --> src/ownership_proof/raw_vec.rs:905:31
    |
905 |     let RawAllocation { base, capacity, namespace: _, _not_objective: _ } = raw;
    |                               ^^^^^^^^ help: try ignoring the field: `capacity: _`

warning: unused variable: `base`
   --> src/ownership_proof/raw_vec.rs:941:9
    |
941 |     let base = bound.as_ptr();
    |         ^^^^ help: if this is intentional, prefix it with an underscore: `_base`

warning: associated function `new` is never used
  --> src/buf/chain.rs:42:19
   |
38 | impl<T, U> Chain<T, U> {
   | ---------------------- associated function in this implementation
...
42 |     pub(crate) fn new(a: T, b: U) -> Chain<T, U> {
   |                   ^^^
   |
   = note: `#[warn(dead_code)]` (part of `#[warn(unused)]`) on by default

warning: function `chain` is never used
  --> src/buf/proof_convenience.rs:22:15
   |
22 | pub(crate) fn chain<T: Buf, U: Buf>(first: T, second: U) -> Chain<T, U> {
   |               ^^^^^

warning: function `reader` is never used
  --> src/buf/proof_convenience.rs:32:15
   |
32 | pub(crate) fn reader<T: Buf>(inner: T) -> super::Reader<T> {
   |               ^^^^^^

warning: function `writer` is never used
  --> src/buf/proof_convenience.rs:42:15
   |
42 | pub(crate) fn writer<T: BufMut>(inner: T) -> super::Writer<T> {
   |               ^^^^^^

warning: function `chain_mut` is never used
  --> src/buf/proof_convenience.rs:51:15
   |
51 | pub(crate) fn chain_mut<T: BufMut, U: BufMut>(first: T, second: U) -> Chain<T, U> {
   |               ^^^^^^^^^

warning: function `new` is never used
  --> src/buf/reader.rs:19:8
   |
19 | pub fn new<B>(buf: B) -> Reader<B> {
   |        ^^^

warning: function `new` is never used
  --> src/buf/writer.rs:19:8
   |
19 | pub fn new<B>(buf: B) -> Writer<B> {
   |        ^^^

warning: function `reallocate_u8` is never used
  --> src/allocation_ops.rs:25:22
   |
25 | pub(crate) unsafe fn reallocate_u8(base: *mut u8, old_capacity: usize, capacity: usize) -> core::ptr::NonNull<u8> {
   |                      ^^^^^^^^^^^^^

warning: field `original_capacity_repr` is never read
   --> src/bytes_mut.rs:108:5
    |
106 | struct Shared {
    |        ------ field in this struct
107 |     buffer: SharedBuffer,
108 |     original_capacity_repr: usize,
    |     ^^^^^^^^^^^^^^^^^^^^^^

warning: associated items `from_handle` and `reserve` are never used
   --> src/bytes_mut.rs:157:15
    |
154 | impl SharedBuffer {
    | ----------------- associated items in this implementation
...
157 |     unsafe fn from_handle(ptr: *mut u8, capacity: usize, offset: usize) -> Self {
    |               ^^^^^^^^^^^
...
175 |     unsafe fn reserve(&mut self, capacity: usize) {
    |               ^^^^^^^

warning: multiple associated items are never used
    --> src/bytes_mut.rs:877:8
     |
 224 | impl BytesMut {
     | ------------- associated items in this implementation
...
 877 |     fn reserve_unique_growing(&mut self, additional: usize) {
     |        ^^^^^^^^^^^^^^^^^^^^^^
...
 907 |     fn reserve_inner(&mut self, additional: usize, allocate: bool) -> bool {
     |        ^^^^^^^^^^^^^
...
1305 |     fn proof_empty_valid(self) -> bool {
     |        ^^^^^^^^^^^^^^^^^
...
1437 |     fn proof_take_coordinator(&mut self) -> Ghost<sequential_shared_control::ControlContext> {
     |        ^^^^^^^^^^^^^^^^^^^^^^
...
1452 |     fn proof_release(mut self, context: Ghost<&mut sequential_shared_control::ControlContext>, left: bool) -> bool {
     |        ^^^^^^^^^^^^^
...
1473 |     pub(crate) fn proof_split_then_release(input: Vec<u8>, at: usize, right_first: bool) {
     |                   ^^^^^^^^^^^^^^^^^^^^^^^^
...
1505 |     pub(crate) fn proof_mutate_split_then_release(input: Vec<u8>, at: usize, left_value: u8, right_value: u8, right_first: bool) {
     |                   ^^^^^^^^^^^^^^^^^^^^^^^^^^^^^^^
...
1534 |     pub(crate) fn proof_access_split_then_release(input: Vec<u8>, at: usize, right_first: bool) {
     |                   ^^^^^^^^^^^^^^^^^^^^^^^^^^^^^^^
...
1574 |     pub(crate) fn proof_split_off_then_release(input: Vec<u8>, requested: usize, right_first: bool) {
     |                   ^^^^^^^^^^^^^^^^^^^^^^^^^^^^
...
1605 |     pub(crate) fn proof_shrink_split_off_then_release(input: Vec<u8>, requested: usize, keep: usize, right_first: bool) {
     |                   ^^^^^^^^^^^^^^^^^^^^^^^^^^^^^^^^^^^
...
1652 |     pub(crate) fn proof_advance_split_off_then_release(input: Vec<u8>, requested: usize, left_count: usize, right_count: usize, ri...
     |                   ^^^^^^^^^^^^^^^^^^^^^^^^^^^^^^^^^^^^
...
1719 |     fn proof_initialize_spare_byte(&mut self, value: u8, use_write: bool) {
     |        ^^^^^^^^^^^^^^^^^^^^^^^^^^^
...
1733 |     pub(crate) fn proof_initialize_split_spare(input: Vec<u8>, requested: usize, right_first: bool) {
     |                   ^^^^^^^^^^^^^^^^^^^^^^^^^^^^
...
1759 |     pub(crate) fn proof_reinitialize_split_prefix(input: Vec<u8>, right_first: bool) {
     |                   ^^^^^^^^^^^^^^^^^^^^^^^^^^^^^^^
...
1791 |     pub(crate) fn proof_readonly_split(input: Vec<u8>, requested: usize, right_first: bool) {
     |                   ^^^^^^^^^^^^^^^^^^^^
...
1834 |     pub(crate) fn proof_unique_access(input: Vec<u8>, keep: usize, value: u8) {
     |                   ^^^^^^^^^^^^^^^^^^^
...
2544 |     pub(crate) fn proof_release_unique_at_zero(mut self) {
     |                   ^^^^^^^^^^^^^^^^^^^^^^^^^^^^

warning: function `new` is never used
    --> src/bytes_mut.rs:4182:8
     |
4182 |     fn new(input: Vec<u8>, split: usize) -> (ControlPtr, Ghost<ControlContext>, Ghost<Packet>, Ghost<Packet>) {
     |        ^^^

warning: function `release` is never used
    --> src/bytes_mut.rs:4219:19
     |
4219 |     pub(super) fn release(control: ControlPtr, mut context: Ghost<&mut ControlContext>, packet: Ghost<Packet>, left: bool) -> bool {
     |                   ^^^^^^^

warning: function `release_left_then_right` is never used
    --> src/bytes_mut.rs:4263:19
     |
4263 |     pub(crate) fn release_left_then_right(input: Vec<u8>, split: usize) {
     |                   ^^^^^^^^^^^^^^^^^^^^^^^

warning: function `release_right_then_left` is never used
    --> src/bytes_mut.rs:4272:19
     |
4272 |     pub(crate) fn release_right_then_left(input: Vec<u8>, split: usize) {
     |                   ^^^^^^^^^^^^^^^^^^^^^^^

warning: function `map_op_get` is never used
  --> src/ownership_proof/owned_region.rs:47:15
   |
47 | pub(crate) fn map_op_get(
   |               ^^^^^^^^^^

warning: methods `into_parts`, `slots`, and `join` are never used
   --> src/ownership_proof/owned_region.rs:125:19
    |
 95 | impl OwnedRegion {
    | ---------------- methods in this implementation
...
125 |     pub(crate) fn into_parts(self) -> (Int, Int, Resource<KernelRA>) {
    |                   ^^^^^^^^^^
...
149 |     pub(crate) fn slots(self) -> FMap<Int, Excl<Option<u8>>> {
    |                   ^^^^^
...
243 |     pub(crate) fn join(self, other: Self) -> Self {
    |                   ^^^^

warning: function `slots_grown` is never used
  --> src/ownership_proof/raw_vec.rs:72:4
   |
72 | fn slots_grown(old: SlotMap, old_capacity: Int, capacity: Int) -> SlotMap {
   |    ^^^^^^^^^^^

warning: function `reallocate_bound` is never used
   --> src/ownership_proof/raw_vec.rs:103:22
    |
103 | pub(crate) unsafe fn reallocate_bound(base: BoundPtr, old_capacity: usize, capacity: usize,
    |                      ^^^^^^^^^^^^^^^^

warning: method `as_non_null` is never used
   --> src/ownership_proof/raw_vec.rs:273:19
    |
241 | impl BoundPtr {
    | ------------- method in this implementation
...
273 |     pub(crate) fn as_non_null(&self) -> NonNull<u8> {
    |                   ^^^^^^^^^^^

warning: method `join` is never used
   --> src/ownership_proof/raw_vec.rs:565:19
    |
479 | impl PhysicalRegion {
    | ------------------- method in this implementation
...
565 |     pub(crate) fn join(self, other: Self) -> Self {
    |                   ^^^^

warning: methods `slot`, `retire`, and `finish` are never used
   --> src/ownership_proof/raw_vec.rs:632:19
    |
610 | impl PhysicalPool {
    | ----------------- methods in this implementation
...
632 |     pub(crate) fn slot(self, index: Int) -> Option<Option<u8>> {
    |                   ^^^^
...
705 |     pub(crate) fn retire(self, region: PhysicalRegion) -> Self {
    |                   ^^^^^^
...
741 |     pub(crate) fn finish(self, lo: Int) -> PhysicalRegion {
    |                   ^^^^^^

warning: function `resume_vec` is never used
   --> src/ownership_proof/raw_vec.rs:865:22
    |
865 | pub(crate) unsafe fn resume_vec(
    |                      ^^^^^^^^^^

warning: function `deallocate_vec` is never used
   --> src/ownership_proof/raw_vec.rs:901:22
    |
901 | pub(crate) unsafe fn deallocate_vec(
    |                      ^^^^^^^^^^^^^^

warning: function `borrow_mut` is never used
   --> src/ownership_proof/raw_vec.rs:985:22
    |
985 | pub(crate) unsafe fn borrow_mut<'a>(
    |                      ^^^^^^^^^^

warning: function `slot_known_equivalence` is never used
    --> src/ownership_proof/raw_vec.rs:1007:15
     |
1007 | pub(crate) fn slot_known_equivalence(slot: Option<Option<u8>>) {}
     |               ^^^^^^^^^^^^^^^^^^^^^^

warning: function `borrow_empty_bound` is never used
    --> src/ownership_proof/raw_vec.rs:1164:22
     |
1164 | pub(crate) unsafe fn borrow_empty_bound<'a>(bound: &'a BoundPtr) -> &'a [u8] {
     |                      ^^^^^^^^^^^^^^^^^^

warning: function `borrow_empty_bound_mut` is never used
    --> src/ownership_proof/raw_vec.rs:1173:22
     |
1173 | pub(crate) unsafe fn borrow_empty_bound_mut<'a>(bound: &'a BoundPtr) -> &'a mut [u8] {
     |                      ^^^^^^^^^^^^^^^^^^^^^^

warning: function `borrow_empty_bound_uninit_mut` is never used
    --> src/ownership_proof/raw_vec.rs:1181:22
     |
1181 | pub(crate) unsafe fn borrow_empty_bound_uninit_mut<'a>(
     |                      ^^^^^^^^^^^^^^^^^^^^^^^^^^^^^

warning: field `inner` is never read
  --> src/ownership_proof/sequential_counter.rs:21:5
   |
20 | pub(crate) struct SequentialCounter {
   |                   ----------------- field in this struct
21 |     inner: AtomicUsize,
   |     ^^^^^

warning: methods `fetch_add_relaxed`, `fetch_sub_release`, and `load_acquire` are never used
  --> src/ownership_proof/sequential_counter.rs:66:19
   |
43 | impl SequentialCounter {
   | ---------------------- methods in this implementation
...
66 |     pub(crate) fn fetch_add_relaxed(&self, amount: usize, own: Ghost<&mut CounterOwn>) -> usize {
   |                   ^^^^^^^^^^^^^^^^^
...
79 |     pub(crate) fn fetch_sub_release(&self, amount: usize, own: Ghost<&mut CounterOwn>) -> usize {
   |                   ^^^^^^^^^^^^^^^^^
...
89 |     pub(crate) fn load_acquire(&self, own: Ghost<&CounterOwn>) -> usize {
   |                   ^^^^^^^^^^^^

warning: function `retire` is never used
   --> src/ownership_proof/shared_protocol.rs:135:15
    |
135 | pub(crate) fn retire(coordinator: Ghost<&mut Coordinator>, packet: Ghost<Packet>, left: bool) {
    |               ^^^^^^

warning: function `finish` is never used
   --> src/ownership_proof/shared_protocol.rs:162:15
    |
162 | pub(crate) fn finish(coordinator: Ghost<Coordinator>) -> Ghost<(Recovery, PhysicalRegion)> {
    |               ^^^^^^

warning: calling external function `is_empty` with no contract will yield an impossible precondition
   --> src/buf/buf_impl.rs:211:12
    |
211 |         if dst.is_empty() {
    |            ^^^^^^^^^^^^^^ function called here
    |
    = note: `#[warn(creusot::contractless_external_function)]` on by default

warning: calling external function `new` with no contract will yield an impossible precondition
   --> src/buf/buf_impl.rs:216:22
    |
216 |             dst[0] = IoSlice::new(self.chunk());
    |                      ^^^^^^^^^^^^^^^^^^^^^^^^^^ function called here

warning: calling external function `unwrap_or_else` with no contract will yield an impossible precondition
   --> src/buf/buf_impl.rs:298:9
    |
298 | /         self.try_copy_to_slice(dst)
299 | |             .unwrap_or_else(|error| panic_advance(&error));
    | |__________________________________________________________^ function called here

warning: calling external function `unwrap_or_else` with no contract will yield an impossible precondition
   --> src/buf/buf_impl.rs:77:16
    |
 77 |           return (|| buf_try_get_impl!($this, $typ::$conv))()
    |  ________________^
 78 | |             .unwrap_or_else(|error| panic_advance(&error));
    | |__________________________________________________________^ function called here
...
375 |           buf_get_impl!(self, u16::from_be_bytes);
    |           --------------------------------------- in this macro invocation
    |
    = note: this warning originates in the macro `buf_get_impl` (in Nightly builds, run with -Z macro-backtrace for more info)

warning: calling external function `from_be_bytes` with no contract will yield an impossible precondition
   --> src/buf/buf_impl.rs:43:38
    |
 43 |             return Ok($typ::$conv(buf));
    |                                      ^ function called here
...
375 |         buf_get_impl!(self, u16::from_be_bytes);
    |         --------------------------------------- in this macro invocation
    |
    = note: this warning originates in the macro `buf_try_get_impl` which comes from the expansion of the macro `buf_get_impl` (in Nightly builds, run with -Z macro-backtrace for more info)

warning: calling external function `from_be_bytes` with no contract will yield an impossible precondition
   --> src/buf/buf_impl.rs:32:17
    |
 32 |                 $typ::$conv(bytes)
    |                 ^^^^^^^^^^^^^^^^^^ function called here
...
375 |         buf_get_impl!(self, u16::from_be_bytes);
    |         --------------------------------------- in this macro invocation
    |
    = note: this warning originates in the macro `buf_try_get_impl` which comes from the expansion of the macro `buf_get_impl` (in Nightly builds, run with -Z macro-backtrace for more info)

warning: calling external function `unwrap_or_else` with no contract will yield an impossible precondition
   --> src/buf/buf_impl.rs:77:16
    |
 77 |           return (|| buf_try_get_impl!($this, $typ::$conv))()
    |  ________________^
 78 | |             .unwrap_or_else(|error| panic_advance(&error));
    | |__________________________________________________________^ function called here
...
395 |           buf_get_impl!(self, u16::from_le_bytes);
    |           --------------------------------------- in this macro invocation
    |
    = note: this warning originates in the macro `buf_get_impl` (in Nightly builds, run with -Z macro-backtrace for more info)

warning: calling external function `from_le_bytes` with no contract will yield an impossible precondition
   --> src/buf/buf_impl.rs:43:38
    |
 43 |             return Ok($typ::$conv(buf));
    |                                      ^ function called here
...
395 |         buf_get_impl!(self, u16::from_le_bytes);
    |         --------------------------------------- in this macro invocation
    |
    = note: this warning originates in the macro `buf_try_get_impl` which comes from the expansion of the macro `buf_get_impl` (in Nightly builds, run with -Z macro-backtrace for more info)

warning: calling external function `from_le_bytes` with no contract will yield an impossible precondition
   --> src/buf/buf_impl.rs:32:34
    |
 32 |                 $typ::$conv(bytes)
    |                                  ^ function called here
...
395 |         buf_get_impl!(self, u16::from_le_bytes);
    |         --------------------------------------- in this macro invocation
    |
    = note: this warning originates in the macro `buf_try_get_impl` which comes from the expansion of the macro `buf_get_impl` (in Nightly builds, run with -Z macro-backtrace for more info)

warning: calling external function `unwrap_or_else` with no contract will yield an impossible precondition
   --> src/buf/buf_impl.rs:77:16
    |
 77 |           return (|| buf_try_get_impl!($this, $typ::$conv))()
    |  ________________^
 78 | |             .unwrap_or_else(|error| panic_advance(&error));
    | |__________________________________________________________^ function called here
...
418 |           buf_get_impl!(self, u16::from_ne_bytes);
    |           --------------------------------------- in this macro invocation
    |
    = note: this warning originates in the macro `buf_get_impl` (in Nightly builds, run with -Z macro-backtrace for more info)

warning: calling external function `from_ne_bytes` with no contract will yield an impossible precondition
   --> src/buf/buf_impl.rs:43:38
    |
 43 |             return Ok($typ::$conv(buf));
    |                                      ^ function called here
...
418 |         buf_get_impl!(self, u16::from_ne_bytes);
    |         --------------------------------------- in this macro invocation
    |
    = note: this warning originates in the macro `buf_try_get_impl` which comes from the expansion of the macro `buf_get_impl` (in Nightly builds, run with -Z macro-backtrace for more info)

warning: calling external function `from_ne_bytes` with no contract will yield an impossible precondition
   --> src/buf/buf_impl.rs:32:34
    |
 32 |                 $typ::$conv(bytes)
    |                                  ^ function called here
...
418 |         buf_get_impl!(self, u16::from_ne_bytes);
    |         --------------------------------------- in this macro invocation
    |
    = note: this warning originates in the macro `buf_try_get_impl` which comes from the expansion of the macro `buf_get_impl` (in Nightly builds, run with -Z macro-backtrace for more info)

warning: calling external function `unwrap_or_else` with no contract will yield an impossible precondition
   --> src/buf/buf_impl.rs:77:16
    |
 77 |           return (|| buf_try_get_impl!($this, $typ::$conv))()
    |  ________________^
 78 | |             .unwrap_or_else(|error| panic_advance(&error));
    | |__________________________________________________________^ function called here
...
438 |           buf_get_impl!(self, i16::from_be_bytes);
    |           --------------------------------------- in this macro invocation
    |
    = note: this warning originates in the macro `buf_get_impl` (in Nightly builds, run with -Z macro-backtrace for more info)

warning: calling external function `from_be_bytes` with no contract will yield an impossible precondition
   --> src/buf/buf_impl.rs:43:38
    |
 43 |             return Ok($typ::$conv(buf));
    |                                      ^ function called here
...
438 |         buf_get_impl!(self, i16::from_be_bytes);
    |         --------------------------------------- in this macro invocation
    |
    = note: this warning originates in the macro `buf_try_get_impl` which comes from the expansion of the macro `buf_get_impl` (in Nightly builds, run with -Z macro-backtrace for more info)

warning: calling external function `from_be_bytes` with no contract will yield an impossible precondition
   --> src/buf/buf_impl.rs:32:34
    |
 32 |                 $typ::$conv(bytes)
    |                                  ^ function called here
...
438 |         buf_get_impl!(self, i16::from_be_bytes);
    |         --------------------------------------- in this macro invocation
    |
    = note: this warning originates in the macro `buf_try_get_impl` which comes from the expansion of the macro `buf_get_impl` (in Nightly builds, run with -Z macro-backtrace for more info)

warning: calling external function `unwrap_or_else` with no contract will yield an impossible precondition
   --> src/buf/buf_impl.rs:77:16
    |
 77 |           return (|| buf_try_get_impl!($this, $typ::$conv))()
    |  ________________^
 78 | |             .unwrap_or_else(|error| panic_advance(&error));
    | |__________________________________________________________^ function called here
...
458 |           buf_get_impl!(self, i16::from_le_bytes);
    |           --------------------------------------- in this macro invocation
    |
    = note: this warning originates in the macro `buf_get_impl` (in Nightly builds, run with -Z macro-backtrace for more info)

warning: calling external function `from_le_bytes` with no contract will yield an impossible precondition
   --> src/buf/buf_impl.rs:43:38
    |
 43 |             return Ok($typ::$conv(buf));
    |                                      ^ function called here
...
458 |         buf_get_impl!(self, i16::from_le_bytes);
    |         --------------------------------------- in this macro invocation
    |
    = note: this warning originates in the macro `buf_try_get_impl` which comes from the expansion of the macro `buf_get_impl` (in Nightly builds, run with -Z macro-backtrace for more info)

warning: calling external function `from_le_bytes` with no contract will yield an impossible precondition
   --> src/buf/buf_impl.rs:32:34
    |
 32 |                 $typ::$conv(bytes)
    |                                  ^ function called here
...
458 |         buf_get_impl!(self, i16::from_le_bytes);
    |         --------------------------------------- in this macro invocation
    |
    = note: this warning originates in the macro `buf_try_get_impl` which comes from the expansion of the macro `buf_get_impl` (in Nightly builds, run with -Z macro-backtrace for more info)

warning: calling external function `unwrap_or_else` with no contract will yield an impossible precondition
   --> src/buf/buf_impl.rs:77:16
    |
 77 |           return (|| buf_try_get_impl!($this, $typ::$conv))()
    |  ________________^
 78 | |             .unwrap_or_else(|error| panic_advance(&error));
    | |__________________________________________________________^ function called here
...
481 |           buf_get_impl!(self, i16::from_ne_bytes);
    |           --------------------------------------- in this macro invocation
    |
    = note: this warning originates in the macro `buf_get_impl` (in Nightly builds, run with -Z macro-backtrace for more info)

warning: calling external function `from_ne_bytes` with no contract will yield an impossible precondition
   --> src/buf/buf_impl.rs:43:38
    |
 43 |             return Ok($typ::$conv(buf));
    |                                      ^ function called here
...
481 |         buf_get_impl!(self, i16::from_ne_bytes);
    |         --------------------------------------- in this macro invocation
    |
    = note: this warning originates in the macro `buf_try_get_impl` which comes from the expansion of the macro `buf_get_impl` (in Nightly builds, run with -Z macro-backtrace for more info)

warning: calling external function `from_ne_bytes` with no contract will yield an impossible precondition
   --> src/buf/buf_impl.rs:32:34
    |
 32 |                 $typ::$conv(bytes)
    |                                  ^ function called here
...
481 |         buf_get_impl!(self, i16::from_ne_bytes);
    |         --------------------------------------- in this macro invocation
    |
    = note: this warning originates in the macro `buf_try_get_impl` which comes from the expansion of the macro `buf_get_impl` (in Nightly builds, run with -Z macro-backtrace for more info)

warning: calling external function `unwrap_or_else` with no contract will yield an impossible precondition
   --> src/buf/buf_impl.rs:77:16
    |
 77 |           return (|| buf_try_get_impl!($this, $typ::$conv))()
    |  ________________^
 78 | |             .unwrap_or_else(|error| panic_advance(&error));
    | |__________________________________________________________^ function called here
...
501 |           buf_get_impl!(self, u32::from_be_bytes);
    |           --------------------------------------- in this macro invocation
    |
    = note: this warning originates in the macro `buf_get_impl` (in Nightly builds, run with -Z macro-backtrace for more info)

warning: calling external function `from_be_bytes` with no contract will yield an impossible precondition
   --> src/buf/buf_impl.rs:43:38
    |
 43 |             return Ok($typ::$conv(buf));
    |                                      ^ function called here
...
501 |         buf_get_impl!(self, u32::from_be_bytes);
    |         --------------------------------------- in this macro invocation
    |
    = note: this warning originates in the macro `buf_try_get_impl` which comes from the expansion of the macro `buf_get_impl` (in Nightly builds, run with -Z macro-backtrace for more info)

warning: calling external function `from_be_bytes` with no contract will yield an impossible precondition
   --> src/buf/buf_impl.rs:32:34
    |
 32 |                 $typ::$conv(bytes)
    |                                  ^ function called here
...
501 |         buf_get_impl!(self, u32::from_be_bytes);
    |         --------------------------------------- in this macro invocation
    |
    = note: this warning originates in the macro `buf_try_get_impl` which comes from the expansion of the macro `buf_get_impl` (in Nightly builds, run with -Z macro-backtrace for more info)

warning: calling external function `unwrap_or_else` with no contract will yield an impossible precondition
   --> src/buf/buf_impl.rs:77:16
    |
 77 |           return (|| buf_try_get_impl!($this, $typ::$conv))()
    |  ________________^
 78 | |             .unwrap_or_else(|error| panic_advance(&error));
    | |__________________________________________________________^ function called here
...
521 |           buf_get_impl!(self, u32::from_le_bytes);
    |           --------------------------------------- in this macro invocation
    |
    = note: this warning originates in the macro `buf_get_impl` (in Nightly builds, run with -Z macro-backtrace for more info)

warning: calling external function `from_le_bytes` with no contract will yield an impossible precondition
   --> src/buf/buf_impl.rs:43:38
    |
 43 |             return Ok($typ::$conv(buf));
    |                                      ^ function called here
...
521 |         buf_get_impl!(self, u32::from_le_bytes);
    |         --------------------------------------- in this macro invocation
    |
    = note: this warning originates in the macro `buf_try_get_impl` which comes from the expansion of the macro `buf_get_impl` (in Nightly builds, run with -Z macro-backtrace for more info)

warning: calling external function `from_le_bytes` with no contract will yield an impossible precondition
   --> src/buf/buf_impl.rs:32:34
    |
 32 |                 $typ::$conv(bytes)
    |                                  ^ function called here
...
521 |         buf_get_impl!(self, u32::from_le_bytes);
    |         --------------------------------------- in this macro invocation
    |
    = note: this warning originates in the macro `buf_try_get_impl` which comes from the expansion of the macro `buf_get_impl` (in Nightly builds, run with -Z macro-backtrace for more info)

warning: calling external function `unwrap_or_else` with no contract will yield an impossible precondition
   --> src/buf/buf_impl.rs:77:16
    |
 77 |           return (|| buf_try_get_impl!($this, $typ::$conv))()
    |  ________________^
 78 | |             .unwrap_or_else(|error| panic_advance(&error));
    | |__________________________________________________________^ function called here
...
544 |           buf_get_impl!(self, u32::from_ne_bytes);
    |           --------------------------------------- in this macro invocation
    |
    = note: this warning originates in the macro `buf_get_impl` (in Nightly builds, run with -Z macro-backtrace for more info)

warning: calling external function `from_ne_bytes` with no contract will yield an impossible precondition
   --> src/buf/buf_impl.rs:43:38
    |
 43 |             return Ok($typ::$conv(buf));
    |                                      ^ function called here
...
544 |         buf_get_impl!(self, u32::from_ne_bytes);
    |         --------------------------------------- in this macro invocation
    |
    = note: this warning originates in the macro `buf_try_get_impl` which comes from the expansion of the macro `buf_get_impl` (in Nightly builds, run with -Z macro-backtrace for more info)

warning: calling external function `from_ne_bytes` with no contract will yield an impossible precondition
   --> src/buf/buf_impl.rs:32:34
    |
 32 |                 $typ::$conv(bytes)
    |                                  ^ function called here
...
544 |         buf_get_impl!(self, u32::from_ne_bytes);
    |         --------------------------------------- in this macro invocation
    |
    = note: this warning originates in the macro `buf_try_get_impl` which comes from the expansion of the macro `buf_get_impl` (in Nightly builds, run with -Z macro-backtrace for more info)

warning: calling external function `unwrap_or_else` with no contract will yield an impossible precondition
   --> src/buf/buf_impl.rs:77:16
    |
 77 |           return (|| buf_try_get_impl!($this, $typ::$conv))()
    |  ________________^
 78 | |             .unwrap_or_else(|error| panic_advance(&error));
    | |__________________________________________________________^ function called here
...
564 |           buf_get_impl!(self, i32::from_be_bytes);
    |           --------------------------------------- in this macro invocation
    |
    = note: this warning originates in the macro `buf_get_impl` (in Nightly builds, run with -Z macro-backtrace for more info)

warning: calling external function `from_be_bytes` with no contract will yield an impossible precondition
   --> src/buf/buf_impl.rs:43:38
    |
 43 |             return Ok($typ::$conv(buf));
    |                                      ^ function called here
...
564 |         buf_get_impl!(self, i32::from_be_bytes);
    |         --------------------------------------- in this macro invocation
    |
    = note: this warning originates in the macro `buf_try_get_impl` which comes from the expansion of the macro `buf_get_impl` (in Nightly builds, run with -Z macro-backtrace for more info)

warning: calling external function `from_be_bytes` with no contract will yield an impossible precondition
   --> src/buf/buf_impl.rs:32:34
    |
 32 |                 $typ::$conv(bytes)
    |                                  ^ function called here
...
564 |         buf_get_impl!(self, i32::from_be_bytes);
    |         --------------------------------------- in this macro invocation
    |
    = note: this warning originates in the macro `buf_try_get_impl` which comes from the expansion of the macro `buf_get_impl` (in Nightly builds, run with -Z macro-backtrace for more info)

warning: calling external function `unwrap_or_else` with no contract will yield an impossible precondition
   --> src/buf/buf_impl.rs:77:16
    |
 77 |           return (|| buf_try_get_impl!($this, $typ::$conv))()
    |  ________________^
 78 | |             .unwrap_or_else(|error| panic_advance(&error));
    | |__________________________________________________________^ function called here
...
584 |           buf_get_impl!(self, i32::from_le_bytes);
    |           --------------------------------------- in this macro invocation
    |
    = note: this warning originates in the macro `buf_get_impl` (in Nightly builds, run with -Z macro-backtrace for more info)

warning: calling external function `from_le_bytes` with no contract will yield an impossible precondition
   --> src/buf/buf_impl.rs:43:38
    |
 43 |             return Ok($typ::$conv(buf));
    |                                      ^ function called here
...
584 |         buf_get_impl!(self, i32::from_le_bytes);
    |         --------------------------------------- in this macro invocation
    |
    = note: this warning originates in the macro `buf_try_get_impl` which comes from the expansion of the macro `buf_get_impl` (in Nightly builds, run with -Z macro-backtrace for more info)

warning: calling external function `from_le_bytes` with no contract will yield an impossible precondition
   --> src/buf/buf_impl.rs:32:34
    |
 32 |                 $typ::$conv(bytes)
    |                                  ^ function called here
...
584 |         buf_get_impl!(self, i32::from_le_bytes);
    |         --------------------------------------- in this macro invocation
    |
    = note: this warning originates in the macro `buf_try_get_impl` which comes from the expansion of the macro `buf_get_impl` (in Nightly builds, run with -Z macro-backtrace for more info)

warning: calling external function `unwrap_or_else` with no contract will yield an impossible precondition
   --> src/buf/buf_impl.rs:77:16
    |
 77 |           return (|| buf_try_get_impl!($this, $typ::$conv))()
    |  ________________^
 78 | |             .unwrap_or_else(|error| panic_advance(&error));
    | |__________________________________________________________^ function called here
...
607 |           buf_get_impl!(self, i32::from_ne_bytes);
    |           --------------------------------------- in this macro invocation
    |
    = note: this warning originates in the macro `buf_get_impl` (in Nightly builds, run with -Z macro-backtrace for more info)

warning: calling external function `from_ne_bytes` with no contract will yield an impossible precondition
   --> src/buf/buf_impl.rs:43:38
    |
 43 |             return Ok($typ::$conv(buf));
    |                                      ^ function called here
...
607 |         buf_get_impl!(self, i32::from_ne_bytes);
    |         --------------------------------------- in this macro invocation
    |
    = note: this warning originates in the macro `buf_try_get_impl` which comes from the expansion of the macro `buf_get_impl` (in Nightly builds, run with -Z macro-backtrace for more info)

warning: calling external function `from_ne_bytes` with no contract will yield an impossible precondition
   --> src/buf/buf_impl.rs:32:34
    |
 32 |                 $typ::$conv(bytes)
    |                                  ^ function called here
...
607 |         buf_get_impl!(self, i32::from_ne_bytes);
    |         --------------------------------------- in this macro invocation
    |
    = note: this warning originates in the macro `buf_try_get_impl` which comes from the expansion of the macro `buf_get_impl` (in Nightly builds, run with -Z macro-backtrace for more info)

warning: calling external function `unwrap_or_else` with no contract will yield an impossible precondition
   --> src/buf/buf_impl.rs:77:16
    |
 77 |           return (|| buf_try_get_impl!($this, $typ::$conv))()
    |  ________________^
 78 | |             .unwrap_or_else(|error| panic_advance(&error));
    | |__________________________________________________________^ function called here
...
627 |           buf_get_impl!(self, u64::from_be_bytes);
    |           --------------------------------------- in this macro invocation
    |
    = note: this warning originates in the macro `buf_get_impl` (in Nightly builds, run with -Z macro-backtrace for more info)

warning: calling external function `from_be_bytes` with no contract will yield an impossible precondition
   --> src/buf/buf_impl.rs:43:38
    |
 43 |             return Ok($typ::$conv(buf));
    |                                      ^ function called here
...
627 |         buf_get_impl!(self, u64::from_be_bytes);
    |         --------------------------------------- in this macro invocation
    |
    = note: this warning originates in the macro `buf_try_get_impl` which comes from the expansion of the macro `buf_get_impl` (in Nightly builds, run with -Z macro-backtrace for more info)

warning: calling external function `from_be_bytes` with no contract will yield an impossible precondition
   --> src/buf/buf_impl.rs:32:34
    |
 32 |                 $typ::$conv(bytes)
    |                                  ^ function called here
...
627 |         buf_get_impl!(self, u64::from_be_bytes);
    |         --------------------------------------- in this macro invocation
    |
    = note: this warning originates in the macro `buf_try_get_impl` which comes from the expansion of the macro `buf_get_impl` (in Nightly builds, run with -Z macro-backtrace for more info)

warning: calling external function `unwrap_or_else` with no contract will yield an impossible precondition
   --> src/buf/buf_impl.rs:77:16
    |
 77 |           return (|| buf_try_get_impl!($this, $typ::$conv))()
    |  ________________^
 78 | |             .unwrap_or_else(|error| panic_advance(&error));
    | |__________________________________________________________^ function called here
...
647 |           buf_get_impl!(self, u64::from_le_bytes);
    |           --------------------------------------- in this macro invocation
    |
    = note: this warning originates in the macro `buf_get_impl` (in Nightly builds, run with -Z macro-backtrace for more info)

warning: calling external function `from_le_bytes` with no contract will yield an impossible precondition
   --> src/buf/buf_impl.rs:43:38
    |
 43 |             return Ok($typ::$conv(buf));
    |                                      ^ function called here
...
647 |         buf_get_impl!(self, u64::from_le_bytes);
    |         --------------------------------------- in this macro invocation
    |
    = note: this warning originates in the macro `buf_try_get_impl` which comes from the expansion of the macro `buf_get_impl` (in Nightly builds, run with -Z macro-backtrace for more info)

warning: calling external function `from_le_bytes` with no contract will yield an impossible precondition
   --> src/buf/buf_impl.rs:32:34
    |
 32 |                 $typ::$conv(bytes)
    |                                  ^ function called here
...
647 |         buf_get_impl!(self, u64::from_le_bytes);
    |         --------------------------------------- in this macro invocation
    |
    = note: this warning originates in the macro `buf_try_get_impl` which comes from the expansion of the macro `buf_get_impl` (in Nightly builds, run with -Z macro-backtrace for more info)

warning: calling external function `unwrap_or_else` with no contract will yield an impossible precondition
   --> src/buf/buf_impl.rs:77:16
    |
 77 |           return (|| buf_try_get_impl!($this, $typ::$conv))()
    |  ________________^
 78 | |             .unwrap_or_else(|error| panic_advance(&error));
    | |__________________________________________________________^ function called here
...
670 |           buf_get_impl!(self, u64::from_ne_bytes);
    |           --------------------------------------- in this macro invocation
    |
    = note: this warning originates in the macro `buf_get_impl` (in Nightly builds, run with -Z macro-backtrace for more info)

warning: calling external function `from_ne_bytes` with no contract will yield an impossible precondition
   --> src/buf/buf_impl.rs:43:38
    |
 43 |             return Ok($typ::$conv(buf));
    |                                      ^ function called here
...
670 |         buf_get_impl!(self, u64::from_ne_bytes);
    |         --------------------------------------- in this macro invocation
    |
    = note: this warning originates in the macro `buf_try_get_impl` which comes from the expansion of the macro `buf_get_impl` (in Nightly builds, run with -Z macro-backtrace for more info)

warning: calling external function `from_ne_bytes` with no contract will yield an impossible precondition
   --> src/buf/buf_impl.rs:32:34
    |
 32 |                 $typ::$conv(bytes)
    |                                  ^ function called here
...
670 |         buf_get_impl!(self, u64::from_ne_bytes);
    |         --------------------------------------- in this macro invocation
    |
    = note: this warning originates in the macro `buf_try_get_impl` which comes from the expansion of the macro `buf_get_impl` (in Nightly builds, run with -Z macro-backtrace for more info)

warning: calling external function `unwrap_or_else` with no contract will yield an impossible precondition
   --> src/buf/buf_impl.rs:77:16
    |
 77 |           return (|| buf_try_get_impl!($this, $typ::$conv))()
    |  ________________^
 78 | |             .unwrap_or_else(|error| panic_advance(&error));
    | |__________________________________________________________^ function called here
...
690 |           buf_get_impl!(self, i64::from_be_bytes);
    |           --------------------------------------- in this macro invocation
    |
    = note: this warning originates in the macro `buf_get_impl` (in Nightly builds, run with -Z macro-backtrace for more info)

warning: calling external function `from_be_bytes` with no contract will yield an impossible precondition
   --> src/buf/buf_impl.rs:43:38
    |
 43 |             return Ok($typ::$conv(buf));
    |                                      ^ function called here
...
690 |         buf_get_impl!(self, i64::from_be_bytes);
    |         --------------------------------------- in this macro invocation
    |
    = note: this warning originates in the macro `buf_try_get_impl` which comes from the expansion of the macro `buf_get_impl` (in Nightly builds, run with -Z macro-backtrace for more info)

warning: calling external function `from_be_bytes` with no contract will yield an impossible precondition
   --> src/buf/buf_impl.rs:32:34
    |
 32 |                 $typ::$conv(bytes)
    |                                  ^ function called here
...
690 |         buf_get_impl!(self, i64::from_be_bytes);
    |         --------------------------------------- in this macro invocation
    |
    = note: this warning originates in the macro `buf_try_get_impl` which comes from the expansion of the macro `buf_get_impl` (in Nightly builds, run with -Z macro-backtrace for more info)

warning: calling external function `unwrap_or_else` with no contract will yield an impossible precondition
   --> src/buf/buf_impl.rs:77:16
    |
 77 |           return (|| buf_try_get_impl!($this, $typ::$conv))()
    |  ________________^
 78 | |             .unwrap_or_else(|error| panic_advance(&error));
    | |__________________________________________________________^ function called here
...
710 |           buf_get_impl!(self, i64::from_le_bytes);
    |           --------------------------------------- in this macro invocation
    |
    = note: this warning originates in the macro `buf_get_impl` (in Nightly builds, run with -Z macro-backtrace for more info)

warning: calling external function `from_le_bytes` with no contract will yield an impossible precondition
   --> src/buf/buf_impl.rs:43:38
    |
 43 |             return Ok($typ::$conv(buf));
    |                                      ^ function called here
...
710 |         buf_get_impl!(self, i64::from_le_bytes);
    |         --------------------------------------- in this macro invocation
    |
    = note: this warning originates in the macro `buf_try_get_impl` which comes from the expansion of the macro `buf_get_impl` (in Nightly builds, run with -Z macro-backtrace for more info)

warning: calling external function `from_le_bytes` with no contract will yield an impossible precondition
   --> src/buf/buf_impl.rs:32:34
    |
 32 |                 $typ::$conv(bytes)
    |                                  ^ function called here
...
710 |         buf_get_impl!(self, i64::from_le_bytes);
    |         --------------------------------------- in this macro invocation
    |
    = note: this warning originates in the macro `buf_try_get_impl` which comes from the expansion of the macro `buf_get_impl` (in Nightly builds, run with -Z macro-backtrace for more info)

warning: calling external function `unwrap_or_else` with no contract will yield an impossible precondition
   --> src/buf/buf_impl.rs:77:16
    |
 77 |           return (|| buf_try_get_impl!($this, $typ::$conv))()
    |  ________________^
 78 | |             .unwrap_or_else(|error| panic_advance(&error));
    | |__________________________________________________________^ function called here
...
733 |           buf_get_impl!(self, i64::from_ne_bytes);
    |           --------------------------------------- in this macro invocation
    |
    = note: this warning originates in the macro `buf_get_impl` (in Nightly builds, run with -Z macro-backtrace for more info)

warning: calling external function `from_ne_bytes` with no contract will yield an impossible precondition
   --> src/buf/buf_impl.rs:43:38
    |
 43 |             return Ok($typ::$conv(buf));
    |                                      ^ function called here
...
733 |         buf_get_impl!(self, i64::from_ne_bytes);
    |         --------------------------------------- in this macro invocation
    |
    = note: this warning originates in the macro `buf_try_get_impl` which comes from the expansion of the macro `buf_get_impl` (in Nightly builds, run with -Z macro-backtrace for more info)

warning: calling external function `from_ne_bytes` with no contract will yield an impossible precondition
   --> src/buf/buf_impl.rs:32:34
    |
 32 |                 $typ::$conv(bytes)
    |                                  ^ function called here
...
733 |         buf_get_impl!(self, i64::from_ne_bytes);
    |         --------------------------------------- in this macro invocation
    |
    = note: this warning originates in the macro `buf_try_get_impl` which comes from the expansion of the macro `buf_get_impl` (in Nightly builds, run with -Z macro-backtrace for more info)

warning: calling external function `unwrap_or_else` with no contract will yield an impossible precondition
   --> src/buf/buf_impl.rs:77:16
    |
 77 |           return (|| buf_try_get_impl!($this, $typ::$conv))()
    |  ________________^
 78 | |             .unwrap_or_else(|error| panic_advance(&error));
    | |__________________________________________________________^ function called here
...
753 |           buf_get_impl!(self, u128::from_be_bytes);
    |           ---------------------------------------- in this macro invocation
    |
    = note: this warning originates in the macro `buf_get_impl` (in Nightly builds, run with -Z macro-backtrace for more info)

warning: calling external function `from_be_bytes` with no contract will yield an impossible precondition
   --> src/buf/buf_impl.rs:43:38
    |
 43 |             return Ok($typ::$conv(buf));
    |                                      ^ function called here
...
753 |         buf_get_impl!(self, u128::from_be_bytes);
    |         ---------------------------------------- in this macro invocation
    |
    = note: this warning originates in the macro `buf_try_get_impl` which comes from the expansion of the macro `buf_get_impl` (in Nightly builds, run with -Z macro-backtrace for more info)

warning: calling external function `from_be_bytes` with no contract will yield an impossible precondition
   --> src/buf/buf_impl.rs:32:34
    |
 32 |                 $typ::$conv(bytes)
    |                                  ^ function called here
...
753 |         buf_get_impl!(self, u128::from_be_bytes);
    |         ---------------------------------------- in this macro invocation
    |
    = note: this warning originates in the macro `buf_try_get_impl` which comes from the expansion of the macro `buf_get_impl` (in Nightly builds, run with -Z macro-backtrace for more info)

warning: calling external function `unwrap_or_else` with no contract will yield an impossible precondition
   --> src/buf/buf_impl.rs:77:16
    |
 77 |           return (|| buf_try_get_impl!($this, $typ::$conv))()
    |  ________________^
 78 | |             .unwrap_or_else(|error| panic_advance(&error));
    | |__________________________________________________________^ function called here
...
773 |           buf_get_impl!(self, u128::from_le_bytes);
    |           ---------------------------------------- in this macro invocation
    |
    = note: this warning originates in the macro `buf_get_impl` (in Nightly builds, run with -Z macro-backtrace for more info)

warning: calling external function `from_le_bytes` with no contract will yield an impossible precondition
   --> src/buf/buf_impl.rs:43:38
    |
 43 |             return Ok($typ::$conv(buf));
    |                                      ^ function called here
...
773 |         buf_get_impl!(self, u128::from_le_bytes);
    |         ---------------------------------------- in this macro invocation
    |
    = note: this warning originates in the macro `buf_try_get_impl` which comes from the expansion of the macro `buf_get_impl` (in Nightly builds, run with -Z macro-backtrace for more info)

warning: calling external function `from_le_bytes` with no contract will yield an impossible precondition
   --> src/buf/buf_impl.rs:32:34
    |
 32 |                 $typ::$conv(bytes)
    |                                  ^ function called here
...
773 |         buf_get_impl!(self, u128::from_le_bytes);
    |         ---------------------------------------- in this macro invocation
    |
    = note: this warning originates in the macro `buf_try_get_impl` which comes from the expansion of the macro `buf_get_impl` (in Nightly builds, run with -Z macro-backtrace for more info)

warning: calling external function `unwrap_or_else` with no contract will yield an impossible precondition
   --> src/buf/buf_impl.rs:77:16
    |
 77 |           return (|| buf_try_get_impl!($this, $typ::$conv))()
    |  ________________^
 78 | |             .unwrap_or_else(|error| panic_advance(&error));
    | |__________________________________________________________^ function called here
...
796 |           buf_get_impl!(self, u128::from_ne_bytes);
    |           ---------------------------------------- in this macro invocation
    |
    = note: this warning originates in the macro `buf_get_impl` (in Nightly builds, run with -Z macro-backtrace for more info)

warning: calling external function `from_ne_bytes` with no contract will yield an impossible precondition
   --> src/buf/buf_impl.rs:43:38
    |
 43 |             return Ok($typ::$conv(buf));
    |                                      ^ function called here
...
796 |         buf_get_impl!(self, u128::from_ne_bytes);
    |         ---------------------------------------- in this macro invocation
    |
    = note: this warning originates in the macro `buf_try_get_impl` which comes from the expansion of the macro `buf_get_impl` (in Nightly builds, run with -Z macro-backtrace for more info)

warning: calling external function `from_ne_bytes` with no contract will yield an impossible precondition
   --> src/buf/buf_impl.rs:32:34
    |
 32 |                 $typ::$conv(bytes)
    |                                  ^ function called here
...
796 |         buf_get_impl!(self, u128::from_ne_bytes);
    |         ---------------------------------------- in this macro invocation
    |
    = note: this warning originates in the macro `buf_try_get_impl` which comes from the expansion of the macro `buf_get_impl` (in Nightly builds, run with -Z macro-backtrace for more info)

warning: calling external function `unwrap_or_else` with no contract will yield an impossible precondition
   --> src/buf/buf_impl.rs:77:16
    |
 77 |           return (|| buf_try_get_impl!($this, $typ::$conv))()
    |  ________________^
 78 | |             .unwrap_or_else(|error| panic_advance(&error));
    | |__________________________________________________________^ function called here
...
816 |           buf_get_impl!(self, i128::from_be_bytes);
    |           ---------------------------------------- in this macro invocation
    |
    = note: this warning originates in the macro `buf_get_impl` (in Nightly builds, run with -Z macro-backtrace for more info)

warning: calling external function `from_be_bytes` with no contract will yield an impossible precondition
   --> src/buf/buf_impl.rs:43:38
    |
 43 |             return Ok($typ::$conv(buf));
    |                                      ^ function called here
...
816 |         buf_get_impl!(self, i128::from_be_bytes);
    |         ---------------------------------------- in this macro invocation
    |
    = note: this warning originates in the macro `buf_try_get_impl` which comes from the expansion of the macro `buf_get_impl` (in Nightly builds, run with -Z macro-backtrace for more info)

warning: calling external function `from_be_bytes` with no contract will yield an impossible precondition
   --> src/buf/buf_impl.rs:32:34
    |
 32 |                 $typ::$conv(bytes)
    |                                  ^ function called here
...
816 |         buf_get_impl!(self, i128::from_be_bytes);
    |         ---------------------------------------- in this macro invocation
    |
    = note: this warning originates in the macro `buf_try_get_impl` which comes from the expansion of the macro `buf_get_impl` (in Nightly builds, run with -Z macro-backtrace for more info)

warning: calling external function `unwrap_or_else` with no contract will yield an impossible precondition
   --> src/buf/buf_impl.rs:77:16
    |
 77 |           return (|| buf_try_get_impl!($this, $typ::$conv))()
    |  ________________^
 78 | |             .unwrap_or_else(|error| panic_advance(&error));
    | |__________________________________________________________^ function called here
...
836 |           buf_get_impl!(self, i128::from_le_bytes);
    |           ---------------------------------------- in this macro invocation
    |
    = note: this warning originates in the macro `buf_get_impl` (in Nightly builds, run with -Z macro-backtrace for more info)

warning: calling external function `from_le_bytes` with no contract will yield an impossible precondition
   --> src/buf/buf_impl.rs:43:38
    |
 43 |             return Ok($typ::$conv(buf));
    |                                      ^ function called here
...
836 |         buf_get_impl!(self, i128::from_le_bytes);
    |         ---------------------------------------- in this macro invocation
    |
    = note: this warning originates in the macro `buf_try_get_impl` which comes from the expansion of the macro `buf_get_impl` (in Nightly builds, run with -Z macro-backtrace for more info)

warning: calling external function `from_le_bytes` with no contract will yield an impossible precondition
   --> src/buf/buf_impl.rs:32:34
    |
 32 |                 $typ::$conv(bytes)
    |                                  ^ function called here
...
836 |         buf_get_impl!(self, i128::from_le_bytes);
    |         ---------------------------------------- in this macro invocation
    |
    = note: this warning originates in the macro `buf_try_get_impl` which comes from the expansion of the macro `buf_get_impl` (in Nightly builds, run with -Z macro-backtrace for more info)

warning: calling external function `unwrap_or_else` with no contract will yield an impossible precondition
   --> src/buf/buf_impl.rs:77:16
    |
 77 |           return (|| buf_try_get_impl!($this, $typ::$conv))()
    |  ________________^
 78 | |             .unwrap_or_else(|error| panic_advance(&error));
    | |__________________________________________________________^ function called here
...
859 |           buf_get_impl!(self, i128::from_ne_bytes);
    |           ---------------------------------------- in this macro invocation
    |
    = note: this warning originates in the macro `buf_get_impl` (in Nightly builds, run with -Z macro-backtrace for more info)

warning: calling external function `from_ne_bytes` with no contract will yield an impossible precondition
   --> src/buf/buf_impl.rs:43:38
    |
 43 |             return Ok($typ::$conv(buf));
    |                                      ^ function called here
...
859 |         buf_get_impl!(self, i128::from_ne_bytes);
    |         ---------------------------------------- in this macro invocation
    |
    = note: this warning originates in the macro `buf_try_get_impl` which comes from the expansion of the macro `buf_get_impl` (in Nightly builds, run with -Z macro-backtrace for more info)

warning: calling external function `from_ne_bytes` with no contract will yield an impossible precondition
   --> src/buf/buf_impl.rs:32:34
    |
 32 |                 $typ::$conv(bytes)
    |                                  ^ function called here
...
859 |         buf_get_impl!(self, i128::from_ne_bytes);
    |         ---------------------------------------- in this macro invocation
    |
    = note: this warning originates in the macro `buf_try_get_impl` which comes from the expansion of the macro `buf_get_impl` (in Nightly builds, run with -Z macro-backtrace for more info)

warning: calling external function `unwrap_or_else` with no contract will yield an impossible precondition
   --> src/buf/buf_impl.rs:85:16
    |
 85 |           return (|| buf_try_get_impl!(be => $this, $typ, $len_to_read))()
    |  ________________^
 86 | |             .unwrap_or_else(|error| panic_advance(&error));
    | |__________________________________________________________^ function called here
...
880 |           buf_get_impl!(be => self, u64, nbytes);
    |           -------------------------------------- in this macro invocation
    |
    = note: this warning originates in the macro `buf_get_impl` (in Nightly builds, run with -Z macro-backtrace for more info)

warning: calling external function `index_mut` with no contract will yield an impossible precondition
   --> src/buf/buf_impl.rs:70:41
    |
 70 |         $this.try_copy_to_slice(&mut buf[slice_at..])?;
    |                                         ^^^^^^^^^^^^ function called here
...
880 |         buf_get_impl!(be => self, u64, nbytes);
    |         -------------------------------------- in this macro invocation
    |
    = note: this warning originates in the macro `buf_try_get_impl` which comes from the expansion of the macro `buf_get_impl` (in Nightly builds, run with -Z macro-backtrace for more info)

warning: calling external function `from_be_bytes` with no contract will yield an impossible precondition
   --> src/buf/buf_impl.rs:71:19
    |
 71 |         return Ok($typ::from_be_bytes(buf));
    |                   ^^^^^^^^^^^^^^^^^^^^^^^^ function called here
...
880 |         buf_get_impl!(be => self, u64, nbytes);
    |         -------------------------------------- in this macro invocation
    |
    = note: this warning originates in the macro `buf_try_get_impl` which comes from the expansion of the macro `buf_get_impl` (in Nightly builds, run with -Z macro-backtrace for more info)

warning: calling external function `unwrap_or_else` with no contract will yield an impossible precondition
   --> src/buf/buf_impl.rs:81:16
    |
 81 |           return (|| buf_try_get_impl!(le => $this, $typ, $len_to_read))()
    |  ________________^
 82 | |             .unwrap_or_else(|error| panic_advance(&error));
    | |__________________________________________________________^ function called here
...
901 |           buf_get_impl!(le => self, u64, nbytes);
    |           -------------------------------------- in this macro invocation
    |
    = note: this warning originates in the macro `buf_get_impl` (in Nightly builds, run with -Z macro-backtrace for more info)

warning: calling external function `from_le_bytes` with no contract will yield an impossible precondition
   --> src/buf/buf_impl.rs:59:19
    |
 59 |         return Ok($typ::from_le_bytes(buf));
    |                   ^^^^^^^^^^^^^^^^^^^^^^^^ function called here
...
901 |         buf_get_impl!(le => self, u64, nbytes);
    |         -------------------------------------- in this macro invocation
    |
    = note: this warning originates in the macro `buf_try_get_impl` which comes from the expansion of the macro `buf_get_impl` (in Nightly builds, run with -Z macro-backtrace for more info)

warning: calling external function `from_bits` with no contract will yield an impossible precondition
    --> src/buf/buf_impl.rs:1020:9
     |
1020 |         f32::from_bits(self.get_u32())
     |         ^^^^^^^^^^^^^^^^^^^^^^^^^^^^^^ function called here

warning: calling external function `from_bits` with no contract will yield an impossible precondition
    --> src/buf/buf_impl.rs:1041:9
     |
1041 |         f32::from_bits(self.get_u32_le())
     |         ^^^^^^^^^^^^^^^^^^^^^^^^^^^^^^^^^ function called here

warning: calling external function `from_bits` with no contract will yield an impossible precondition
    --> src/buf/buf_impl.rs:1065:9
     |
1065 |         f32::from_bits(self.get_u32_ne())
     |         ^^^^^^^^^^^^^^^^^^^^^^^^^^^^^^^^^ function called here

warning: calling external function `from_bits` with no contract will yield an impossible precondition
    --> src/buf/buf_impl.rs:1086:9
     |
1086 |         f64::from_bits(self.get_u64())
     |         ^^^^^^^^^^^^^^^^^^^^^^^^^^^^^^ function called here

warning: calling external function `from_bits` with no contract will yield an impossible precondition
    --> src/buf/buf_impl.rs:1107:9
     |
1107 |         f64::from_bits(self.get_u64_le())
     |         ^^^^^^^^^^^^^^^^^^^^^^^^^^^^^^^^^ function called here

warning: calling external function `from_bits` with no contract will yield an impossible precondition
    --> src/buf/buf_impl.rs:1131:9
     |
1131 |         f64::from_bits(self.get_u64_ne())
     |         ^^^^^^^^^^^^^^^^^^^^^^^^^^^^^^^^^ function called here

warning: calling external function `is_empty` with no contract will yield an impossible precondition
    --> src/buf/buf_impl.rs:1172:16
     |
1172 |         while !dst.is_empty() {
     |                ^^^^^^^^^^^^^^ function called here

warning: calling external function `from_be_bytes` with no contract will yield an impossible precondition
    --> src/buf/buf_impl.rs:43:38
     |
  43 |             return Ok($typ::$conv(buf));
     |                                      ^ function called here
...
1279 |         buf_try_get_impl!(self, u16::from_be_bytes)
     |         ------------------------------------------- in this macro invocation
     |
     = note: this warning originates in the macro `buf_try_get_impl` (in Nightly builds, run with -Z macro-backtrace for more info)

warning: calling external function `from_be_bytes` with no contract will yield an impossible precondition
    --> src/buf/buf_impl.rs:32:34
     |
  32 |                 $typ::$conv(bytes)
     |                                  ^ function called here
...
1279 |         buf_try_get_impl!(self, u16::from_be_bytes)
     |         ------------------------------------------- in this macro invocation
     |
     = note: this warning originates in the macro `buf_try_get_impl` (in Nightly builds, run with -Z macro-backtrace for more info)

warning: calling external function `from_le_bytes` with no contract will yield an impossible precondition
    --> src/buf/buf_impl.rs:43:38
     |
  43 |             return Ok($typ::$conv(buf));
     |                                      ^ function called here
...
1307 |         buf_try_get_impl!(self, u16::from_le_bytes)
     |         ------------------------------------------- in this macro invocation
     |
     = note: this warning originates in the macro `buf_try_get_impl` (in Nightly builds, run with -Z macro-backtrace for more info)

warning: calling external function `from_le_bytes` with no contract will yield an impossible precondition
    --> src/buf/buf_impl.rs:32:34
     |
  32 |                 $typ::$conv(bytes)
     |                                  ^ function called here
...
1307 |         buf_try_get_impl!(self, u16::from_le_bytes)
     |         ------------------------------------------- in this macro invocation
     |
     = note: this warning originates in the macro `buf_try_get_impl` (in Nightly builds, run with -Z macro-backtrace for more info)

warning: calling external function `from_ne_bytes` with no contract will yield an impossible precondition
    --> src/buf/buf_impl.rs:43:38
     |
  43 |             return Ok($typ::$conv(buf));
     |                                      ^ function called here
...
1338 |         buf_try_get_impl!(self, u16::from_ne_bytes)
     |         ------------------------------------------- in this macro invocation
     |
     = note: this warning originates in the macro `buf_try_get_impl` (in Nightly builds, run with -Z macro-backtrace for more info)

warning: calling external function `from_ne_bytes` with no contract will yield an impossible precondition
    --> src/buf/buf_impl.rs:32:34
     |
  32 |                 $typ::$conv(bytes)
     |                                  ^ function called here
...
1338 |         buf_try_get_impl!(self, u16::from_ne_bytes)
     |         ------------------------------------------- in this macro invocation
     |
     = note: this warning originates in the macro `buf_try_get_impl` (in Nightly builds, run with -Z macro-backtrace for more info)

warning: calling external function `from_be_bytes` with no contract will yield an impossible precondition
    --> src/buf/buf_impl.rs:43:38
     |
  43 |             return Ok($typ::$conv(buf));
     |                                      ^ function called here
...
1366 |         buf_try_get_impl!(self, i16::from_be_bytes)
     |         ------------------------------------------- in this macro invocation
     |
     = note: this warning originates in the macro `buf_try_get_impl` (in Nightly builds, run with -Z macro-backtrace for more info)

warning: calling external function `from_be_bytes` with no contract will yield an impossible precondition
    --> src/buf/buf_impl.rs:32:34
     |
  32 |                 $typ::$conv(bytes)
     |                                  ^ function called here
...
1366 |         buf_try_get_impl!(self, i16::from_be_bytes)
     |         ------------------------------------------- in this macro invocation
     |
     = note: this warning originates in the macro `buf_try_get_impl` (in Nightly builds, run with -Z macro-backtrace for more info)

warning: calling external function `from_le_bytes` with no contract will yield an impossible precondition
    --> src/buf/buf_impl.rs:43:38
     |
  43 |             return Ok($typ::$conv(buf));
     |                                      ^ function called here
...
1394 |         buf_try_get_impl!(self, i16::from_le_bytes)
     |         ------------------------------------------- in this macro invocation
     |
     = note: this warning originates in the macro `buf_try_get_impl` (in Nightly builds, run with -Z macro-backtrace for more info)

warning: calling external function `from_le_bytes` with no contract will yield an impossible precondition
    --> src/buf/buf_impl.rs:32:34
     |
  32 |                 $typ::$conv(bytes)
     |                                  ^ function called here
...
1394 |         buf_try_get_impl!(self, i16::from_le_bytes)
     |         ------------------------------------------- in this macro invocation
     |
     = note: this warning originates in the macro `buf_try_get_impl` (in Nightly builds, run with -Z macro-backtrace for more info)

warning: calling external function `from_ne_bytes` with no contract will yield an impossible precondition
    --> src/buf/buf_impl.rs:43:38
     |
  43 |             return Ok($typ::$conv(buf));
     |                                      ^ function called here
...
1425 |         buf_try_get_impl!(self, i16::from_ne_bytes)
     |         ------------------------------------------- in this macro invocation
     |
     = note: this warning originates in the macro `buf_try_get_impl` (in Nightly builds, run with -Z macro-backtrace for more info)

warning: calling external function `from_ne_bytes` with no contract will yield an impossible precondition
    --> src/buf/buf_impl.rs:32:34
     |
  32 |                 $typ::$conv(bytes)
     |                                  ^ function called here
...
1425 |         buf_try_get_impl!(self, i16::from_ne_bytes)
     |         ------------------------------------------- in this macro invocation
     |
     = note: this warning originates in the macro `buf_try_get_impl` (in Nightly builds, run with -Z macro-backtrace for more info)

warning: calling external function `from_be_bytes` with no contract will yield an impossible precondition
    --> src/buf/buf_impl.rs:43:38
     |
  43 |             return Ok($typ::$conv(buf));
     |                                      ^ function called here
...
1453 |         buf_try_get_impl!(self, u32::from_be_bytes)
     |         ------------------------------------------- in this macro invocation
     |
     = note: this warning originates in the macro `buf_try_get_impl` (in Nightly builds, run with -Z macro-backtrace for more info)

warning: calling external function `from_be_bytes` with no contract will yield an impossible precondition
    --> src/buf/buf_impl.rs:32:34
     |
  32 |                 $typ::$conv(bytes)
     |                                  ^ function called here
...
1453 |         buf_try_get_impl!(self, u32::from_be_bytes)
     |         ------------------------------------------- in this macro invocation
     |
     = note: this warning originates in the macro `buf_try_get_impl` (in Nightly builds, run with -Z macro-backtrace for more info)

warning: calling external function `from_le_bytes` with no contract will yield an impossible precondition
    --> src/buf/buf_impl.rs:43:38
     |
  43 |             return Ok($typ::$conv(buf));
     |                                      ^ function called here
...
1481 |         buf_try_get_impl!(self, u32::from_le_bytes)
     |         ------------------------------------------- in this macro invocation
     |
     = note: this warning originates in the macro `buf_try_get_impl` (in Nightly builds, run with -Z macro-backtrace for more info)

warning: calling external function `from_le_bytes` with no contract will yield an impossible precondition
    --> src/buf/buf_impl.rs:32:34
     |
  32 |                 $typ::$conv(bytes)
     |                                  ^ function called here
...
1481 |         buf_try_get_impl!(self, u32::from_le_bytes)
     |         ------------------------------------------- in this macro invocation
     |
     = note: this warning originates in the macro `buf_try_get_impl` (in Nightly builds, run with -Z macro-backtrace for more info)

warning: calling external function `from_ne_bytes` with no contract will yield an impossible precondition
    --> src/buf/buf_impl.rs:43:38
     |
  43 |             return Ok($typ::$conv(buf));
     |                                      ^ function called here
...
1512 |         buf_try_get_impl!(self, u32::from_ne_bytes)
     |         ------------------------------------------- in this macro invocation
     |
     = note: this warning originates in the macro `buf_try_get_impl` (in Nightly builds, run with -Z macro-backtrace for more info)

warning: calling external function `from_ne_bytes` with no contract will yield an impossible precondition
    --> src/buf/buf_impl.rs:32:34
     |
  32 |                 $typ::$conv(bytes)
     |                                  ^ function called here
...
1512 |         buf_try_get_impl!(self, u32::from_ne_bytes)
     |         ------------------------------------------- in this macro invocation
     |
     = note: this warning originates in the macro `buf_try_get_impl` (in Nightly builds, run with -Z macro-backtrace for more info)

warning: calling external function `from_be_bytes` with no contract will yield an impossible precondition
    --> src/buf/buf_impl.rs:43:38
     |
  43 |             return Ok($typ::$conv(buf));
     |                                      ^ function called here
...
1540 |         buf_try_get_impl!(self, i32::from_be_bytes)
     |         ------------------------------------------- in this macro invocation
     |
     = note: this warning originates in the macro `buf_try_get_impl` (in Nightly builds, run with -Z macro-backtrace for more info)

warning: calling external function `from_be_bytes` with no contract will yield an impossible precondition
    --> src/buf/buf_impl.rs:32:34
     |
  32 |                 $typ::$conv(bytes)
     |                                  ^ function called here
...
1540 |         buf_try_get_impl!(self, i32::from_be_bytes)
     |         ------------------------------------------- in this macro invocation
     |
     = note: this warning originates in the macro `buf_try_get_impl` (in Nightly builds, run with -Z macro-backtrace for more info)

warning: calling external function `from_le_bytes` with no contract will yield an impossible precondition
    --> src/buf/buf_impl.rs:43:38
     |
  43 |             return Ok($typ::$conv(buf));
     |                                      ^ function called here
...
1568 |         buf_try_get_impl!(self, i32::from_le_bytes)
     |         ------------------------------------------- in this macro invocation
     |
     = note: this warning originates in the macro `buf_try_get_impl` (in Nightly builds, run with -Z macro-backtrace for more info)

warning: calling external function `from_le_bytes` with no contract will yield an impossible precondition
    --> src/buf/buf_impl.rs:32:34
     |
  32 |                 $typ::$conv(bytes)
     |                                  ^ function called here
...
1568 |         buf_try_get_impl!(self, i32::from_le_bytes)
     |         ------------------------------------------- in this macro invocation
     |
     = note: this warning originates in the macro `buf_try_get_impl` (in Nightly builds, run with -Z macro-backtrace for more info)

warning: calling external function `from_ne_bytes` with no contract will yield an impossible precondition
    --> src/buf/buf_impl.rs:43:38
     |
  43 |             return Ok($typ::$conv(buf));
     |                                      ^ function called here
...
1599 |         buf_try_get_impl!(self, i32::from_ne_bytes)
     |         ------------------------------------------- in this macro invocation
     |
     = note: this warning originates in the macro `buf_try_get_impl` (in Nightly builds, run with -Z macro-backtrace for more info)

warning: calling external function `from_ne_bytes` with no contract will yield an impossible precondition
    --> src/buf/buf_impl.rs:32:34
     |
  32 |                 $typ::$conv(bytes)
     |                                  ^ function called here
...
1599 |         buf_try_get_impl!(self, i32::from_ne_bytes)
     |         ------------------------------------------- in this macro invocation
     |
     = note: this warning originates in the macro `buf_try_get_impl` (in Nightly builds, run with -Z macro-backtrace for more info)

warning: calling external function `from_be_bytes` with no contract will yield an impossible precondition
    --> src/buf/buf_impl.rs:43:38
     |
  43 |             return Ok($typ::$conv(buf));
     |                                      ^ function called here
...
1627 |         buf_try_get_impl!(self, u64::from_be_bytes)
     |         ------------------------------------------- in this macro invocation
     |
     = note: this warning originates in the macro `buf_try_get_impl` (in Nightly builds, run with -Z macro-backtrace for more info)

warning: calling external function `from_be_bytes` with no contract will yield an impossible precondition
    --> src/buf/buf_impl.rs:32:34
     |
  32 |                 $typ::$conv(bytes)
     |                                  ^ function called here
...
1627 |         buf_try_get_impl!(self, u64::from_be_bytes)
     |         ------------------------------------------- in this macro invocation
     |
     = note: this warning originates in the macro `buf_try_get_impl` (in Nightly builds, run with -Z macro-backtrace for more info)

warning: calling external function `from_le_bytes` with no contract will yield an impossible precondition
    --> src/buf/buf_impl.rs:43:38
     |
  43 |             return Ok($typ::$conv(buf));
     |                                      ^ function called here
...
1655 |         buf_try_get_impl!(self, u64::from_le_bytes)
     |         ------------------------------------------- in this macro invocation
     |
     = note: this warning originates in the macro `buf_try_get_impl` (in Nightly builds, run with -Z macro-backtrace for more info)

warning: calling external function `from_le_bytes` with no contract will yield an impossible precondition
    --> src/buf/buf_impl.rs:32:34
     |
  32 |                 $typ::$conv(bytes)
     |                                  ^ function called here
...
1655 |         buf_try_get_impl!(self, u64::from_le_bytes)
     |         ------------------------------------------- in this macro invocation
     |
     = note: this warning originates in the macro `buf_try_get_impl` (in Nightly builds, run with -Z macro-backtrace for more info)

warning: calling external function `from_ne_bytes` with no contract will yield an impossible precondition
    --> src/buf/buf_impl.rs:43:38
     |
  43 |             return Ok($typ::$conv(buf));
     |                                      ^ function called here
...
1686 |         buf_try_get_impl!(self, u64::from_ne_bytes)
     |         ------------------------------------------- in this macro invocation
     |
     = note: this warning originates in the macro `buf_try_get_impl` (in Nightly builds, run with -Z macro-backtrace for more info)

warning: calling external function `from_ne_bytes` with no contract will yield an impossible precondition
    --> src/buf/buf_impl.rs:32:34
     |
  32 |                 $typ::$conv(bytes)
     |                                  ^ function called here
...
1686 |         buf_try_get_impl!(self, u64::from_ne_bytes)
     |         ------------------------------------------- in this macro invocation
     |
     = note: this warning originates in the macro `buf_try_get_impl` (in Nightly builds, run with -Z macro-backtrace for more info)

warning: calling external function `from_be_bytes` with no contract will yield an impossible precondition
    --> src/buf/buf_impl.rs:43:38
     |
  43 |             return Ok($typ::$conv(buf));
     |                                      ^ function called here
...
1714 |         buf_try_get_impl!(self, i64::from_be_bytes)
     |         ------------------------------------------- in this macro invocation
     |
     = note: this warning originates in the macro `buf_try_get_impl` (in Nightly builds, run with -Z macro-backtrace for more info)

warning: calling external function `from_be_bytes` with no contract will yield an impossible precondition
    --> src/buf/buf_impl.rs:32:34
     |
  32 |                 $typ::$conv(bytes)
     |                                  ^ function called here
...
1714 |         buf_try_get_impl!(self, i64::from_be_bytes)
     |         ------------------------------------------- in this macro invocation
     |
     = note: this warning originates in the macro `buf_try_get_impl` (in Nightly builds, run with -Z macro-backtrace for more info)

warning: calling external function `from_le_bytes` with no contract will yield an impossible precondition
    --> src/buf/buf_impl.rs:43:38
     |
  43 |             return Ok($typ::$conv(buf));
     |                                      ^ function called here
...
1742 |         buf_try_get_impl!(self, i64::from_le_bytes)
     |         ------------------------------------------- in this macro invocation
     |
     = note: this warning originates in the macro `buf_try_get_impl` (in Nightly builds, run with -Z macro-backtrace for more info)

warning: calling external function `from_le_bytes` with no contract will yield an impossible precondition
    --> src/buf/buf_impl.rs:32:34
     |
  32 |                 $typ::$conv(bytes)
     |                                  ^ function called here
...
1742 |         buf_try_get_impl!(self, i64::from_le_bytes)
     |         ------------------------------------------- in this macro invocation
     |
     = note: this warning originates in the macro `buf_try_get_impl` (in Nightly builds, run with -Z macro-backtrace for more info)

warning: calling external function `from_ne_bytes` with no contract will yield an impossible precondition
    --> src/buf/buf_impl.rs:43:38
     |
  43 |             return Ok($typ::$conv(buf));
     |                                      ^ function called here
...
1773 |         buf_try_get_impl!(self, i64::from_ne_bytes)
     |         ------------------------------------------- in this macro invocation
     |
     = note: this warning originates in the macro `buf_try_get_impl` (in Nightly builds, run with -Z macro-backtrace for more info)

warning: calling external function `from_ne_bytes` with no contract will yield an impossible precondition
    --> src/buf/buf_impl.rs:32:34
     |
  32 |                 $typ::$conv(bytes)
     |                                  ^ function called here
...
1773 |         buf_try_get_impl!(self, i64::from_ne_bytes)
     |         ------------------------------------------- in this macro invocation
     |
     = note: this warning originates in the macro `buf_try_get_impl` (in Nightly builds, run with -Z macro-backtrace for more info)

warning: calling external function `from_be_bytes` with no contract will yield an impossible precondition
    --> src/buf/buf_impl.rs:43:38
     |
  43 |             return Ok($typ::$conv(buf));
     |                                      ^ function called here
...
1801 |         buf_try_get_impl!(self, u128::from_be_bytes)
     |         -------------------------------------------- in this macro invocation
     |
     = note: this warning originates in the macro `buf_try_get_impl` (in Nightly builds, run with -Z macro-backtrace for more info)

warning: calling external function `from_be_bytes` with no contract will yield an impossible precondition
    --> src/buf/buf_impl.rs:32:34
     |
  32 |                 $typ::$conv(bytes)
     |                                  ^ function called here
...
1801 |         buf_try_get_impl!(self, u128::from_be_bytes)
     |         -------------------------------------------- in this macro invocation
     |
     = note: this warning originates in the macro `buf_try_get_impl` (in Nightly builds, run with -Z macro-backtrace for more info)

warning: calling external function `from_le_bytes` with no contract will yield an impossible precondition
    --> src/buf/buf_impl.rs:43:38
     |
  43 |             return Ok($typ::$conv(buf));
     |                                      ^ function called here
...
1829 |         buf_try_get_impl!(self, u128::from_le_bytes)
     |         -------------------------------------------- in this macro invocation
     |
     = note: this warning originates in the macro `buf_try_get_impl` (in Nightly builds, run with -Z macro-backtrace for more info)

warning: calling external function `from_le_bytes` with no contract will yield an impossible precondition
    --> src/buf/buf_impl.rs:32:34
     |
  32 |                 $typ::$conv(bytes)
     |                                  ^ function called here
...
1829 |         buf_try_get_impl!(self, u128::from_le_bytes)
     |         -------------------------------------------- in this macro invocation
     |
     = note: this warning originates in the macro `buf_try_get_impl` (in Nightly builds, run with -Z macro-backtrace for more info)

warning: calling external function `from_ne_bytes` with no contract will yield an impossible precondition
    --> src/buf/buf_impl.rs:43:38
     |
  43 |             return Ok($typ::$conv(buf));
     |                                      ^ function called here
...
1860 |         buf_try_get_impl!(self, u128::from_ne_bytes)
     |         -------------------------------------------- in this macro invocation
     |
     = note: this warning originates in the macro `buf_try_get_impl` (in Nightly builds, run with -Z macro-backtrace for more info)

warning: calling external function `from_ne_bytes` with no contract will yield an impossible precondition
    --> src/buf/buf_impl.rs:32:34
     |
  32 |                 $typ::$conv(bytes)
     |                                  ^ function called here
...
1860 |         buf_try_get_impl!(self, u128::from_ne_bytes)
     |         -------------------------------------------- in this macro invocation
     |
     = note: this warning originates in the macro `buf_try_get_impl` (in Nightly builds, run with -Z macro-backtrace for more info)

warning: calling external function `from_be_bytes` with no contract will yield an impossible precondition
    --> src/buf/buf_impl.rs:43:38
     |
  43 |             return Ok($typ::$conv(buf));
     |                                      ^ function called here
...
1888 |         buf_try_get_impl!(self, i128::from_be_bytes)
     |         -------------------------------------------- in this macro invocation
     |
     = note: this warning originates in the macro `buf_try_get_impl` (in Nightly builds, run with -Z macro-backtrace for more info)

warning: calling external function `from_be_bytes` with no contract will yield an impossible precondition
    --> src/buf/buf_impl.rs:32:34
     |
  32 |                 $typ::$conv(bytes)
     |                                  ^ function called here
...
1888 |         buf_try_get_impl!(self, i128::from_be_bytes)
     |         -------------------------------------------- in this macro invocation
     |
     = note: this warning originates in the macro `buf_try_get_impl` (in Nightly builds, run with -Z macro-backtrace for more info)

warning: calling external function `from_le_bytes` with no contract will yield an impossible precondition
    --> src/buf/buf_impl.rs:43:38
     |
  43 |             return Ok($typ::$conv(buf));
     |                                      ^ function called here
...
1916 |         buf_try_get_impl!(self, i128::from_le_bytes)
     |         -------------------------------------------- in this macro invocation
     |
     = note: this warning originates in the macro `buf_try_get_impl` (in Nightly builds, run with -Z macro-backtrace for more info)

warning: calling external function `from_le_bytes` with no contract will yield an impossible precondition
    --> src/buf/buf_impl.rs:32:34
     |
  32 |                 $typ::$conv(bytes)
     |                                  ^ function called here
...
1916 |         buf_try_get_impl!(self, i128::from_le_bytes)
     |         -------------------------------------------- in this macro invocation
     |
     = note: this warning originates in the macro `buf_try_get_impl` (in Nightly builds, run with -Z macro-backtrace for more info)

warning: calling external function `from_ne_bytes` with no contract will yield an impossible precondition
    --> src/buf/buf_impl.rs:43:38
     |
  43 |             return Ok($typ::$conv(buf));
     |                                      ^ function called here
...
1947 |         buf_try_get_impl!(self, i128::from_ne_bytes)
     |         -------------------------------------------- in this macro invocation
     |
     = note: this warning originates in the macro `buf_try_get_impl` (in Nightly builds, run with -Z macro-backtrace for more info)

warning: calling external function `from_ne_bytes` with no contract will yield an impossible precondition
    --> src/buf/buf_impl.rs:32:34
     |
  32 |                 $typ::$conv(bytes)
     |                                  ^ function called here
...
1947 |         buf_try_get_impl!(self, i128::from_ne_bytes)
     |         -------------------------------------------- in this macro invocation
     |
     = note: this warning originates in the macro `buf_try_get_impl` (in Nightly builds, run with -Z macro-backtrace for more info)

warning: calling external function `index_mut` with no contract will yield an impossible precondition
    --> src/buf/buf_impl.rs:70:41
     |
  70 |         $this.try_copy_to_slice(&mut buf[slice_at..])?;
     |                                         ^^^^^^^^^^^^ function called here
...
1979 |         buf_try_get_impl!(be => self, u64, nbytes);
     |         ------------------------------------------ in this macro invocation
     |
     = note: this warning originates in the macro `buf_try_get_impl` (in Nightly builds, run with -Z macro-backtrace for more info)

warning: calling external function `from_be_bytes` with no contract will yield an impossible precondition
    --> src/buf/buf_impl.rs:71:25
     |
  71 |         return Ok($typ::from_be_bytes(buf));
     |                         ^^^^^^^^^^^^^^^^^^ function called here
...
1979 |         buf_try_get_impl!(be => self, u64, nbytes);
     |         ------------------------------------------ in this macro invocation
     |
     = note: this warning originates in the macro `buf_try_get_impl` (in Nightly builds, run with -Z macro-backtrace for more info)

warning: calling external function `from_le_bytes` with no contract will yield an impossible precondition
    --> src/buf/buf_impl.rs:59:25
     |
  59 |         return Ok($typ::from_le_bytes(buf));
     |                         ^^^^^^^^^^^^^^^^^^ function called here
...
2011 |         buf_try_get_impl!(le => self, u64, nbytes);
     |         ------------------------------------------ in this macro invocation
     |
     = note: this warning originates in the macro `buf_try_get_impl` (in Nightly builds, run with -Z macro-backtrace for more info)

warning: calling external function `index_mut` with no contract will yield an impossible precondition
    --> src/buf/buf_impl.rs:70:41
     |
  70 |         $this.try_copy_to_slice(&mut buf[slice_at..])?;
     |                                         ^^^^^^^^^^^^ function called here
...
2085 |         buf_try_get_impl!(be => self, i64, nbytes);
     |         ------------------------------------------ in this macro invocation
     |
     = note: this warning originates in the macro `buf_try_get_impl` (in Nightly builds, run with -Z macro-backtrace for more info)

warning: calling external function `from_be_bytes` with no contract will yield an impossible precondition
    --> src/buf/buf_impl.rs:71:25
     |
  71 |         return Ok($typ::from_be_bytes(buf));
     |                         ^^^^^^^^^^^^^^^^^^ function called here
...
2085 |         buf_try_get_impl!(be => self, i64, nbytes);
     |         ------------------------------------------ in this macro invocation
     |
     = note: this warning originates in the macro `buf_try_get_impl` (in Nightly builds, run with -Z macro-backtrace for more info)

warning: calling external function `from_le_bytes` with no contract will yield an impossible precondition
    --> src/buf/buf_impl.rs:59:25
     |
  59 |         return Ok($typ::from_le_bytes(buf));
     |                         ^^^^^^^^^^^^^^^^^^ function called here
...
2117 |         buf_try_get_impl!(le => self, i64, nbytes);
     |         ------------------------------------------ in this macro invocation
     |
     = note: this warning originates in the macro `buf_try_get_impl` (in Nightly builds, run with -Z macro-backtrace for more info)

warning: calling external function `from_bits` with no contract will yield an impossible precondition
    --> src/buf/buf_impl.rs:2188:12
     |
2188 |         Ok(f32::from_bits(self.try_get_u32()?))
     |            ^^^^^^^^^^^^^^^^^^^^^^^^^^^^^^^^^^^ function called here

warning: calling external function `from_bits` with no contract will yield an impossible precondition
    --> src/buf/buf_impl.rs:2217:12
     |
2217 |         Ok(f32::from_bits(self.try_get_u32_le()?))
     |            ^^^^^^^^^^^^^^^^^^^^^^^^^^^^^^^^^^^^^^ function called here

warning: calling external function `from_bits` with no contract will yield an impossible precondition
    --> src/buf/buf_impl.rs:2249:12
     |
2249 |         Ok(f32::from_bits(self.try_get_u32_ne()?))
     |            ^^^^^^^^^^^^^^^^^^^^^^^^^^^^^^^^^^^^^^ function called here

warning: calling external function `from_bits` with no contract will yield an impossible precondition
    --> src/buf/buf_impl.rs:2278:12
     |
2278 |         Ok(f64::from_bits(self.try_get_u64()?))
     |            ^^^^^^^^^^^^^^^^^^^^^^^^^^^^^^^^^^^ function called here

warning: calling external function `from_bits` with no contract will yield an impossible precondition
    --> src/buf/buf_impl.rs:2307:12
     |
2307 |         Ok(f64::from_bits(self.try_get_u64_le()?))
     |            ^^^^^^^^^^^^^^^^^^^^^^^^^^^^^^^^^^^^^^ function called here

warning: calling external function `from_bits` with no contract will yield an impossible precondition
    --> src/buf/buf_impl.rs:2339:12
     |
2339 |         Ok(f64::from_bits(self.try_get_u64_ne()?))
     |            ^^^^^^^^^^^^^^^^^^^^^^^^^^^^^^^^^^^^^^ function called here

warning: calling external function `get_ref` with no contract will yield an impossible precondition
    --> src/buf/buf_impl.rs:3251:45
     |
3251 |         crate::cursor_ops::cursor_remaining(self.get_ref().as_ref().len(), self.position())
     |                                             ^^^^^^^^^^^^^^ function called here

warning: calling external function `position` with no contract will yield an impossible precondition
    --> src/buf/buf_impl.rs:3251:76
     |
3251 |         crate::cursor_ops::cursor_remaining(self.get_ref().as_ref().len(), self.position())
     |                                                                            ^^^^^^^^^^^^^^^ function called here

warning: calling external function `get_ref` with no contract will yield an impossible precondition
    --> src/buf/buf_impl.rs:3256:21
     |
3256 |         let slice = self.get_ref().as_ref();
     |                     ^^^^^^^^^^^^^^ function called here

warning: calling external function `position` with no contract will yield an impossible precondition
    --> src/buf/buf_impl.rs:3257:48
     |
3257 |         crate::cursor_ops::cursor_chunk(slice, self.position())
     |                                                ^^^^^^^^^^^^^^^ function called here

warning: calling external function `get_ref` with no contract will yield an impossible precondition
    --> src/buf/buf_impl.rs:3262:19
     |
3262 |         let len = self.get_ref().as_ref().len();
     |                   ^^^^^^^^^^^^^^ function called here

warning: calling external function `position` with no contract will yield an impossible precondition
    --> src/buf/buf_impl.rs:3263:19
     |
3263 |         let pos = self.position();
     |                   ^^^^^^^^^^^^^^^ function called here

warning: calling external function `set_position` with no contract will yield an impossible precondition
    --> src/buf/buf_impl.rs:3276:9
     |
3276 | /         self.set_position(crate::cursor_ops::cursor_position_after_advance(
3277 | |             len, pos, cnt,
3278 | |         ));
     | |__________^ function called here

warning: calling external function `is_empty` with no contract will yield an impossible precondition
   --> src/buf/buf_mut.rs:256:16
    |
256 |         while !src.is_empty() {
    |                ^^^^^^^^^^^^^^ function called here

warning: calling external function `write_bytes` with no contract will yield an impossible precondition
   --> src/buf/buf_mut.rs:306:22
    |
306 |             unsafe { core::ptr::write_bytes(dst.as_mut_ptr(), val, dst_len) };
    |                      ^^^^^^^^^^^^^^^^^^^^^^^^^^^^^^^^^^^^^^^^^^^^^^^^^^^^^^ function called here

warning: calling external function `to_ne_bytes` with no contract will yield an impossible precondition
   --> src/buf/buf_mut.rs:431:25
    |
431 |         self.put_slice(&n.to_ne_bytes())
    |                         ^^^^^^^^^^^^^^^ function called here

warning: calling external function `to_be_bytes` with no contract will yield an impossible precondition
   --> src/buf/buf_mut.rs:454:25
    |
454 |         self.put_slice(&n.to_be_bytes())
    |                         ^^^^^^^^^^^^^^^ function called here

warning: calling external function `to_le_bytes` with no contract will yield an impossible precondition
   --> src/buf/buf_mut.rs:477:25
    |
477 |         self.put_slice(&n.to_le_bytes())
    |                         ^^^^^^^^^^^^^^^ function called here

warning: calling external function `to_ne_bytes` with no contract will yield an impossible precondition
   --> src/buf/buf_mut.rs:504:25
    |
504 |         self.put_slice(&n.to_ne_bytes())
    |                         ^^^^^^^^^^^^^^^ function called here

warning: calling external function `to_ne_bytes` with no contract will yield an impossible precondition
   --> src/buf/buf_mut.rs:577:25
    |
577 |         self.put_slice(&n.to_ne_bytes())
    |                         ^^^^^^^^^^^^^^^ function called here

warning: calling external function `to_be_bytes` with no contract will yield an impossible precondition
   --> src/buf/buf_mut.rs:600:25
    |
600 |         self.put_slice(&n.to_be_bytes())
    |                         ^^^^^^^^^^^^^^^ function called here

warning: calling external function `to_le_bytes` with no contract will yield an impossible precondition
   --> src/buf/buf_mut.rs:623:25
    |
623 |         self.put_slice(&n.to_le_bytes())
    |                         ^^^^^^^^^^^^^^^ function called here

warning: calling external function `to_ne_bytes` with no contract will yield an impossible precondition
   --> src/buf/buf_mut.rs:650:25
    |
650 |         self.put_slice(&n.to_ne_bytes())
    |                         ^^^^^^^^^^^^^^^ function called here

warning: calling external function `to_ne_bytes` with no contract will yield an impossible precondition
   --> src/buf/buf_mut.rs:723:25
    |
723 |         self.put_slice(&n.to_ne_bytes())
    |                         ^^^^^^^^^^^^^^^ function called here

warning: calling external function `to_be_bytes` with no contract will yield an impossible precondition
   --> src/buf/buf_mut.rs:746:25
    |
746 |         self.put_slice(&n.to_be_bytes())
    |                         ^^^^^^^^^^^^^^^ function called here

warning: calling external function `to_le_bytes` with no contract will yield an impossible precondition
   --> src/buf/buf_mut.rs:769:25
    |
769 |         self.put_slice(&n.to_le_bytes())
    |                         ^^^^^^^^^^^^^^^ function called here

warning: calling external function `to_ne_bytes` with no contract will yield an impossible precondition
   --> src/buf/buf_mut.rs:796:25
    |
796 |         self.put_slice(&n.to_ne_bytes())
    |                         ^^^^^^^^^^^^^^^ function called here

warning: calling external function `to_ne_bytes` with no contract will yield an impossible precondition
   --> src/buf/buf_mut.rs:869:25
    |
869 |         self.put_slice(&n.to_ne_bytes())
    |                         ^^^^^^^^^^^^^^^ function called here

warning: calling external function `to_be_bytes` with no contract will yield an impossible precondition
   --> src/buf/buf_mut.rs:892:25
    |
892 |         self.put_slice(&n.to_be_bytes())
    |                         ^^^^^^^^^^^^^^^ function called here

warning: calling external function `to_le_bytes` with no contract will yield an impossible precondition
   --> src/buf/buf_mut.rs:915:25
    |
915 |         self.put_slice(&n.to_le_bytes())
    |                         ^^^^^^^^^^^^^^^ function called here

warning: calling external function `to_ne_bytes` with no contract will yield an impossible precondition
   --> src/buf/buf_mut.rs:942:25
    |
942 |         self.put_slice(&n.to_ne_bytes())
    |                         ^^^^^^^^^^^^^^^ function called here

warning: calling external function `to_be_bytes` with no contract will yield an impossible precondition
   --> src/buf/buf_mut.rs:970:25
    |
970 |         self.put_slice(&n.to_be_bytes()[start..]);
    |                         ^^^^^^^^^^^^^^^ function called here

warning: calling external function `index` with no contract will yield an impossible precondition
   --> src/buf/buf_mut.rs:970:40
    |
970 |         self.put_slice(&n.to_be_bytes()[start..]);
    |                                        ^^^^^^^^^ function called here

warning: calling external function `to_le_bytes` with no contract will yield an impossible precondition
   --> src/buf/buf_mut.rs:993:21
    |
993 |         let slice = n.to_le_bytes();
    |                     ^^^^^^^^^^^^^^^ function called here

warning: calling external function `to_be_bytes` with no contract will yield an impossible precondition
    --> src/buf/buf_mut.rs:1058:25
     |
1058 |         self.put_slice(&n.to_be_bytes()[start..]);
     |                         ^^^^^^^^^^^^^^^ function called here

warning: calling external function `index` with no contract will yield an impossible precondition
    --> src/buf/buf_mut.rs:1058:40
     |
1058 |         self.put_slice(&n.to_be_bytes()[start..]);
     |                                        ^^^^^^^^^ function called here

warning: calling external function `to_le_bytes` with no contract will yield an impossible precondition
    --> src/buf/buf_mut.rs:1081:21
     |
1081 |         let slice = n.to_le_bytes();
     |                     ^^^^^^^^^^^^^^^ function called here

warning: calling external function `to_bits` with no contract will yield an impossible precondition
    --> src/buf/buf_mut.rs:1142:22
     |
1142 |         self.put_u32(n.to_bits());
     |                      ^^^^^^^^^^^ function called here

warning: calling external function `to_bits` with no contract will yield an impossible precondition
    --> src/buf/buf_mut.rs:1166:25
     |
1166 |         self.put_u32_le(n.to_bits());
     |                         ^^^^^^^^^^^ function called here

warning: calling external function `to_bits` with no contract will yield an impossible precondition
    --> src/buf/buf_mut.rs:1194:25
     |
1194 |         self.put_u32_ne(n.to_bits());
     |                         ^^^^^^^^^^^ function called here

warning: calling external function `to_bits` with no contract will yield an impossible precondition
    --> src/buf/buf_mut.rs:1218:22
     |
1218 |         self.put_u64(n.to_bits());
     |                      ^^^^^^^^^^^ function called here

warning: calling external function `to_bits` with no contract will yield an impossible precondition
    --> src/buf/buf_mut.rs:1242:25
     |
1242 |         self.put_u64_le(n.to_bits());
     |                         ^^^^^^^^^^^ function called here

warning: calling external function `to_bits` with no contract will yield an impossible precondition
    --> src/buf/buf_mut.rs:1270:25
     |
1270 |         self.put_u64_ne(n.to_bits());
     |                         ^^^^^^^^^^^ function called here

warning: calling external function `set_len` with no contract will yield an impossible precondition
    --> src/buf/buf_mut.rs:1604:9
     |
1604 |         self.set_len(len + cnt);
     |         ^^^^^^^^^^^^^^^^^^^^^^^ function called here

warning: calling external function `as_mut_ptr` with no contract will yield an impossible precondition
    --> src/buf/buf_mut.rs:1616:19
     |
1616 |         let ptr = self.as_mut_ptr();
     |                   ^^^^^^^^^^^^^^^^^ function called here

warning: calling external function `add` with no contract will yield an impossible precondition
    --> src/buf/buf_mut.rs:1620:50
     |
1620 |         unsafe { UninitSlice::from_raw_parts_mut(ptr.add(len), cap - len) }
     |                                                  ^^^^^^^^^^^^ function called here

warning: calling external function `extend_from_slice` with no contract will yield an impossible precondition
    --> src/buf/buf_mut.rs:1636:13
     |
1636 |             self.extend_from_slice(s);
     |             ^^^^^^^^^^^^^^^^^^^^^^^^^ function called here

warning: calling external function `extend_from_slice` with no contract will yield an impossible precondition
    --> src/buf/buf_mut.rs:1643:9
     |
1643 |         self.extend_from_slice(src);
     |         ^^^^^^^^^^^^^^^^^^^^^^^^^^^ function called here

warning: calling external function `resize` with no contract will yield an impossible precondition
    --> src/buf/buf_mut.rs:1650:9
     |
1650 |         self.resize(new_len, val);
     |         ^^^^^^^^^^^^^^^^^^^^^^^^^ function called here

error: forbidden dyn type: dyn buf::buf_mut::BufMut (dyn support is currently minimal, please open an issue to improve this feature)

warning: `bytes` (lib) generated 231 warnings
error: could not compile `bytes` (lib) due to 1 previous error; 231 warnings emitted
Error: Compilation failed
