source_sha256_before=3e8fe726c434f02c889578aac597b541f5b016d6fa1c6d77dc11fa2f6d9fec58

=== actual-unique-reserve ===
cargo:rerun-if-changed=/workspace/rust-crate-proofs/bytes/1.11.1/verification/probes/actual-unique-reserve/../../../src/bytes_mut.rs
cargo:rerun-if-changed=build.rs
cargo:rustc-cfg=bytes_proof_probe
cargo:rustc-cfg=bytes_proof_unique_growth
cargo:rustc-cfg=bytes_proof_unique_reserve
cargo:rustc-check-cfg=cfg(bytes_proof_unique_reserve)
cargo:rustc-check-cfg=cfg(bytes_proof_unique_growth)
cargo:rustc-cfg=bytes_proof_noalloc
cargo:rustc-cfg=bytes_proof_unique_advance
cargo:rustc-check-cfg=cfg(bytes_proof_unique_advance)
cargo:rustc-check-cfg=cfg(bytes_proof_noalloc)
cargo:rustc-check-cfg=cfg(bytes_proof_probe)
standalone rustc build.rs + extraction: PASS
   Compiling bytes-actual-unique-reserve v0.1.0 (/workspace/rust-crate-proofs/bytes/1.11.1/verification/probes/actual-unique-reserve)
warning: unused import: `RA`
  --> src/../../../../src/ownership_proof/owned_region.rs:11:33
   |
11 |     logic::{FMap, Id, Int, ra::{RA, excl::Excl}},
   |                                 ^^
   |
   = note: `#[warn(unused_imports)]` (part of `#[warn(unused)]`) on by default

warning: unused imports: `FMap`, `RA`, `UnitRA`, and `excl::Excl`
  --> src/../../../../src/ownership_proof/raw_vec.rs:25:13
   |
25 |     logic::{FMap, Id, Int, ra::{RA, UnitRA, excl::Excl}},
   |             ^^^^                ^^  ^^^^^^  ^^^^^^^^^^

warning: unused import: `owned_region`
  --> src/lib.rs:30:44
   |
30 |     pub(crate) use crate::{unique_reclaim, owned_region, raw_vec, sequential_counter, shared_protocol, bound_ptr, boxed_alignment};
   |                                            ^^^^^^^^^^^^

warning: unused import: `ManuallyDrop`
 --> /workspace/bytes-proof-tools/targets/bytes/debug/build/bytes-actual-unique-reserve-b438eb05ecc27d5b/out/actual_split.rs:3:23
  |
3 | use core::mem::{self, ManuallyDrop, MaybeUninit};
  |                       ^^^^^^^^^^^^

warning: unused import: `self`
 --> /workspace/bytes-proof-tools/targets/bytes/debug/build/bytes-actual-unique-reserve-b438eb05ecc27d5b/out/actual_split.rs:4:17
  |
4 | use core::ptr::{self,NonNull};
  |                 ^^^^

warning: unused imports: `AtomicUsize` and `Ordering`
 --> /workspace/bytes-proof-tools/targets/bytes/debug/build/bytes-actual-unique-reserve-b438eb05ecc27d5b/out/actual_split.rs:6:26
  |
6 | use core::sync::atomic::{AtomicUsize,Ordering};
  |                          ^^^^^^^^^^^ ^^^^^^^^

warning: unused import: `prelude::*`
  --> /workspace/bytes-proof-tools/targets/bytes/debug/build/bytes-actual-unique-reserve-b438eb05ecc27d5b/out/actual_split.rs:90:53
   |
90 |     use creusot_std::{ghost::perm::Perm, logic::Id, prelude::*};
   |                                                     ^^^^^^^^^^

warning: unreachable expression
    --> /workspace/bytes-proof-tools/targets/bytes/debug/build/bytes-actual-unique-reserve-b438eb05ecc27d5b/out/actual_split.rs:1349:13
     |
1339 |             panic!("ARC clone is outside the first sequential split gate");
     |             -------------------------------------------------------------- any code following this expression is unreachable
...
1349 |             { self.pending_descriptor_copy() }
     |             ^^^^^^^^^^^^^^^^^^^^^^^^^^^^^^^^^^ unreachable expression
     |
     = note: `#[warn(unreachable_code)]` (part of `#[warn(unused)]`) on by default

warning: unused variable: `left`
  --> src/../../../../src/ownership_proof/owned_region.rs:33:5
   |
33 |     left: Snapshot<SlotMap>,
   |     ^^^^ help: if this is intentional, prefix it with an underscore: `_left`
   |
   = note: `#[warn(unused_variables)]` (part of `#[warn(unused)]`) on by default

warning: unused variable: `right`
  --> src/../../../../src/ownership_proof/owned_region.rs:34:5
   |
34 |     right: Snapshot<SlotMap>,
   |     ^^^^^ help: if this is intentional, prefix it with an underscore: `_right`

warning: unused variable: `whole`
  --> src/../../../../src/ownership_proof/owned_region.rs:35:5
   |
35 |     whole: Snapshot<SlotMap>,
   |     ^^^^^ help: if this is intentional, prefix it with an underscore: `_whole`

warning: unused variable: `merged`
  --> src/../../../../src/ownership_proof/owned_region.rs:38:9
   |
38 |     let merged: Snapshot<SlotMap> = snapshot! { (*left).total_op(*right) };
   |         ^^^^^^ help: if this is intentional, prefix it with an underscore: `_merged`

warning: unused variable: `left`
  --> src/../../../../src/ownership_proof/owned_region.rs:48:5
   |
48 |     left: Snapshot<SlotMap>,
   |     ^^^^ help: if this is intentional, prefix it with an underscore: `_left`

warning: unused variable: `right`
  --> src/../../../../src/ownership_proof/owned_region.rs:49:5
   |
49 |     right: Snapshot<SlotMap>,
   |     ^^^^^ help: if this is intentional, prefix it with an underscore: `_right`

warning: unused variable: `whole`
  --> src/../../../../src/ownership_proof/owned_region.rs:50:5
   |
50 |     whole: Snapshot<SlotMap>,
   |     ^^^^^ help: if this is intentional, prefix it with an underscore: `_whole`

warning: unused variable: `merged`
  --> src/../../../../src/ownership_proof/owned_region.rs:52:9
   |
52 |     let merged: Snapshot<SlotMap> = snapshot! { (*left).total_op(*right) };
   |         ^^^^^^ help: if this is intentional, prefix it with an underscore: `_merged`

warning: unused variable: `slots`
   --> src/../../../../src/ownership_proof/raw_vec.rs:109:9
    |
109 |     let slots = snapshot! { slots_grown(capabilities.inner_logic().1.ledger.slots(), old_capacity@, capacity@) };
    |         ^^^^^ help: if this is intentional, prefix it with an underscore: `_slots`

warning: unused variable: `unit`
   --> src/../../../../src/ownership_proof/raw_vec.rs:681:13
    |
681 |         let unit: Snapshot<KernelRA> = snapshot!(KernelRA::unit());
    |             ^^^^ help: if this is intentional, prefix it with an underscore: `_unit`

warning: unused variable: `empty_value`
   --> src/../../../../src/ownership_proof/raw_vec.rs:684:13
    |
684 |         let empty_value: Snapshot<KernelRA> = snapshot!((None, FMap::empty()));
    |             ^^^^^^^^^^^ help: if this is intentional, prefix it with an underscore: `_empty_value`

warning: unused variable: `input_model`
   --> src/../../../../src/ownership_proof/raw_vec.rs:819:9
    |
819 |     let input_model = snapshot!(input@);
    |         ^^^^^^^^^^^ help: if this is intentional, prefix it with an underscore: `_input_model`

warning: unused variable: `slot`
    --> src/../../../../src/ownership_proof/raw_vec.rs:1041:38
     |
1041 | pub(crate) fn slot_known_equivalence(slot: Option<Option<u8>>) {}
     |                                      ^^^^ help: if this is intentional, prefix it with an underscore: `_slot`

warning: unused variable: `own`
  --> src/../../../../src/ownership_proof/sequential_counter.rs:89:39
   |
89 |     pub(crate) fn load_acquire(&self, own: Ghost<&CounterOwn>) -> usize {
   |                                       ^^^ help: if this is intentional, prefix it with an underscore: `_own`

warning: variable does not need to be mutable
   --> src/../../../../src/ownership_proof/shared_protocol.rs:203:5
    |
203 |     mut packet: Ghost<&'a mut Packet>,
    |     ----^^^^^^
    |     |
    |     help: remove this `mut`
    |
    = note: `#[warn(unused_mut)]` (part of `#[warn(unused)]`) on by default

warning: variable does not need to be mutable
   --> src/../../../../src/ownership_proof/shared_protocol.rs:241:5
    |
241 |     mut packet: Ghost<&'a mut Packet>,
    |     ----^^^^^^
    |     |
    |     help: remove this `mut`

warning: unused variable: `address`
  --> src/../../../../src/ownership_proof/boxed_alignment.rs:23:49
   |
23 | pub(crate) fn aligned_address_has_clear_low_bit(address: usize, alignment: usize) {}
   |                                                 ^^^^^^^ help: if this is intentional, prefix it with an underscore: `_address`

warning: unused variable: `alignment`
  --> src/../../../../src/ownership_proof/boxed_alignment.rs:23:65
   |
23 | pub(crate) fn aligned_address_has_clear_low_bit(address: usize, alignment: usize) {}
   |                                                                 ^^^^^^^^^ help: if this is intentional, prefix it with an underscore: `_alignment`

warning: unused variable: `base`
   --> /workspace/bytes-proof-tools/targets/bytes/debug/build/bytes-actual-unique-reserve-b438eb05ecc27d5b/out/actual_split.rs:214:50
    |
214 |     pub(super) fn activate(pointer: *mut Shared, base: BoundPtr, capacity: usize, split: usize,
    |                                                  ^^^^ help: if this is intentional, prefix it with an underscore: `_base`

warning: unused variable: `original`
   --> /workspace/bytes-proof-tools/targets/bytes/debug/build/bytes-actual-unique-reserve-b438eb05ecc27d5b/out/actual_split.rs:377:17
    |
377 |             let original = snapshot!(self);
    |                 ^^^^^^^^ help: if this is intentional, prefix it with an underscore: `_original`

warning: unused variable: `off`
    --> /workspace/bytes-proof-tools/targets/bytes/debug/build/bytes-actual-unique-reserve-b438eb05ecc27d5b/out/actual_split.rs:1261:13
     |
1261 |         let off = crate::capacity_ops::vec_pos_from_data(
     |             ^^^ help: if this is intentional, prefix it with an underscore: `_off`

warning: unused variable: `left_before`
    --> /workspace/bytes-proof-tools/targets/bytes/debug/build/bytes-actual-unique-reserve-b438eb05ecc27d5b/out/actual_split.rs:1760:13
     |
1760 |         let left_before = snapshot!(left);
     |             ^^^^^^^^^^^ help: if this is intentional, prefix it with an underscore: `_left_before`

warning: unused variable: `right_before`
    --> /workspace/bytes-proof-tools/targets/bytes/debug/build/bytes-actual-unique-reserve-b438eb05ecc27d5b/out/actual_split.rs:1761:13
     |
1761 |         let right_before = snapshot!(right);
     |             ^^^^^^^^^^^^ help: if this is intentional, prefix it with an underscore: `_right_before`

warning: unused variable: `old`
    --> /workspace/bytes-proof-tools/targets/bytes/debug/build/bytes-actual-unique-reserve-b438eb05ecc27d5b/out/actual_split.rs:2578:13
     |
2578 |         let old = snapshot!(owner);
     |             ^^^ help: if this is intentional, prefix it with an underscore: `_old`

warning: function `reallocate_u8` is never used
  --> src/../../../../src/allocation_ops.rs:25:22
   |
25 | pub(crate) unsafe fn reallocate_u8(base: *mut u8, old_capacity: usize, capacity: usize) -> core::ptr::NonNull<u8> {
   |                      ^^^^^^^^^^^^^
   |
   = note: `#[warn(dead_code)]` (part of `#[warn(unused)]`) on by default

warning: function `pointer_addr_eq` is never used
  --> src/../../../../src/provenance_specs.rs:19:15
   |
19 | pub(crate) fn pointer_addr_eq<T>(left: *const T, right: *const T) -> bool {
   |               ^^^^^^^^^^^^^^^

warning: function `pointer_with_address` is never used
  --> src/../../../../src/provenance_specs.rs:88:15
   |
88 | pub(crate) fn pointer_with_address(ptr: *mut u8, new_addr: usize) -> *mut u8 {
   |               ^^^^^^^^^^^^^^^^^^^^

warning: methods `as_non_null` and `offset_from_bound_base` are never used
   --> src/../../../../src/ownership_proof/raw_vec.rs:284:19
    |
241 | impl BoundPtr {
    | ------------- methods in this implementation
...
284 |     pub(crate) fn as_non_null(&self) -> NonNull<u8> {
    |                   ^^^^^^^^^^^
...
307 |     pub(crate) fn offset_from_bound_base(&self, base: Self) -> usize {
    |                   ^^^^^^^^^^^^^^^^^^^^^^

warning: fields `resource` and `descriptor` are never read
   --> src/../../../../src/ownership_proof/raw_vec.rs:442:5
    |
441 | pub(crate) struct Recovery {
    |                   -------- fields in this struct
442 |     resource: Resource<KernelRA>,
    |     ^^^^^^^^
443 |     descriptor: AllocationDesc,
    |     ^^^^^^^^^^

warning: function `resume_vec` is never used
   --> src/../../../../src/ownership_proof/raw_vec.rs:899:22
    |
899 | pub(crate) unsafe fn resume_vec(
    |                      ^^^^^^^^^^

warning: function `deallocate_vec` is never used
   --> src/../../../../src/ownership_proof/raw_vec.rs:935:22
    |
935 | pub(crate) unsafe fn deallocate_vec(
    |                      ^^^^^^^^^^^^^^

warning: function `borrow_mut` is never used
    --> src/../../../../src/ownership_proof/raw_vec.rs:1019:22
     |
1019 | pub(crate) unsafe fn borrow_mut<'a>(
     |                      ^^^^^^^^^^

warning: function `slot_known_equivalence` is never used
    --> src/../../../../src/ownership_proof/raw_vec.rs:1041:15
     |
1041 | pub(crate) fn slot_known_equivalence(slot: Option<Option<u8>>) {}
     |               ^^^^^^^^^^^^^^^^^^^^^^

warning: function `borrow_empty_bound` is never used
    --> src/../../../../src/ownership_proof/raw_vec.rs:1204:22
     |
1204 | pub(crate) unsafe fn borrow_empty_bound<'a>(bound: &'a BoundPtr) -> &'a [u8] {
     |                      ^^^^^^^^^^^^^^^^^^

warning: function `borrow_empty_bound_mut` is never used
    --> src/../../../../src/ownership_proof/raw_vec.rs:1213:22
     |
1213 | pub(crate) unsafe fn borrow_empty_bound_mut<'a>(bound: &'a BoundPtr) -> &'a mut [u8] {
     |                      ^^^^^^^^^^^^^^^^^^^^^^

warning: function `borrow_empty_bound_uninit_mut` is never used
    --> src/../../../../src/ownership_proof/raw_vec.rs:1221:22
     |
1221 | pub(crate) unsafe fn borrow_empty_bound_uninit_mut<'a>(
     |                      ^^^^^^^^^^^^^^^^^^^^^^^^^^^^^

warning: method `fetch_add_relaxed` is never used
  --> src/../../../../src/ownership_proof/sequential_counter.rs:66:19
   |
43 | impl SequentialCounter {
   | ---------------------- method in this implementation
...
66 |     pub(crate) fn fetch_add_relaxed(&self, amount: usize, own: Ghost<&mut CounterOwn>) -> usize {
   |                   ^^^^^^^^^^^^^^^^^

warning: fields `capacity`, `allocation`, `split`, and `registration` are never read
  --> src/../../../../src/ownership_proof/shared_protocol.rs:18:16
   |
17 | pub(crate) struct Status {
   |                   ------ fields in this struct
18 |     pub(crate) capacity: Int,
   |                ^^^^^^^^
19 |     pub(crate) allocation: Id,
   |                ^^^^^^^^^^
20 |     pub(crate) split: Int,
   |                ^^^^^
21 |     pub(crate) registration: Id,
   |                ^^^^^^^^^^^^
   |
   = note: `Status` has a derived impl for the trait `Clone`, but this is intentionally ignored during dead code analysis

warning: field `original_capacity_repr` is never read
  --> /workspace/bytes-proof-tools/targets/bytes/debug/build/bytes-actual-unique-reserve-b438eb05ecc27d5b/out/actual_split.rs:59:5
   |
57 | struct Shared {
   |        ------ field in this struct
58 |     buffer: SharedBuffer,
59 |     original_capacity_repr: usize,
   |     ^^^^^^^^^^^^^^^^^^^^^^

warning: method `try_reclaim` is never used
   --> /workspace/bytes-proof-tools/targets/bytes/debug/build/bytes-actual-unique-reserve-b438eb05ecc27d5b/out/actual_split.rs:407:12
    |
355 | impl BytesMut {
    | ------------- method in this implementation
...
407 |     pub fn try_reclaim(&mut self, additional: usize) -> bool {
    |            ^^^^^^^^^^^

warning: function `new` is never used
   --> /workspace/bytes-proof-tools/targets/bytes/debug/build/bytes-actual-unique-reserve-b438eb05ecc27d5b/out/actual_split.rs:243:8
    |
243 |     fn new(input: Vec<u8>, split: usize) -> (ControlPtr, Ghost<ControlContext>, Ghost<Packet>, Ghost<Packet>) {
    |        ^^^

warning: function `release_left_then_right` is never used
   --> /workspace/bytes-proof-tools/targets/bytes/debug/build/bytes-actual-unique-reserve-b438eb05ecc27d5b/out/actual_split.rs:324:19
    |
324 |     pub(crate) fn release_left_then_right(input: Vec<u8>, split: usize) {
    |                   ^^^^^^^^^^^^^^^^^^^^^^^

warning: function `release_right_then_left` is never used
   --> /workspace/bytes-proof-tools/targets/bytes/debug/build/bytes-actual-unique-reserve-b438eb05ecc27d5b/out/actual_split.rs:333:19
    |
333 |     pub(crate) fn release_right_then_left(input: Vec<u8>, split: usize) {
    |                   ^^^^^^^^^^^^^^^^^^^^^^^

warning: `bytes-actual-unique-reserve` (lib test) generated 51 warnings (7 duplicates) (run `cargo fix --lib -p bytes-actual-unique-reserve --tests` to apply 24 suggestions)
warning: `bytes-actual-unique-reserve` (lib) generated 51 warnings (44 duplicates) (run `cargo fix --lib -p bytes-actual-unique-reserve` to apply 7 suggestions)
    Finished `test` profile [unoptimized + debuginfo] target(s) in 0.65s
     Running unittests src/lib.rs (/workspace/bytes-proof-tools/targets/bytes/debug/deps/bytes_actual_unique_reserve-39219db0248fd96a)

running 0 tests

test result: ok. 0 passed; 0 failed; 0 ignored; 0 measured; 0 filtered out; finished in 0.00s

   Doc-tests bytes_actual_unique_reserve

running 0 tests

test result: ok. 0 passed; 0 failed; 0 ignored; 0 measured; 0 filtered out; finished in 0.00s

cargo extraction compile/native smoke: PASS

=== actual-with-capacity ===
cargo:rerun-if-changed=/workspace/rust-crate-proofs/bytes/1.11.1/verification/probes/actual-with-capacity/../../../src/bytes_mut.rs
cargo:rerun-if-changed=build.rs
cargo:rustc-cfg=bytes_proof_probe
cargo:rustc-cfg=bytes_proof_noalloc
cargo:rustc-cfg=bytes_proof_unique_advance
cargo:rustc-check-cfg=cfg(bytes_proof_unique_advance)
cargo:rustc-check-cfg=cfg(bytes_proof_noalloc)
cargo:rustc-check-cfg=cfg(bytes_proof_probe)
standalone rustc build.rs + extraction: PASS
   Compiling bytes-actual-with-capacity v0.1.0 (/workspace/rust-crate-proofs/bytes/1.11.1/verification/probes/actual-with-capacity)
warning: unused import: `RA`
  --> src/../../../../src/ownership_proof/owned_region.rs:11:33
   |
11 |     logic::{FMap, Id, Int, ra::{RA, excl::Excl}},
   |                                 ^^
   |
   = note: `#[warn(unused_imports)]` (part of `#[warn(unused)]`) on by default

warning: unused imports: `FMap`, `RA`, `UnitRA`, and `excl::Excl`
  --> src/../../../../src/ownership_proof/raw_vec.rs:25:13
   |
25 |     logic::{FMap, Id, Int, ra::{RA, UnitRA, excl::Excl}},
   |             ^^^^                ^^  ^^^^^^  ^^^^^^^^^^

warning: unused import: `owned_region`
  --> src/lib.rs:33:37
   |
33 |         bound_ptr, boxed_alignment, owned_region, raw_vec, sequential_counter, shared_protocol,
   |                                     ^^^^^^^^^^^^

warning: unused import: `ManuallyDrop`
 --> /workspace/bytes-proof-tools/targets/bytes/debug/build/bytes-actual-with-capacity-054a5d695046270e/out/actual_with_capacity.rs:3:23
  |
3 | use core::mem::{self, ManuallyDrop, MaybeUninit};
  |                       ^^^^^^^^^^^^

warning: unused import: `self`
 --> /workspace/bytes-proof-tools/targets/bytes/debug/build/bytes-actual-with-capacity-054a5d695046270e/out/actual_with_capacity.rs:4:17
  |
4 | use core::ptr::{self,NonNull};
  |                 ^^^^

warning: unused imports: `AtomicUsize` and `Ordering`
 --> /workspace/bytes-proof-tools/targets/bytes/debug/build/bytes-actual-with-capacity-054a5d695046270e/out/actual_with_capacity.rs:6:26
  |
6 | use core::sync::atomic::{AtomicUsize,Ordering};
  |                          ^^^^^^^^^^^ ^^^^^^^^

warning: unused import: `prelude::*`
  --> /workspace/bytes-proof-tools/targets/bytes/debug/build/bytes-actual-with-capacity-054a5d695046270e/out/actual_with_capacity.rs:90:53
   |
90 |     use creusot_std::{ghost::perm::Perm, logic::Id, prelude::*};
   |                                                     ^^^^^^^^^^

warning: unused import: `creusot_std::prelude::*`
  --> src/lib.rs:70:5
   |
70 | use creusot_std::prelude::*;
   |     ^^^^^^^^^^^^^^^^^^^^^^^

warning: unreachable expression
    --> /workspace/bytes-proof-tools/targets/bytes/debug/build/bytes-actual-with-capacity-054a5d695046270e/out/actual_with_capacity.rs:1260:13
     |
1250 |             panic!("ARC clone is outside the first sequential split gate");
     |             -------------------------------------------------------------- any code following this expression is unreachable
...
1260 |             { self.pending_descriptor_copy() }
     |             ^^^^^^^^^^^^^^^^^^^^^^^^^^^^^^^^^^ unreachable expression
     |
     = note: `#[warn(unreachable_code)]` (part of `#[warn(unused)]`) on by default

warning: unused variable: `left`
  --> src/../../../../src/ownership_proof/owned_region.rs:33:5
   |
33 |     left: Snapshot<SlotMap>,
   |     ^^^^ help: if this is intentional, prefix it with an underscore: `_left`
   |
   = note: `#[warn(unused_variables)]` (part of `#[warn(unused)]`) on by default

warning: unused variable: `right`
  --> src/../../../../src/ownership_proof/owned_region.rs:34:5
   |
34 |     right: Snapshot<SlotMap>,
   |     ^^^^^ help: if this is intentional, prefix it with an underscore: `_right`

warning: unused variable: `whole`
  --> src/../../../../src/ownership_proof/owned_region.rs:35:5
   |
35 |     whole: Snapshot<SlotMap>,
   |     ^^^^^ help: if this is intentional, prefix it with an underscore: `_whole`

warning: unused variable: `merged`
  --> src/../../../../src/ownership_proof/owned_region.rs:38:9
   |
38 |     let merged: Snapshot<SlotMap> = snapshot! { (*left).total_op(*right) };
   |         ^^^^^^ help: if this is intentional, prefix it with an underscore: `_merged`

warning: unused variable: `left`
  --> src/../../../../src/ownership_proof/owned_region.rs:48:5
   |
48 |     left: Snapshot<SlotMap>,
   |     ^^^^ help: if this is intentional, prefix it with an underscore: `_left`

warning: unused variable: `right`
  --> src/../../../../src/ownership_proof/owned_region.rs:49:5
   |
49 |     right: Snapshot<SlotMap>,
   |     ^^^^^ help: if this is intentional, prefix it with an underscore: `_right`

warning: unused variable: `whole`
  --> src/../../../../src/ownership_proof/owned_region.rs:50:5
   |
50 |     whole: Snapshot<SlotMap>,
   |     ^^^^^ help: if this is intentional, prefix it with an underscore: `_whole`

warning: unused variable: `merged`
  --> src/../../../../src/ownership_proof/owned_region.rs:52:9
   |
52 |     let merged: Snapshot<SlotMap> = snapshot! { (*left).total_op(*right) };
   |         ^^^^^^ help: if this is intentional, prefix it with an underscore: `_merged`

warning: unused variable: `slots`
   --> src/../../../../src/ownership_proof/raw_vec.rs:109:9
    |
109 |     let slots = snapshot! { slots_grown(capabilities.inner_logic().1.ledger.slots(), old_capacity@, capacity@) };
    |         ^^^^^ help: if this is intentional, prefix it with an underscore: `_slots`

warning: unused variable: `unit`
   --> src/../../../../src/ownership_proof/raw_vec.rs:681:13
    |
681 |         let unit: Snapshot<KernelRA> = snapshot!(KernelRA::unit());
    |             ^^^^ help: if this is intentional, prefix it with an underscore: `_unit`

warning: unused variable: `empty_value`
   --> src/../../../../src/ownership_proof/raw_vec.rs:684:13
    |
684 |         let empty_value: Snapshot<KernelRA> = snapshot!((None, FMap::empty()));
    |             ^^^^^^^^^^^ help: if this is intentional, prefix it with an underscore: `_empty_value`

warning: unused variable: `input_model`
   --> src/../../../../src/ownership_proof/raw_vec.rs:819:9
    |
819 |     let input_model = snapshot!(input@);
    |         ^^^^^^^^^^^ help: if this is intentional, prefix it with an underscore: `_input_model`

warning: unused variable: `slot`
    --> src/../../../../src/ownership_proof/raw_vec.rs:1041:38
     |
1041 | pub(crate) fn slot_known_equivalence(slot: Option<Option<u8>>) {}
     |                                      ^^^^ help: if this is intentional, prefix it with an underscore: `_slot`

warning: unused variable: `own`
  --> src/../../../../src/ownership_proof/sequential_counter.rs:89:39
   |
89 |     pub(crate) fn load_acquire(&self, own: Ghost<&CounterOwn>) -> usize {
   |                                       ^^^ help: if this is intentional, prefix it with an underscore: `_own`

warning: variable does not need to be mutable
   --> src/../../../../src/ownership_proof/shared_protocol.rs:203:5
    |
203 |     mut packet: Ghost<&'a mut Packet>,
    |     ----^^^^^^
    |     |
    |     help: remove this `mut`
    |
    = note: `#[warn(unused_mut)]` (part of `#[warn(unused)]`) on by default

warning: variable does not need to be mutable
   --> src/../../../../src/ownership_proof/shared_protocol.rs:241:5
    |
241 |     mut packet: Ghost<&'a mut Packet>,
    |     ----^^^^^^
    |     |
    |     help: remove this `mut`

warning: unused variable: `address`
  --> src/../../../../src/ownership_proof/boxed_alignment.rs:23:49
   |
23 | pub(crate) fn aligned_address_has_clear_low_bit(address: usize, alignment: usize) {}
   |                                                 ^^^^^^^ help: if this is intentional, prefix it with an underscore: `_address`

warning: unused variable: `alignment`
  --> src/../../../../src/ownership_proof/boxed_alignment.rs:23:65
   |
23 | pub(crate) fn aligned_address_has_clear_low_bit(address: usize, alignment: usize) {}
   |                                                                 ^^^^^^^^^ help: if this is intentional, prefix it with an underscore: `_alignment`

warning: unused variable: `base`
   --> /workspace/bytes-proof-tools/targets/bytes/debug/build/bytes-actual-with-capacity-054a5d695046270e/out/actual_with_capacity.rs:214:50
    |
214 |     pub(super) fn activate(pointer: *mut Shared, base: BoundPtr, capacity: usize, split: usize,
    |                                                  ^^^^ help: if this is intentional, prefix it with an underscore: `_base`

warning: unused variable: `off`
    --> /workspace/bytes-proof-tools/targets/bytes/debug/build/bytes-actual-with-capacity-054a5d695046270e/out/actual_with_capacity.rs:1172:13
     |
1172 |         let off = crate::capacity_ops::vec_pos_from_data(
     |             ^^^ help: if this is intentional, prefix it with an underscore: `_off`

warning: unused variable: `left_before`
    --> /workspace/bytes-proof-tools/targets/bytes/debug/build/bytes-actual-with-capacity-054a5d695046270e/out/actual_with_capacity.rs:1671:13
     |
1671 |         let left_before = snapshot!(left);
     |             ^^^^^^^^^^^ help: if this is intentional, prefix it with an underscore: `_left_before`

warning: unused variable: `right_before`
    --> /workspace/bytes-proof-tools/targets/bytes/debug/build/bytes-actual-with-capacity-054a5d695046270e/out/actual_with_capacity.rs:1672:13
     |
1672 |         let right_before = snapshot!(right);
     |             ^^^^^^^^^^^^ help: if this is intentional, prefix it with an underscore: `_right_before`

warning: variable does not need to be mutable
  --> src/lib.rs:61:17
   |
61 |             let mut owner = Self::with_capacity(requested);
   |                 ----^^^^^
   |                 |
   |                 help: remove this `mut`

warning: function `reallocate_u8` is never used
  --> src/../../../../src/allocation_ops.rs:25:22
   |
25 | pub(crate) unsafe fn reallocate_u8(base: *mut u8, old_capacity: usize, capacity: usize) -> core::ptr::NonNull<u8> {
   |                      ^^^^^^^^^^^^^
   |
   = note: `#[warn(dead_code)]` (part of `#[warn(unused)]`) on by default

warning: function `fill_uninit_prefix` is never used
  --> src/../../../../src/storage_ops.rs:15:15
   |
15 | pub(crate) fn fill_uninit_prefix(dst: &mut [MaybeUninit<u8>], count: usize, value: u8) {
   |               ^^^^^^^^^^^^^^^^^^

warning: function `copy_to_uninit_prefix` is never used
  --> src/../../../../src/storage_ops.rs:36:15
   |
36 | pub(crate) fn copy_to_uninit_prefix(dst: &mut [MaybeUninit<u8>], src: &[u8]) {
   |               ^^^^^^^^^^^^^^^^^^^^^

warning: constant `NOT_VEC_POS_MASK` is never used
  --> src/../../../../src/capacity_ops.rs:29:18
   |
29 | pub(crate) const NOT_VEC_POS_MASK: usize = 0b11111;
   |                  ^^^^^^^^^^^^^^^^

warning: constant `MAX_VEC_POS` is never used
  --> src/../../../../src/capacity_ops.rs:30:18
   |
30 | pub(crate) const MAX_VEC_POS: usize = usize::MAX >> VEC_POS_OFFSET;
   |                  ^^^^^^^^^^^

warning: function `original_capacity_repr_from_data` is never used
   --> src/../../../../src/capacity_ops.rs:125:15
    |
125 | pub(crate) fn original_capacity_repr_from_data(data: usize) -> usize {
    |               ^^^^^^^^^^^^^^^^^^^^^^^^^^^^^^^^

warning: function `set_vec_pos_in_data` is never used
   --> src/../../../../src/capacity_ops.rs:143:15
    |
143 | pub(crate) fn set_vec_pos_in_data(data: usize, pos: usize) -> usize {
    |               ^^^^^^^^^^^^^^^^^^^

warning: function `pointer_addr_eq` is never used
  --> src/../../../../src/provenance_specs.rs:19:15
   |
19 | pub(crate) fn pointer_addr_eq<T>(left: *const T, right: *const T) -> bool {
   |               ^^^^^^^^^^^^^^^

warning: function `pointer_with_address` is never used
  --> src/../../../../src/provenance_specs.rs:88:15
   |
88 | pub(crate) fn pointer_with_address(ptr: *mut u8, new_addr: usize) -> *mut u8 {
   |               ^^^^^^^^^^^^^^^^^^^^

warning: function `map_op_get` is never used
  --> src/../../../../src/ownership_proof/owned_region.rs:47:15
   |
47 | pub(crate) fn map_op_get(
   |               ^^^^^^^^^^

warning: fields `lo`, `hi`, and `resource` are never read
  --> src/../../../../src/ownership_proof/owned_region.rs:67:5
   |
66 | pub(crate) struct OwnedRegion {
   |                   ----------- fields in this struct
67 |     lo: Int,
   |     ^^
68 |     hi: Int,
   |     ^^
69 |     resource: Resource<KernelRA>,
   |     ^^^^^^^^

warning: methods `into_parts`, `split_at`, and `join` are never used
   --> src/../../../../src/ownership_proof/owned_region.rs:125:19
    |
 95 | impl OwnedRegion {
    | ---------------- methods in this implementation
...
125 |     pub(crate) fn into_parts(self) -> (Int, Int, Resource<KernelRA>) {
    |                   ^^^^^^^^^^
...
192 |     pub(crate) fn split_at(self, at: Int) -> (Self, Self) {
    |                   ^^^^^^^^
...
243 |     pub(crate) fn join(self, other: Self) -> Self {
    |                   ^^^^

warning: fields `capacity` and `namespace` are never read
  --> src/../../../../src/ownership_proof/raw_vec.rs:35:5
   |
34 | struct AllocationDesc {
   |        -------------- fields in this struct
35 |     capacity: Int,
   |     ^^^^^^^^
36 |     namespace: Id,
   |     ^^^^^^^^^
   |
   = note: `AllocationDesc` has a derived impl for the trait `Clone`, but this is intentionally ignored during dead code analysis

warning: function `reallocate_bound` is never used
   --> src/../../../../src/ownership_proof/raw_vec.rs:103:22
    |
103 | pub(crate) unsafe fn reallocate_bound(base: BoundPtr, old_capacity: usize, capacity: usize,
    |                      ^^^^^^^^^^^^^^^^

warning: associated items `unbound`, `as_non_null`, `offset_from_bound_base`, and `advance_within` are never used
   --> src/../../../../src/ownership_proof/raw_vec.rs:262:19
    |
241 | impl BoundPtr {
    | ------------- associated items in this implementation
...
262 |     pub(crate) fn unbound(pointer: NonNull<u8>) -> Self {
    |                   ^^^^^^^
...
284 |     pub(crate) fn as_non_null(&self) -> NonNull<u8> {
    |                   ^^^^^^^^^^^
...
307 |     pub(crate) fn offset_from_bound_base(&self, base: Self) -> usize {
    |                   ^^^^^^^^^^^^^^^^^^^^^^
...
365 |     pub(crate) fn advance_within(&self, count: usize) -> Self {
    |                   ^^^^^^^^^^^^^^

warning: fields `resource` and `descriptor` are never read
   --> src/../../../../src/ownership_proof/raw_vec.rs:442:5
    |
441 | pub(crate) struct Recovery {
    |                   -------- fields in this struct
442 |     resource: Resource<KernelRA>,
    |     ^^^^^^^^
443 |     descriptor: AllocationDesc,
    |     ^^^^^^^^^^

warning: fields `ledger` and `descriptor` are never read
   --> src/../../../../src/ownership_proof/raw_vec.rs:484:5
    |
483 | pub(crate) struct PhysicalRegion {
    |                   -------------- fields in this struct
484 |     ledger: OwnedRegion,
    |     ^^^^^^
485 |     descriptor: AllocationDesc,
    |     ^^^^^^^^^^

warning: methods `split_at` and `join` are never used
   --> src/../../../../src/ownership_proof/raw_vec.rs:569:19
    |
513 | impl PhysicalRegion {
    | ------------------- methods in this implementation
...
569 |     pub(crate) fn split_at(self, at: Int) -> (Self, Self) {
    |                   ^^^^^^^^
...
599 |     pub(crate) fn join(self, other: Self) -> Self {
    |                   ^^^^

warning: fields `descriptor` and `resource` are never read
   --> src/../../../../src/ownership_proof/raw_vec.rs:614:5
    |
613 | pub(crate) struct PhysicalPool {
    |                   ------------ fields in this struct
614 |     descriptor: AllocationDesc,
    |     ^^^^^^^^^^
615 |     resource: Resource<KernelRA>,
    |     ^^^^^^^^

warning: associated items `kernel_unit_is_empty`, `empty_from`, `retire`, and `finish` are never used
   --> src/../../../../src/ownership_proof/raw_vec.rs:680:8
    |
644 | impl PhysicalPool {
    | ----------------- associated items in this implementation
...
680 |     fn kernel_unit_is_empty() {
    |        ^^^^^^^^^^^^^^^^^^^^
...
706 |     pub(crate) fn empty_from(region: &PhysicalRegion) -> Self {
    |                   ^^^^^^^^^^
...
739 |     pub(crate) fn retire(self, region: PhysicalRegion) -> Self {
    |                   ^^^^^^
...
775 |     pub(crate) fn finish(self, lo: Int) -> PhysicalRegion {
    |                   ^^^^^^

warning: function `resume_vec` is never used
   --> src/../../../../src/ownership_proof/raw_vec.rs:899:22
    |
899 | pub(crate) unsafe fn resume_vec(
    |                      ^^^^^^^^^^

warning: function `deallocate_vec` is never used
   --> src/../../../../src/ownership_proof/raw_vec.rs:935:22
    |
935 | pub(crate) unsafe fn deallocate_vec(
    |                      ^^^^^^^^^^^^^^

warning: function `borrow_mut` is never used
    --> src/../../../../src/ownership_proof/raw_vec.rs:1019:22
     |
1019 | pub(crate) unsafe fn borrow_mut<'a>(
     |                      ^^^^^^^^^^

warning: function `slot_known_equivalence` is never used
    --> src/../../../../src/ownership_proof/raw_vec.rs:1041:15
     |
1041 | pub(crate) fn slot_known_equivalence(slot: Option<Option<u8>>) {}
     |               ^^^^^^^^^^^^^^^^^^^^^^

warning: function `borrow_bound_mut` is never used
    --> src/../../../../src/ownership_proof/raw_vec.rs:1080:22
     |
1080 | pub(crate) unsafe fn borrow_bound_mut<'a>(
     |                      ^^^^^^^^^^^^^^^^

warning: function `borrow_bound_uninit_mut` is never used
    --> src/../../../../src/ownership_proof/raw_vec.rs:1120:22
     |
1120 | pub(crate) unsafe fn borrow_bound_uninit_mut<'a>(
     |                      ^^^^^^^^^^^^^^^^^^^^^^^

warning: function `borrow_spare_preserving_prefix` is never used
    --> src/../../../../src/ownership_proof/raw_vec.rs:1158:22
     |
1158 | pub(crate) unsafe fn borrow_spare_preserving_prefix<'a>(
     |                      ^^^^^^^^^^^^^^^^^^^^^^^^^^^^^^

warning: function `borrow_bound` is never used
    --> src/../../../../src/ownership_proof/raw_vec.rs:1188:22
     |
1188 | pub(crate) unsafe fn borrow_bound<'a>(
     |                      ^^^^^^^^^^^^

warning: function `borrow_empty_bound` is never used
    --> src/../../../../src/ownership_proof/raw_vec.rs:1204:22
     |
1204 | pub(crate) unsafe fn borrow_empty_bound<'a>(bound: &'a BoundPtr) -> &'a [u8] {
     |                      ^^^^^^^^^^^^^^^^^^

warning: function `borrow_empty_bound_mut` is never used
    --> src/../../../../src/ownership_proof/raw_vec.rs:1213:22
     |
1213 | pub(crate) unsafe fn borrow_empty_bound_mut<'a>(bound: &'a BoundPtr) -> &'a mut [u8] {
     |                      ^^^^^^^^^^^^^^^^^^^^^^

warning: function `borrow_empty_bound_uninit_mut` is never used
    --> src/../../../../src/ownership_proof/raw_vec.rs:1221:22
     |
1221 | pub(crate) unsafe fn borrow_empty_bound_uninit_mut<'a>(
     |                      ^^^^^^^^^^^^^^^^^^^^^^^^^^^^^

warning: function `reallocate_u8` is never used
  --> src/../../../../src/ownership_proof/../allocation_ops.rs:25:22
   |
25 | pub(crate) unsafe fn reallocate_u8(base: *mut u8, old_capacity: usize, capacity: usize) -> core::ptr::NonNull<u8> {
   |                      ^^^^^^^^^^^^^

warning: field `resource` is never read
  --> src/../../../../src/ownership_proof/sequential_counter.rs:27:5
   |
26 | pub(crate) struct CounterOwn {
   |                   ---------- field in this struct
27 |     resource: Resource<Excl<usize>>,
   |     ^^^^^^^^

warning: associated items `new`, `fetch_add_relaxed`, `fetch_sub_release`, and `load_acquire` are never used
  --> src/../../../../src/ownership_proof/sequential_counter.rs:48:19
   |
43 | impl SequentialCounter {
   | ---------------------- associated items in this implementation
...
48 |     pub(crate) fn new(value: usize) -> (Self, Ghost<CounterOwn>) {
   |                   ^^^
...
66 |     pub(crate) fn fetch_add_relaxed(&self, amount: usize, own: Ghost<&mut CounterOwn>) -> usize {
   |                   ^^^^^^^^^^^^^^^^^
...
79 |     pub(crate) fn fetch_sub_release(&self, amount: usize, own: Ghost<&mut CounterOwn>) -> usize {
   |                   ^^^^^^^^^^^^^^^^^
...
89 |     pub(crate) fn load_acquire(&self, own: Ghost<&CounterOwn>) -> usize {
   |                   ^^^^^^^^^^^^

warning: field `resource` is never read
  --> src/../../../../src/ownership_proof/shared_protocol.rs:12:5
   |
11 | pub(crate) struct Ticket {
   |                   ------ field in this struct
12 |     resource: Resource<RegistrationRA>,
   |     ^^^^^^^^

warning: fields `capacity`, `allocation`, `split`, `registration`, `left_pending`, and `right_pending` are never read
  --> src/../../../../src/ownership_proof/shared_protocol.rs:18:16
   |
17 | pub(crate) struct Status {
   |                   ------ fields in this struct
18 |     pub(crate) capacity: Int,
   |                ^^^^^^^^
19 |     pub(crate) allocation: Id,
   |                ^^^^^^^^^^
20 |     pub(crate) split: Int,
   |                ^^^^^
21 |     pub(crate) registration: Id,
   |                ^^^^^^^^^^^^
22 |     pub(crate) left_pending: bool,
   |                ^^^^^^^^^^^^
23 |     pub(crate) right_pending: bool,
   |                ^^^^^^^^^^^^^
   |
   = note: `Status` has a derived impl for the trait `Clone`, but this is intentionally ignored during dead code analysis

warning: fields `status`, `recovery`, `pool`, and `returned` are never read
  --> src/../../../../src/ownership_proof/shared_protocol.rs:27:5
   |
26 | pub(crate) struct State {
   |                   ----- fields in this struct
27 |     status: Status,
   |     ^^^^^^
28 |     recovery: Option<Recovery>,
   |     ^^^^^^^^
29 |     pool: Option<PhysicalPool>,
   |     ^^^^
30 |     returned: Option<Resource<RegistrationRA>>,
   |     ^^^^^^^^

warning: function `initialize` is never used
   --> src/../../../../src/ownership_proof/shared_protocol.rs:103:15
    |
103 | pub(crate) fn initialize(capacity: usize, split: usize, caps: Ghost<(Recovery, PhysicalRegion)>) -> Ghost<(Coordinator, Packet, Pac...
    |               ^^^^^^^^^^

warning: function `retire` is never used
   --> src/../../../../src/ownership_proof/shared_protocol.rs:135:15
    |
135 | pub(crate) fn retire(coordinator: Ghost<&mut Coordinator>, packet: Ghost<Packet>, left: bool) {
    |               ^^^^^^

warning: function `finish` is never used
   --> src/../../../../src/ownership_proof/shared_protocol.rs:162:15
    |
162 | pub(crate) fn finish(coordinator: Ghost<Coordinator>) -> Ghost<(Recovery, PhysicalRegion)> {
    |               ^^^^^^

warning: function `borrow_packet_mut` is never used
   --> src/../../../../src/ownership_proof/shared_protocol.rs:200:22
    |
200 | pub(crate) unsafe fn borrow_packet_mut<'a>(
    |                      ^^^^^^^^^^^^^^^^^

warning: function `borrow_packet_uninit_mut` is never used
   --> src/../../../../src/ownership_proof/shared_protocol.rs:237:22
    |
237 | pub(crate) unsafe fn borrow_packet_uninit_mut<'a>(
    |                      ^^^^^^^^^^^^^^^^^^^^^^^^

warning: function `borrow_packet` is never used
   --> src/../../../../src/ownership_proof/shared_protocol.rs:265:22
    |
265 | pub(crate) unsafe fn borrow_packet<'a>(
    |                      ^^^^^^^^^^^^^

warning: function `into_raw_aligned` is never used
  --> src/../../../../src/ownership_proof/boxed_alignment.rs:13:15
   |
13 | pub(crate) fn into_raw_aligned<T>(value: Box<T>) -> (*mut T, Ghost<Box<Perm<*const T>>>) {
   |               ^^^^^^^^^^^^^^^^

warning: function `aligned_address_has_clear_low_bit` is never used
  --> src/../../../../src/ownership_proof/boxed_alignment.rs:23:15
   |
23 | pub(crate) fn aligned_address_has_clear_low_bit(address: usize, alignment: usize) {}
   |               ^^^^^^^^^^^^^^^^^^^^^^^^^^^^^^^^^

warning: function `native_allocate_and_release` is never used
  --> src/../../../../src/ownership_proof/vec_capacity.rs:60:8
   |
60 | pub fn native_allocate_and_release(requested: usize) -> (usize, usize) {
   |        ^^^^^^^^^^^^^^^^^^^^^^^^^^^

warning: fields `pending_control`, `shared_registration`, and `shared_context` are never read
  --> /workspace/bytes-proof-tools/targets/bytes/debug/build/bytes-actual-with-capacity-054a5d695046270e/out/actual_with_capacity.rs:51:5
   |
35 | pub struct BytesMut {
   |            -------- fields in this struct
...
51 |     pending_control: Ghost<Option<sequential_shared_control::PendingControl>>,
   |     ^^^^^^^^^^^^^^^
52 |     #[cfg(any(creusot, bytes_proof_probe))]
53 |     shared_registration: Ghost<Option<sequential_shared_control::HandleRegistration>>,
   |     ^^^^^^^^^^^^^^^^^^^
54 |     #[cfg(any(creusot, bytes_proof_probe))]
55 |     shared_context: Ghost<Option<sequential_shared_control::ControlContext>>,
   |     ^^^^^^^^^^^^^^

warning: fields `buffer`, `original_capacity_repr`, and `ref_count` are never read
  --> /workspace/bytes-proof-tools/targets/bytes/debug/build/bytes-actual-with-capacity-054a5d695046270e/out/actual_with_capacity.rs:58:5
   |
57 | struct Shared {
   |        ------ fields in this struct
58 |     buffer: SharedBuffer,
   |     ^^^^^^
59 |     original_capacity_repr: usize,
   |     ^^^^^^^^^^^^^^^^^^^^^^
...
63 |     ref_count: crate::ownership_proof::sequential_counter::SequentialCounter,
   |     ^^^^^^^^^

warning: constant `KIND_ARC` is never used
  --> /workspace/bytes-proof-tools/targets/bytes/debug/build/bytes-actual-with-capacity-054a5d695046270e/out/actual_with_capacity.rs:73:7
   |
73 | const KIND_ARC: usize = 0b0;
   |       ^^^^^^^^

warning: multiple associated items are never used
    --> /workspace/bytes-proof-tools/targets/bytes/debug/build/bytes-actual-with-capacity-054a5d695046270e/out/actual_with_capacity.rs:376:15
     |
 355 | impl BytesMut {
     | ------------- associated items in this implementation
...
 376 |     unsafe fn set_vec_pos(&mut self, pos: usize) {
     |               ^^^^^^^^^^^
...
 426 |     pub fn resize(&mut self, new_len: usize, value: u8,
     |            ^^^^^^
...
 484 |     pub fn reserve(&mut self, additional: usize,
     |            ^^^^^^^
...
 602 |     pub fn extend_from_slice(&mut self, extend: &[u8],
     |            ^^^^^^^^^^^^^^^^^
...
 646 |     pub(crate) fn proof_release_unique_at_zero(mut self) {
     |                   ^^^^^^^^^^^^^^^^^^^^^^^^^^^^
...
 672 |     fn as_slice(&self) -> &[u8] {
     |        ^^^^^^^^
...
 726 |     pub fn spare_capacity_mut(&mut self) -> &mut [MaybeUninit<u8>] {
     |            ^^^^^^^^^^^^^^^^^^
...
 757 |     pub fn truncate(&mut self, len: usize) {
     |            ^^^^^^^^
...
 769 |     pub fn clear(&mut self) {
     |            ^^^^^
...
 782 |     pub unsafe fn set_len(&mut self, len: usize) {
     |                   ^^^^^^^
...
 826 |     pub fn split_off(&mut self, at: usize) -> BytesMut {
     |            ^^^^^^^^^
...
 881 |     fn as_slice_mut(&mut self) -> &mut [u8] {
     |        ^^^^^^^^^^^^
...
 915 |     pub(crate) fn from_vec(vec: Vec<u8>) -> BytesMut {
     |                   ^^^^^^^^
...
1032 |     pub fn split_to(&mut self, at: usize) -> BytesMut {
     |            ^^^^^^^^
...
1088 |     pub(crate) unsafe fn advance_unchecked(&mut self, count: usize) {
     |                          ^^^^^^^^^^^^^^^^^
...
1161 |     unsafe fn promote_to_shared(&mut self, ref_cnt: usize) {
     |               ^^^^^^^^^^^^^^^^^
...
1245 |     unsafe fn shallow_clone(&mut self) -> BytesMut {
     |               ^^^^^^^^^^^^^
...
1274 |     fn pending_descriptor_copy(&self) -> BytesMut {
     |        ^^^^^^^^^^^^^^^^^^^^^^^
...
1434 |     fn proof_register_split(&mut self, other: &mut Self, at: usize) {
     |        ^^^^^^^^^^^^^^^^^^^^
...
1448 |     fn proof_take_coordinator(&mut self) -> Ghost<sequential_shared_control::ControlContext> {
     |        ^^^^^^^^^^^^^^^^^^^^^^
...
1463 |     fn proof_release(mut self, context: Ghost<&mut sequential_shared_control::ControlContext>, left: bool) -> bool {
     |        ^^^^^^^^^^^^^
...
1484 |     pub(crate) fn proof_split_then_release(input: Vec<u8>, at: usize, right_first: bool) {
     |                   ^^^^^^^^^^^^^^^^^^^^^^^^
...
1516 |     pub(crate) fn proof_mutate_split_then_release(input: Vec<u8>, at: usize, left_value: u8, right_value: u8, right_first: bool) {
     |                   ^^^^^^^^^^^^^^^^^^^^^^^^^^^^^^^
...
1545 |     pub(crate) fn proof_access_split_then_release(input: Vec<u8>, at: usize, right_first: bool) {
     |                   ^^^^^^^^^^^^^^^^^^^^^^^^^^^^^^^
...
1585 |     pub(crate) fn proof_split_off_then_release(input: Vec<u8>, requested: usize, right_first: bool) {
     |                   ^^^^^^^^^^^^^^^^^^^^^^^^^^^^
...
1616 |     pub(crate) fn proof_shrink_split_off_then_release(input: Vec<u8>, requested: usize, keep: usize, right_first: bool) {
     |                   ^^^^^^^^^^^^^^^^^^^^^^^^^^^^^^^^^^^
...
1663 |     pub(crate) fn proof_advance_split_off_then_release(input: Vec<u8>, requested: usize, left_count: usize, right_count: usize, ri...
     |                   ^^^^^^^^^^^^^^^^^^^^^^^^^^^^^^^^^^^^
...
1730 |     fn proof_initialize_spare_byte(&mut self, value: u8, use_write: bool) {
     |        ^^^^^^^^^^^^^^^^^^^^^^^^^^^
...
1744 |     pub(crate) fn proof_initialize_split_spare(input: Vec<u8>, requested: usize, right_first: bool) {
     |                   ^^^^^^^^^^^^^^^^^^^^^^^^^^^^
...
1770 |     pub(crate) fn proof_reinitialize_split_prefix(input: Vec<u8>, right_first: bool) {
     |                   ^^^^^^^^^^^^^^^^^^^^^^^^^^^^^^^
...
1802 |     pub(crate) fn proof_readonly_split(input: Vec<u8>, requested: usize, right_first: bool) {
     |                   ^^^^^^^^^^^^^^^^^^^^
...
1845 |     pub(crate) fn proof_unique_access(input: Vec<u8>, keep: usize, value: u8) {
     |                   ^^^^^^^^^^^^^^^^^^^
...
1952 |     pub(crate) fn proof_unique_advance(input: Vec<u8>, first: usize, second: usize, value: u8) {
     |                   ^^^^^^^^^^^^^^^^^^^^
...
2031 |     fn proof_noalloc_update(&mut self, new_len: usize, value: u8, extend: &[u8]) {
     |        ^^^^^^^^^^^^^^^^^^^^
...
2048 |     pub(crate) fn proof_noalloc_unique(input: Vec<u8>, new_len: usize, value: u8, extend: &[u8]) {
     |                   ^^^^^^^^^^^^^^^^^^^^
...
2057 |     pub(crate) fn proof_noalloc_split(input: Vec<u8>, split: usize, new_len: usize, value: u8, extend: &[u8], left_first: bool) {
     |                   ^^^^^^^^^^^^^^^^^^^

warning: fields `pointer` and `identity` are never read
  --> /workspace/bytes-proof-tools/targets/bytes/debug/build/bytes-actual-with-capacity-054a5d695046270e/out/actual_with_capacity.rs:95:20
   |
94 |     pub(crate) struct ControlPtr {
   |                       ---------- fields in this struct
95 |         pub(super) pointer: *mut Shared,
   |                    ^^^^^^^
96 |         pub(super) identity: Ghost<Id>,
   |                    ^^^^^^^^
   |
   = note: `ControlPtr` has a derived impl for the trait `Clone`, but this is intentionally ignored during dead code analysis

warning: fields `registry`, `counter`, `owner`, and `status` are never read
   --> /workspace/bytes-proof-tools/targets/bytes/debug/build/bytes-actual-with-capacity-054a5d695046270e/out/actual_with_capacity.rs:99:20
    |
 98 |     pub(crate) struct ControlContext {
    |                       -------------- fields in this struct
 99 |         pub(super) registry: Option<Coordinator>,
    |                    ^^^^^^^^
100 |         pub(super) counter: Option<CounterOwn>,
    |                    ^^^^^^^
101 |         pub(super) owner: Option<Box<Perm<*const Shared>>>,
    |                    ^^^^^
102 |         pub(super) status: Snapshot<Status>,
    |                    ^^^^^^

warning: fields `counter`, `owner`, and `caps` are never read
   --> /workspace/bytes-proof-tools/targets/bytes/debug/build/bytes-actual-with-capacity-054a5d695046270e/out/actual_with_capacity.rs:130:20
    |
129 |     pub(super) struct PendingControl {
    |                       -------------- fields in this struct
130 |         pub(super) counter: CounterOwn,
    |                    ^^^^^^^
131 |         pub(super) owner: Box<Perm<*const Shared>>,
    |                    ^^^^^
132 |         pub(super) caps: (raw_vec::Recovery, raw_vec::PhysicalRegion),
    |                    ^^^^

warning: fields `control`, `status`, `packet`, and `left` are never read
   --> /workspace/bytes-proof-tools/targets/bytes/debug/build/bytes-actual-with-capacity-054a5d695046270e/out/actual_with_capacity.rs:152:20
    |
151 |     pub(super) struct HandleRegistration {
    |                       ------------------ fields in this struct
152 |         pub(super) control: ControlPtr,
    |                    ^^^^^^^
153 |         pub(super) status: Snapshot<Status>,
    |                    ^^^^^^
154 |         pub(super) packet: Packet,
    |                    ^^^^^^
155 |         pub(super) left: bool,
    |                    ^^^^

warning: function `activate` is never used
   --> /workspace/bytes-proof-tools/targets/bytes/debug/build/bytes-actual-with-capacity-054a5d695046270e/out/actual_with_capacity.rs:214:19
    |
214 |     pub(super) fn activate(pointer: *mut Shared, base: BoundPtr, capacity: usize, split: usize,
    |                   ^^^^^^^^

warning: function `new` is never used
   --> /workspace/bytes-proof-tools/targets/bytes/debug/build/bytes-actual-with-capacity-054a5d695046270e/out/actual_with_capacity.rs:243:8
    |
243 |     fn new(input: Vec<u8>, split: usize) -> (ControlPtr, Ghost<ControlContext>, Ghost<Packet>, Ghost<Packet>) {
    |        ^^^

warning: function `release` is never used
   --> /workspace/bytes-proof-tools/targets/bytes/debug/build/bytes-actual-with-capacity-054a5d695046270e/out/actual_with_capacity.rs:280:19
    |
280 |     pub(super) fn release(control: ControlPtr, mut context: Ghost<&mut ControlContext>, packet: Ghost<Packet>, left: bool) -> bool {
    |                   ^^^^^^^

warning: function `release_left_then_right` is never used
   --> /workspace/bytes-proof-tools/targets/bytes/debug/build/bytes-actual-with-capacity-054a5d695046270e/out/actual_with_capacity.rs:324:19
    |
324 |     pub(crate) fn release_left_then_right(input: Vec<u8>, split: usize) {
    |                   ^^^^^^^^^^^^^^^^^^^^^^^

warning: function `release_right_then_left` is never used
   --> /workspace/bytes-proof-tools/targets/bytes/debug/build/bytes-actual-with-capacity-054a5d695046270e/out/actual_with_capacity.rs:333:19
    |
333 |     pub(crate) fn release_right_then_left(input: Vec<u8>, split: usize) {
    |                   ^^^^^^^^^^^^^^^^^^^^^^^

warning: `bytes-actual-with-capacity` (lib) generated 91 warnings (91 duplicates)
warning: `bytes-actual-with-capacity` (lib test) generated 91 warnings (run `cargo fix --lib -p bytes-actual-with-capacity --tests` to apply 31 suggestions)
    Finished `test` profile [unoptimized + debuginfo] target(s) in 0.45s
     Running unittests src/lib.rs (/workspace/bytes-proof-tools/targets/bytes/debug/deps/bytes_actual_with_capacity-b1c24bfcb4242a0b)

running 0 tests

test result: ok. 0 passed; 0 failed; 0 ignored; 0 measured; 0 filtered out; finished in 0.00s

     Running tests/native.rs (/workspace/bytes-proof-tools/targets/bytes/debug/deps/native-c9d9df972c93bf06)

running 1 test
test exact_with_capacity_constructor_preserves_request_and_releases ... ok

test result: ok. 1 passed; 0 failed; 0 ignored; 0 measured; 0 filtered out; finished in 0.00s

   Doc-tests bytes_actual_with_capacity

running 0 tests

test result: ok. 0 passed; 0 failed; 0 ignored; 0 measured; 0 filtered out; finished in 0.00s

cargo extraction compile/native smoke: PASS

=== coordinator-carrier-split ===
cargo:rerun-if-changed=/workspace/rust-crate-proofs/bytes/1.11.1/verification/probes/coordinator-carrier-split/../../../src/bytes_mut.rs
cargo:rerun-if-changed=build.rs
cargo:rustc-cfg=bytes_proof_probe
cargo:rustc-check-cfg=cfg(bytes_proof_probe)
cargo:rustc-cfg=bytes_proof_repeated_split
cargo:rustc-check-cfg=cfg(bytes_proof_repeated_split)
standalone rustc build.rs + extraction: PASS
   Compiling bytes-coordinator-carrier-split v0.1.0 (/workspace/rust-crate-proofs/bytes/1.11.1/verification/probes/coordinator-carrier-split)
warning: unused import: `RA`
  --> src/../../../../src/ownership_proof/owned_region.rs:11:33
   |
11 |     logic::{FMap, Id, Int, ra::{RA, excl::Excl}},
   |                                 ^^
   |
   = note: `#[warn(unused_imports)]` (part of `#[warn(unused)]`) on by default

warning: unused imports: `FMap`, `RA`, `UnitRA`, and `excl::Excl`
  --> src/../../../../src/ownership_proof/raw_vec.rs:25:13
   |
25 |     logic::{FMap, Id, Int, ra::{RA, UnitRA, excl::Excl}},
   |             ^^^^                ^^  ^^^^^^  ^^^^^^^^^^

warning: unused import: `RA`
 --> src/../../../../src/ownership_proof/scalable_tickets.rs:9:29
  |
9 |     logic::{FMap, Int, ra::{RA, excl::Excl}},
  |                             ^^

warning: unused import: `owned_region`
  --> src/lib.rs:28:28
   |
28 |     pub(crate) use crate::{owned_region, raw_vec, sequential_counter, scalable_tickets, bound_ptr, boxed_alignment};
   |                            ^^^^^^^^^^^^

warning: unused import: `ManuallyDrop`
 --> /workspace/bytes-proof-tools/targets/bytes/debug/build/bytes-coordinator-carrier-split-76c4820167c56539/out/actual_carrier.rs:2:22
  |
2 | use core::mem::{self,ManuallyDrop,MaybeUninit};
  |                      ^^^^^^^^^^^^

warning: unused import: `self`
 --> /workspace/bytes-proof-tools/targets/bytes/debug/build/bytes-coordinator-carrier-split-76c4820167c56539/out/actual_carrier.rs:3:17
  |
3 | use core::ptr::{self,NonNull};
  |                 ^^^^

warning: unused imports: `AtomicUsize` and `Ordering`
 --> /workspace/bytes-proof-tools/targets/bytes/debug/build/bytes-coordinator-carrier-split-76c4820167c56539/out/actual_carrier.rs:5:26
  |
5 | use core::sync::atomic::{AtomicUsize,Ordering};
  |                          ^^^^^^^^^^^ ^^^^^^^^

warning: unused import: `prelude::*`
 --> /workspace/rust-crate-proofs/bytes/1.11.1/src/ownership_proof/carrier_protocol.rs:5:49
  |
5 | use creusot_std::{ghost::perm::Perm, logic::Id, prelude::*};
  |                                                 ^^^^^^^^^^

warning: unused variable: `left`
  --> src/../../../../src/ownership_proof/owned_region.rs:33:5
   |
33 |     left: Snapshot<SlotMap>,
   |     ^^^^ help: if this is intentional, prefix it with an underscore: `_left`
   |
   = note: `#[warn(unused_variables)]` (part of `#[warn(unused)]`) on by default

warning: unused variable: `right`
  --> src/../../../../src/ownership_proof/owned_region.rs:34:5
   |
34 |     right: Snapshot<SlotMap>,
   |     ^^^^^ help: if this is intentional, prefix it with an underscore: `_right`

warning: unused variable: `whole`
  --> src/../../../../src/ownership_proof/owned_region.rs:35:5
   |
35 |     whole: Snapshot<SlotMap>,
   |     ^^^^^ help: if this is intentional, prefix it with an underscore: `_whole`

warning: unused variable: `merged`
  --> src/../../../../src/ownership_proof/owned_region.rs:38:9
   |
38 |     let merged: Snapshot<SlotMap> = snapshot! { (*left).total_op(*right) };
   |         ^^^^^^ help: if this is intentional, prefix it with an underscore: `_merged`

warning: unused variable: `left`
  --> src/../../../../src/ownership_proof/owned_region.rs:48:5
   |
48 |     left: Snapshot<SlotMap>,
   |     ^^^^ help: if this is intentional, prefix it with an underscore: `_left`

warning: unused variable: `right`
  --> src/../../../../src/ownership_proof/owned_region.rs:49:5
   |
49 |     right: Snapshot<SlotMap>,
   |     ^^^^^ help: if this is intentional, prefix it with an underscore: `_right`

warning: unused variable: `whole`
  --> src/../../../../src/ownership_proof/owned_region.rs:50:5
   |
50 |     whole: Snapshot<SlotMap>,
   |     ^^^^^ help: if this is intentional, prefix it with an underscore: `_whole`

warning: unused variable: `merged`
  --> src/../../../../src/ownership_proof/owned_region.rs:52:9
   |
52 |     let merged: Snapshot<SlotMap> = snapshot! { (*left).total_op(*right) };
   |         ^^^^^^ help: if this is intentional, prefix it with an underscore: `_merged`

warning: unused variable: `slots`
   --> src/../../../../src/ownership_proof/raw_vec.rs:109:9
    |
109 |     let slots = snapshot! { slots_grown(capabilities.inner_logic().1.ledger.slots(), old_capacity@, capacity@) };
    |         ^^^^^ help: if this is intentional, prefix it with an underscore: `_slots`

warning: unused variable: `unit`
   --> src/../../../../src/ownership_proof/raw_vec.rs:681:13
    |
681 |         let unit: Snapshot<KernelRA> = snapshot!(KernelRA::unit());
    |             ^^^^ help: if this is intentional, prefix it with an underscore: `_unit`

warning: unused variable: `empty_value`
   --> src/../../../../src/ownership_proof/raw_vec.rs:684:13
    |
684 |         let empty_value: Snapshot<KernelRA> = snapshot!((None, FMap::empty()));
    |             ^^^^^^^^^^^ help: if this is intentional, prefix it with an underscore: `_empty_value`

warning: unused variable: `input_model`
   --> src/../../../../src/ownership_proof/raw_vec.rs:819:9
    |
819 |     let input_model = snapshot!(input@);
    |         ^^^^^^^^^^^ help: if this is intentional, prefix it with an underscore: `_input_model`

warning: unused variable: `slot`
    --> src/../../../../src/ownership_proof/raw_vec.rs:1041:38
     |
1041 | pub(crate) fn slot_known_equivalence(slot: Option<Option<u8>>) {}
     |                                      ^^^^ help: if this is intentional, prefix it with an underscore: `_slot`

warning: unused variable: `own`
  --> src/../../../../src/ownership_proof/sequential_counter.rs:89:39
   |
89 |     pub(crate) fn load_acquire(&self, own: Ghost<&CounterOwn>) -> usize {
   |                                       ^^^ help: if this is intentional, prefix it with an underscore: `_own`

warning: unused variable: `pending`
   --> src/../../../../src/ownership_proof/scalable_tickets.rs:132:5
    |
132 |     pending: Snapshot<FMap<Int, (Int, Int)>>,
    |     ^^^^^^^ help: if this is intentional, prefix it with an underscore: `_pending`

warning: unused variable: `parent`
   --> src/../../../../src/ownership_proof/scalable_tickets.rs:133:5
    |
133 |     parent: Snapshot<Int>,
    |     ^^^^^^ help: if this is intentional, prefix it with an underscore: `_parent`

warning: unused variable: `left`
   --> src/../../../../src/ownership_proof/scalable_tickets.rs:134:5
    |
134 |     left: Snapshot<Int>,
    |     ^^^^ help: if this is intentional, prefix it with an underscore: `_left`

warning: unused variable: `right`
   --> src/../../../../src/ownership_proof/scalable_tickets.rs:135:5
    |
135 |     right: Snapshot<Int>,
    |     ^^^^^ help: if this is intentional, prefix it with an underscore: `_right`

warning: unused variable: `lo`
   --> src/../../../../src/ownership_proof/scalable_tickets.rs:136:5
    |
136 |     lo: Snapshot<Int>,
    |     ^^ help: if this is intentional, prefix it with an underscore: `_lo`

warning: unused variable: `at`
   --> src/../../../../src/ownership_proof/scalable_tickets.rs:137:5
    |
137 |     at: Snapshot<Int>,
    |     ^^ help: if this is intentional, prefix it with an underscore: `_at`

warning: unused variable: `hi`
   --> src/../../../../src/ownership_proof/scalable_tickets.rs:138:5
    |
138 |     hi: Snapshot<Int>,
    |     ^^ help: if this is intentional, prefix it with an underscore: `_hi`

warning: unused variable: `capacity`
   --> src/../../../../src/ownership_proof/scalable_tickets.rs:139:5
    |
139 |     capacity: Snapshot<Int>,
    |     ^^^^^^^^ help: if this is intentional, prefix it with an underscore: `_capacity`

warning: unused variable: `id`
   --> src/../../../../src/ownership_proof/scalable_tickets.rs:148:21
    |
148 | fn active_singleton(id: Snapshot<Int>, bounds: Snapshot<(Int, Int)>) {
    |                     ^^ help: if this is intentional, prefix it with an underscore: `_id`

warning: unused variable: `bounds`
   --> src/../../../../src/ownership_proof/scalable_tickets.rs:148:40
    |
148 | fn active_singleton(id: Snapshot<Int>, bounds: Snapshot<(Int, Int)>) {
    |                                        ^^^^^^ help: if this is intentional, prefix it with an underscore: `_bounds`

warning: unused variable: `left`
   --> src/../../../../src/ownership_proof/scalable_tickets.rs:149:9
    |
149 |     let left: Snapshot<RegistrationMap> =
    |         ^^^^ help: if this is intentional, prefix it with an underscore: `_left`

warning: unused variable: `right`
   --> src/../../../../src/ownership_proof/scalable_tickets.rs:151:9
    |
151 |     let right: Snapshot<RegistrationMap> = snapshot!(FMap::singleton(*id, Excl(())));
    |         ^^^^^ help: if this is intentional, prefix it with an underscore: `_right`

warning: unused variable: `pending`
   --> src/../../../../src/ownership_proof/scalable_tickets.rs:158:35
    |
158 | pub(crate) fn pending_cardinality(pending: Snapshot<FMap<Int, (Int, Int)>>) {
    |                                   ^^^^^^^ help: if this is intentional, prefix it with an underscore: `_pending`

warning: unused variable: `pending`
   --> src/../../../../src/ownership_proof/scalable_tickets.rs:168:18
    |
168 | fn active_remove(pending: Snapshot<FMap<Int, (Int, Int)>>, id: Snapshot<Int>) {
    |                  ^^^^^^^ help: if this is intentional, prefix it with an underscore: `_pending`

warning: unused variable: `id`
   --> src/../../../../src/ownership_proof/scalable_tickets.rs:168:60
    |
168 | fn active_remove(pending: Snapshot<FMap<Int, (Int, Int)>>, id: Snapshot<Int>) {
    |                                                            ^^ help: if this is intentional, prefix it with an underscore: `_id`

warning: unused variable: `left`
   --> src/../../../../src/ownership_proof/scalable_tickets.rs:169:9
    |
169 |     let left: Snapshot<RegistrationMap> = snapshot!(active_registrations((*pending).remove(*id)));
    |         ^^^^ help: if this is intentional, prefix it with an underscore: `_left`

warning: unused variable: `right`
   --> src/../../../../src/ownership_proof/scalable_tickets.rs:170:9
    |
170 |     let right: Snapshot<RegistrationMap> = snapshot!(active_registrations(*pending).remove(*id));
    |         ^^^^^ help: if this is intentional, prefix it with an underscore: `_right`

warning: unused variable: `pending`
   --> src/../../../../src/ownership_proof/scalable_tickets.rs:179:5
    |
179 |     pending: Snapshot<FMap<Int, (Int, Int)>>,
    |     ^^^^^^^ help: if this is intentional, prefix it with an underscore: `_pending`

warning: unused variable: `id`
   --> src/../../../../src/ownership_proof/scalable_tickets.rs:180:5
    |
180 |     id: Snapshot<Int>,
    |     ^^ help: if this is intentional, prefix it with an underscore: `_id`

warning: unused variable: `bounds`
   --> src/../../../../src/ownership_proof/scalable_tickets.rs:181:5
    |
181 |     bounds: Snapshot<(Int, Int)>,
    |     ^^^^^^ help: if this is intentional, prefix it with an underscore: `_bounds`

warning: unused variable: `left`
   --> src/../../../../src/ownership_proof/scalable_tickets.rs:183:9
    |
183 |     let left: Snapshot<RegistrationMap> = snapshot!(active_registrations((*pending).insert(*id, *bounds)));
    |         ^^^^ help: if this is intentional, prefix it with an underscore: `_left`

warning: unused variable: `right`
   --> src/../../../../src/ownership_proof/scalable_tickets.rs:184:9
    |
184 |     let right: Snapshot<RegistrationMap> = snapshot!(active_registrations(*pending).insert(*id, Excl(())));
    |         ^^^^^ help: if this is intentional, prefix it with an underscore: `_right`

warning: unused variable: `ticket`
   --> src/../../../../src/ownership_proof/scalable_tickets.rs:197:9
    |
197 |     let ticket: Snapshot<RegistrationMap> = snapshot!(FMap::singleton(*id, Excl(())));
    |         ^^^^^^ help: if this is intentional, prefix it with an underscore: `_ticket`

warning: unused variable: `rest`
   --> src/../../../../src/ownership_proof/scalable_tickets.rs:198:9
    |
198 |     let rest: Snapshot<RegistrationMap> = snapshot!(active_registrations((*pending).remove(*id)));
    |         ^^^^ help: if this is intentional, prefix it with an underscore: `_rest`

warning: unused variable: `whole`
   --> src/../../../../src/ownership_proof/scalable_tickets.rs:199:9
    |
199 |     let whole: Snapshot<RegistrationMap> = snapshot!(active_registrations(*pending));
    |         ^^^^^ help: if this is intentional, prefix it with an underscore: `_whole`

warning: unused variable: `merged`
   --> src/../../../../src/ownership_proof/scalable_tickets.rs:202:9
    |
202 |     let merged: Snapshot<RegistrationMap> = snapshot!((*ticket).total_op(*rest));
    |         ^^^^^^ help: if this is intentional, prefix it with an underscore: `_merged`

warning: unused variable: `returned`
   --> src/../../../../src/ownership_proof/scalable_tickets.rs:215:5
    |
215 |     returned: Snapshot<RegistrationMap>,
    |     ^^^^^^^^ help: if this is intentional, prefix it with an underscore: `_returned`

warning: unused variable: `ticket`
   --> src/../../../../src/ownership_proof/scalable_tickets.rs:216:5
    |
216 |     ticket: Snapshot<RegistrationMap>,
    |     ^^^^^^ help: if this is intentional, prefix it with an underscore: `_ticket`

warning: unused variable: `remaining`
   --> src/../../../../src/ownership_proof/scalable_tickets.rs:217:5
    |
217 |     remaining: Snapshot<RegistrationMap>,
    |     ^^^^^^^^^ help: if this is intentional, prefix it with an underscore: `_remaining`

warning: unused variable: `active`
   --> src/../../../../src/ownership_proof/scalable_tickets.rs:218:5
    |
218 |     active: Snapshot<RegistrationMap>,
    |     ^^^^^^ help: if this is intentional, prefix it with an underscore: `_active`

warning: unused variable: `new_returned`
   --> src/../../../../src/ownership_proof/scalable_tickets.rs:219:5
    |
219 |     new_returned: Snapshot<RegistrationMap>,
    |     ^^^^^^^^^^^^ help: if this is intentional, prefix it with an underscore: `_new_returned`

warning: unused variable: `authority`
   --> src/../../../../src/ownership_proof/scalable_tickets.rs:220:5
    |
220 |     authority: Snapshot<RegistrationMap>,
    |     ^^^^^^^^^ help: if this is intentional, prefix it with an underscore: `_authority`

warning: unused variable: `map`
   --> src/../../../../src/ownership_proof/scalable_tickets.rs:241:5
    |
241 |     map: Snapshot<RegistrationMap>,
    |     ^^^ help: if this is intentional, prefix it with an underscore: `_map`

warning: unused variable: `first`
   --> src/../../../../src/ownership_proof/scalable_tickets.rs:242:5
    |
242 |     first: Snapshot<Int>,
    |     ^^^^^ help: if this is intentional, prefix it with an underscore: `_first`

warning: unused variable: `second`
   --> src/../../../../src/ownership_proof/scalable_tickets.rs:243:5
    |
243 |     second: Snapshot<Int>,
    |     ^^^^^^ help: if this is intentional, prefix it with an underscore: `_second`

warning: unused variable: `first_ticket`
   --> src/../../../../src/ownership_proof/scalable_tickets.rs:245:9
    |
245 |     let first_ticket: Snapshot<RegistrationMap> =
    |         ^^^^^^^^^^^^ help: if this is intentional, prefix it with an underscore: `_first_ticket`

warning: unused variable: `second_ticket`
   --> src/../../../../src/ownership_proof/scalable_tickets.rs:247:9
    |
247 |     let second_ticket: Snapshot<RegistrationMap> =
    |         ^^^^^^^^^^^^^ help: if this is intentional, prefix it with an underscore: `_second_ticket`

warning: unused variable: `after_first`
   --> src/../../../../src/ownership_proof/scalable_tickets.rs:252:9
    |
252 |     let after_first: Snapshot<RegistrationMap> =
    |         ^^^^^^^^^^^ help: if this is intentional, prefix it with an underscore: `_after_first`

warning: unused variable: `returned`
   --> src/../../../../src/ownership_proof/scalable_tickets.rs:271:5
    |
271 |     returned: Snapshot<RegistrationMap>,
    |     ^^^^^^^^ help: if this is intentional, prefix it with an underscore: `_returned`

warning: unused variable: `active`
   --> src/../../../../src/ownership_proof/scalable_tickets.rs:272:5
    |
272 |     active: Snapshot<RegistrationMap>,
    |     ^^^^^^ help: if this is intentional, prefix it with an underscore: `_active`

warning: unused variable: `authority`
   --> src/../../../../src/ownership_proof/scalable_tickets.rs:273:5
    |
273 |     authority: Snapshot<RegistrationMap>,
    |     ^^^^^^^^^ help: if this is intentional, prefix it with an underscore: `_authority`

warning: unused variable: `fresh`
   --> src/../../../../src/ownership_proof/scalable_tickets.rs:274:5
    |
274 |     fresh: Snapshot<Int>,
    |     ^^^^^ help: if this is intentional, prefix it with an underscore: `_fresh`

warning: unused variable: `next_active`
   --> src/../../../../src/ownership_proof/scalable_tickets.rs:276:9
    |
276 |     let next_active: Snapshot<RegistrationMap> = snapshot!((*active).insert(*fresh, Excl(())));
    |         ^^^^^^^^^^^ help: if this is intentional, prefix it with an underscore: `_next_active`

warning: unused variable: `next_authority`
   --> src/../../../../src/ownership_proof/scalable_tickets.rs:277:9
    |
277 |     let next_authority: Snapshot<RegistrationMap> = snapshot!((*authority).insert(*fresh, Excl(())));
    |         ^^^^^^^^^^^^^^ help: if this is intentional, prefix it with an underscore: `_next_authority`

warning: unused variable: `merged`
   --> src/../../../../src/ownership_proof/scalable_tickets.rs:280:9
    |
280 |     let merged: Snapshot<RegistrationMap> = snapshot!((*returned).total_op(*next_active));
    |         ^^^^^^ help: if this is intentional, prefix it with an underscore: `_merged`

warning: unused variable: `parent_id`
   --> src/../../../../src/ownership_proof/scalable_tickets.rs:553:13
    |
553 |         let parent_id = parent.id;
    |             ^^^^^^^^^ help: if this is intentional, prefix it with an underscore: `_parent_id`

warning: unused variable: `next_id`
   --> src/../../../../src/ownership_proof/scalable_tickets.rs:573:33
    |
573 |         let (left_id, right_id, next_id) = ids.into_ghost().into_inner();
    |                                 ^^^^^^^ help: if this is intentional, prefix it with an underscore: `_next_id`

warning: unused variable: `at`
   --> src/../../../../src/ownership_proof/scalable_tickets.rs:732:5
    |
732 |     at: usize,
    |     ^^ help: if this is intentional, prefix it with an underscore: `_at`

warning: unused variable: `address`
  --> src/../../../../src/ownership_proof/boxed_alignment.rs:23:49
   |
23 | pub(crate) fn aligned_address_has_clear_low_bit(address: usize, alignment: usize) {}
   |                                                 ^^^^^^^ help: if this is intentional, prefix it with an underscore: `_address`

warning: unused variable: `alignment`
  --> src/../../../../src/ownership_proof/boxed_alignment.rs:23:65
   |
23 | pub(crate) fn aligned_address_has_clear_low_bit(address: usize, alignment: usize) {}
   |                                                                 ^^^^^^^^^ help: if this is intentional, prefix it with an underscore: `_alignment`

warning: unused variable: `control`
  --> /workspace/bytes-proof-tools/targets/bytes/debug/build/bytes-coordinator-carrier-split-76c4820167c56539/out/actual_carrier.rs:87:40
   |
87 |     #[cfg(bytes_proof_repeated_split)] control: sequential_shared_control::ControlPtr,
   |                                        ^^^^^^^ help: if this is intentional, prefix it with an underscore: `_control`

warning: unused variable: `ptr`
   --> /workspace/bytes-proof-tools/targets/bytes/debug/build/bytes-coordinator-carrier-split-76c4820167c56539/out/actual_carrier.rs:169:28
    |
169 | unsafe fn increment_shared(ptr: *mut Shared,
    |                            ^^^ help: if this is intentional, prefix it with an underscore: `_ptr`

warning: unused variable: `context`
  --> /workspace/rust-crate-proofs/bytes/1.11.1/src/ownership_proof/carrier_protocol.rs:83:37
   |
83 |     pub(super) fn singleton_is_sole(context: Snapshot<ControlContext>, registration: Snapshot<Self>) {
   |                                     ^^^^^^^ help: if this is intentional, prefix it with an underscore: `_context`

warning: unused variable: `registration`
  --> /workspace/rust-crate-proofs/bytes/1.11.1/src/ownership_proof/carrier_protocol.rs:83:72
   |
83 |     pub(super) fn singleton_is_sole(context: Snapshot<ControlContext>, registration: Snapshot<Self>) {
   |                                                                        ^^^^^^^^^^^^ help: if this is intentional, prefix it with an underscore: `_registration`

warning: unused variable: `pending`
  --> /workspace/rust-crate-proofs/bytes/1.11.1/src/ownership_proof/carrier_protocol.rs:84:13
   |
84 |         let pending = snapshot!(*context.status.pending);
   |             ^^^^^^^ help: if this is intentional, prefix it with an underscore: `_pending`

warning: unused variable: `base`
   --> /workspace/rust-crate-proofs/bytes/1.11.1/src/ownership_proof/carrier_protocol.rs:125:46
    |
125 | pub(super) fn activate(pointer: *mut Shared, base: BoundPtr, capacity: usize,
    |                                              ^^^^ help: if this is intentional, prefix it with an underscore: `_base`

warning: variable does not need to be mutable
   --> /workspace/rust-crate-proofs/bytes/1.11.1/src/ownership_proof/carrier_protocol.rs:148:46
    |
148 | pub(super) fn increment(control: ControlPtr, mut context: Ghost<&mut ControlContext>) -> usize {
    |                                              ----^^^^^^^
    |                                              |
    |                                              help: remove this `mut`
    |
    = note: `#[warn(unused_mut)]` (part of `#[warn(unused)]`) on by default

warning: variable does not need to be mutable
   --> /workspace/rust-crate-proofs/bytes/1.11.1/src/ownership_proof/carrier_protocol.rs:242:5
    |
242 |     mut packet: Ghost<&'a mut Packet>,
    |     ----^^^^^^
    |     |
    |     help: remove this `mut`

warning: variable does not need to be mutable
   --> /workspace/rust-crate-proofs/bytes/1.11.1/src/ownership_proof/carrier_protocol.rs:305:5
    |
305 |     mut packet: Ghost<&'a mut Packet>,
    |     ----^^^^^^
    |     |
    |     help: remove this `mut`

warning: variable does not need to be mutable
   --> /workspace/bytes-proof-tools/targets/bytes/debug/build/bytes-coordinator-carrier-split-76c4820167c56539/out/actual_carrier.rs:839:17
    |
839 |             let mut other = self.shallow_clone();
    |                 ----^^^^^
    |                 |
    |                 help: remove this `mut`

warning: variable does not need to be mutable
   --> /workspace/bytes-proof-tools/targets/bytes/debug/build/bytes-coordinator-carrier-split-76c4820167c56539/out/actual_carrier.rs:904:17
    |
904 |             let mut other = self.shallow_clone();
    |                 ----^^^^^
    |                 |
    |                 help: remove this `mut`

warning: unused variable: `off`
    --> /workspace/bytes-proof-tools/targets/bytes/debug/build/bytes-coordinator-carrier-split-76c4820167c56539/out/actual_carrier.rs:1035:13
     |
1035 |         let off = crate::capacity_ops::vec_pos_from_data(
     |             ^^^ help: if this is intentional, prefix it with an underscore: `_off`

warning: unused variable: `handle`
    --> /workspace/bytes-proof-tools/targets/bytes/debug/build/bytes-coordinator-carrier-split-76c4820167c56539/out/actual_carrier.rs:1282:41
     |
1282 |     fn proof_initialization_coordinates(handle: Snapshot<Self>) {
     |                                         ^^^^^^ help: if this is intentional, prefix it with an underscore: `_handle`

warning: unused variable: `at`
    --> /workspace/bytes-proof-tools/targets/bytes/debug/build/bytes-coordinator-carrier-split-76c4820167c56539/out/actual_carrier.rs:1456:66
     |
1456 |     fn proof_register_carrier_split(&mut self, other: &mut Self, at: usize) {
     |                                                                  ^^ help: if this is intentional, prefix it with an underscore: `_at`

warning: function `reallocate_u8` is never used
  --> src/../../../../src/allocation_ops.rs:25:22
   |
25 | pub(crate) unsafe fn reallocate_u8(base: *mut u8, old_capacity: usize, capacity: usize) -> core::ptr::NonNull<u8> {
   |                      ^^^^^^^^^^^^^
   |
   = note: `#[warn(dead_code)]` (part of `#[warn(unused)]`) on by default

warning: function `pointer_addr_eq` is never used
  --> src/../../../../src/provenance_specs.rs:19:15
   |
19 | pub(crate) fn pointer_addr_eq<T>(left: *const T, right: *const T) -> bool {
   |               ^^^^^^^^^^^^^^^

warning: function `pointer_with_address` is never used
  --> src/../../../../src/provenance_specs.rs:88:15
   |
88 | pub(crate) fn pointer_with_address(ptr: *mut u8, new_addr: usize) -> *mut u8 {
   |               ^^^^^^^^^^^^^^^^^^^^

warning: method `join` is never used
   --> src/../../../../src/ownership_proof/owned_region.rs:243:19
    |
 95 | impl OwnedRegion {
    | ---------------- method in this implementation
...
243 |     pub(crate) fn join(self, other: Self) -> Self {
    |                   ^^^^

warning: function `reallocate_bound` is never used
   --> src/../../../../src/ownership_proof/raw_vec.rs:103:22
    |
103 | pub(crate) unsafe fn reallocate_bound(base: BoundPtr, old_capacity: usize, capacity: usize,
    |                      ^^^^^^^^^^^^^^^^

warning: methods `as_non_null`, `offset_from_bound_base`, and `retreat_within` are never used
   --> src/../../../../src/ownership_proof/raw_vec.rs:284:19
    |
241 | impl BoundPtr {
    | ------------- methods in this implementation
...
284 |     pub(crate) fn as_non_null(&self) -> NonNull<u8> {
    |                   ^^^^^^^^^^^
...
307 |     pub(crate) fn offset_from_bound_base(&self, base: Self) -> usize {
    |                   ^^^^^^^^^^^^^^^^^^^^^^
...
319 |     pub(crate) fn retreat_within(&self, count: usize) -> Self {
    |                   ^^^^^^^^^^^^^^

warning: fields `resource` and `descriptor` are never read
   --> src/../../../../src/ownership_proof/raw_vec.rs:442:5
    |
441 | pub(crate) struct Recovery {
    |                   -------- fields in this struct
442 |     resource: Resource<KernelRA>,
    |     ^^^^^^^^
443 |     descriptor: AllocationDesc,
    |     ^^^^^^^^^^

warning: method `join` is never used
   --> src/../../../../src/ownership_proof/raw_vec.rs:599:19
    |
513 | impl PhysicalRegion {
    | ------------------- method in this implementation
...
599 |     pub(crate) fn join(self, other: Self) -> Self {
    |                   ^^^^

warning: function `resume_vec` is never used
   --> src/../../../../src/ownership_proof/raw_vec.rs:899:22
    |
899 | pub(crate) unsafe fn resume_vec(
    |                      ^^^^^^^^^^

warning: function `deallocate_vec` is never used
   --> src/../../../../src/ownership_proof/raw_vec.rs:935:22
    |
935 | pub(crate) unsafe fn deallocate_vec(
    |                      ^^^^^^^^^^^^^^

warning: function `borrow_mut` is never used
    --> src/../../../../src/ownership_proof/raw_vec.rs:1019:22
     |
1019 | pub(crate) unsafe fn borrow_mut<'a>(
     |                      ^^^^^^^^^^

warning: function `slot_known_equivalence` is never used
    --> src/../../../../src/ownership_proof/raw_vec.rs:1041:15
     |
1041 | pub(crate) fn slot_known_equivalence(slot: Option<Option<u8>>) {}
     |               ^^^^^^^^^^^^^^^^^^^^^^

warning: function `borrow_empty_bound` is never used
    --> src/../../../../src/ownership_proof/raw_vec.rs:1204:22
     |
1204 | pub(crate) unsafe fn borrow_empty_bound<'a>(bound: &'a BoundPtr) -> &'a [u8] {
     |                      ^^^^^^^^^^^^^^^^^^

warning: function `borrow_empty_bound_mut` is never used
    --> src/../../../../src/ownership_proof/raw_vec.rs:1213:22
     |
1213 | pub(crate) unsafe fn borrow_empty_bound_mut<'a>(bound: &'a BoundPtr) -> &'a mut [u8] {
     |                      ^^^^^^^^^^^^^^^^^^^^^^

warning: function `borrow_empty_bound_uninit_mut` is never used
    --> src/../../../../src/ownership_proof/raw_vec.rs:1221:22
     |
1221 | pub(crate) unsafe fn borrow_empty_bound_uninit_mut<'a>(
     |                      ^^^^^^^^^^^^^^^^^^^^^^^^^^^^^

warning: function `reallocate_u8` is never used
  --> src/../../../../src/ownership_proof/../allocation_ops.rs:25:22
   |
25 | pub(crate) unsafe fn reallocate_u8(base: *mut u8, old_capacity: usize, capacity: usize) -> core::ptr::NonNull<u8> {
   |                      ^^^^^^^^^^^^^

warning: fields `capacity`, `allocation`, and `registration` are never read
  --> src/../../../../src/ownership_proof/scalable_tickets.rs:63:16
   |
62 | pub(crate) struct Status {
   |                   ------ fields in this struct
63 |     pub(crate) capacity: Int,
   |                ^^^^^^^^
64 |     pub(crate) allocation: Id,
   |                ^^^^^^^^^^
65 |     pub(crate) registration: Id,
   |                ^^^^^^^^^^^^
   |
   = note: `Status` has a derived impl for the trait `Clone`, but this is intentionally ignored during dead code analysis

warning: function `initialize` is never used
   --> src/../../../../src/ownership_proof/scalable_tickets.rs:508:15
    |
508 | pub(crate) fn initialize(input: alloc::vec::Vec<u8>) -> (crate::ownership_proof::raw_vec::BoundPtr, usize, Ghost<(Coordinator, Pack...
    |               ^^^^^^^^^^

warning: function `replace` is never used
   --> src/../../../../src/ownership_proof/scalable_tickets.rs:729:15
    |
729 | pub(crate) fn replace(
    |               ^^^^^^^

warning: function `release_unique_storage` is never used
  --> /workspace/bytes-proof-tools/targets/bytes/debug/build/bytes-coordinator-carrier-split-76c4820167c56539/out/actual_carrier.rs:19:11
   |
19 | unsafe fn release_unique_storage(
   |           ^^^^^^^^^^^^^^^^^^^^^^

warning: field `original_capacity_repr` is never read
  --> /workspace/bytes-proof-tools/targets/bytes/debug/build/bytes-coordinator-carrier-split-76c4820167c56539/out/actual_carrier.rs:58:5
   |
56 | struct Shared {
   |        ------ field in this struct
57 |     buffer: SharedBuffer,
58 |     original_capacity_repr: usize,
   |     ^^^^^^^^^^^^^^^^^^^^^^

warning: associated function `singleton_is_sole` is never used
  --> /workspace/rust-crate-proofs/bytes/1.11.1/src/ownership_proof/carrier_protocol.rs:83:19
   |
75 | impl HandleRegistration {
   | ----------------------- associated function in this implementation
...
83 |     pub(super) fn singleton_is_sole(context: Snapshot<ControlContext>, registration: Snapshot<Self>) {
   |                   ^^^^^^^^^^^^^^^^^

warning: `bytes-coordinator-carrier-split` (lib test) generated 108 warnings (108 duplicates)
warning: `bytes-coordinator-carrier-split` (lib) generated 108 warnings (run `cargo fix --lib -p bytes-coordinator-carrier-split` to apply 86 suggestions)
    Finished `test` profile [unoptimized + debuginfo] target(s) in 0.88s
     Running unittests src/lib.rs (/workspace/bytes-proof-tools/targets/bytes/debug/deps/bytes_coordinator_carrier_split-9e616049819d4367)

running 0 tests

test result: ok. 0 passed; 0 failed; 0 ignored; 0 measured; 0 filtered out; finished in 0.00s

     Running tests/allocations.rs (/workspace/bytes-proof-tools/targets/bytes/debug/deps/allocations-8a10bc75e27bad24)

running 1 test
test repeated_split_frees_each_original_buffer_and_shared_control_once ... ok

test result: ok. 1 passed; 0 failed; 0 ignored; 0 measured; 0 filtered out; finished in 0.01s

     Running tests/native_matrix.rs (/workspace/bytes-proof-tools/targets/bytes/debug/deps/native_matrix-388048d3c395fd71)

running 6 tests
test actual_split_off_second_split_mutation_and_all_six_retirement_orders ... ok
test actual_split_off_capacity_ops_resize_extend_and_all_six_retirement_orders ... ok
test actual_split_and_try_reclaim_convenience_all_six_retirement_orders ... ok
test actual_repeated_split_relocation_and_all_six_survivor_retirement_orders ... ok
test actual_two_splits_mutation_and_all_six_retirement_orders ... ok
test actual_split_off_storage_advance_truncate_clear_and_all_six_retirement_orders ... ok

test result: ok. 6 passed; 0 failed; 0 ignored; 0 measured; 0 filtered out; finished in 0.01s

   Doc-tests bytes_coordinator_carrier_split

running 0 tests

test result: ok. 0 passed; 0 failed; 0 ignored; 0 measured; 0 filtered out; finished in 0.00s

cargo extraction compile/native smoke: PASS

=== sequential-bytesmut-split ===
cargo:rerun-if-changed=/workspace/rust-crate-proofs/bytes/1.11.1/verification/probes/sequential-bytesmut-split/../../../src/bytes_mut.rs
cargo:rerun-if-changed=build.rs
cargo:rustc-cfg=bytes_proof_probe
cargo:rustc-cfg=bytes_proof_noalloc
cargo:rustc-cfg=bytes_proof_unique_advance
cargo:rustc-check-cfg=cfg(bytes_proof_unique_advance)
cargo:rustc-check-cfg=cfg(bytes_proof_noalloc)
cargo:rustc-check-cfg=cfg(bytes_proof_probe)
standalone rustc build.rs + extraction: PASS
   Compiling bytes-sequential-bytesmut-split v0.1.0 (/workspace/rust-crate-proofs/bytes/1.11.1/verification/probes/sequential-bytesmut-split)
warning: unused import: `RA`
  --> src/../../../../src/ownership_proof/owned_region.rs:11:33
   |
11 |     logic::{FMap, Id, Int, ra::{RA, excl::Excl}},
   |                                 ^^
   |
   = note: `#[warn(unused_imports)]` (part of `#[warn(unused)]`) on by default

warning: unused imports: `FMap`, `RA`, `UnitRA`, and `excl::Excl`
  --> src/../../../../src/ownership_proof/raw_vec.rs:25:13
   |
25 |     logic::{FMap, Id, Int, ra::{RA, UnitRA, excl::Excl}},
   |             ^^^^                ^^  ^^^^^^  ^^^^^^^^^^

warning: unused import: `owned_region`
  --> src/lib.rs:28:28
   |
28 |     pub(crate) use crate::{owned_region, raw_vec, sequential_counter, shared_protocol, bound_ptr, boxed_alignment};
   |                            ^^^^^^^^^^^^

warning: unused import: `ManuallyDrop`
 --> /workspace/bytes-proof-tools/targets/bytes/debug/build/bytes-sequential-bytesmut-split-09e1680b1bddf56a/out/actual_split.rs:3:23
  |
3 | use core::mem::{self, ManuallyDrop, MaybeUninit};
  |                       ^^^^^^^^^^^^

warning: unused import: `self`
 --> /workspace/bytes-proof-tools/targets/bytes/debug/build/bytes-sequential-bytesmut-split-09e1680b1bddf56a/out/actual_split.rs:4:17
  |
4 | use core::ptr::{self,NonNull};
  |                 ^^^^

warning: unused imports: `AtomicUsize` and `Ordering`
 --> /workspace/bytes-proof-tools/targets/bytes/debug/build/bytes-sequential-bytesmut-split-09e1680b1bddf56a/out/actual_split.rs:6:26
  |
6 | use core::sync::atomic::{AtomicUsize,Ordering};
  |                          ^^^^^^^^^^^ ^^^^^^^^

warning: unused import: `prelude::*`
  --> /workspace/bytes-proof-tools/targets/bytes/debug/build/bytes-sequential-bytesmut-split-09e1680b1bddf56a/out/actual_split.rs:90:53
   |
90 |     use creusot_std::{ghost::perm::Perm, logic::Id, prelude::*};
   |                                                     ^^^^^^^^^^

warning: unreachable expression
    --> /workspace/bytes-proof-tools/targets/bytes/debug/build/bytes-sequential-bytesmut-split-09e1680b1bddf56a/out/actual_split.rs:1238:13
     |
1228 |             panic!("ARC clone is outside the first sequential split gate");
     |             -------------------------------------------------------------- any code following this expression is unreachable
...
1238 |             { self.pending_descriptor_copy() }
     |             ^^^^^^^^^^^^^^^^^^^^^^^^^^^^^^^^^^ unreachable expression
     |
     = note: `#[warn(unreachable_code)]` (part of `#[warn(unused)]`) on by default

warning: unused variable: `left`
  --> src/../../../../src/ownership_proof/owned_region.rs:33:5
   |
33 |     left: Snapshot<SlotMap>,
   |     ^^^^ help: if this is intentional, prefix it with an underscore: `_left`
   |
   = note: `#[warn(unused_variables)]` (part of `#[warn(unused)]`) on by default

warning: unused variable: `right`
  --> src/../../../../src/ownership_proof/owned_region.rs:34:5
   |
34 |     right: Snapshot<SlotMap>,
   |     ^^^^^ help: if this is intentional, prefix it with an underscore: `_right`

warning: unused variable: `whole`
  --> src/../../../../src/ownership_proof/owned_region.rs:35:5
   |
35 |     whole: Snapshot<SlotMap>,
   |     ^^^^^ help: if this is intentional, prefix it with an underscore: `_whole`

warning: unused variable: `merged`
  --> src/../../../../src/ownership_proof/owned_region.rs:38:9
   |
38 |     let merged: Snapshot<SlotMap> = snapshot! { (*left).total_op(*right) };
   |         ^^^^^^ help: if this is intentional, prefix it with an underscore: `_merged`

warning: unused variable: `left`
  --> src/../../../../src/ownership_proof/owned_region.rs:48:5
   |
48 |     left: Snapshot<SlotMap>,
   |     ^^^^ help: if this is intentional, prefix it with an underscore: `_left`

warning: unused variable: `right`
  --> src/../../../../src/ownership_proof/owned_region.rs:49:5
   |
49 |     right: Snapshot<SlotMap>,
   |     ^^^^^ help: if this is intentional, prefix it with an underscore: `_right`

warning: unused variable: `whole`
  --> src/../../../../src/ownership_proof/owned_region.rs:50:5
   |
50 |     whole: Snapshot<SlotMap>,
   |     ^^^^^ help: if this is intentional, prefix it with an underscore: `_whole`

warning: unused variable: `merged`
  --> src/../../../../src/ownership_proof/owned_region.rs:52:9
   |
52 |     let merged: Snapshot<SlotMap> = snapshot! { (*left).total_op(*right) };
   |         ^^^^^^ help: if this is intentional, prefix it with an underscore: `_merged`

warning: unused variable: `slots`
   --> src/../../../../src/ownership_proof/raw_vec.rs:109:9
    |
109 |     let slots = snapshot! { slots_grown(capabilities.inner_logic().1.ledger.slots(), old_capacity@, capacity@) };
    |         ^^^^^ help: if this is intentional, prefix it with an underscore: `_slots`

warning: unused variable: `unit`
   --> src/../../../../src/ownership_proof/raw_vec.rs:681:13
    |
681 |         let unit: Snapshot<KernelRA> = snapshot!(KernelRA::unit());
    |             ^^^^ help: if this is intentional, prefix it with an underscore: `_unit`

warning: unused variable: `empty_value`
   --> src/../../../../src/ownership_proof/raw_vec.rs:684:13
    |
684 |         let empty_value: Snapshot<KernelRA> = snapshot!((None, FMap::empty()));
    |             ^^^^^^^^^^^ help: if this is intentional, prefix it with an underscore: `_empty_value`

warning: unused variable: `input_model`
   --> src/../../../../src/ownership_proof/raw_vec.rs:819:9
    |
819 |     let input_model = snapshot!(input@);
    |         ^^^^^^^^^^^ help: if this is intentional, prefix it with an underscore: `_input_model`

warning: unused variable: `slot`
    --> src/../../../../src/ownership_proof/raw_vec.rs:1041:38
     |
1041 | pub(crate) fn slot_known_equivalence(slot: Option<Option<u8>>) {}
     |                                      ^^^^ help: if this is intentional, prefix it with an underscore: `_slot`

warning: unused variable: `own`
  --> src/../../../../src/ownership_proof/sequential_counter.rs:89:39
   |
89 |     pub(crate) fn load_acquire(&self, own: Ghost<&CounterOwn>) -> usize {
   |                                       ^^^ help: if this is intentional, prefix it with an underscore: `_own`

warning: variable does not need to be mutable
   --> src/../../../../src/ownership_proof/shared_protocol.rs:203:5
    |
203 |     mut packet: Ghost<&'a mut Packet>,
    |     ----^^^^^^
    |     |
    |     help: remove this `mut`
    |
    = note: `#[warn(unused_mut)]` (part of `#[warn(unused)]`) on by default

warning: variable does not need to be mutable
   --> src/../../../../src/ownership_proof/shared_protocol.rs:241:5
    |
241 |     mut packet: Ghost<&'a mut Packet>,
    |     ----^^^^^^
    |     |
    |     help: remove this `mut`

warning: unused variable: `address`
  --> src/../../../../src/ownership_proof/boxed_alignment.rs:23:49
   |
23 | pub(crate) fn aligned_address_has_clear_low_bit(address: usize, alignment: usize) {}
   |                                                 ^^^^^^^ help: if this is intentional, prefix it with an underscore: `_address`

warning: unused variable: `alignment`
  --> src/../../../../src/ownership_proof/boxed_alignment.rs:23:65
   |
23 | pub(crate) fn aligned_address_has_clear_low_bit(address: usize, alignment: usize) {}
   |                                                                 ^^^^^^^^^ help: if this is intentional, prefix it with an underscore: `_alignment`

warning: unused variable: `base`
   --> /workspace/bytes-proof-tools/targets/bytes/debug/build/bytes-sequential-bytesmut-split-09e1680b1bddf56a/out/actual_split.rs:214:50
    |
214 |     pub(super) fn activate(pointer: *mut Shared, base: BoundPtr, capacity: usize, split: usize,
    |                                                  ^^^^ help: if this is intentional, prefix it with an underscore: `_base`

warning: unused variable: `off`
    --> /workspace/bytes-proof-tools/targets/bytes/debug/build/bytes-sequential-bytesmut-split-09e1680b1bddf56a/out/actual_split.rs:1150:13
     |
1150 |         let off = crate::capacity_ops::vec_pos_from_data(
     |             ^^^ help: if this is intentional, prefix it with an underscore: `_off`

warning: unused variable: `left_before`
    --> /workspace/bytes-proof-tools/targets/bytes/debug/build/bytes-sequential-bytesmut-split-09e1680b1bddf56a/out/actual_split.rs:1649:13
     |
1649 |         let left_before = snapshot!(left);
     |             ^^^^^^^^^^^ help: if this is intentional, prefix it with an underscore: `_left_before`

warning: unused variable: `right_before`
    --> /workspace/bytes-proof-tools/targets/bytes/debug/build/bytes-sequential-bytesmut-split-09e1680b1bddf56a/out/actual_split.rs:1650:13
     |
1650 |         let right_before = snapshot!(right);
     |             ^^^^^^^^^^^^ help: if this is intentional, prefix it with an underscore: `_right_before`

warning: function `reallocate_u8` is never used
  --> src/../../../../src/allocation_ops.rs:25:22
   |
25 | pub(crate) unsafe fn reallocate_u8(base: *mut u8, old_capacity: usize, capacity: usize) -> core::ptr::NonNull<u8> {
   |                      ^^^^^^^^^^^^^
   |
   = note: `#[warn(dead_code)]` (part of `#[warn(unused)]`) on by default

warning: function `pointer_addr_eq` is never used
  --> src/../../../../src/provenance_specs.rs:19:15
   |
19 | pub(crate) fn pointer_addr_eq<T>(left: *const T, right: *const T) -> bool {
   |               ^^^^^^^^^^^^^^^

warning: function `pointer_with_address` is never used
  --> src/../../../../src/provenance_specs.rs:88:15
   |
88 | pub(crate) fn pointer_with_address(ptr: *mut u8, new_addr: usize) -> *mut u8 {
   |               ^^^^^^^^^^^^^^^^^^^^

warning: method `join` is never used
   --> src/../../../../src/ownership_proof/owned_region.rs:243:19
    |
 95 | impl OwnedRegion {
    | ---------------- method in this implementation
...
243 |     pub(crate) fn join(self, other: Self) -> Self {
    |                   ^^^^

warning: function `reallocate_bound` is never used
   --> src/../../../../src/ownership_proof/raw_vec.rs:103:22
    |
103 | pub(crate) unsafe fn reallocate_bound(base: BoundPtr, old_capacity: usize, capacity: usize,
    |                      ^^^^^^^^^^^^^^^^

warning: methods `as_non_null` and `offset_from_bound_base` are never used
   --> src/../../../../src/ownership_proof/raw_vec.rs:284:19
    |
241 | impl BoundPtr {
    | ------------- methods in this implementation
...
284 |     pub(crate) fn as_non_null(&self) -> NonNull<u8> {
    |                   ^^^^^^^^^^^
...
307 |     pub(crate) fn offset_from_bound_base(&self, base: Self) -> usize {
    |                   ^^^^^^^^^^^^^^^^^^^^^^

warning: fields `resource` and `descriptor` are never read
   --> src/../../../../src/ownership_proof/raw_vec.rs:442:5
    |
441 | pub(crate) struct Recovery {
    |                   -------- fields in this struct
442 |     resource: Resource<KernelRA>,
    |     ^^^^^^^^
443 |     descriptor: AllocationDesc,
    |     ^^^^^^^^^^

warning: method `join` is never used
   --> src/../../../../src/ownership_proof/raw_vec.rs:599:19
    |
513 | impl PhysicalRegion {
    | ------------------- method in this implementation
...
599 |     pub(crate) fn join(self, other: Self) -> Self {
    |                   ^^^^

warning: function `resume_vec` is never used
   --> src/../../../../src/ownership_proof/raw_vec.rs:899:22
    |
899 | pub(crate) unsafe fn resume_vec(
    |                      ^^^^^^^^^^

warning: function `deallocate_vec` is never used
   --> src/../../../../src/ownership_proof/raw_vec.rs:935:22
    |
935 | pub(crate) unsafe fn deallocate_vec(
    |                      ^^^^^^^^^^^^^^

warning: function `borrow_mut` is never used
    --> src/../../../../src/ownership_proof/raw_vec.rs:1019:22
     |
1019 | pub(crate) unsafe fn borrow_mut<'a>(
     |                      ^^^^^^^^^^

warning: function `slot_known_equivalence` is never used
    --> src/../../../../src/ownership_proof/raw_vec.rs:1041:15
     |
1041 | pub(crate) fn slot_known_equivalence(slot: Option<Option<u8>>) {}
     |               ^^^^^^^^^^^^^^^^^^^^^^

warning: function `borrow_empty_bound` is never used
    --> src/../../../../src/ownership_proof/raw_vec.rs:1204:22
     |
1204 | pub(crate) unsafe fn borrow_empty_bound<'a>(bound: &'a BoundPtr) -> &'a [u8] {
     |                      ^^^^^^^^^^^^^^^^^^

warning: function `borrow_empty_bound_mut` is never used
    --> src/../../../../src/ownership_proof/raw_vec.rs:1213:22
     |
1213 | pub(crate) unsafe fn borrow_empty_bound_mut<'a>(bound: &'a BoundPtr) -> &'a mut [u8] {
     |                      ^^^^^^^^^^^^^^^^^^^^^^

warning: function `borrow_empty_bound_uninit_mut` is never used
    --> src/../../../../src/ownership_proof/raw_vec.rs:1221:22
     |
1221 | pub(crate) unsafe fn borrow_empty_bound_uninit_mut<'a>(
     |                      ^^^^^^^^^^^^^^^^^^^^^^^^^^^^^

warning: function `reallocate_u8` is never used
  --> src/../../../../src/ownership_proof/../allocation_ops.rs:25:22
   |
25 | pub(crate) unsafe fn reallocate_u8(base: *mut u8, old_capacity: usize, capacity: usize) -> core::ptr::NonNull<u8> {
   |                      ^^^^^^^^^^^^^

warning: method `fetch_add_relaxed` is never used
  --> src/../../../../src/ownership_proof/sequential_counter.rs:66:19
   |
43 | impl SequentialCounter {
   | ---------------------- method in this implementation
...
66 |     pub(crate) fn fetch_add_relaxed(&self, amount: usize, own: Ghost<&mut CounterOwn>) -> usize {
   |                   ^^^^^^^^^^^^^^^^^

warning: fields `capacity`, `allocation`, `split`, and `registration` are never read
  --> src/../../../../src/ownership_proof/shared_protocol.rs:18:16
   |
17 | pub(crate) struct Status {
   |                   ------ fields in this struct
18 |     pub(crate) capacity: Int,
   |                ^^^^^^^^
19 |     pub(crate) allocation: Id,
   |                ^^^^^^^^^^
20 |     pub(crate) split: Int,
   |                ^^^^^
21 |     pub(crate) registration: Id,
   |                ^^^^^^^^^^^^
   |
   = note: `Status` has a derived impl for the trait `Clone`, but this is intentionally ignored during dead code analysis

warning: field `original_capacity_repr` is never read
  --> /workspace/bytes-proof-tools/targets/bytes/debug/build/bytes-sequential-bytesmut-split-09e1680b1bddf56a/out/actual_split.rs:59:5
   |
57 | struct Shared {
   |        ------ field in this struct
58 |     buffer: SharedBuffer,
59 |     original_capacity_repr: usize,
   |     ^^^^^^^^^^^^^^^^^^^^^^

warning: function `new` is never used
   --> /workspace/bytes-proof-tools/targets/bytes/debug/build/bytes-sequential-bytesmut-split-09e1680b1bddf56a/out/actual_split.rs:243:8
    |
243 |     fn new(input: Vec<u8>, split: usize) -> (ControlPtr, Ghost<ControlContext>, Ghost<Packet>, Ghost<Packet>) {
    |        ^^^

warning: function `release_left_then_right` is never used
   --> /workspace/bytes-proof-tools/targets/bytes/debug/build/bytes-sequential-bytesmut-split-09e1680b1bddf56a/out/actual_split.rs:324:19
    |
324 |     pub(crate) fn release_left_then_right(input: Vec<u8>, split: usize) {
    |                   ^^^^^^^^^^^^^^^^^^^^^^^

warning: function `release_right_then_left` is never used
   --> /workspace/bytes-proof-tools/targets/bytes/debug/build/bytes-sequential-bytesmut-split-09e1680b1bddf56a/out/actual_split.rs:333:19
    |
333 |     pub(crate) fn release_right_then_left(input: Vec<u8>, split: usize) {
    |                   ^^^^^^^^^^^^^^^^^^^^^^^

warning: `bytes-sequential-bytesmut-split` (lib test) generated 52 warnings (38 duplicates) (run `cargo fix --lib -p bytes-sequential-bytesmut-split --tests` to apply 14 suggestions)
warning: `bytes-sequential-bytesmut-split` (lib) generated 52 warnings (14 duplicates) (run `cargo fix --lib -p bytes-sequential-bytesmut-split` to apply 15 suggestions)
    Finished `test` profile [unoptimized + debuginfo] target(s) in 1.52s
     Running unittests src/lib.rs (/workspace/bytes-proof-tools/targets/bytes/debug/deps/bytes_sequential_bytesmut_split-dc0eeb421eed84f5)

running 0 tests

test result: ok. 0 passed; 0 failed; 0 ignored; 0 measured; 0 filtered out; finished in 0.00s

     Running tests/advance_native.rs (/workspace/bytes-proof-tools/targets/bytes/debug/deps/advance_native-c84cc6fe9dd27022)

running 1 test
test split_off_advances_cover_visible_and_spare_capacity_in_both_orders ... ok

test result: ok. 1 passed; 0 failed; 0 ignored; 0 measured; 0 filtered out; finished in 0.00s

     Running tests/allocations.rs (/workspace/bytes-proof-tools/targets/bytes/debug/deps/allocations-a04dc9249ebf51f5)

running 10 tests
test advanced_unique_cleanup_uses_the_original_allocation_without_a_control_block ... ok
test initializing_spare_bytes_preserves_exact_recovery ... ok
test explicit_release_frees_buffer_and_control_in_both_orders ... ok
test advanced_views_retain_prefix_for_complete_recovery ... ok
test mutable_views_preserve_exact_allocation_recovery ... ok
test resize_and_append_within_capacity_do_not_allocate_or_reallocate ... ok
test shared_reads_and_disjoint_writes_preserve_recovery ... ok
test split_off_spare_ranges_recover_without_reallocation ... ok
test unique_access_has_no_control_allocation ... ok
test shrinking_lengths_retains_allocation_recovery ... ok

test result: ok. 10 passed; 0 failed; 0 ignored; 0 measured; 0 filtered out; finished in 0.00s

     Running tests/native.rs (/workspace/bytes-proof-tools/targets/bytes/debug/deps/native-a0909a38ede7e02d)

running 2 tests
test actual_shared_control_both_orders ... ok
test simultaneous_mutations_and_empty_views ... ok

test result: ok. 2 passed; 0 failed; 0 ignored; 0 measured; 0 filtered out; finished in 0.00s

     Running tests/noalloc_native.rs (/workspace/bytes-proof-tools/targets/bytes/debug/deps/noalloc_native-8fa2100f5e9b4b77)

running 2 tests
test unique_resize_and_append_cover_empty_full_and_spare_capacity ... ok
test split_resize_and_append_cover_both_release_orders ... ok

test result: ok. 2 passed; 0 failed; 0 ignored; 0 measured; 0 filtered out; finished in 0.00s

     Running tests/readonly_native.rs (/workspace/bytes-proof-tools/targets/bytes/debug/deps/readonly_native-f7336fe4bc4081a7)

running 1 test
test initialized_left_reads_survive_disjoint_right_mutation ... ok

test result: ok. 1 passed; 0 failed; 0 ignored; 0 measured; 0 filtered out; finished in 0.00s

     Running tests/spare_native.rs (/workspace/bytes-proof-tools/targets/bytes/debug/deps/spare_native-63387613dab77c98)

running 2 tests
test nonempty_prefix_can_be_reinitialized_after_becoming_unknown ... ok
test split_initializes_spare_slots_at_allocation_edges_in_both_orders ... ok

test result: ok. 2 passed; 0 failed; 0 ignored; 0 measured; 0 filtered out; finished in 0.00s

     Running tests/split_off_native.rs (/workspace/bytes-proof-tools/targets/bytes/debug/deps/split_off_native-75c4179dfa7c0e9c)

running 1 test
test split_off_edge_matrix_preserves_geometry_and_releases_in_both_orders ... ok

test result: ok. 1 passed; 0 failed; 0 ignored; 0 measured; 0 filtered out; finished in 0.00s

     Running tests/unique_advance_native.rs (/workspace/bytes-proof-tools/targets/bytes/debug/deps/unique_advance_native-9ff76eca6230d5eb)

running 1 test
test unique_advances_cover_zero_partial_visible_and_capacity_counts ... ok

test result: ok. 1 passed; 0 failed; 0 ignored; 0 measured; 0 filtered out; finished in 0.00s

     Running tests/unique_native.rs (/workspace/bytes-proof-tools/targets/bytes/debug/deps/unique_native-9035747f762fd031)

running 1 test
test unique_known_spare_and_empty_access ... ok

test result: ok. 1 passed; 0 failed; 0 ignored; 0 measured; 0 filtered out; finished in 0.00s

   Doc-tests bytes_sequential_bytesmut_split

running 0 tests

test result: ok. 0 passed; 0 failed; 0 ignored; 0 measured; 0 filtered out; finished in 0.00s

cargo extraction compile/native smoke: PASS

=== shared-adjacent-unsplit ===
warning: unused variable: `helpers`
   --> /workspace/rust-crate-proofs/bytes/1.11.1/verification/probes/shared-adjacent-unsplit/build.rs:196:9
    |
196 |     let helpers=Fragment {name:"carrier_methods",text:&source[start..end],start,end};
    |         ^^^^^^^ help: if this is intentional, prefix it with an underscore: `_helpers`
    |
    = note: `#[warn(unused_variables)]` (part of `#[warn(unused)]`) on by default

warning: 1 warning emitted

cargo:rerun-if-changed=/workspace/rust-crate-proofs/bytes/1.11.1/verification/probes/shared-adjacent-unsplit/../../../src/bytes_mut.rs
cargo:rerun-if-changed=build.rs
cargo:rustc-cfg=bytes_proof_probe
cargo:rustc-check-cfg=cfg(bytes_proof_probe)
cargo:rustc-cfg=bytes_proof_repeated_split
cargo:rustc-check-cfg=cfg(bytes_proof_repeated_split)
cargo:rustc-cfg=bytes_proof_adjacent_unsplit
cargo:rustc-check-cfg=cfg(bytes_proof_adjacent_unsplit)
cargo:rerun-if-changed=/workspace/rust-crate-proofs/bytes/1.11.1/verification/probes/shared-adjacent-unsplit/../../../src/ownership_proof/scalable_tickets.rs
cargo:rerun-if-changed=/workspace/rust-crate-proofs/bytes/1.11.1/verification/probes/shared-adjacent-unsplit/../../../src/ownership_proof/singleton_region.rs
cargo:rerun-if-changed=/workspace/rust-crate-proofs/bytes/1.11.1/verification/probes/shared-adjacent-unsplit/../../../src/ownership_proof/shared_reclaim.rs
cargo:rerun-if-changed=/workspace/rust-crate-proofs/bytes/1.11.1/verification/probes/shared-adjacent-unsplit/../../../src/ownership_proof/shared_unsplit.rs
cargo:rerun-if-changed=/workspace/rust-crate-proofs/bytes/1.11.1/verification/probes/shared-adjacent-unsplit/../../../src/ownership_proof/adjacent_region.rs
cargo:rerun-if-changed=src/caller.inc
standalone rustc build.rs + extraction: PASS
   Compiling bytes-shared-adjacent-unsplit v0.1.0 (/workspace/rust-crate-proofs/bytes/1.11.1/verification/probes/shared-adjacent-unsplit)
warning: unused variable: `helpers`
   --> build.rs:196:9
    |
196 |     let helpers=Fragment {name:"carrier_methods",text:&source[start..end],start,end};
    |         ^^^^^^^ help: if this is intentional, prefix it with an underscore: `_helpers`
    |
    = note: `#[warn(unused_variables)]` (part of `#[warn(unused)]`) on by default

warning: `bytes-shared-adjacent-unsplit` (build script) generated 1 warning
warning: unused import: `RA`
  --> src/../../../../src/ownership_proof/owned_region.rs:11:33
   |
11 |     logic::{FMap, Id, Int, ra::{RA, excl::Excl}},
   |                                 ^^
   |
   = note: `#[warn(unused_imports)]` (part of `#[warn(unused)]`) on by default

warning: unused imports: `FMap`, `RA`, `UnitRA`, and `excl::Excl`
  --> src/../../../../src/ownership_proof/raw_vec.rs:25:13
   |
25 |     logic::{FMap, Id, Int, ra::{RA, UnitRA, excl::Excl}},
   |             ^^^^                ^^  ^^^^^^  ^^^^^^^^^^

warning: unused import: `RA`
 --> /workspace/bytes-proof-tools/targets/bytes/debug/build/bytes-shared-adjacent-unsplit-eb74a49aaf73d217/out/scalable_tickets.rs:9:29
  |
9 |     logic::{FMap, Int, ra::{RA, excl::Excl}},
  |                             ^^

warning: unused import: `owned_region`
  --> src/lib.rs:27:28
   |
27 |     pub(crate) use crate::{owned_region, raw_vec, sequential_counter, scalable_tickets, bound_ptr, boxed_alignment};
   |                            ^^^^^^^^^^^^

warning: unused imports: `ManuallyDrop` and `MaybeUninit`
 --> /workspace/bytes-proof-tools/targets/bytes/debug/build/bytes-shared-adjacent-unsplit-eb74a49aaf73d217/out/actual_carrier.rs:2:22
  |
2 | use core::mem::{self,ManuallyDrop,MaybeUninit};
  |                      ^^^^^^^^^^^^ ^^^^^^^^^^^

warning: unused import: `self`
 --> /workspace/bytes-proof-tools/targets/bytes/debug/build/bytes-shared-adjacent-unsplit-eb74a49aaf73d217/out/actual_carrier.rs:3:17
  |
3 | use core::ptr::{self,NonNull};
  |                 ^^^^

warning: unused imports: `AtomicUsize` and `Ordering`
 --> /workspace/bytes-proof-tools/targets/bytes/debug/build/bytes-shared-adjacent-unsplit-eb74a49aaf73d217/out/actual_carrier.rs:5:26
  |
5 | use core::sync::atomic::{AtomicUsize,Ordering};
  |                          ^^^^^^^^^^^ ^^^^^^^^

warning: unused import: `prelude::*`
 --> /workspace/rust-crate-proofs/bytes/1.11.1/src/ownership_proof/carrier_protocol.rs:5:49
  |
5 | use creusot_std::{ghost::perm::Perm, logic::Id, prelude::*};
  |                                                 ^^^^^^^^^^

warning: unused import: `prelude::*`
 --> /workspace/rust-crate-proofs/bytes/1.11.1/src/ownership_proof/shared_reclaim.rs:4:38
  |
4 | use creusot_std::{ghost::perm::Perm, prelude::*};
  |                                      ^^^^^^^^^^

warning: unused import: `prelude::*`
 --> /workspace/rust-crate-proofs/bytes/1.11.1/src/ownership_proof/shared_unsplit.rs:3:38
  |
3 | use creusot_std::{ghost::perm::Perm, prelude::*};
  |                                      ^^^^^^^^^^

warning: unused variable: `left`
  --> src/../../../../src/ownership_proof/owned_region.rs:33:5
   |
33 |     left: Snapshot<SlotMap>,
   |     ^^^^ help: if this is intentional, prefix it with an underscore: `_left`
   |
   = note: `#[warn(unused_variables)]` (part of `#[warn(unused)]`) on by default

warning: unused variable: `right`
  --> src/../../../../src/ownership_proof/owned_region.rs:34:5
   |
34 |     right: Snapshot<SlotMap>,
   |     ^^^^^ help: if this is intentional, prefix it with an underscore: `_right`

warning: unused variable: `whole`
  --> src/../../../../src/ownership_proof/owned_region.rs:35:5
   |
35 |     whole: Snapshot<SlotMap>,
   |     ^^^^^ help: if this is intentional, prefix it with an underscore: `_whole`

warning: unused variable: `merged`
  --> src/../../../../src/ownership_proof/owned_region.rs:38:9
   |
38 |     let merged: Snapshot<SlotMap> = snapshot! { (*left).total_op(*right) };
   |         ^^^^^^ help: if this is intentional, prefix it with an underscore: `_merged`

warning: unused variable: `left`
  --> src/../../../../src/ownership_proof/owned_region.rs:48:5
   |
48 |     left: Snapshot<SlotMap>,
   |     ^^^^ help: if this is intentional, prefix it with an underscore: `_left`

warning: unused variable: `right`
  --> src/../../../../src/ownership_proof/owned_region.rs:49:5
   |
49 |     right: Snapshot<SlotMap>,
   |     ^^^^^ help: if this is intentional, prefix it with an underscore: `_right`

warning: unused variable: `whole`
  --> src/../../../../src/ownership_proof/owned_region.rs:50:5
   |
50 |     whole: Snapshot<SlotMap>,
   |     ^^^^^ help: if this is intentional, prefix it with an underscore: `_whole`

warning: unused variable: `merged`
  --> src/../../../../src/ownership_proof/owned_region.rs:52:9
   |
52 |     let merged: Snapshot<SlotMap> = snapshot! { (*left).total_op(*right) };
   |         ^^^^^^ help: if this is intentional, prefix it with an underscore: `_merged`

warning: unused variable: `slots`
   --> src/../../../../src/ownership_proof/raw_vec.rs:109:9
    |
109 |     let slots = snapshot! { slots_grown(capabilities.inner_logic().1.ledger.slots(), old_capacity@, capacity@) };
    |         ^^^^^ help: if this is intentional, prefix it with an underscore: `_slots`

warning: unused variable: `unit`
   --> src/../../../../src/ownership_proof/raw_vec.rs:681:13
    |
681 |         let unit: Snapshot<KernelRA> = snapshot!(KernelRA::unit());
    |             ^^^^ help: if this is intentional, prefix it with an underscore: `_unit`

warning: unused variable: `empty_value`
   --> src/../../../../src/ownership_proof/raw_vec.rs:684:13
    |
684 |         let empty_value: Snapshot<KernelRA> = snapshot!((None, FMap::empty()));
    |             ^^^^^^^^^^^ help: if this is intentional, prefix it with an underscore: `_empty_value`

warning: unused variable: `input_model`
   --> src/../../../../src/ownership_proof/raw_vec.rs:819:9
    |
819 |     let input_model = snapshot!(input@);
    |         ^^^^^^^^^^^ help: if this is intentional, prefix it with an underscore: `_input_model`

warning: unused variable: `slot`
    --> src/../../../../src/ownership_proof/raw_vec.rs:1041:38
     |
1041 | pub(crate) fn slot_known_equivalence(slot: Option<Option<u8>>) {}
     |                                      ^^^^ help: if this is intentional, prefix it with an underscore: `_slot`

warning: unused variable: `own`
  --> src/../../../../src/ownership_proof/sequential_counter.rs:89:39
   |
89 |     pub(crate) fn load_acquire(&self, own: Ghost<&CounterOwn>) -> usize {
   |                                       ^^^ help: if this is intentional, prefix it with an underscore: `_own`

warning: unused variable: `pending`
   --> /workspace/bytes-proof-tools/targets/bytes/debug/build/bytes-shared-adjacent-unsplit-eb74a49aaf73d217/out/scalable_tickets.rs:132:5
    |
132 |     pending: Snapshot<FMap<Int, (Int, Int)>>,
    |     ^^^^^^^ help: if this is intentional, prefix it with an underscore: `_pending`

warning: unused variable: `parent`
   --> /workspace/bytes-proof-tools/targets/bytes/debug/build/bytes-shared-adjacent-unsplit-eb74a49aaf73d217/out/scalable_tickets.rs:133:5
    |
133 |     parent: Snapshot<Int>,
    |     ^^^^^^ help: if this is intentional, prefix it with an underscore: `_parent`

warning: unused variable: `left`
   --> /workspace/bytes-proof-tools/targets/bytes/debug/build/bytes-shared-adjacent-unsplit-eb74a49aaf73d217/out/scalable_tickets.rs:134:5
    |
134 |     left: Snapshot<Int>,
    |     ^^^^ help: if this is intentional, prefix it with an underscore: `_left`

warning: unused variable: `right`
   --> /workspace/bytes-proof-tools/targets/bytes/debug/build/bytes-shared-adjacent-unsplit-eb74a49aaf73d217/out/scalable_tickets.rs:135:5
    |
135 |     right: Snapshot<Int>,
    |     ^^^^^ help: if this is intentional, prefix it with an underscore: `_right`

warning: unused variable: `lo`
   --> /workspace/bytes-proof-tools/targets/bytes/debug/build/bytes-shared-adjacent-unsplit-eb74a49aaf73d217/out/scalable_tickets.rs:136:5
    |
136 |     lo: Snapshot<Int>,
    |     ^^ help: if this is intentional, prefix it with an underscore: `_lo`

warning: unused variable: `at`
   --> /workspace/bytes-proof-tools/targets/bytes/debug/build/bytes-shared-adjacent-unsplit-eb74a49aaf73d217/out/scalable_tickets.rs:137:5
    |
137 |     at: Snapshot<Int>,
    |     ^^ help: if this is intentional, prefix it with an underscore: `_at`

warning: unused variable: `hi`
   --> /workspace/bytes-proof-tools/targets/bytes/debug/build/bytes-shared-adjacent-unsplit-eb74a49aaf73d217/out/scalable_tickets.rs:138:5
    |
138 |     hi: Snapshot<Int>,
    |     ^^ help: if this is intentional, prefix it with an underscore: `_hi`

warning: unused variable: `capacity`
   --> /workspace/bytes-proof-tools/targets/bytes/debug/build/bytes-shared-adjacent-unsplit-eb74a49aaf73d217/out/scalable_tickets.rs:139:5
    |
139 |     capacity: Snapshot<Int>,
    |     ^^^^^^^^ help: if this is intentional, prefix it with an underscore: `_capacity`

warning: unused variable: `id`
   --> /workspace/bytes-proof-tools/targets/bytes/debug/build/bytes-shared-adjacent-unsplit-eb74a49aaf73d217/out/scalable_tickets.rs:148:21
    |
148 | fn active_singleton(id: Snapshot<Int>, bounds: Snapshot<(Int, Int)>) {
    |                     ^^ help: if this is intentional, prefix it with an underscore: `_id`

warning: unused variable: `bounds`
   --> /workspace/bytes-proof-tools/targets/bytes/debug/build/bytes-shared-adjacent-unsplit-eb74a49aaf73d217/out/scalable_tickets.rs:148:40
    |
148 | fn active_singleton(id: Snapshot<Int>, bounds: Snapshot<(Int, Int)>) {
    |                                        ^^^^^^ help: if this is intentional, prefix it with an underscore: `_bounds`

warning: unused variable: `left`
   --> /workspace/bytes-proof-tools/targets/bytes/debug/build/bytes-shared-adjacent-unsplit-eb74a49aaf73d217/out/scalable_tickets.rs:149:9
    |
149 |     let left: Snapshot<RegistrationMap> =
    |         ^^^^ help: if this is intentional, prefix it with an underscore: `_left`

warning: unused variable: `right`
   --> /workspace/bytes-proof-tools/targets/bytes/debug/build/bytes-shared-adjacent-unsplit-eb74a49aaf73d217/out/scalable_tickets.rs:151:9
    |
151 |     let right: Snapshot<RegistrationMap> = snapshot!(FMap::singleton(*id, Excl(())));
    |         ^^^^^ help: if this is intentional, prefix it with an underscore: `_right`

warning: unused variable: `pending`
   --> /workspace/bytes-proof-tools/targets/bytes/debug/build/bytes-shared-adjacent-unsplit-eb74a49aaf73d217/out/scalable_tickets.rs:158:35
    |
158 | pub(crate) fn pending_cardinality(pending: Snapshot<FMap<Int, (Int, Int)>>) {
    |                                   ^^^^^^^ help: if this is intentional, prefix it with an underscore: `_pending`

warning: unused variable: `pending`
   --> /workspace/bytes-proof-tools/targets/bytes/debug/build/bytes-shared-adjacent-unsplit-eb74a49aaf73d217/out/scalable_tickets.rs:168:18
    |
168 | fn active_remove(pending: Snapshot<FMap<Int, (Int, Int)>>, id: Snapshot<Int>) {
    |                  ^^^^^^^ help: if this is intentional, prefix it with an underscore: `_pending`

warning: unused variable: `id`
   --> /workspace/bytes-proof-tools/targets/bytes/debug/build/bytes-shared-adjacent-unsplit-eb74a49aaf73d217/out/scalable_tickets.rs:168:60
    |
168 | fn active_remove(pending: Snapshot<FMap<Int, (Int, Int)>>, id: Snapshot<Int>) {
    |                                                            ^^ help: if this is intentional, prefix it with an underscore: `_id`

warning: unused variable: `left`
   --> /workspace/bytes-proof-tools/targets/bytes/debug/build/bytes-shared-adjacent-unsplit-eb74a49aaf73d217/out/scalable_tickets.rs:169:9
    |
169 |     let left: Snapshot<RegistrationMap> = snapshot!(active_registrations((*pending).remove(*id)));
    |         ^^^^ help: if this is intentional, prefix it with an underscore: `_left`

warning: unused variable: `right`
   --> /workspace/bytes-proof-tools/targets/bytes/debug/build/bytes-shared-adjacent-unsplit-eb74a49aaf73d217/out/scalable_tickets.rs:170:9
    |
170 |     let right: Snapshot<RegistrationMap> = snapshot!(active_registrations(*pending).remove(*id));
    |         ^^^^^ help: if this is intentional, prefix it with an underscore: `_right`

warning: unused variable: `pending`
   --> /workspace/bytes-proof-tools/targets/bytes/debug/build/bytes-shared-adjacent-unsplit-eb74a49aaf73d217/out/scalable_tickets.rs:179:5
    |
179 |     pending: Snapshot<FMap<Int, (Int, Int)>>,
    |     ^^^^^^^ help: if this is intentional, prefix it with an underscore: `_pending`

warning: unused variable: `id`
   --> /workspace/bytes-proof-tools/targets/bytes/debug/build/bytes-shared-adjacent-unsplit-eb74a49aaf73d217/out/scalable_tickets.rs:180:5
    |
180 |     id: Snapshot<Int>,
    |     ^^ help: if this is intentional, prefix it with an underscore: `_id`

warning: unused variable: `bounds`
   --> /workspace/bytes-proof-tools/targets/bytes/debug/build/bytes-shared-adjacent-unsplit-eb74a49aaf73d217/out/scalable_tickets.rs:181:5
    |
181 |     bounds: Snapshot<(Int, Int)>,
    |     ^^^^^^ help: if this is intentional, prefix it with an underscore: `_bounds`

warning: unused variable: `left`
   --> /workspace/bytes-proof-tools/targets/bytes/debug/build/bytes-shared-adjacent-unsplit-eb74a49aaf73d217/out/scalable_tickets.rs:183:9
    |
183 |     let left: Snapshot<RegistrationMap> = snapshot!(active_registrations((*pending).insert(*id, *bounds)));
    |         ^^^^ help: if this is intentional, prefix it with an underscore: `_left`

warning: unused variable: `right`
   --> /workspace/bytes-proof-tools/targets/bytes/debug/build/bytes-shared-adjacent-unsplit-eb74a49aaf73d217/out/scalable_tickets.rs:184:9
    |
184 |     let right: Snapshot<RegistrationMap> = snapshot!(active_registrations(*pending).insert(*id, Excl(())));
    |         ^^^^^ help: if this is intentional, prefix it with an underscore: `_right`

warning: unused variable: `ticket`
   --> /workspace/bytes-proof-tools/targets/bytes/debug/build/bytes-shared-adjacent-unsplit-eb74a49aaf73d217/out/scalable_tickets.rs:197:9
    |
197 |     let ticket: Snapshot<RegistrationMap> = snapshot!(FMap::singleton(*id, Excl(())));
    |         ^^^^^^ help: if this is intentional, prefix it with an underscore: `_ticket`

warning: unused variable: `rest`
   --> /workspace/bytes-proof-tools/targets/bytes/debug/build/bytes-shared-adjacent-unsplit-eb74a49aaf73d217/out/scalable_tickets.rs:198:9
    |
198 |     let rest: Snapshot<RegistrationMap> = snapshot!(active_registrations((*pending).remove(*id)));
    |         ^^^^ help: if this is intentional, prefix it with an underscore: `_rest`

warning: unused variable: `whole`
   --> /workspace/bytes-proof-tools/targets/bytes/debug/build/bytes-shared-adjacent-unsplit-eb74a49aaf73d217/out/scalable_tickets.rs:199:9
    |
199 |     let whole: Snapshot<RegistrationMap> = snapshot!(active_registrations(*pending));
    |         ^^^^^ help: if this is intentional, prefix it with an underscore: `_whole`

warning: unused variable: `merged`
   --> /workspace/bytes-proof-tools/targets/bytes/debug/build/bytes-shared-adjacent-unsplit-eb74a49aaf73d217/out/scalable_tickets.rs:202:9
    |
202 |     let merged: Snapshot<RegistrationMap> = snapshot!((*ticket).total_op(*rest));
    |         ^^^^^^ help: if this is intentional, prefix it with an underscore: `_merged`

warning: unused variable: `returned`
   --> /workspace/bytes-proof-tools/targets/bytes/debug/build/bytes-shared-adjacent-unsplit-eb74a49aaf73d217/out/scalable_tickets.rs:215:5
    |
215 |     returned: Snapshot<RegistrationMap>,
    |     ^^^^^^^^ help: if this is intentional, prefix it with an underscore: `_returned`

warning: unused variable: `ticket`
   --> /workspace/bytes-proof-tools/targets/bytes/debug/build/bytes-shared-adjacent-unsplit-eb74a49aaf73d217/out/scalable_tickets.rs:216:5
    |
216 |     ticket: Snapshot<RegistrationMap>,
    |     ^^^^^^ help: if this is intentional, prefix it with an underscore: `_ticket`

warning: unused variable: `remaining`
   --> /workspace/bytes-proof-tools/targets/bytes/debug/build/bytes-shared-adjacent-unsplit-eb74a49aaf73d217/out/scalable_tickets.rs:217:5
    |
217 |     remaining: Snapshot<RegistrationMap>,
    |     ^^^^^^^^^ help: if this is intentional, prefix it with an underscore: `_remaining`

warning: unused variable: `active`
   --> /workspace/bytes-proof-tools/targets/bytes/debug/build/bytes-shared-adjacent-unsplit-eb74a49aaf73d217/out/scalable_tickets.rs:218:5
    |
218 |     active: Snapshot<RegistrationMap>,
    |     ^^^^^^ help: if this is intentional, prefix it with an underscore: `_active`

warning: unused variable: `new_returned`
   --> /workspace/bytes-proof-tools/targets/bytes/debug/build/bytes-shared-adjacent-unsplit-eb74a49aaf73d217/out/scalable_tickets.rs:219:5
    |
219 |     new_returned: Snapshot<RegistrationMap>,
    |     ^^^^^^^^^^^^ help: if this is intentional, prefix it with an underscore: `_new_returned`

warning: unused variable: `authority`
   --> /workspace/bytes-proof-tools/targets/bytes/debug/build/bytes-shared-adjacent-unsplit-eb74a49aaf73d217/out/scalable_tickets.rs:220:5
    |
220 |     authority: Snapshot<RegistrationMap>,
    |     ^^^^^^^^^ help: if this is intentional, prefix it with an underscore: `_authority`

warning: unused variable: `map`
   --> /workspace/bytes-proof-tools/targets/bytes/debug/build/bytes-shared-adjacent-unsplit-eb74a49aaf73d217/out/scalable_tickets.rs:241:5
    |
241 |     map: Snapshot<RegistrationMap>,
    |     ^^^ help: if this is intentional, prefix it with an underscore: `_map`

warning: unused variable: `first`
   --> /workspace/bytes-proof-tools/targets/bytes/debug/build/bytes-shared-adjacent-unsplit-eb74a49aaf73d217/out/scalable_tickets.rs:242:5
    |
242 |     first: Snapshot<Int>,
    |     ^^^^^ help: if this is intentional, prefix it with an underscore: `_first`

warning: unused variable: `second`
   --> /workspace/bytes-proof-tools/targets/bytes/debug/build/bytes-shared-adjacent-unsplit-eb74a49aaf73d217/out/scalable_tickets.rs:243:5
    |
243 |     second: Snapshot<Int>,
    |     ^^^^^^ help: if this is intentional, prefix it with an underscore: `_second`

warning: unused variable: `first_ticket`
   --> /workspace/bytes-proof-tools/targets/bytes/debug/build/bytes-shared-adjacent-unsplit-eb74a49aaf73d217/out/scalable_tickets.rs:245:9
    |
245 |     let first_ticket: Snapshot<RegistrationMap> =
    |         ^^^^^^^^^^^^ help: if this is intentional, prefix it with an underscore: `_first_ticket`

warning: unused variable: `second_ticket`
   --> /workspace/bytes-proof-tools/targets/bytes/debug/build/bytes-shared-adjacent-unsplit-eb74a49aaf73d217/out/scalable_tickets.rs:247:9
    |
247 |     let second_ticket: Snapshot<RegistrationMap> =
    |         ^^^^^^^^^^^^^ help: if this is intentional, prefix it with an underscore: `_second_ticket`

warning: unused variable: `after_first`
   --> /workspace/bytes-proof-tools/targets/bytes/debug/build/bytes-shared-adjacent-unsplit-eb74a49aaf73d217/out/scalable_tickets.rs:252:9
    |
252 |     let after_first: Snapshot<RegistrationMap> =
    |         ^^^^^^^^^^^ help: if this is intentional, prefix it with an underscore: `_after_first`

warning: unused variable: `returned`
   --> /workspace/bytes-proof-tools/targets/bytes/debug/build/bytes-shared-adjacent-unsplit-eb74a49aaf73d217/out/scalable_tickets.rs:271:5
    |
271 |     returned: Snapshot<RegistrationMap>,
    |     ^^^^^^^^ help: if this is intentional, prefix it with an underscore: `_returned`

warning: unused variable: `active`
   --> /workspace/bytes-proof-tools/targets/bytes/debug/build/bytes-shared-adjacent-unsplit-eb74a49aaf73d217/out/scalable_tickets.rs:272:5
    |
272 |     active: Snapshot<RegistrationMap>,
    |     ^^^^^^ help: if this is intentional, prefix it with an underscore: `_active`

warning: unused variable: `authority`
   --> /workspace/bytes-proof-tools/targets/bytes/debug/build/bytes-shared-adjacent-unsplit-eb74a49aaf73d217/out/scalable_tickets.rs:273:5
    |
273 |     authority: Snapshot<RegistrationMap>,
    |     ^^^^^^^^^ help: if this is intentional, prefix it with an underscore: `_authority`

warning: unused variable: `fresh`
   --> /workspace/bytes-proof-tools/targets/bytes/debug/build/bytes-shared-adjacent-unsplit-eb74a49aaf73d217/out/scalable_tickets.rs:274:5
    |
274 |     fresh: Snapshot<Int>,
    |     ^^^^^ help: if this is intentional, prefix it with an underscore: `_fresh`

warning: unused variable: `next_active`
   --> /workspace/bytes-proof-tools/targets/bytes/debug/build/bytes-shared-adjacent-unsplit-eb74a49aaf73d217/out/scalable_tickets.rs:276:9
    |
276 |     let next_active: Snapshot<RegistrationMap> = snapshot!((*active).insert(*fresh, Excl(())));
    |         ^^^^^^^^^^^ help: if this is intentional, prefix it with an underscore: `_next_active`

warning: unused variable: `next_authority`
   --> /workspace/bytes-proof-tools/targets/bytes/debug/build/bytes-shared-adjacent-unsplit-eb74a49aaf73d217/out/scalable_tickets.rs:277:9
    |
277 |     let next_authority: Snapshot<RegistrationMap> = snapshot!((*authority).insert(*fresh, Excl(())));
    |         ^^^^^^^^^^^^^^ help: if this is intentional, prefix it with an underscore: `_next_authority`

warning: unused variable: `merged`
   --> /workspace/bytes-proof-tools/targets/bytes/debug/build/bytes-shared-adjacent-unsplit-eb74a49aaf73d217/out/scalable_tickets.rs:280:9
    |
280 |     let merged: Snapshot<RegistrationMap> = snapshot!((*returned).total_op(*next_active));
    |         ^^^^^^ help: if this is intentional, prefix it with an underscore: `_merged`

warning: unused variable: `parent_id`
   --> /workspace/bytes-proof-tools/targets/bytes/debug/build/bytes-shared-adjacent-unsplit-eb74a49aaf73d217/out/scalable_tickets.rs:553:13
    |
553 |         let parent_id = parent.id;
    |             ^^^^^^^^^ help: if this is intentional, prefix it with an underscore: `_parent_id`

warning: unused variable: `next_id`
   --> /workspace/bytes-proof-tools/targets/bytes/debug/build/bytes-shared-adjacent-unsplit-eb74a49aaf73d217/out/scalable_tickets.rs:573:33
    |
573 |         let (left_id, right_id, next_id) = ids.into_ghost().into_inner();
    |                                 ^^^^^^^ help: if this is intentional, prefix it with an underscore: `_next_id`

warning: unused variable: `at`
   --> /workspace/bytes-proof-tools/targets/bytes/debug/build/bytes-shared-adjacent-unsplit-eb74a49aaf73d217/out/scalable_tickets.rs:732:5
    |
732 |     at: usize,
    |     ^^ help: if this is intentional, prefix it with an underscore: `_at`

warning: unused variable: `pending`
  --> /workspace/rust-crate-proofs/bytes/1.11.1/src/ownership_proof/singleton_region.rs:24:13
   |
24 |         let pending = state.status.pending;
   |             ^^^^^^^ help: if this is intentional, prefix it with an underscore: `_pending`

warning: unused variable: `ticket_id`
  --> /workspace/rust-crate-proofs/bytes/1.11.1/src/ownership_proof/singleton_region.rs:25:13
   |
25 |         let ticket_id = snapshot!(ticket.logical_id());
   |             ^^^^^^^^^ help: if this is intentional, prefix it with an underscore: `_ticket_id`

warning: unused variable: `left_id`
  --> /workspace/rust-crate-proofs/bytes/1.11.1/src/ownership_proof/adjacent_region.rs:41:21
   |
41 |                 let left_id = snapshot!(left_ticket.logical_id());
   |                     ^^^^^^^ help: if this is intentional, prefix it with an underscore: `_left_id`

warning: unused variable: `bounds`
  --> /workspace/rust-crate-proofs/bytes/1.11.1/src/ownership_proof/adjacent_region.rs:43:21
   |
43 |                 let bounds = snapshot!((left_region.lo(), right_region.hi()));
   |                     ^^^^^^ help: if this is intentional, prefix it with an underscore: `_bounds`

warning: unused variable: `address`
  --> src/../../../../src/ownership_proof/boxed_alignment.rs:23:49
   |
23 | pub(crate) fn aligned_address_has_clear_low_bit(address: usize, alignment: usize) {}
   |                                                 ^^^^^^^ help: if this is intentional, prefix it with an underscore: `_address`

warning: unused variable: `alignment`
  --> src/../../../../src/ownership_proof/boxed_alignment.rs:23:65
   |
23 | pub(crate) fn aligned_address_has_clear_low_bit(address: usize, alignment: usize) {}
   |                                                                 ^^^^^^^^^ help: if this is intentional, prefix it with an underscore: `_alignment`

warning: unused variable: `control`
  --> /workspace/bytes-proof-tools/targets/bytes/debug/build/bytes-shared-adjacent-unsplit-eb74a49aaf73d217/out/actual_carrier.rs:87:40
   |
87 |     #[cfg(bytes_proof_repeated_split)] control: sequential_shared_control::ControlPtr,
   |                                        ^^^^^^^ help: if this is intentional, prefix it with an underscore: `_control`

warning: unused variable: `ptr`
   --> /workspace/bytes-proof-tools/targets/bytes/debug/build/bytes-shared-adjacent-unsplit-eb74a49aaf73d217/out/actual_carrier.rs:169:28
    |
169 | unsafe fn increment_shared(ptr: *mut Shared,
    |                            ^^^ help: if this is intentional, prefix it with an underscore: `_ptr`

warning: unused variable: `context`
  --> /workspace/rust-crate-proofs/bytes/1.11.1/src/ownership_proof/carrier_protocol.rs:83:37
   |
83 |     pub(super) fn singleton_is_sole(context: Snapshot<ControlContext>, registration: Snapshot<Self>) {
   |                                     ^^^^^^^ help: if this is intentional, prefix it with an underscore: `_context`

warning: unused variable: `registration`
  --> /workspace/rust-crate-proofs/bytes/1.11.1/src/ownership_proof/carrier_protocol.rs:83:72
   |
83 |     pub(super) fn singleton_is_sole(context: Snapshot<ControlContext>, registration: Snapshot<Self>) {
   |                                                                        ^^^^^^^^^^^^ help: if this is intentional, prefix it with an underscore: `_registration`

warning: unused variable: `pending`
  --> /workspace/rust-crate-proofs/bytes/1.11.1/src/ownership_proof/carrier_protocol.rs:84:13
   |
84 |         let pending = snapshot!(*context.status.pending);
   |             ^^^^^^^ help: if this is intentional, prefix it with an underscore: `_pending`

warning: unused variable: `base`
   --> /workspace/rust-crate-proofs/bytes/1.11.1/src/ownership_proof/carrier_protocol.rs:125:46
    |
125 | pub(super) fn activate(pointer: *mut Shared, base: BoundPtr, capacity: usize,
    |                                              ^^^^ help: if this is intentional, prefix it with an underscore: `_base`

warning: variable does not need to be mutable
   --> /workspace/rust-crate-proofs/bytes/1.11.1/src/ownership_proof/carrier_protocol.rs:148:46
    |
148 | pub(super) fn increment(control: ControlPtr, mut context: Ghost<&mut ControlContext>) -> usize {
    |                                              ----^^^^^^^
    |                                              |
    |                                              help: remove this `mut`
    |
    = note: `#[warn(unused_mut)]` (part of `#[warn(unused)]`) on by default

warning: variable does not need to be mutable
   --> /workspace/rust-crate-proofs/bytes/1.11.1/src/ownership_proof/carrier_protocol.rs:242:5
    |
242 |     mut packet: Ghost<&'a mut Packet>,
    |     ----^^^^^^
    |     |
    |     help: remove this `mut`

warning: variable does not need to be mutable
   --> /workspace/rust-crate-proofs/bytes/1.11.1/src/ownership_proof/carrier_protocol.rs:305:5
    |
305 |     mut packet: Ghost<&'a mut Packet>,
    |     ----^^^^^^
    |     |
    |     help: remove this `mut`

warning: variable does not need to be mutable
   --> /workspace/bytes-proof-tools/targets/bytes/debug/build/bytes-shared-adjacent-unsplit-eb74a49aaf73d217/out/actual_carrier.rs:624:17
    |
624 |             let mut other = self.shallow_clone();
    |                 ----^^^^^
    |                 |
    |                 help: remove this `mut`

warning: unused variable: `off`
   --> /workspace/bytes-proof-tools/targets/bytes/debug/build/bytes-shared-adjacent-unsplit-eb74a49aaf73d217/out/actual_carrier.rs:755:13
    |
755 |         let off = crate::capacity_ops::vec_pos_from_data(
    |             ^^^ help: if this is intentional, prefix it with an underscore: `_off`

warning: unused variable: `handle`
    --> /workspace/bytes-proof-tools/targets/bytes/debug/build/bytes-shared-adjacent-unsplit-eb74a49aaf73d217/out/actual_carrier.rs:1003:41
     |
1003 |     fn proof_initialization_coordinates(handle: Snapshot<Self>) {
     |                                         ^^^^^^ help: if this is intentional, prefix it with an underscore: `_handle`

warning: unused variable: `at`
    --> /workspace/bytes-proof-tools/targets/bytes/debug/build/bytes-shared-adjacent-unsplit-eb74a49aaf73d217/out/actual_carrier.rs:1144:66
     |
1144 |     fn proof_register_carrier_split(&mut self, other: &mut Self, at: usize) {
     |                                                                  ^^ help: if this is intentional, prefix it with an underscore: `_at`

warning: unused variable: `old_left`
  --> /workspace/rust-crate-proofs/bytes/1.11.1/src/ownership_proof/shared_unsplit.rs:84:9
   |
84 |     let old_left = snapshot!(*left);
   |         ^^^^^^^^ help: if this is intentional, prefix it with an underscore: `_old_left`

warning: unused variable: `old_right`
  --> /workspace/rust-crate-proofs/bytes/1.11.1/src/ownership_proof/shared_unsplit.rs:85:9
   |
85 |     let old_right = snapshot!(right);
   |         ^^^^^^^^^ help: if this is intentional, prefix it with an underscore: `_old_right`

warning: type `actual::Shared` is more private than the item `SingletonLease::owner`
  --> /workspace/rust-crate-proofs/bytes/1.11.1/src/ownership_proof/shared_reclaim.rs:14:5
   |
14 |     pub(crate) owner: Box<Perm<*const Shared>>,
   |     ^^^^^^^^^^^^^^^^^^^^^^^^^^^^^^^^^^^^^^^^^^ field `SingletonLease::owner` is reachable at visibility `pub(crate)`
   |
note: but type `actual::Shared` is only usable at visibility `pub(self)`
  --> /workspace/bytes-proof-tools/targets/bytes/debug/build/bytes-shared-adjacent-unsplit-eb74a49aaf73d217/out/actual_carrier.rs:56:1
   |
56 | struct Shared {
   | ^^^^^^^^^^^^^
   = note: `#[warn(private_interfaces)]` on by default

warning: type `HandleRegistration` is more private than the item `acquire`
  --> /workspace/rust-crate-proofs/bytes/1.11.1/src/ownership_proof/shared_reclaim.rs:55:1
   |
55 | / pub(crate) fn acquire(
56 | |     control: ControlPtr,
57 | |     context: Ghost<ControlContext>,
58 | |     registration: Ghost<HandleRegistration>,
59 | | ) -> Ghost<SingletonLease> {
   | |__________________________^ function `acquire` is reachable at visibility `pub(crate)`
   |
note: but type `HandleRegistration` is only usable at visibility `pub(in crate::actual)`
  --> /workspace/rust-crate-proofs/bytes/1.11.1/src/ownership_proof/carrier_protocol.rs:67:1
   |
67 | pub(super) struct HandleRegistration {
   | ^^^^^^^^^^^^^^^^^^^^^^^^^^^^^^^^^^^^

warning: type `HandleRegistration` is more private than the item `reactivate`
  --> /workspace/rust-crate-proofs/bytes/1.11.1/src/ownership_proof/shared_reclaim.rs:85:1
   |
85 | / pub(crate) fn reactivate(
86 | |     control: ControlPtr,
87 | |     lease: Ghost<SingletonLease>,
88 | | ) -> Ghost<(ControlContext, HandleRegistration)> {
   | |________________________________________________^ function `reactivate` is reachable at visibility `pub(crate)`
   |
note: but type `HandleRegistration` is only usable at visibility `pub(in crate::actual)`
  --> /workspace/rust-crate-proofs/bytes/1.11.1/src/ownership_proof/carrier_protocol.rs:67:1
   |
67 | pub(super) struct HandleRegistration {
   | ^^^^^^^^^^^^^^^^^^^^^^^^^^^^^^^^^^^^

warning: type `HandleRegistration` is more private than the item `shared_unsplit::merge`
  --> /workspace/rust-crate-proofs/bytes/1.11.1/src/ownership_proof/shared_unsplit.rs:29:1
   |
29 | / pub(crate) fn merge(
30 | |     control: ControlPtr, mut context: Ghost<&mut ControlContext>,
31 | |     left: Ghost<HandleRegistration>, right: Ghost<HandleRegistration>,
32 | | ) -> Ghost<HandleRegistration> {
   | |______________________________^ function `shared_unsplit::merge` is reachable at visibility `pub(crate)`
   |
note: but type `HandleRegistration` is only usable at visibility `pub(in crate::actual)`
  --> /workspace/rust-crate-proofs/bytes/1.11.1/src/ownership_proof/carrier_protocol.rs:67:1
   |
67 | pub(super) struct HandleRegistration {
   | ^^^^^^^^^^^^^^^^^^^^^^^^^^^^^^^^^^^^

warning: function `reallocate_u8` is never used
  --> src/../../../../src/allocation_ops.rs:25:22
   |
25 | pub(crate) unsafe fn reallocate_u8(base: *mut u8, old_capacity: usize, capacity: usize) -> core::ptr::NonNull<u8> {
   |                      ^^^^^^^^^^^^^
   |
   = note: `#[warn(dead_code)]` (part of `#[warn(unused)]`) on by default

warning: function `fill_uninit_prefix` is never used
  --> src/../../../../src/storage_ops.rs:15:15
   |
15 | pub(crate) fn fill_uninit_prefix(dst: &mut [MaybeUninit<u8>], count: usize, value: u8) {
   |               ^^^^^^^^^^^^^^^^^^

warning: function `copy_to_uninit_prefix` is never used
  --> src/../../../../src/storage_ops.rs:36:15
   |
36 | pub(crate) fn copy_to_uninit_prefix(dst: &mut [MaybeUninit<u8>], src: &[u8]) {
   |               ^^^^^^^^^^^^^^^^^^^^^

warning: function `pointer_addr_eq` is never used
  --> src/../../../../src/provenance_specs.rs:19:15
   |
19 | pub(crate) fn pointer_addr_eq<T>(left: *const T, right: *const T) -> bool {
   |               ^^^^^^^^^^^^^^^

warning: function `pointer_with_address` is never used
  --> src/../../../../src/provenance_specs.rs:88:15
   |
88 | pub(crate) fn pointer_with_address(ptr: *mut u8, new_addr: usize) -> *mut u8 {
   |               ^^^^^^^^^^^^^^^^^^^^

warning: function `reallocate_bound` is never used
   --> src/../../../../src/ownership_proof/raw_vec.rs:103:22
    |
103 | pub(crate) unsafe fn reallocate_bound(base: BoundPtr, old_capacity: usize, capacity: usize,
    |                      ^^^^^^^^^^^^^^^^

warning: methods `as_non_null`, `offset_from_bound_base`, and `retreat_within` are never used
   --> src/../../../../src/ownership_proof/raw_vec.rs:284:19
    |
241 | impl BoundPtr {
    | ------------- methods in this implementation
...
284 |     pub(crate) fn as_non_null(&self) -> NonNull<u8> {
    |                   ^^^^^^^^^^^
...
307 |     pub(crate) fn offset_from_bound_base(&self, base: Self) -> usize {
    |                   ^^^^^^^^^^^^^^^^^^^^^^
...
319 |     pub(crate) fn retreat_within(&self, count: usize) -> Self {
    |                   ^^^^^^^^^^^^^^

warning: fields `resource` and `descriptor` are never read
   --> src/../../../../src/ownership_proof/raw_vec.rs:442:5
    |
441 | pub(crate) struct Recovery {
    |                   -------- fields in this struct
442 |     resource: Resource<KernelRA>,
    |     ^^^^^^^^
443 |     descriptor: AllocationDesc,
    |     ^^^^^^^^^^

warning: function `resume_vec` is never used
   --> src/../../../../src/ownership_proof/raw_vec.rs:899:22
    |
899 | pub(crate) unsafe fn resume_vec(
    |                      ^^^^^^^^^^

warning: function `deallocate_vec` is never used
   --> src/../../../../src/ownership_proof/raw_vec.rs:935:22
    |
935 | pub(crate) unsafe fn deallocate_vec(
    |                      ^^^^^^^^^^^^^^

warning: function `borrow_mut` is never used
    --> src/../../../../src/ownership_proof/raw_vec.rs:1019:22
     |
1019 | pub(crate) unsafe fn borrow_mut<'a>(
     |                      ^^^^^^^^^^

warning: function `slot_known_equivalence` is never used
    --> src/../../../../src/ownership_proof/raw_vec.rs:1041:15
     |
1041 | pub(crate) fn slot_known_equivalence(slot: Option<Option<u8>>) {}
     |               ^^^^^^^^^^^^^^^^^^^^^^

warning: function `borrow_bound_uninit_mut` is never used
    --> src/../../../../src/ownership_proof/raw_vec.rs:1120:22
     |
1120 | pub(crate) unsafe fn borrow_bound_uninit_mut<'a>(
     |                      ^^^^^^^^^^^^^^^^^^^^^^^

warning: function `borrow_spare_preserving_prefix` is never used
    --> src/../../../../src/ownership_proof/raw_vec.rs:1158:22
     |
1158 | pub(crate) unsafe fn borrow_spare_preserving_prefix<'a>(
     |                      ^^^^^^^^^^^^^^^^^^^^^^^^^^^^^^

warning: function `borrow_empty_bound` is never used
    --> src/../../../../src/ownership_proof/raw_vec.rs:1204:22
     |
1204 | pub(crate) unsafe fn borrow_empty_bound<'a>(bound: &'a BoundPtr) -> &'a [u8] {
     |                      ^^^^^^^^^^^^^^^^^^

warning: function `borrow_empty_bound_mut` is never used
    --> src/../../../../src/ownership_proof/raw_vec.rs:1213:22
     |
1213 | pub(crate) unsafe fn borrow_empty_bound_mut<'a>(bound: &'a BoundPtr) -> &'a mut [u8] {
     |                      ^^^^^^^^^^^^^^^^^^^^^^

warning: function `borrow_empty_bound_uninit_mut` is never used
    --> src/../../../../src/ownership_proof/raw_vec.rs:1221:22
     |
1221 | pub(crate) unsafe fn borrow_empty_bound_uninit_mut<'a>(
     |                      ^^^^^^^^^^^^^^^^^^^^^^^^^^^^^

warning: function `reallocate_u8` is never used
  --> src/../../../../src/ownership_proof/../allocation_ops.rs:25:22
   |
25 | pub(crate) unsafe fn reallocate_u8(base: *mut u8, old_capacity: usize, capacity: usize) -> core::ptr::NonNull<u8> {
   |                      ^^^^^^^^^^^^^

warning: fields `capacity`, `allocation`, and `registration` are never read
  --> /workspace/bytes-proof-tools/targets/bytes/debug/build/bytes-shared-adjacent-unsplit-eb74a49aaf73d217/out/scalable_tickets.rs:63:16
   |
62 | pub(crate) struct Status {
   |                   ------ fields in this struct
63 |     pub(crate) capacity: Int,
   |                ^^^^^^^^
64 |     pub(crate) allocation: Id,
   |                ^^^^^^^^^^
65 |     pub(crate) registration: Id,
   |                ^^^^^^^^^^^^
   |
   = note: `Status` has a derived impl for the trait `Clone`, but this is intentionally ignored during dead code analysis

warning: function `initialize` is never used
   --> /workspace/bytes-proof-tools/targets/bytes/debug/build/bytes-shared-adjacent-unsplit-eb74a49aaf73d217/out/scalable_tickets.rs:508:15
    |
508 | pub(crate) fn initialize(input: alloc::vec::Vec<u8>) -> (crate::ownership_proof::raw_vec::BoundPtr, usize, Ghost<(Coordinator, Pack...
    |               ^^^^^^^^^^

warning: function `replace` is never used
   --> /workspace/bytes-proof-tools/targets/bytes/debug/build/bytes-shared-adjacent-unsplit-eb74a49aaf73d217/out/scalable_tickets.rs:729:15
    |
729 | pub(crate) fn replace(
    |               ^^^^^^^

warning: function `recover` is never used
  --> /workspace/rust-crate-proofs/bytes/1.11.1/src/ownership_proof/singleton_region.rs:17:15
   |
17 | pub(crate) fn recover(
   |               ^^^^^^^

warning: function `release_unique_storage` is never used
  --> /workspace/bytes-proof-tools/targets/bytes/debug/build/bytes-shared-adjacent-unsplit-eb74a49aaf73d217/out/actual_carrier.rs:19:11
   |
19 | unsafe fn release_unique_storage(
   |           ^^^^^^^^^^^^^^^^^^^^^^

warning: field `original_capacity_repr` is never read
  --> /workspace/bytes-proof-tools/targets/bytes/debug/build/bytes-shared-adjacent-unsplit-eb74a49aaf73d217/out/actual_carrier.rs:58:5
   |
56 | struct Shared {
   |        ------ field in this struct
57 |     buffer: SharedBuffer,
58 |     original_capacity_repr: usize,
   |     ^^^^^^^^^^^^^^^^^^^^^^

warning: method `capacity` is never used
   --> /workspace/bytes-proof-tools/targets/bytes/debug/build/bytes-shared-adjacent-unsplit-eb74a49aaf73d217/out/actual_carrier.rs:569:12
    |
186 | impl BytesMut {
    | ------------- method in this implementation
...
569 |     pub fn capacity(&self) -> usize {
    |            ^^^^^^^^

warning: associated function `singleton_is_sole` is never used
  --> /workspace/rust-crate-proofs/bytes/1.11.1/src/ownership_proof/carrier_protocol.rs:83:19
   |
75 | impl HandleRegistration {
   | ----------------------- associated function in this implementation
...
83 |     pub(super) fn singleton_is_sole(context: Snapshot<ControlContext>, registration: Snapshot<Self>) {
   |                   ^^^^^^^^^^^^^^^^^

warning: function `borrow_packet_uninit_mut` is never used
   --> /workspace/rust-crate-proofs/bytes/1.11.1/src/ownership_proof/carrier_protocol.rs:301:22
    |
301 | pub(crate) unsafe fn borrow_packet_uninit_mut<'a>(
    |                      ^^^^^^^^^^^^^^^^^^^^^^^^

warning: struct `SingletonLease` is never constructed
  --> /workspace/rust-crate-proofs/bytes/1.11.1/src/ownership_proof/shared_reclaim.rs:12:19
   |
12 | pub(crate) struct SingletonLease {
   |                   ^^^^^^^^^^^^^^

warning: function `is_unique` is never used
  --> /workspace/rust-crate-proofs/bytes/1.11.1/src/ownership_proof/shared_reclaim.rs:41:15
   |
41 | pub(crate) fn is_unique(control: ControlPtr, context: Ghost<&ControlContext>) -> bool {
   |               ^^^^^^^^^

warning: function `acquire` is never used
  --> /workspace/rust-crate-proofs/bytes/1.11.1/src/ownership_proof/shared_reclaim.rs:55:15
   |
55 | pub(crate) fn acquire(
   |               ^^^^^^^

warning: function `reactivate` is never used
  --> /workspace/rust-crate-proofs/bytes/1.11.1/src/ownership_proof/shared_reclaim.rs:85:15
   |
85 | pub(crate) fn reactivate(
   |               ^^^^^^^^^^

warning: `bytes-shared-adjacent-unsplit` (lib test) generated 128 warnings (run `cargo fix --lib -p bytes-shared-adjacent-unsplit --tests` to apply 93 suggestions)
warning: `bytes-shared-adjacent-unsplit` (lib) generated 128 warnings (128 duplicates)
    Finished `test` profile [unoptimized + debuginfo] target(s) in 0.66s
     Running unittests src/lib.rs (/workspace/bytes-proof-tools/targets/bytes/debug/deps/bytes_shared_adjacent_unsplit-d34be7295285761e)

running 0 tests

test result: ok. 0 passed; 0 failed; 0 ignored; 0 measured; 0 filtered out; finished in 0.00s

     Running tests/allocations.rs (/workspace/bytes-proof-tools/targets/bytes/debug/deps/allocations-fbcfb074a6e49145)

running 1 test
test adjacent_merge_preserves_original_buffer_and_control ... ok

test result: ok. 1 passed; 0 failed; 0 ignored; 0 measured; 0 filtered out; finished in 0.00s

   Doc-tests bytes_shared_adjacent_unsplit

running 0 tests

test result: ok. 0 passed; 0 failed; 0 ignored; 0 measured; 0 filtered out; finished in 0.00s

cargo extraction compile/native smoke: PASS

=== shared-nonunique-reserve ===
warning: unused variable: `helpers`
   --> /workspace/rust-crate-proofs/bytes/1.11.1/verification/probes/shared-nonunique-reserve/build.rs:195:9
    |
195 |     let helpers=Fragment {name:"carrier_methods",text:&source[start..end],start,end};
    |         ^^^^^^^ help: if this is intentional, prefix it with an underscore: `_helpers`
    |
    = note: `#[warn(unused_variables)]` (part of `#[warn(unused)]`) on by default

warning: 1 warning emitted

cargo:rerun-if-changed=/workspace/rust-crate-proofs/bytes/1.11.1/verification/probes/shared-nonunique-reserve/../../../src/bytes_mut.rs
cargo:rerun-if-changed=build.rs
cargo:rustc-cfg=bytes_proof_probe
cargo:rustc-check-cfg=cfg(bytes_proof_probe)
cargo:rustc-cfg=bytes_proof_repeated_split
cargo:rustc-check-cfg=cfg(bytes_proof_repeated_split)
cargo:rerun-if-changed=/workspace/rust-crate-proofs/bytes/1.11.1/verification/probes/shared-nonunique-reserve/../../../src/ownership_proof/scalable_tickets.rs
cargo:rerun-if-changed=/workspace/rust-crate-proofs/bytes/1.11.1/verification/probes/shared-nonunique-reserve/../../../src/ownership_proof/singleton_region.rs
cargo:rerun-if-changed=/workspace/rust-crate-proofs/bytes/1.11.1/verification/probes/shared-nonunique-reserve/../../../src/ownership_proof/shared_reclaim.rs
cargo:rerun-if-changed=/workspace/rust-crate-proofs/bytes/1.11.1/verification/probes/shared-nonunique-reserve/../../../src/ownership_proof/shared_copy.rs
cargo:rerun-if-changed=/workspace/rust-crate-proofs/bytes/1.11.1/verification/probes/shared-nonunique-reserve/../../../src/ownership_proof/adjacent_region.rs
cargo:rerun-if-changed=src/caller.inc
standalone rustc build.rs + extraction: PASS
   Compiling bytes-shared-nonunique-reserve v0.1.0 (/workspace/rust-crate-proofs/bytes/1.11.1/verification/probes/shared-nonunique-reserve)
warning: unused variable: `helpers`
   --> build.rs:195:9
    |
195 |     let helpers=Fragment {name:"carrier_methods",text:&source[start..end],start,end};
    |         ^^^^^^^ help: if this is intentional, prefix it with an underscore: `_helpers`
    |
    = note: `#[warn(unused_variables)]` (part of `#[warn(unused)]`) on by default

warning: `bytes-shared-nonunique-reserve` (build script) generated 1 warning
warning: unused import: `RA`
  --> src/../../../../src/ownership_proof/owned_region.rs:11:33
   |
11 |     logic::{FMap, Id, Int, ra::{RA, excl::Excl}},
   |                                 ^^
   |
   = note: `#[warn(unused_imports)]` (part of `#[warn(unused)]`) on by default

warning: unused imports: `FMap`, `RA`, `UnitRA`, and `excl::Excl`
  --> src/../../../../src/ownership_proof/raw_vec.rs:25:13
   |
25 |     logic::{FMap, Id, Int, ra::{RA, UnitRA, excl::Excl}},
   |             ^^^^                ^^  ^^^^^^  ^^^^^^^^^^

warning: unused import: `RA`
 --> /workspace/bytes-proof-tools/targets/bytes/debug/build/bytes-shared-nonunique-reserve-55c11708cbb16b3a/out/scalable_tickets.rs:9:29
  |
9 |     logic::{FMap, Int, ra::{RA, excl::Excl}},
  |                             ^^

warning: unused import: `owned_region`
  --> src/lib.rs:29:28
   |
29 |     pub(crate) use crate::{owned_region, raw_vec, sequential_counter, scalable_tickets, bound_ptr, boxed_alignment, vec_capacity};
   |                            ^^^^^^^^^^^^

warning: unused imports: `ManuallyDrop` and `MaybeUninit`
 --> /workspace/bytes-proof-tools/targets/bytes/debug/build/bytes-shared-nonunique-reserve-55c11708cbb16b3a/out/actual_carrier.rs:2:22
  |
2 | use core::mem::{self,ManuallyDrop,MaybeUninit};
  |                      ^^^^^^^^^^^^ ^^^^^^^^^^^

warning: unused import: `self`
 --> /workspace/bytes-proof-tools/targets/bytes/debug/build/bytes-shared-nonunique-reserve-55c11708cbb16b3a/out/actual_carrier.rs:3:17
  |
3 | use core::ptr::{self,NonNull};
  |                 ^^^^

warning: unused imports: `AtomicUsize` and `Ordering`
 --> /workspace/bytes-proof-tools/targets/bytes/debug/build/bytes-shared-nonunique-reserve-55c11708cbb16b3a/out/actual_carrier.rs:5:26
  |
5 | use core::sync::atomic::{AtomicUsize,Ordering};
  |                          ^^^^^^^^^^^ ^^^^^^^^

warning: unused import: `prelude::*`
 --> /workspace/rust-crate-proofs/bytes/1.11.1/src/ownership_proof/carrier_protocol.rs:5:49
  |
5 | use creusot_std::{ghost::perm::Perm, logic::Id, prelude::*};
  |                                                 ^^^^^^^^^^

warning: unused import: `prelude::*`
 --> /workspace/rust-crate-proofs/bytes/1.11.1/src/ownership_proof/shared_reclaim.rs:4:38
  |
4 | use creusot_std::{ghost::perm::Perm, prelude::*};
  |                                      ^^^^^^^^^^

warning: unused import: `prelude::*`
 --> /workspace/rust-crate-proofs/bytes/1.11.1/src/ownership_proof/shared_copy.rs:4:38
  |
4 | use creusot_std::{ghost::perm::Perm, prelude::*};
  |                                      ^^^^^^^^^^

warning: unused import: `HandleRegistration`
 --> /workspace/rust-crate-proofs/bytes/1.11.1/src/ownership_proof/shared_copy.rs:6:56
  |
6 | use super::sequential_shared_control::{ControlContext, HandleRegistration};
  |                                                        ^^^^^^^^^^^^^^^^^^

warning: unused variable: `left`
  --> src/../../../../src/ownership_proof/owned_region.rs:33:5
   |
33 |     left: Snapshot<SlotMap>,
   |     ^^^^ help: if this is intentional, prefix it with an underscore: `_left`
   |
   = note: `#[warn(unused_variables)]` (part of `#[warn(unused)]`) on by default

warning: unused variable: `right`
  --> src/../../../../src/ownership_proof/owned_region.rs:34:5
   |
34 |     right: Snapshot<SlotMap>,
   |     ^^^^^ help: if this is intentional, prefix it with an underscore: `_right`

warning: unused variable: `whole`
  --> src/../../../../src/ownership_proof/owned_region.rs:35:5
   |
35 |     whole: Snapshot<SlotMap>,
   |     ^^^^^ help: if this is intentional, prefix it with an underscore: `_whole`

warning: unused variable: `merged`
  --> src/../../../../src/ownership_proof/owned_region.rs:38:9
   |
38 |     let merged: Snapshot<SlotMap> = snapshot! { (*left).total_op(*right) };
   |         ^^^^^^ help: if this is intentional, prefix it with an underscore: `_merged`

warning: unused variable: `left`
  --> src/../../../../src/ownership_proof/owned_region.rs:48:5
   |
48 |     left: Snapshot<SlotMap>,
   |     ^^^^ help: if this is intentional, prefix it with an underscore: `_left`

warning: unused variable: `right`
  --> src/../../../../src/ownership_proof/owned_region.rs:49:5
   |
49 |     right: Snapshot<SlotMap>,
   |     ^^^^^ help: if this is intentional, prefix it with an underscore: `_right`

warning: unused variable: `whole`
  --> src/../../../../src/ownership_proof/owned_region.rs:50:5
   |
50 |     whole: Snapshot<SlotMap>,
   |     ^^^^^ help: if this is intentional, prefix it with an underscore: `_whole`

warning: unused variable: `merged`
  --> src/../../../../src/ownership_proof/owned_region.rs:52:9
   |
52 |     let merged: Snapshot<SlotMap> = snapshot! { (*left).total_op(*right) };
   |         ^^^^^^ help: if this is intentional, prefix it with an underscore: `_merged`

warning: unused variable: `slots`
   --> src/../../../../src/ownership_proof/raw_vec.rs:109:9
    |
109 |     let slots = snapshot! { slots_grown(capabilities.inner_logic().1.ledger.slots(), old_capacity@, capacity@) };
    |         ^^^^^ help: if this is intentional, prefix it with an underscore: `_slots`

warning: unused variable: `unit`
   --> src/../../../../src/ownership_proof/raw_vec.rs:681:13
    |
681 |         let unit: Snapshot<KernelRA> = snapshot!(KernelRA::unit());
    |             ^^^^ help: if this is intentional, prefix it with an underscore: `_unit`

warning: unused variable: `empty_value`
   --> src/../../../../src/ownership_proof/raw_vec.rs:684:13
    |
684 |         let empty_value: Snapshot<KernelRA> = snapshot!((None, FMap::empty()));
    |             ^^^^^^^^^^^ help: if this is intentional, prefix it with an underscore: `_empty_value`

warning: unused variable: `input_model`
   --> src/../../../../src/ownership_proof/raw_vec.rs:819:9
    |
819 |     let input_model = snapshot!(input@);
    |         ^^^^^^^^^^^ help: if this is intentional, prefix it with an underscore: `_input_model`

warning: unused variable: `slot`
    --> src/../../../../src/ownership_proof/raw_vec.rs:1041:38
     |
1041 | pub(crate) fn slot_known_equivalence(slot: Option<Option<u8>>) {}
     |                                      ^^^^ help: if this is intentional, prefix it with an underscore: `_slot`

warning: unused variable: `own`
  --> src/../../../../src/ownership_proof/sequential_counter.rs:89:39
   |
89 |     pub(crate) fn load_acquire(&self, own: Ghost<&CounterOwn>) -> usize {
   |                                       ^^^ help: if this is intentional, prefix it with an underscore: `_own`

warning: unused variable: `pending`
   --> /workspace/bytes-proof-tools/targets/bytes/debug/build/bytes-shared-nonunique-reserve-55c11708cbb16b3a/out/scalable_tickets.rs:132:5
    |
132 |     pending: Snapshot<FMap<Int, (Int, Int)>>,
    |     ^^^^^^^ help: if this is intentional, prefix it with an underscore: `_pending`

warning: unused variable: `parent`
   --> /workspace/bytes-proof-tools/targets/bytes/debug/build/bytes-shared-nonunique-reserve-55c11708cbb16b3a/out/scalable_tickets.rs:133:5
    |
133 |     parent: Snapshot<Int>,
    |     ^^^^^^ help: if this is intentional, prefix it with an underscore: `_parent`

warning: unused variable: `left`
   --> /workspace/bytes-proof-tools/targets/bytes/debug/build/bytes-shared-nonunique-reserve-55c11708cbb16b3a/out/scalable_tickets.rs:134:5
    |
134 |     left: Snapshot<Int>,
    |     ^^^^ help: if this is intentional, prefix it with an underscore: `_left`

warning: unused variable: `right`
   --> /workspace/bytes-proof-tools/targets/bytes/debug/build/bytes-shared-nonunique-reserve-55c11708cbb16b3a/out/scalable_tickets.rs:135:5
    |
135 |     right: Snapshot<Int>,
    |     ^^^^^ help: if this is intentional, prefix it with an underscore: `_right`

warning: unused variable: `lo`
   --> /workspace/bytes-proof-tools/targets/bytes/debug/build/bytes-shared-nonunique-reserve-55c11708cbb16b3a/out/scalable_tickets.rs:136:5
    |
136 |     lo: Snapshot<Int>,
    |     ^^ help: if this is intentional, prefix it with an underscore: `_lo`

warning: unused variable: `at`
   --> /workspace/bytes-proof-tools/targets/bytes/debug/build/bytes-shared-nonunique-reserve-55c11708cbb16b3a/out/scalable_tickets.rs:137:5
    |
137 |     at: Snapshot<Int>,
    |     ^^ help: if this is intentional, prefix it with an underscore: `_at`

warning: unused variable: `hi`
   --> /workspace/bytes-proof-tools/targets/bytes/debug/build/bytes-shared-nonunique-reserve-55c11708cbb16b3a/out/scalable_tickets.rs:138:5
    |
138 |     hi: Snapshot<Int>,
    |     ^^ help: if this is intentional, prefix it with an underscore: `_hi`

warning: unused variable: `capacity`
   --> /workspace/bytes-proof-tools/targets/bytes/debug/build/bytes-shared-nonunique-reserve-55c11708cbb16b3a/out/scalable_tickets.rs:139:5
    |
139 |     capacity: Snapshot<Int>,
    |     ^^^^^^^^ help: if this is intentional, prefix it with an underscore: `_capacity`

warning: unused variable: `id`
   --> /workspace/bytes-proof-tools/targets/bytes/debug/build/bytes-shared-nonunique-reserve-55c11708cbb16b3a/out/scalable_tickets.rs:148:21
    |
148 | fn active_singleton(id: Snapshot<Int>, bounds: Snapshot<(Int, Int)>) {
    |                     ^^ help: if this is intentional, prefix it with an underscore: `_id`

warning: unused variable: `bounds`
   --> /workspace/bytes-proof-tools/targets/bytes/debug/build/bytes-shared-nonunique-reserve-55c11708cbb16b3a/out/scalable_tickets.rs:148:40
    |
148 | fn active_singleton(id: Snapshot<Int>, bounds: Snapshot<(Int, Int)>) {
    |                                        ^^^^^^ help: if this is intentional, prefix it with an underscore: `_bounds`

warning: unused variable: `left`
   --> /workspace/bytes-proof-tools/targets/bytes/debug/build/bytes-shared-nonunique-reserve-55c11708cbb16b3a/out/scalable_tickets.rs:149:9
    |
149 |     let left: Snapshot<RegistrationMap> =
    |         ^^^^ help: if this is intentional, prefix it with an underscore: `_left`

warning: unused variable: `right`
   --> /workspace/bytes-proof-tools/targets/bytes/debug/build/bytes-shared-nonunique-reserve-55c11708cbb16b3a/out/scalable_tickets.rs:151:9
    |
151 |     let right: Snapshot<RegistrationMap> = snapshot!(FMap::singleton(*id, Excl(())));
    |         ^^^^^ help: if this is intentional, prefix it with an underscore: `_right`

warning: unused variable: `pending`
   --> /workspace/bytes-proof-tools/targets/bytes/debug/build/bytes-shared-nonunique-reserve-55c11708cbb16b3a/out/scalable_tickets.rs:158:35
    |
158 | pub(crate) fn pending_cardinality(pending: Snapshot<FMap<Int, (Int, Int)>>) {
    |                                   ^^^^^^^ help: if this is intentional, prefix it with an underscore: `_pending`

warning: unused variable: `pending`
   --> /workspace/bytes-proof-tools/targets/bytes/debug/build/bytes-shared-nonunique-reserve-55c11708cbb16b3a/out/scalable_tickets.rs:168:18
    |
168 | fn active_remove(pending: Snapshot<FMap<Int, (Int, Int)>>, id: Snapshot<Int>) {
    |                  ^^^^^^^ help: if this is intentional, prefix it with an underscore: `_pending`

warning: unused variable: `id`
   --> /workspace/bytes-proof-tools/targets/bytes/debug/build/bytes-shared-nonunique-reserve-55c11708cbb16b3a/out/scalable_tickets.rs:168:60
    |
168 | fn active_remove(pending: Snapshot<FMap<Int, (Int, Int)>>, id: Snapshot<Int>) {
    |                                                            ^^ help: if this is intentional, prefix it with an underscore: `_id`

warning: unused variable: `left`
   --> /workspace/bytes-proof-tools/targets/bytes/debug/build/bytes-shared-nonunique-reserve-55c11708cbb16b3a/out/scalable_tickets.rs:169:9
    |
169 |     let left: Snapshot<RegistrationMap> = snapshot!(active_registrations((*pending).remove(*id)));
    |         ^^^^ help: if this is intentional, prefix it with an underscore: `_left`

warning: unused variable: `right`
   --> /workspace/bytes-proof-tools/targets/bytes/debug/build/bytes-shared-nonunique-reserve-55c11708cbb16b3a/out/scalable_tickets.rs:170:9
    |
170 |     let right: Snapshot<RegistrationMap> = snapshot!(active_registrations(*pending).remove(*id));
    |         ^^^^^ help: if this is intentional, prefix it with an underscore: `_right`

warning: unused variable: `pending`
   --> /workspace/bytes-proof-tools/targets/bytes/debug/build/bytes-shared-nonunique-reserve-55c11708cbb16b3a/out/scalable_tickets.rs:179:5
    |
179 |     pending: Snapshot<FMap<Int, (Int, Int)>>,
    |     ^^^^^^^ help: if this is intentional, prefix it with an underscore: `_pending`

warning: unused variable: `id`
   --> /workspace/bytes-proof-tools/targets/bytes/debug/build/bytes-shared-nonunique-reserve-55c11708cbb16b3a/out/scalable_tickets.rs:180:5
    |
180 |     id: Snapshot<Int>,
    |     ^^ help: if this is intentional, prefix it with an underscore: `_id`

warning: unused variable: `bounds`
   --> /workspace/bytes-proof-tools/targets/bytes/debug/build/bytes-shared-nonunique-reserve-55c11708cbb16b3a/out/scalable_tickets.rs:181:5
    |
181 |     bounds: Snapshot<(Int, Int)>,
    |     ^^^^^^ help: if this is intentional, prefix it with an underscore: `_bounds`

warning: unused variable: `left`
   --> /workspace/bytes-proof-tools/targets/bytes/debug/build/bytes-shared-nonunique-reserve-55c11708cbb16b3a/out/scalable_tickets.rs:183:9
    |
183 |     let left: Snapshot<RegistrationMap> = snapshot!(active_registrations((*pending).insert(*id, *bounds)));
    |         ^^^^ help: if this is intentional, prefix it with an underscore: `_left`

warning: unused variable: `right`
   --> /workspace/bytes-proof-tools/targets/bytes/debug/build/bytes-shared-nonunique-reserve-55c11708cbb16b3a/out/scalable_tickets.rs:184:9
    |
184 |     let right: Snapshot<RegistrationMap> = snapshot!(active_registrations(*pending).insert(*id, Excl(())));
    |         ^^^^^ help: if this is intentional, prefix it with an underscore: `_right`

warning: unused variable: `ticket`
   --> /workspace/bytes-proof-tools/targets/bytes/debug/build/bytes-shared-nonunique-reserve-55c11708cbb16b3a/out/scalable_tickets.rs:197:9
    |
197 |     let ticket: Snapshot<RegistrationMap> = snapshot!(FMap::singleton(*id, Excl(())));
    |         ^^^^^^ help: if this is intentional, prefix it with an underscore: `_ticket`

warning: unused variable: `rest`
   --> /workspace/bytes-proof-tools/targets/bytes/debug/build/bytes-shared-nonunique-reserve-55c11708cbb16b3a/out/scalable_tickets.rs:198:9
    |
198 |     let rest: Snapshot<RegistrationMap> = snapshot!(active_registrations((*pending).remove(*id)));
    |         ^^^^ help: if this is intentional, prefix it with an underscore: `_rest`

warning: unused variable: `whole`
   --> /workspace/bytes-proof-tools/targets/bytes/debug/build/bytes-shared-nonunique-reserve-55c11708cbb16b3a/out/scalable_tickets.rs:199:9
    |
199 |     let whole: Snapshot<RegistrationMap> = snapshot!(active_registrations(*pending));
    |         ^^^^^ help: if this is intentional, prefix it with an underscore: `_whole`

warning: unused variable: `merged`
   --> /workspace/bytes-proof-tools/targets/bytes/debug/build/bytes-shared-nonunique-reserve-55c11708cbb16b3a/out/scalable_tickets.rs:202:9
    |
202 |     let merged: Snapshot<RegistrationMap> = snapshot!((*ticket).total_op(*rest));
    |         ^^^^^^ help: if this is intentional, prefix it with an underscore: `_merged`

warning: unused variable: `returned`
   --> /workspace/bytes-proof-tools/targets/bytes/debug/build/bytes-shared-nonunique-reserve-55c11708cbb16b3a/out/scalable_tickets.rs:215:5
    |
215 |     returned: Snapshot<RegistrationMap>,
    |     ^^^^^^^^ help: if this is intentional, prefix it with an underscore: `_returned`

warning: unused variable: `ticket`
   --> /workspace/bytes-proof-tools/targets/bytes/debug/build/bytes-shared-nonunique-reserve-55c11708cbb16b3a/out/scalable_tickets.rs:216:5
    |
216 |     ticket: Snapshot<RegistrationMap>,
    |     ^^^^^^ help: if this is intentional, prefix it with an underscore: `_ticket`

warning: unused variable: `remaining`
   --> /workspace/bytes-proof-tools/targets/bytes/debug/build/bytes-shared-nonunique-reserve-55c11708cbb16b3a/out/scalable_tickets.rs:217:5
    |
217 |     remaining: Snapshot<RegistrationMap>,
    |     ^^^^^^^^^ help: if this is intentional, prefix it with an underscore: `_remaining`

warning: unused variable: `active`
   --> /workspace/bytes-proof-tools/targets/bytes/debug/build/bytes-shared-nonunique-reserve-55c11708cbb16b3a/out/scalable_tickets.rs:218:5
    |
218 |     active: Snapshot<RegistrationMap>,
    |     ^^^^^^ help: if this is intentional, prefix it with an underscore: `_active`

warning: unused variable: `new_returned`
   --> /workspace/bytes-proof-tools/targets/bytes/debug/build/bytes-shared-nonunique-reserve-55c11708cbb16b3a/out/scalable_tickets.rs:219:5
    |
219 |     new_returned: Snapshot<RegistrationMap>,
    |     ^^^^^^^^^^^^ help: if this is intentional, prefix it with an underscore: `_new_returned`

warning: unused variable: `authority`
   --> /workspace/bytes-proof-tools/targets/bytes/debug/build/bytes-shared-nonunique-reserve-55c11708cbb16b3a/out/scalable_tickets.rs:220:5
    |
220 |     authority: Snapshot<RegistrationMap>,
    |     ^^^^^^^^^ help: if this is intentional, prefix it with an underscore: `_authority`

warning: unused variable: `map`
   --> /workspace/bytes-proof-tools/targets/bytes/debug/build/bytes-shared-nonunique-reserve-55c11708cbb16b3a/out/scalable_tickets.rs:241:5
    |
241 |     map: Snapshot<RegistrationMap>,
    |     ^^^ help: if this is intentional, prefix it with an underscore: `_map`

warning: unused variable: `first`
   --> /workspace/bytes-proof-tools/targets/bytes/debug/build/bytes-shared-nonunique-reserve-55c11708cbb16b3a/out/scalable_tickets.rs:242:5
    |
242 |     first: Snapshot<Int>,
    |     ^^^^^ help: if this is intentional, prefix it with an underscore: `_first`

warning: unused variable: `second`
   --> /workspace/bytes-proof-tools/targets/bytes/debug/build/bytes-shared-nonunique-reserve-55c11708cbb16b3a/out/scalable_tickets.rs:243:5
    |
243 |     second: Snapshot<Int>,
    |     ^^^^^^ help: if this is intentional, prefix it with an underscore: `_second`

warning: unused variable: `first_ticket`
   --> /workspace/bytes-proof-tools/targets/bytes/debug/build/bytes-shared-nonunique-reserve-55c11708cbb16b3a/out/scalable_tickets.rs:245:9
    |
245 |     let first_ticket: Snapshot<RegistrationMap> =
    |         ^^^^^^^^^^^^ help: if this is intentional, prefix it with an underscore: `_first_ticket`

warning: unused variable: `second_ticket`
   --> /workspace/bytes-proof-tools/targets/bytes/debug/build/bytes-shared-nonunique-reserve-55c11708cbb16b3a/out/scalable_tickets.rs:247:9
    |
247 |     let second_ticket: Snapshot<RegistrationMap> =
    |         ^^^^^^^^^^^^^ help: if this is intentional, prefix it with an underscore: `_second_ticket`

warning: unused variable: `after_first`
   --> /workspace/bytes-proof-tools/targets/bytes/debug/build/bytes-shared-nonunique-reserve-55c11708cbb16b3a/out/scalable_tickets.rs:252:9
    |
252 |     let after_first: Snapshot<RegistrationMap> =
    |         ^^^^^^^^^^^ help: if this is intentional, prefix it with an underscore: `_after_first`

warning: unused variable: `returned`
   --> /workspace/bytes-proof-tools/targets/bytes/debug/build/bytes-shared-nonunique-reserve-55c11708cbb16b3a/out/scalable_tickets.rs:271:5
    |
271 |     returned: Snapshot<RegistrationMap>,
    |     ^^^^^^^^ help: if this is intentional, prefix it with an underscore: `_returned`

warning: unused variable: `active`
   --> /workspace/bytes-proof-tools/targets/bytes/debug/build/bytes-shared-nonunique-reserve-55c11708cbb16b3a/out/scalable_tickets.rs:272:5
    |
272 |     active: Snapshot<RegistrationMap>,
    |     ^^^^^^ help: if this is intentional, prefix it with an underscore: `_active`

warning: unused variable: `authority`
   --> /workspace/bytes-proof-tools/targets/bytes/debug/build/bytes-shared-nonunique-reserve-55c11708cbb16b3a/out/scalable_tickets.rs:273:5
    |
273 |     authority: Snapshot<RegistrationMap>,
    |     ^^^^^^^^^ help: if this is intentional, prefix it with an underscore: `_authority`

warning: unused variable: `fresh`
   --> /workspace/bytes-proof-tools/targets/bytes/debug/build/bytes-shared-nonunique-reserve-55c11708cbb16b3a/out/scalable_tickets.rs:274:5
    |
274 |     fresh: Snapshot<Int>,
    |     ^^^^^ help: if this is intentional, prefix it with an underscore: `_fresh`

warning: unused variable: `next_active`
   --> /workspace/bytes-proof-tools/targets/bytes/debug/build/bytes-shared-nonunique-reserve-55c11708cbb16b3a/out/scalable_tickets.rs:276:9
    |
276 |     let next_active: Snapshot<RegistrationMap> = snapshot!((*active).insert(*fresh, Excl(())));
    |         ^^^^^^^^^^^ help: if this is intentional, prefix it with an underscore: `_next_active`

warning: unused variable: `next_authority`
   --> /workspace/bytes-proof-tools/targets/bytes/debug/build/bytes-shared-nonunique-reserve-55c11708cbb16b3a/out/scalable_tickets.rs:277:9
    |
277 |     let next_authority: Snapshot<RegistrationMap> = snapshot!((*authority).insert(*fresh, Excl(())));
    |         ^^^^^^^^^^^^^^ help: if this is intentional, prefix it with an underscore: `_next_authority`

warning: unused variable: `merged`
   --> /workspace/bytes-proof-tools/targets/bytes/debug/build/bytes-shared-nonunique-reserve-55c11708cbb16b3a/out/scalable_tickets.rs:280:9
    |
280 |     let merged: Snapshot<RegistrationMap> = snapshot!((*returned).total_op(*next_active));
    |         ^^^^^^ help: if this is intentional, prefix it with an underscore: `_merged`

warning: unused variable: `parent_id`
   --> /workspace/bytes-proof-tools/targets/bytes/debug/build/bytes-shared-nonunique-reserve-55c11708cbb16b3a/out/scalable_tickets.rs:553:13
    |
553 |         let parent_id = parent.id;
    |             ^^^^^^^^^ help: if this is intentional, prefix it with an underscore: `_parent_id`

warning: unused variable: `next_id`
   --> /workspace/bytes-proof-tools/targets/bytes/debug/build/bytes-shared-nonunique-reserve-55c11708cbb16b3a/out/scalable_tickets.rs:573:33
    |
573 |         let (left_id, right_id, next_id) = ids.into_ghost().into_inner();
    |                                 ^^^^^^^ help: if this is intentional, prefix it with an underscore: `_next_id`

warning: unused variable: `at`
   --> /workspace/bytes-proof-tools/targets/bytes/debug/build/bytes-shared-nonunique-reserve-55c11708cbb16b3a/out/scalable_tickets.rs:732:5
    |
732 |     at: usize,
    |     ^^ help: if this is intentional, prefix it with an underscore: `_at`

warning: unused variable: `pending`
  --> /workspace/rust-crate-proofs/bytes/1.11.1/src/ownership_proof/singleton_region.rs:24:13
   |
24 |         let pending = state.status.pending;
   |             ^^^^^^^ help: if this is intentional, prefix it with an underscore: `_pending`

warning: unused variable: `ticket_id`
  --> /workspace/rust-crate-proofs/bytes/1.11.1/src/ownership_proof/singleton_region.rs:25:13
   |
25 |         let ticket_id = snapshot!(ticket.logical_id());
   |             ^^^^^^^^^ help: if this is intentional, prefix it with an underscore: `_ticket_id`

warning: unused variable: `address`
  --> src/../../../../src/ownership_proof/boxed_alignment.rs:23:49
   |
23 | pub(crate) fn aligned_address_has_clear_low_bit(address: usize, alignment: usize) {}
   |                                                 ^^^^^^^ help: if this is intentional, prefix it with an underscore: `_address`

warning: unused variable: `alignment`
  --> src/../../../../src/ownership_proof/boxed_alignment.rs:23:65
   |
23 | pub(crate) fn aligned_address_has_clear_low_bit(address: usize, alignment: usize) {}
   |                                                                 ^^^^^^^^^ help: if this is intentional, prefix it with an underscore: `_alignment`

warning: unused variable: `control`
  --> /workspace/bytes-proof-tools/targets/bytes/debug/build/bytes-shared-nonunique-reserve-55c11708cbb16b3a/out/actual_carrier.rs:87:40
   |
87 |     #[cfg(bytes_proof_repeated_split)] control: sequential_shared_control::ControlPtr,
   |                                        ^^^^^^^ help: if this is intentional, prefix it with an underscore: `_control`

warning: unused variable: `ptr`
   --> /workspace/bytes-proof-tools/targets/bytes/debug/build/bytes-shared-nonunique-reserve-55c11708cbb16b3a/out/actual_carrier.rs:169:28
    |
169 | unsafe fn increment_shared(ptr: *mut Shared,
    |                            ^^^ help: if this is intentional, prefix it with an underscore: `_ptr`

warning: unused variable: `context`
  --> /workspace/rust-crate-proofs/bytes/1.11.1/src/ownership_proof/carrier_protocol.rs:83:37
   |
83 |     pub(super) fn singleton_is_sole(context: Snapshot<ControlContext>, registration: Snapshot<Self>) {
   |                                     ^^^^^^^ help: if this is intentional, prefix it with an underscore: `_context`

warning: unused variable: `registration`
  --> /workspace/rust-crate-proofs/bytes/1.11.1/src/ownership_proof/carrier_protocol.rs:83:72
   |
83 |     pub(super) fn singleton_is_sole(context: Snapshot<ControlContext>, registration: Snapshot<Self>) {
   |                                                                        ^^^^^^^^^^^^ help: if this is intentional, prefix it with an underscore: `_registration`

warning: unused variable: `pending`
  --> /workspace/rust-crate-proofs/bytes/1.11.1/src/ownership_proof/carrier_protocol.rs:84:13
   |
84 |         let pending = snapshot!(*context.status.pending);
   |             ^^^^^^^ help: if this is intentional, prefix it with an underscore: `_pending`

warning: unused variable: `base`
   --> /workspace/rust-crate-proofs/bytes/1.11.1/src/ownership_proof/carrier_protocol.rs:125:46
    |
125 | pub(super) fn activate(pointer: *mut Shared, base: BoundPtr, capacity: usize,
    |                                              ^^^^ help: if this is intentional, prefix it with an underscore: `_base`

warning: variable does not need to be mutable
   --> /workspace/rust-crate-proofs/bytes/1.11.1/src/ownership_proof/carrier_protocol.rs:148:46
    |
148 | pub(super) fn increment(control: ControlPtr, mut context: Ghost<&mut ControlContext>) -> usize {
    |                                              ----^^^^^^^
    |                                              |
    |                                              help: remove this `mut`
    |
    = note: `#[warn(unused_mut)]` (part of `#[warn(unused)]`) on by default

warning: variable does not need to be mutable
   --> /workspace/rust-crate-proofs/bytes/1.11.1/src/ownership_proof/carrier_protocol.rs:242:5
    |
242 |     mut packet: Ghost<&'a mut Packet>,
    |     ----^^^^^^
    |     |
    |     help: remove this `mut`

warning: variable does not need to be mutable
   --> /workspace/rust-crate-proofs/bytes/1.11.1/src/ownership_proof/carrier_protocol.rs:305:5
    |
305 |     mut packet: Ghost<&'a mut Packet>,
    |     ----^^^^^^
    |     |
    |     help: remove this `mut`

warning: variable does not need to be mutable
   --> /workspace/bytes-proof-tools/targets/bytes/debug/build/bytes-shared-nonunique-reserve-55c11708cbb16b3a/out/actual_carrier.rs:438:17
    |
438 |             let mut other = self.shallow_clone();
    |                 ----^^^^^
    |                 |
    |                 help: remove this `mut`

warning: unused variable: `off`
   --> /workspace/bytes-proof-tools/targets/bytes/debug/build/bytes-shared-nonunique-reserve-55c11708cbb16b3a/out/actual_carrier.rs:569:13
    |
569 |         let off = crate::capacity_ops::vec_pos_from_data(
    |             ^^^ help: if this is intentional, prefix it with an underscore: `_off`

warning: unused variable: `handle`
   --> /workspace/bytes-proof-tools/targets/bytes/debug/build/bytes-shared-nonunique-reserve-55c11708cbb16b3a/out/actual_carrier.rs:817:41
    |
817 |     fn proof_initialization_coordinates(handle: Snapshot<Self>) {
    |                                         ^^^^^^ help: if this is intentional, prefix it with an underscore: `_handle`

warning: unused variable: `at`
   --> /workspace/bytes-proof-tools/targets/bytes/debug/build/bytes-shared-nonunique-reserve-55c11708cbb16b3a/out/actual_carrier.rs:958:66
    |
958 |     fn proof_register_carrier_split(&mut self, other: &mut Self, at: usize) {
    |                                                                  ^^ help: if this is intentional, prefix it with an underscore: `_at`

warning: unused variable: `handle`
  --> /workspace/rust-crate-proofs/bytes/1.11.1/src/ownership_proof/shared_copy.rs:12:28
   |
12 | fn initialized_coordinates(handle:Snapshot<BytesMut>){
   |                            ^^^^^^ help: if this is intentional, prefix it with an underscore: `_handle`

warning: variable does not need to be mutable
  --> /workspace/rust-crate-proofs/bytes/1.11.1/src/ownership_proof/shared_copy.rs:33:42
   |
33 |     handle: BytesMut, additional: usize, mut context: Ghost<&mut ControlContext>,
   |                                          ----^^^^^^^
   |                                          |
   |                                          help: remove this `mut`

warning: type `actual::Shared` is more private than the item `SingletonLease::owner`
  --> /workspace/rust-crate-proofs/bytes/1.11.1/src/ownership_proof/shared_reclaim.rs:14:5
   |
14 |     pub(crate) owner: Box<Perm<*const Shared>>,
   |     ^^^^^^^^^^^^^^^^^^^^^^^^^^^^^^^^^^^^^^^^^^ field `SingletonLease::owner` is reachable at visibility `pub(crate)`
   |
note: but type `actual::Shared` is only usable at visibility `pub(self)`
  --> /workspace/bytes-proof-tools/targets/bytes/debug/build/bytes-shared-nonunique-reserve-55c11708cbb16b3a/out/actual_carrier.rs:56:1
   |
56 | struct Shared {
   | ^^^^^^^^^^^^^
   = note: `#[warn(private_interfaces)]` on by default

warning: type `HandleRegistration` is more private than the item `acquire`
  --> /workspace/rust-crate-proofs/bytes/1.11.1/src/ownership_proof/shared_reclaim.rs:55:1
   |
55 | / pub(crate) fn acquire(
56 | |     control: ControlPtr,
57 | |     context: Ghost<ControlContext>,
58 | |     registration: Ghost<HandleRegistration>,
59 | | ) -> Ghost<SingletonLease> {
   | |__________________________^ function `acquire` is reachable at visibility `pub(crate)`
   |
note: but type `HandleRegistration` is only usable at visibility `pub(in crate::actual)`
  --> /workspace/rust-crate-proofs/bytes/1.11.1/src/ownership_proof/carrier_protocol.rs:67:1
   |
67 | pub(super) struct HandleRegistration {
   | ^^^^^^^^^^^^^^^^^^^^^^^^^^^^^^^^^^^^

warning: type `HandleRegistration` is more private than the item `reactivate`
  --> /workspace/rust-crate-proofs/bytes/1.11.1/src/ownership_proof/shared_reclaim.rs:85:1
   |
85 | / pub(crate) fn reactivate(
86 | |     control: ControlPtr,
87 | |     lease: Ghost<SingletonLease>,
88 | | ) -> Ghost<(ControlContext, HandleRegistration)> {
   | |________________________________________________^ function `reactivate` is reachable at visibility `pub(crate)`
   |
note: but type `HandleRegistration` is only usable at visibility `pub(in crate::actual)`
  --> /workspace/rust-crate-proofs/bytes/1.11.1/src/ownership_proof/carrier_protocol.rs:67:1
   |
67 | pub(super) struct HandleRegistration {
   | ^^^^^^^^^^^^^^^^^^^^^^^^^^^^^^^^^^^^

warning: function `reallocate_u8` is never used
  --> src/../../../../src/allocation_ops.rs:25:22
   |
25 | pub(crate) unsafe fn reallocate_u8(base: *mut u8, old_capacity: usize, capacity: usize) -> core::ptr::NonNull<u8> {
   |                      ^^^^^^^^^^^^^
   |
   = note: `#[warn(dead_code)]` (part of `#[warn(unused)]`) on by default

warning: function `fill_uninit_prefix` is never used
  --> src/../../../../src/storage_ops.rs:15:15
   |
15 | pub(crate) fn fill_uninit_prefix(dst: &mut [MaybeUninit<u8>], count: usize, value: u8) {
   |               ^^^^^^^^^^^^^^^^^^

warning: function `pointer_addr_eq` is never used
  --> src/../../../../src/provenance_specs.rs:19:15
   |
19 | pub(crate) fn pointer_addr_eq<T>(left: *const T, right: *const T) -> bool {
   |               ^^^^^^^^^^^^^^^

warning: function `pointer_with_address` is never used
  --> src/../../../../src/provenance_specs.rs:88:15
   |
88 | pub(crate) fn pointer_with_address(ptr: *mut u8, new_addr: usize) -> *mut u8 {
   |               ^^^^^^^^^^^^^^^^^^^^

warning: method `join` is never used
   --> src/../../../../src/ownership_proof/owned_region.rs:243:19
    |
 95 | impl OwnedRegion {
    | ---------------- method in this implementation
...
243 |     pub(crate) fn join(self, other: Self) -> Self {
    |                   ^^^^

warning: function `reallocate_bound` is never used
   --> src/../../../../src/ownership_proof/raw_vec.rs:103:22
    |
103 | pub(crate) unsafe fn reallocate_bound(base: BoundPtr, old_capacity: usize, capacity: usize,
    |                      ^^^^^^^^^^^^^^^^

warning: methods `as_non_null` and `offset_from_bound_base` are never used
   --> src/../../../../src/ownership_proof/raw_vec.rs:284:19
    |
241 | impl BoundPtr {
    | ------------- methods in this implementation
...
284 |     pub(crate) fn as_non_null(&self) -> NonNull<u8> {
    |                   ^^^^^^^^^^^
...
307 |     pub(crate) fn offset_from_bound_base(&self, base: Self) -> usize {
    |                   ^^^^^^^^^^^^^^^^^^^^^^

warning: fields `resource` and `descriptor` are never read
   --> src/../../../../src/ownership_proof/raw_vec.rs:442:5
    |
441 | pub(crate) struct Recovery {
    |                   -------- fields in this struct
442 |     resource: Resource<KernelRA>,
    |     ^^^^^^^^
443 |     descriptor: AllocationDesc,
    |     ^^^^^^^^^^

warning: method `join` is never used
   --> src/../../../../src/ownership_proof/raw_vec.rs:599:19
    |
513 | impl PhysicalRegion {
    | ------------------- method in this implementation
...
599 |     pub(crate) fn join(self, other: Self) -> Self {
    |                   ^^^^

warning: function `resume_vec` is never used
   --> src/../../../../src/ownership_proof/raw_vec.rs:899:22
    |
899 | pub(crate) unsafe fn resume_vec(
    |                      ^^^^^^^^^^

warning: function `deallocate_vec` is never used
   --> src/../../../../src/ownership_proof/raw_vec.rs:935:22
    |
935 | pub(crate) unsafe fn deallocate_vec(
    |                      ^^^^^^^^^^^^^^

warning: function `borrow_mut` is never used
    --> src/../../../../src/ownership_proof/raw_vec.rs:1019:22
     |
1019 | pub(crate) unsafe fn borrow_mut<'a>(
     |                      ^^^^^^^^^^

warning: function `slot_known_equivalence` is never used
    --> src/../../../../src/ownership_proof/raw_vec.rs:1041:15
     |
1041 | pub(crate) fn slot_known_equivalence(slot: Option<Option<u8>>) {}
     |               ^^^^^^^^^^^^^^^^^^^^^^

warning: function `borrow_spare_preserving_prefix` is never used
    --> src/../../../../src/ownership_proof/raw_vec.rs:1158:22
     |
1158 | pub(crate) unsafe fn borrow_spare_preserving_prefix<'a>(
     |                      ^^^^^^^^^^^^^^^^^^^^^^^^^^^^^^

warning: function `borrow_empty_bound` is never used
    --> src/../../../../src/ownership_proof/raw_vec.rs:1204:22
     |
1204 | pub(crate) unsafe fn borrow_empty_bound<'a>(bound: &'a BoundPtr) -> &'a [u8] {
     |                      ^^^^^^^^^^^^^^^^^^

warning: function `borrow_empty_bound_mut` is never used
    --> src/../../../../src/ownership_proof/raw_vec.rs:1213:22
     |
1213 | pub(crate) unsafe fn borrow_empty_bound_mut<'a>(bound: &'a BoundPtr) -> &'a mut [u8] {
     |                      ^^^^^^^^^^^^^^^^^^^^^^

warning: function `borrow_empty_bound_uninit_mut` is never used
    --> src/../../../../src/ownership_proof/raw_vec.rs:1221:22
     |
1221 | pub(crate) unsafe fn borrow_empty_bound_uninit_mut<'a>(
     |                      ^^^^^^^^^^^^^^^^^^^^^^^^^^^^^

warning: function `reallocate_u8` is never used
  --> src/../../../../src/ownership_proof/../allocation_ops.rs:25:22
   |
25 | pub(crate) unsafe fn reallocate_u8(base: *mut u8, old_capacity: usize, capacity: usize) -> core::ptr::NonNull<u8> {
   |                      ^^^^^^^^^^^^^

warning: fields `capacity`, `allocation`, and `registration` are never read
  --> /workspace/bytes-proof-tools/targets/bytes/debug/build/bytes-shared-nonunique-reserve-55c11708cbb16b3a/out/scalable_tickets.rs:63:16
   |
62 | pub(crate) struct Status {
   |                   ------ fields in this struct
63 |     pub(crate) capacity: Int,
   |                ^^^^^^^^
64 |     pub(crate) allocation: Id,
   |                ^^^^^^^^^^
65 |     pub(crate) registration: Id,
   |                ^^^^^^^^^^^^
   |
   = note: `Status` has a derived impl for the trait `Clone`, but this is intentionally ignored during dead code analysis

warning: function `initialize` is never used
   --> /workspace/bytes-proof-tools/targets/bytes/debug/build/bytes-shared-nonunique-reserve-55c11708cbb16b3a/out/scalable_tickets.rs:508:15
    |
508 | pub(crate) fn initialize(input: alloc::vec::Vec<u8>) -> (crate::ownership_proof::raw_vec::BoundPtr, usize, Ghost<(Coordinator, Pack...
    |               ^^^^^^^^^^

warning: function `replace` is never used
   --> /workspace/bytes-proof-tools/targets/bytes/debug/build/bytes-shared-nonunique-reserve-55c11708cbb16b3a/out/scalable_tickets.rs:729:15
    |
729 | pub(crate) fn replace(
    |               ^^^^^^^

warning: function `recover` is never used
  --> /workspace/rust-crate-proofs/bytes/1.11.1/src/ownership_proof/singleton_region.rs:17:15
   |
17 | pub(crate) fn recover(
   |               ^^^^^^^

warning: function `native_allocate_and_release` is never used
  --> src/../../../../src/ownership_proof/vec_capacity.rs:60:8
   |
60 | pub fn native_allocate_and_release(requested: usize) -> (usize, usize) {
   |        ^^^^^^^^^^^^^^^^^^^^^^^^^^^

warning: method `capacity` is never used
   --> /workspace/bytes-proof-tools/targets/bytes/debug/build/bytes-shared-nonunique-reserve-55c11708cbb16b3a/out/actual_carrier.rs:383:12
    |
186 | impl BytesMut {
    | ------------- method in this implementation
...
383 |     pub fn capacity(&self) -> usize {
    |            ^^^^^^^^

warning: associated function `singleton_is_sole` is never used
  --> /workspace/rust-crate-proofs/bytes/1.11.1/src/ownership_proof/carrier_protocol.rs:83:19
   |
75 | impl HandleRegistration {
   | ----------------------- associated function in this implementation
...
83 |     pub(super) fn singleton_is_sole(context: Snapshot<ControlContext>, registration: Snapshot<Self>) {
   |                   ^^^^^^^^^^^^^^^^^

warning: function `borrow_packet_uninit_mut` is never used
   --> /workspace/rust-crate-proofs/bytes/1.11.1/src/ownership_proof/carrier_protocol.rs:301:22
    |
301 | pub(crate) unsafe fn borrow_packet_uninit_mut<'a>(
    |                      ^^^^^^^^^^^^^^^^^^^^^^^^

warning: struct `SingletonLease` is never constructed
  --> /workspace/rust-crate-proofs/bytes/1.11.1/src/ownership_proof/shared_reclaim.rs:12:19
   |
12 | pub(crate) struct SingletonLease {
   |                   ^^^^^^^^^^^^^^

warning: function `is_unique` is never used
  --> /workspace/rust-crate-proofs/bytes/1.11.1/src/ownership_proof/shared_reclaim.rs:41:15
   |
41 | pub(crate) fn is_unique(control: ControlPtr, context: Ghost<&ControlContext>) -> bool {
   |               ^^^^^^^^^

warning: function `acquire` is never used
  --> /workspace/rust-crate-proofs/bytes/1.11.1/src/ownership_proof/shared_reclaim.rs:55:15
   |
55 | pub(crate) fn acquire(
   |               ^^^^^^^

warning: function `reactivate` is never used
  --> /workspace/rust-crate-proofs/bytes/1.11.1/src/ownership_proof/shared_reclaim.rs:85:15
   |
85 | pub(crate) fn reactivate(
   |               ^^^^^^^^^^

warning: `bytes-shared-nonunique-reserve` (lib test) generated 125 warnings (run `cargo fix --lib -p bytes-shared-nonunique-reserve --tests` to apply 92 suggestions)
warning: `bytes-shared-nonunique-reserve` (lib) generated 125 warnings (125 duplicates)
    Finished `test` profile [unoptimized + debuginfo] target(s) in 0.67s
     Running unittests src/lib.rs (/workspace/bytes-proof-tools/targets/bytes/debug/deps/bytes_shared_nonunique_reserve-8ec017bd6c404e08)

running 0 tests

test result: ok. 0 passed; 0 failed; 0 ignored; 0 measured; 0 filtered out; finished in 0.00s

     Running tests/allocations.rs (/workspace/bytes-proof-tools/targets/bytes/debug/deps/allocations-5195648376f81175)

running 1 test
test shared_copy_reserve_retains_sibling_and_releases_both_allocations ... ok

test result: ok. 1 passed; 0 failed; 0 ignored; 0 measured; 0 filtered out; finished in 0.00s

   Doc-tests bytes_shared_nonunique_reserve

running 0 tests

test result: ok. 0 passed; 0 failed; 0 ignored; 0 measured; 0 filtered out; finished in 0.00s

cargo extraction compile/native smoke: PASS

=== shared-singleton-reclaim ===
cargo:rerun-if-changed=/workspace/rust-crate-proofs/bytes/1.11.1/verification/probes/shared-singleton-reclaim/../../../src/bytes_mut.rs
cargo:rerun-if-changed=build.rs
cargo:rustc-cfg=bytes_proof_probe
cargo:rustc-check-cfg=cfg(bytes_proof_probe)
cargo:rustc-cfg=bytes_proof_repeated_split
cargo:rustc-check-cfg=cfg(bytes_proof_repeated_split)
cargo:rerun-if-changed=/workspace/rust-crate-proofs/bytes/1.11.1/verification/probes/shared-singleton-reclaim/../../../src/ownership_proof/scalable_tickets.rs
cargo:rerun-if-changed=/workspace/rust-crate-proofs/bytes/1.11.1/verification/probes/shared-singleton-reclaim/../../../src/ownership_proof/singleton_region.rs
cargo:rerun-if-changed=/workspace/rust-crate-proofs/bytes/1.11.1/verification/probes/shared-singleton-reclaim/../../../src/ownership_proof/shared_reclaim.rs
cargo:rerun-if-changed=src/caller.inc
standalone rustc build.rs + extraction: PASS
   Compiling bytes-shared-singleton-reclaim v0.1.0 (/workspace/rust-crate-proofs/bytes/1.11.1/verification/probes/shared-singleton-reclaim)
warning: unused import: `RA`
  --> src/../../../../src/ownership_proof/owned_region.rs:11:33
   |
11 |     logic::{FMap, Id, Int, ra::{RA, excl::Excl}},
   |                                 ^^
   |
   = note: `#[warn(unused_imports)]` (part of `#[warn(unused)]`) on by default

warning: unused imports: `FMap`, `RA`, `UnitRA`, and `excl::Excl`
  --> src/../../../../src/ownership_proof/raw_vec.rs:25:13
   |
25 |     logic::{FMap, Id, Int, ra::{RA, UnitRA, excl::Excl}},
   |             ^^^^                ^^  ^^^^^^  ^^^^^^^^^^

warning: unused import: `RA`
 --> /workspace/bytes-proof-tools/targets/bytes/debug/build/bytes-shared-singleton-reclaim-c450cfeaae751b1a/out/scalable_tickets.rs:9:29
  |
9 |     logic::{FMap, Int, ra::{RA, excl::Excl}},
  |                             ^^

warning: unused import: `owned_region`
  --> src/lib.rs:27:28
   |
27 |     pub(crate) use crate::{owned_region, raw_vec, sequential_counter, scalable_tickets, bound_ptr, boxed_alignment};
   |                            ^^^^^^^^^^^^

warning: unused import: `ManuallyDrop`
 --> /workspace/bytes-proof-tools/targets/bytes/debug/build/bytes-shared-singleton-reclaim-c450cfeaae751b1a/out/actual_carrier.rs:2:22
  |
2 | use core::mem::{self,ManuallyDrop,MaybeUninit};
  |                      ^^^^^^^^^^^^

warning: unused import: `self`
 --> /workspace/bytes-proof-tools/targets/bytes/debug/build/bytes-shared-singleton-reclaim-c450cfeaae751b1a/out/actual_carrier.rs:3:17
  |
3 | use core::ptr::{self,NonNull};
  |                 ^^^^

warning: unused imports: `AtomicUsize` and `Ordering`
 --> /workspace/bytes-proof-tools/targets/bytes/debug/build/bytes-shared-singleton-reclaim-c450cfeaae751b1a/out/actual_carrier.rs:5:26
  |
5 | use core::sync::atomic::{AtomicUsize,Ordering};
  |                          ^^^^^^^^^^^ ^^^^^^^^

warning: unused import: `prelude::*`
 --> /workspace/rust-crate-proofs/bytes/1.11.1/src/ownership_proof/carrier_protocol.rs:5:49
  |
5 | use creusot_std::{ghost::perm::Perm, logic::Id, prelude::*};
  |                                                 ^^^^^^^^^^

warning: unused import: `prelude::*`
 --> /workspace/rust-crate-proofs/bytes/1.11.1/src/ownership_proof/shared_reclaim.rs:4:38
  |
4 | use creusot_std::{ghost::perm::Perm, prelude::*};
  |                                      ^^^^^^^^^^

warning: unused variable: `left`
  --> src/../../../../src/ownership_proof/owned_region.rs:33:5
   |
33 |     left: Snapshot<SlotMap>,
   |     ^^^^ help: if this is intentional, prefix it with an underscore: `_left`
   |
   = note: `#[warn(unused_variables)]` (part of `#[warn(unused)]`) on by default

warning: unused variable: `right`
  --> src/../../../../src/ownership_proof/owned_region.rs:34:5
   |
34 |     right: Snapshot<SlotMap>,
   |     ^^^^^ help: if this is intentional, prefix it with an underscore: `_right`

warning: unused variable: `whole`
  --> src/../../../../src/ownership_proof/owned_region.rs:35:5
   |
35 |     whole: Snapshot<SlotMap>,
   |     ^^^^^ help: if this is intentional, prefix it with an underscore: `_whole`

warning: unused variable: `merged`
  --> src/../../../../src/ownership_proof/owned_region.rs:38:9
   |
38 |     let merged: Snapshot<SlotMap> = snapshot! { (*left).total_op(*right) };
   |         ^^^^^^ help: if this is intentional, prefix it with an underscore: `_merged`

warning: unused variable: `left`
  --> src/../../../../src/ownership_proof/owned_region.rs:48:5
   |
48 |     left: Snapshot<SlotMap>,
   |     ^^^^ help: if this is intentional, prefix it with an underscore: `_left`

warning: unused variable: `right`
  --> src/../../../../src/ownership_proof/owned_region.rs:49:5
   |
49 |     right: Snapshot<SlotMap>,
   |     ^^^^^ help: if this is intentional, prefix it with an underscore: `_right`

warning: unused variable: `whole`
  --> src/../../../../src/ownership_proof/owned_region.rs:50:5
   |
50 |     whole: Snapshot<SlotMap>,
   |     ^^^^^ help: if this is intentional, prefix it with an underscore: `_whole`

warning: unused variable: `merged`
  --> src/../../../../src/ownership_proof/owned_region.rs:52:9
   |
52 |     let merged: Snapshot<SlotMap> = snapshot! { (*left).total_op(*right) };
   |         ^^^^^^ help: if this is intentional, prefix it with an underscore: `_merged`

warning: unused variable: `slots`
   --> src/../../../../src/ownership_proof/raw_vec.rs:109:9
    |
109 |     let slots = snapshot! { slots_grown(capabilities.inner_logic().1.ledger.slots(), old_capacity@, capacity@) };
    |         ^^^^^ help: if this is intentional, prefix it with an underscore: `_slots`

warning: unused variable: `unit`
   --> src/../../../../src/ownership_proof/raw_vec.rs:681:13
    |
681 |         let unit: Snapshot<KernelRA> = snapshot!(KernelRA::unit());
    |             ^^^^ help: if this is intentional, prefix it with an underscore: `_unit`

warning: unused variable: `empty_value`
   --> src/../../../../src/ownership_proof/raw_vec.rs:684:13
    |
684 |         let empty_value: Snapshot<KernelRA> = snapshot!((None, FMap::empty()));
    |             ^^^^^^^^^^^ help: if this is intentional, prefix it with an underscore: `_empty_value`

warning: unused variable: `input_model`
   --> src/../../../../src/ownership_proof/raw_vec.rs:819:9
    |
819 |     let input_model = snapshot!(input@);
    |         ^^^^^^^^^^^ help: if this is intentional, prefix it with an underscore: `_input_model`

warning: unused variable: `slot`
    --> src/../../../../src/ownership_proof/raw_vec.rs:1041:38
     |
1041 | pub(crate) fn slot_known_equivalence(slot: Option<Option<u8>>) {}
     |                                      ^^^^ help: if this is intentional, prefix it with an underscore: `_slot`

warning: unused variable: `own`
  --> src/../../../../src/ownership_proof/sequential_counter.rs:89:39
   |
89 |     pub(crate) fn load_acquire(&self, own: Ghost<&CounterOwn>) -> usize {
   |                                       ^^^ help: if this is intentional, prefix it with an underscore: `_own`

warning: unused variable: `pending`
   --> /workspace/bytes-proof-tools/targets/bytes/debug/build/bytes-shared-singleton-reclaim-c450cfeaae751b1a/out/scalable_tickets.rs:132:5
    |
132 |     pending: Snapshot<FMap<Int, (Int, Int)>>,
    |     ^^^^^^^ help: if this is intentional, prefix it with an underscore: `_pending`

warning: unused variable: `parent`
   --> /workspace/bytes-proof-tools/targets/bytes/debug/build/bytes-shared-singleton-reclaim-c450cfeaae751b1a/out/scalable_tickets.rs:133:5
    |
133 |     parent: Snapshot<Int>,
    |     ^^^^^^ help: if this is intentional, prefix it with an underscore: `_parent`

warning: unused variable: `left`
   --> /workspace/bytes-proof-tools/targets/bytes/debug/build/bytes-shared-singleton-reclaim-c450cfeaae751b1a/out/scalable_tickets.rs:134:5
    |
134 |     left: Snapshot<Int>,
    |     ^^^^ help: if this is intentional, prefix it with an underscore: `_left`

warning: unused variable: `right`
   --> /workspace/bytes-proof-tools/targets/bytes/debug/build/bytes-shared-singleton-reclaim-c450cfeaae751b1a/out/scalable_tickets.rs:135:5
    |
135 |     right: Snapshot<Int>,
    |     ^^^^^ help: if this is intentional, prefix it with an underscore: `_right`

warning: unused variable: `lo`
   --> /workspace/bytes-proof-tools/targets/bytes/debug/build/bytes-shared-singleton-reclaim-c450cfeaae751b1a/out/scalable_tickets.rs:136:5
    |
136 |     lo: Snapshot<Int>,
    |     ^^ help: if this is intentional, prefix it with an underscore: `_lo`

warning: unused variable: `at`
   --> /workspace/bytes-proof-tools/targets/bytes/debug/build/bytes-shared-singleton-reclaim-c450cfeaae751b1a/out/scalable_tickets.rs:137:5
    |
137 |     at: Snapshot<Int>,
    |     ^^ help: if this is intentional, prefix it with an underscore: `_at`

warning: unused variable: `hi`
   --> /workspace/bytes-proof-tools/targets/bytes/debug/build/bytes-shared-singleton-reclaim-c450cfeaae751b1a/out/scalable_tickets.rs:138:5
    |
138 |     hi: Snapshot<Int>,
    |     ^^ help: if this is intentional, prefix it with an underscore: `_hi`

warning: unused variable: `capacity`
   --> /workspace/bytes-proof-tools/targets/bytes/debug/build/bytes-shared-singleton-reclaim-c450cfeaae751b1a/out/scalable_tickets.rs:139:5
    |
139 |     capacity: Snapshot<Int>,
    |     ^^^^^^^^ help: if this is intentional, prefix it with an underscore: `_capacity`

warning: unused variable: `id`
   --> /workspace/bytes-proof-tools/targets/bytes/debug/build/bytes-shared-singleton-reclaim-c450cfeaae751b1a/out/scalable_tickets.rs:148:21
    |
148 | fn active_singleton(id: Snapshot<Int>, bounds: Snapshot<(Int, Int)>) {
    |                     ^^ help: if this is intentional, prefix it with an underscore: `_id`

warning: unused variable: `bounds`
   --> /workspace/bytes-proof-tools/targets/bytes/debug/build/bytes-shared-singleton-reclaim-c450cfeaae751b1a/out/scalable_tickets.rs:148:40
    |
148 | fn active_singleton(id: Snapshot<Int>, bounds: Snapshot<(Int, Int)>) {
    |                                        ^^^^^^ help: if this is intentional, prefix it with an underscore: `_bounds`

warning: unused variable: `left`
   --> /workspace/bytes-proof-tools/targets/bytes/debug/build/bytes-shared-singleton-reclaim-c450cfeaae751b1a/out/scalable_tickets.rs:149:9
    |
149 |     let left: Snapshot<RegistrationMap> =
    |         ^^^^ help: if this is intentional, prefix it with an underscore: `_left`

warning: unused variable: `right`
   --> /workspace/bytes-proof-tools/targets/bytes/debug/build/bytes-shared-singleton-reclaim-c450cfeaae751b1a/out/scalable_tickets.rs:151:9
    |
151 |     let right: Snapshot<RegistrationMap> = snapshot!(FMap::singleton(*id, Excl(())));
    |         ^^^^^ help: if this is intentional, prefix it with an underscore: `_right`

warning: unused variable: `pending`
   --> /workspace/bytes-proof-tools/targets/bytes/debug/build/bytes-shared-singleton-reclaim-c450cfeaae751b1a/out/scalable_tickets.rs:158:35
    |
158 | pub(crate) fn pending_cardinality(pending: Snapshot<FMap<Int, (Int, Int)>>) {
    |                                   ^^^^^^^ help: if this is intentional, prefix it with an underscore: `_pending`

warning: unused variable: `pending`
   --> /workspace/bytes-proof-tools/targets/bytes/debug/build/bytes-shared-singleton-reclaim-c450cfeaae751b1a/out/scalable_tickets.rs:168:18
    |
168 | fn active_remove(pending: Snapshot<FMap<Int, (Int, Int)>>, id: Snapshot<Int>) {
    |                  ^^^^^^^ help: if this is intentional, prefix it with an underscore: `_pending`

warning: unused variable: `id`
   --> /workspace/bytes-proof-tools/targets/bytes/debug/build/bytes-shared-singleton-reclaim-c450cfeaae751b1a/out/scalable_tickets.rs:168:60
    |
168 | fn active_remove(pending: Snapshot<FMap<Int, (Int, Int)>>, id: Snapshot<Int>) {
    |                                                            ^^ help: if this is intentional, prefix it with an underscore: `_id`

warning: unused variable: `left`
   --> /workspace/bytes-proof-tools/targets/bytes/debug/build/bytes-shared-singleton-reclaim-c450cfeaae751b1a/out/scalable_tickets.rs:169:9
    |
169 |     let left: Snapshot<RegistrationMap> = snapshot!(active_registrations((*pending).remove(*id)));
    |         ^^^^ help: if this is intentional, prefix it with an underscore: `_left`

warning: unused variable: `right`
   --> /workspace/bytes-proof-tools/targets/bytes/debug/build/bytes-shared-singleton-reclaim-c450cfeaae751b1a/out/scalable_tickets.rs:170:9
    |
170 |     let right: Snapshot<RegistrationMap> = snapshot!(active_registrations(*pending).remove(*id));
    |         ^^^^^ help: if this is intentional, prefix it with an underscore: `_right`

warning: unused variable: `pending`
   --> /workspace/bytes-proof-tools/targets/bytes/debug/build/bytes-shared-singleton-reclaim-c450cfeaae751b1a/out/scalable_tickets.rs:179:5
    |
179 |     pending: Snapshot<FMap<Int, (Int, Int)>>,
    |     ^^^^^^^ help: if this is intentional, prefix it with an underscore: `_pending`

warning: unused variable: `id`
   --> /workspace/bytes-proof-tools/targets/bytes/debug/build/bytes-shared-singleton-reclaim-c450cfeaae751b1a/out/scalable_tickets.rs:180:5
    |
180 |     id: Snapshot<Int>,
    |     ^^ help: if this is intentional, prefix it with an underscore: `_id`

warning: unused variable: `bounds`
   --> /workspace/bytes-proof-tools/targets/bytes/debug/build/bytes-shared-singleton-reclaim-c450cfeaae751b1a/out/scalable_tickets.rs:181:5
    |
181 |     bounds: Snapshot<(Int, Int)>,
    |     ^^^^^^ help: if this is intentional, prefix it with an underscore: `_bounds`

warning: unused variable: `left`
   --> /workspace/bytes-proof-tools/targets/bytes/debug/build/bytes-shared-singleton-reclaim-c450cfeaae751b1a/out/scalable_tickets.rs:183:9
    |
183 |     let left: Snapshot<RegistrationMap> = snapshot!(active_registrations((*pending).insert(*id, *bounds)));
    |         ^^^^ help: if this is intentional, prefix it with an underscore: `_left`

warning: unused variable: `right`
   --> /workspace/bytes-proof-tools/targets/bytes/debug/build/bytes-shared-singleton-reclaim-c450cfeaae751b1a/out/scalable_tickets.rs:184:9
    |
184 |     let right: Snapshot<RegistrationMap> = snapshot!(active_registrations(*pending).insert(*id, Excl(())));
    |         ^^^^^ help: if this is intentional, prefix it with an underscore: `_right`

warning: unused variable: `ticket`
   --> /workspace/bytes-proof-tools/targets/bytes/debug/build/bytes-shared-singleton-reclaim-c450cfeaae751b1a/out/scalable_tickets.rs:197:9
    |
197 |     let ticket: Snapshot<RegistrationMap> = snapshot!(FMap::singleton(*id, Excl(())));
    |         ^^^^^^ help: if this is intentional, prefix it with an underscore: `_ticket`

warning: unused variable: `rest`
   --> /workspace/bytes-proof-tools/targets/bytes/debug/build/bytes-shared-singleton-reclaim-c450cfeaae751b1a/out/scalable_tickets.rs:198:9
    |
198 |     let rest: Snapshot<RegistrationMap> = snapshot!(active_registrations((*pending).remove(*id)));
    |         ^^^^ help: if this is intentional, prefix it with an underscore: `_rest`

warning: unused variable: `whole`
   --> /workspace/bytes-proof-tools/targets/bytes/debug/build/bytes-shared-singleton-reclaim-c450cfeaae751b1a/out/scalable_tickets.rs:199:9
    |
199 |     let whole: Snapshot<RegistrationMap> = snapshot!(active_registrations(*pending));
    |         ^^^^^ help: if this is intentional, prefix it with an underscore: `_whole`

warning: unused variable: `merged`
   --> /workspace/bytes-proof-tools/targets/bytes/debug/build/bytes-shared-singleton-reclaim-c450cfeaae751b1a/out/scalable_tickets.rs:202:9
    |
202 |     let merged: Snapshot<RegistrationMap> = snapshot!((*ticket).total_op(*rest));
    |         ^^^^^^ help: if this is intentional, prefix it with an underscore: `_merged`

warning: unused variable: `returned`
   --> /workspace/bytes-proof-tools/targets/bytes/debug/build/bytes-shared-singleton-reclaim-c450cfeaae751b1a/out/scalable_tickets.rs:215:5
    |
215 |     returned: Snapshot<RegistrationMap>,
    |     ^^^^^^^^ help: if this is intentional, prefix it with an underscore: `_returned`

warning: unused variable: `ticket`
   --> /workspace/bytes-proof-tools/targets/bytes/debug/build/bytes-shared-singleton-reclaim-c450cfeaae751b1a/out/scalable_tickets.rs:216:5
    |
216 |     ticket: Snapshot<RegistrationMap>,
    |     ^^^^^^ help: if this is intentional, prefix it with an underscore: `_ticket`

warning: unused variable: `remaining`
   --> /workspace/bytes-proof-tools/targets/bytes/debug/build/bytes-shared-singleton-reclaim-c450cfeaae751b1a/out/scalable_tickets.rs:217:5
    |
217 |     remaining: Snapshot<RegistrationMap>,
    |     ^^^^^^^^^ help: if this is intentional, prefix it with an underscore: `_remaining`

warning: unused variable: `active`
   --> /workspace/bytes-proof-tools/targets/bytes/debug/build/bytes-shared-singleton-reclaim-c450cfeaae751b1a/out/scalable_tickets.rs:218:5
    |
218 |     active: Snapshot<RegistrationMap>,
    |     ^^^^^^ help: if this is intentional, prefix it with an underscore: `_active`

warning: unused variable: `new_returned`
   --> /workspace/bytes-proof-tools/targets/bytes/debug/build/bytes-shared-singleton-reclaim-c450cfeaae751b1a/out/scalable_tickets.rs:219:5
    |
219 |     new_returned: Snapshot<RegistrationMap>,
    |     ^^^^^^^^^^^^ help: if this is intentional, prefix it with an underscore: `_new_returned`

warning: unused variable: `authority`
   --> /workspace/bytes-proof-tools/targets/bytes/debug/build/bytes-shared-singleton-reclaim-c450cfeaae751b1a/out/scalable_tickets.rs:220:5
    |
220 |     authority: Snapshot<RegistrationMap>,
    |     ^^^^^^^^^ help: if this is intentional, prefix it with an underscore: `_authority`

warning: unused variable: `map`
   --> /workspace/bytes-proof-tools/targets/bytes/debug/build/bytes-shared-singleton-reclaim-c450cfeaae751b1a/out/scalable_tickets.rs:241:5
    |
241 |     map: Snapshot<RegistrationMap>,
    |     ^^^ help: if this is intentional, prefix it with an underscore: `_map`

warning: unused variable: `first`
   --> /workspace/bytes-proof-tools/targets/bytes/debug/build/bytes-shared-singleton-reclaim-c450cfeaae751b1a/out/scalable_tickets.rs:242:5
    |
242 |     first: Snapshot<Int>,
    |     ^^^^^ help: if this is intentional, prefix it with an underscore: `_first`

warning: unused variable: `second`
   --> /workspace/bytes-proof-tools/targets/bytes/debug/build/bytes-shared-singleton-reclaim-c450cfeaae751b1a/out/scalable_tickets.rs:243:5
    |
243 |     second: Snapshot<Int>,
    |     ^^^^^^ help: if this is intentional, prefix it with an underscore: `_second`

warning: unused variable: `first_ticket`
   --> /workspace/bytes-proof-tools/targets/bytes/debug/build/bytes-shared-singleton-reclaim-c450cfeaae751b1a/out/scalable_tickets.rs:245:9
    |
245 |     let first_ticket: Snapshot<RegistrationMap> =
    |         ^^^^^^^^^^^^ help: if this is intentional, prefix it with an underscore: `_first_ticket`

warning: unused variable: `second_ticket`
   --> /workspace/bytes-proof-tools/targets/bytes/debug/build/bytes-shared-singleton-reclaim-c450cfeaae751b1a/out/scalable_tickets.rs:247:9
    |
247 |     let second_ticket: Snapshot<RegistrationMap> =
    |         ^^^^^^^^^^^^^ help: if this is intentional, prefix it with an underscore: `_second_ticket`

warning: unused variable: `after_first`
   --> /workspace/bytes-proof-tools/targets/bytes/debug/build/bytes-shared-singleton-reclaim-c450cfeaae751b1a/out/scalable_tickets.rs:252:9
    |
252 |     let after_first: Snapshot<RegistrationMap> =
    |         ^^^^^^^^^^^ help: if this is intentional, prefix it with an underscore: `_after_first`

warning: unused variable: `returned`
   --> /workspace/bytes-proof-tools/targets/bytes/debug/build/bytes-shared-singleton-reclaim-c450cfeaae751b1a/out/scalable_tickets.rs:271:5
    |
271 |     returned: Snapshot<RegistrationMap>,
    |     ^^^^^^^^ help: if this is intentional, prefix it with an underscore: `_returned`

warning: unused variable: `active`
   --> /workspace/bytes-proof-tools/targets/bytes/debug/build/bytes-shared-singleton-reclaim-c450cfeaae751b1a/out/scalable_tickets.rs:272:5
    |
272 |     active: Snapshot<RegistrationMap>,
    |     ^^^^^^ help: if this is intentional, prefix it with an underscore: `_active`

warning: unused variable: `authority`
   --> /workspace/bytes-proof-tools/targets/bytes/debug/build/bytes-shared-singleton-reclaim-c450cfeaae751b1a/out/scalable_tickets.rs:273:5
    |
273 |     authority: Snapshot<RegistrationMap>,
    |     ^^^^^^^^^ help: if this is intentional, prefix it with an underscore: `_authority`

warning: unused variable: `fresh`
   --> /workspace/bytes-proof-tools/targets/bytes/debug/build/bytes-shared-singleton-reclaim-c450cfeaae751b1a/out/scalable_tickets.rs:274:5
    |
274 |     fresh: Snapshot<Int>,
    |     ^^^^^ help: if this is intentional, prefix it with an underscore: `_fresh`

warning: unused variable: `next_active`
   --> /workspace/bytes-proof-tools/targets/bytes/debug/build/bytes-shared-singleton-reclaim-c450cfeaae751b1a/out/scalable_tickets.rs:276:9
    |
276 |     let next_active: Snapshot<RegistrationMap> = snapshot!((*active).insert(*fresh, Excl(())));
    |         ^^^^^^^^^^^ help: if this is intentional, prefix it with an underscore: `_next_active`

warning: unused variable: `next_authority`
   --> /workspace/bytes-proof-tools/targets/bytes/debug/build/bytes-shared-singleton-reclaim-c450cfeaae751b1a/out/scalable_tickets.rs:277:9
    |
277 |     let next_authority: Snapshot<RegistrationMap> = snapshot!((*authority).insert(*fresh, Excl(())));
    |         ^^^^^^^^^^^^^^ help: if this is intentional, prefix it with an underscore: `_next_authority`

warning: unused variable: `merged`
   --> /workspace/bytes-proof-tools/targets/bytes/debug/build/bytes-shared-singleton-reclaim-c450cfeaae751b1a/out/scalable_tickets.rs:280:9
    |
280 |     let merged: Snapshot<RegistrationMap> = snapshot!((*returned).total_op(*next_active));
    |         ^^^^^^ help: if this is intentional, prefix it with an underscore: `_merged`

warning: unused variable: `parent_id`
   --> /workspace/bytes-proof-tools/targets/bytes/debug/build/bytes-shared-singleton-reclaim-c450cfeaae751b1a/out/scalable_tickets.rs:553:13
    |
553 |         let parent_id = parent.id;
    |             ^^^^^^^^^ help: if this is intentional, prefix it with an underscore: `_parent_id`

warning: unused variable: `next_id`
   --> /workspace/bytes-proof-tools/targets/bytes/debug/build/bytes-shared-singleton-reclaim-c450cfeaae751b1a/out/scalable_tickets.rs:573:33
    |
573 |         let (left_id, right_id, next_id) = ids.into_ghost().into_inner();
    |                                 ^^^^^^^ help: if this is intentional, prefix it with an underscore: `_next_id`

warning: unused variable: `at`
   --> /workspace/bytes-proof-tools/targets/bytes/debug/build/bytes-shared-singleton-reclaim-c450cfeaae751b1a/out/scalable_tickets.rs:732:5
    |
732 |     at: usize,
    |     ^^ help: if this is intentional, prefix it with an underscore: `_at`

warning: unused variable: `pending`
  --> /workspace/rust-crate-proofs/bytes/1.11.1/src/ownership_proof/singleton_region.rs:24:13
   |
24 |         let pending = state.status.pending;
   |             ^^^^^^^ help: if this is intentional, prefix it with an underscore: `_pending`

warning: unused variable: `ticket_id`
  --> /workspace/rust-crate-proofs/bytes/1.11.1/src/ownership_proof/singleton_region.rs:25:13
   |
25 |         let ticket_id = snapshot!(ticket.logical_id());
   |             ^^^^^^^^^ help: if this is intentional, prefix it with an underscore: `_ticket_id`

warning: unused variable: `address`
  --> src/../../../../src/ownership_proof/boxed_alignment.rs:23:49
   |
23 | pub(crate) fn aligned_address_has_clear_low_bit(address: usize, alignment: usize) {}
   |                                                 ^^^^^^^ help: if this is intentional, prefix it with an underscore: `_address`

warning: unused variable: `alignment`
  --> src/../../../../src/ownership_proof/boxed_alignment.rs:23:65
   |
23 | pub(crate) fn aligned_address_has_clear_low_bit(address: usize, alignment: usize) {}
   |                                                                 ^^^^^^^^^ help: if this is intentional, prefix it with an underscore: `_alignment`

warning: unused variable: `control`
  --> /workspace/bytes-proof-tools/targets/bytes/debug/build/bytes-shared-singleton-reclaim-c450cfeaae751b1a/out/actual_carrier.rs:87:40
   |
87 |     #[cfg(bytes_proof_repeated_split)] control: sequential_shared_control::ControlPtr,
   |                                        ^^^^^^^ help: if this is intentional, prefix it with an underscore: `_control`

warning: unused variable: `ptr`
   --> /workspace/bytes-proof-tools/targets/bytes/debug/build/bytes-shared-singleton-reclaim-c450cfeaae751b1a/out/actual_carrier.rs:169:28
    |
169 | unsafe fn increment_shared(ptr: *mut Shared,
    |                            ^^^ help: if this is intentional, prefix it with an underscore: `_ptr`

warning: unused variable: `context`
  --> /workspace/rust-crate-proofs/bytes/1.11.1/src/ownership_proof/carrier_protocol.rs:83:37
   |
83 |     pub(super) fn singleton_is_sole(context: Snapshot<ControlContext>, registration: Snapshot<Self>) {
   |                                     ^^^^^^^ help: if this is intentional, prefix it with an underscore: `_context`

warning: unused variable: `registration`
  --> /workspace/rust-crate-proofs/bytes/1.11.1/src/ownership_proof/carrier_protocol.rs:83:72
   |
83 |     pub(super) fn singleton_is_sole(context: Snapshot<ControlContext>, registration: Snapshot<Self>) {
   |                                                                        ^^^^^^^^^^^^ help: if this is intentional, prefix it with an underscore: `_registration`

warning: unused variable: `pending`
  --> /workspace/rust-crate-proofs/bytes/1.11.1/src/ownership_proof/carrier_protocol.rs:84:13
   |
84 |         let pending = snapshot!(*context.status.pending);
   |             ^^^^^^^ help: if this is intentional, prefix it with an underscore: `_pending`

warning: unused variable: `base`
   --> /workspace/rust-crate-proofs/bytes/1.11.1/src/ownership_proof/carrier_protocol.rs:125:46
    |
125 | pub(super) fn activate(pointer: *mut Shared, base: BoundPtr, capacity: usize,
    |                                              ^^^^ help: if this is intentional, prefix it with an underscore: `_base`

warning: variable does not need to be mutable
   --> /workspace/rust-crate-proofs/bytes/1.11.1/src/ownership_proof/carrier_protocol.rs:148:46
    |
148 | pub(super) fn increment(control: ControlPtr, mut context: Ghost<&mut ControlContext>) -> usize {
    |                                              ----^^^^^^^
    |                                              |
    |                                              help: remove this `mut`
    |
    = note: `#[warn(unused_mut)]` (part of `#[warn(unused)]`) on by default

warning: variable does not need to be mutable
   --> /workspace/rust-crate-proofs/bytes/1.11.1/src/ownership_proof/carrier_protocol.rs:242:5
    |
242 |     mut packet: Ghost<&'a mut Packet>,
    |     ----^^^^^^
    |     |
    |     help: remove this `mut`

warning: variable does not need to be mutable
   --> /workspace/rust-crate-proofs/bytes/1.11.1/src/ownership_proof/carrier_protocol.rs:305:5
    |
305 |     mut packet: Ghost<&'a mut Packet>,
    |     ----^^^^^^
    |     |
    |     help: remove this `mut`

warning: variable does not need to be mutable
   --> /workspace/bytes-proof-tools/targets/bytes/debug/build/bytes-shared-singleton-reclaim-c450cfeaae751b1a/out/actual_carrier.rs:839:17
    |
839 |             let mut other = self.shallow_clone();
    |                 ----^^^^^
    |                 |
    |                 help: remove this `mut`

warning: variable does not need to be mutable
   --> /workspace/bytes-proof-tools/targets/bytes/debug/build/bytes-shared-singleton-reclaim-c450cfeaae751b1a/out/actual_carrier.rs:904:17
    |
904 |             let mut other = self.shallow_clone();
    |                 ----^^^^^
    |                 |
    |                 help: remove this `mut`

warning: unused variable: `off`
    --> /workspace/bytes-proof-tools/targets/bytes/debug/build/bytes-shared-singleton-reclaim-c450cfeaae751b1a/out/actual_carrier.rs:1035:13
     |
1035 |         let off = crate::capacity_ops::vec_pos_from_data(
     |             ^^^ help: if this is intentional, prefix it with an underscore: `_off`

warning: unused variable: `handle`
    --> /workspace/bytes-proof-tools/targets/bytes/debug/build/bytes-shared-singleton-reclaim-c450cfeaae751b1a/out/actual_carrier.rs:1282:41
     |
1282 |     fn proof_initialization_coordinates(handle: Snapshot<Self>) {
     |                                         ^^^^^^ help: if this is intentional, prefix it with an underscore: `_handle`

warning: unused variable: `at`
    --> /workspace/bytes-proof-tools/targets/bytes/debug/build/bytes-shared-singleton-reclaim-c450cfeaae751b1a/out/actual_carrier.rs:1456:66
     |
1456 |     fn proof_register_carrier_split(&mut self, other: &mut Self, at: usize) {
     |                                                                  ^^ help: if this is intentional, prefix it with an underscore: `_at`

warning: unused variable: `original`
    --> /workspace/bytes-proof-tools/targets/bytes/debug/build/bytes-shared-singleton-reclaim-c450cfeaae751b1a/out/actual_carrier.rs:1687:9
     |
1687 |     let original = snapshot!(right);
     |         ^^^^^^^^ help: if this is intentional, prefix it with an underscore: `_original`

warning: type `actual::Shared` is more private than the item `SingletonLease::owner`
  --> /workspace/rust-crate-proofs/bytes/1.11.1/src/ownership_proof/shared_reclaim.rs:14:5
   |
14 |     pub(crate) owner: Box<Perm<*const Shared>>,
   |     ^^^^^^^^^^^^^^^^^^^^^^^^^^^^^^^^^^^^^^^^^^ field `SingletonLease::owner` is reachable at visibility `pub(crate)`
   |
note: but type `actual::Shared` is only usable at visibility `pub(self)`
  --> /workspace/bytes-proof-tools/targets/bytes/debug/build/bytes-shared-singleton-reclaim-c450cfeaae751b1a/out/actual_carrier.rs:56:1
   |
56 | struct Shared {
   | ^^^^^^^^^^^^^
   = note: `#[warn(private_interfaces)]` on by default

warning: type `HandleRegistration` is more private than the item `acquire`
  --> /workspace/rust-crate-proofs/bytes/1.11.1/src/ownership_proof/shared_reclaim.rs:55:1
   |
55 | / pub(crate) fn acquire(
56 | |     control: ControlPtr,
57 | |     context: Ghost<ControlContext>,
58 | |     registration: Ghost<HandleRegistration>,
59 | | ) -> Ghost<SingletonLease> {
   | |__________________________^ function `acquire` is reachable at visibility `pub(crate)`
   |
note: but type `HandleRegistration` is only usable at visibility `pub(in crate::actual)`
  --> /workspace/rust-crate-proofs/bytes/1.11.1/src/ownership_proof/carrier_protocol.rs:67:1
   |
67 | pub(super) struct HandleRegistration {
   | ^^^^^^^^^^^^^^^^^^^^^^^^^^^^^^^^^^^^

warning: type `HandleRegistration` is more private than the item `reactivate`
  --> /workspace/rust-crate-proofs/bytes/1.11.1/src/ownership_proof/shared_reclaim.rs:85:1
   |
85 | / pub(crate) fn reactivate(
86 | |     control: ControlPtr,
87 | |     lease: Ghost<SingletonLease>,
88 | | ) -> Ghost<(ControlContext, HandleRegistration)> {
   | |________________________________________________^ function `reactivate` is reachable at visibility `pub(crate)`
   |
note: but type `HandleRegistration` is only usable at visibility `pub(in crate::actual)`
  --> /workspace/rust-crate-proofs/bytes/1.11.1/src/ownership_proof/carrier_protocol.rs:67:1
   |
67 | pub(super) struct HandleRegistration {
   | ^^^^^^^^^^^^^^^^^^^^^^^^^^^^^^^^^^^^

warning: function `reallocate_u8` is never used
  --> src/../../../../src/allocation_ops.rs:25:22
   |
25 | pub(crate) unsafe fn reallocate_u8(base: *mut u8, old_capacity: usize, capacity: usize) -> core::ptr::NonNull<u8> {
   |                      ^^^^^^^^^^^^^
   |
   = note: `#[warn(dead_code)]` (part of `#[warn(unused)]`) on by default

warning: function `pointer_addr_eq` is never used
  --> src/../../../../src/provenance_specs.rs:19:15
   |
19 | pub(crate) fn pointer_addr_eq<T>(left: *const T, right: *const T) -> bool {
   |               ^^^^^^^^^^^^^^^

warning: function `pointer_with_address` is never used
  --> src/../../../../src/provenance_specs.rs:88:15
   |
88 | pub(crate) fn pointer_with_address(ptr: *mut u8, new_addr: usize) -> *mut u8 {
   |               ^^^^^^^^^^^^^^^^^^^^

warning: method `join` is never used
   --> src/../../../../src/ownership_proof/owned_region.rs:243:19
    |
 95 | impl OwnedRegion {
    | ---------------- method in this implementation
...
243 |     pub(crate) fn join(self, other: Self) -> Self {
    |                   ^^^^

warning: function `reallocate_bound` is never used
   --> src/../../../../src/ownership_proof/raw_vec.rs:103:22
    |
103 | pub(crate) unsafe fn reallocate_bound(base: BoundPtr, old_capacity: usize, capacity: usize,
    |                      ^^^^^^^^^^^^^^^^

warning: methods `as_non_null`, `offset_from_bound_base`, and `retreat_within` are never used
   --> src/../../../../src/ownership_proof/raw_vec.rs:284:19
    |
241 | impl BoundPtr {
    | ------------- methods in this implementation
...
284 |     pub(crate) fn as_non_null(&self) -> NonNull<u8> {
    |                   ^^^^^^^^^^^
...
307 |     pub(crate) fn offset_from_bound_base(&self, base: Self) -> usize {
    |                   ^^^^^^^^^^^^^^^^^^^^^^
...
319 |     pub(crate) fn retreat_within(&self, count: usize) -> Self {
    |                   ^^^^^^^^^^^^^^

warning: fields `resource` and `descriptor` are never read
   --> src/../../../../src/ownership_proof/raw_vec.rs:442:5
    |
441 | pub(crate) struct Recovery {
    |                   -------- fields in this struct
442 |     resource: Resource<KernelRA>,
    |     ^^^^^^^^
443 |     descriptor: AllocationDesc,
    |     ^^^^^^^^^^

warning: method `join` is never used
   --> src/../../../../src/ownership_proof/raw_vec.rs:599:19
    |
513 | impl PhysicalRegion {
    | ------------------- method in this implementation
...
599 |     pub(crate) fn join(self, other: Self) -> Self {
    |                   ^^^^

warning: function `resume_vec` is never used
   --> src/../../../../src/ownership_proof/raw_vec.rs:899:22
    |
899 | pub(crate) unsafe fn resume_vec(
    |                      ^^^^^^^^^^

warning: function `deallocate_vec` is never used
   --> src/../../../../src/ownership_proof/raw_vec.rs:935:22
    |
935 | pub(crate) unsafe fn deallocate_vec(
    |                      ^^^^^^^^^^^^^^

warning: function `borrow_mut` is never used
    --> src/../../../../src/ownership_proof/raw_vec.rs:1019:22
     |
1019 | pub(crate) unsafe fn borrow_mut<'a>(
     |                      ^^^^^^^^^^

warning: function `slot_known_equivalence` is never used
    --> src/../../../../src/ownership_proof/raw_vec.rs:1041:15
     |
1041 | pub(crate) fn slot_known_equivalence(slot: Option<Option<u8>>) {}
     |               ^^^^^^^^^^^^^^^^^^^^^^

warning: function `borrow_empty_bound` is never used
    --> src/../../../../src/ownership_proof/raw_vec.rs:1204:22
     |
1204 | pub(crate) unsafe fn borrow_empty_bound<'a>(bound: &'a BoundPtr) -> &'a [u8] {
     |                      ^^^^^^^^^^^^^^^^^^

warning: function `borrow_empty_bound_mut` is never used
    --> src/../../../../src/ownership_proof/raw_vec.rs:1213:22
     |
1213 | pub(crate) unsafe fn borrow_empty_bound_mut<'a>(bound: &'a BoundPtr) -> &'a mut [u8] {
     |                      ^^^^^^^^^^^^^^^^^^^^^^

warning: function `borrow_empty_bound_uninit_mut` is never used
    --> src/../../../../src/ownership_proof/raw_vec.rs:1221:22
     |
1221 | pub(crate) unsafe fn borrow_empty_bound_uninit_mut<'a>(
     |                      ^^^^^^^^^^^^^^^^^^^^^^^^^^^^^

warning: function `reallocate_u8` is never used
  --> src/../../../../src/ownership_proof/../allocation_ops.rs:25:22
   |
25 | pub(crate) unsafe fn reallocate_u8(base: *mut u8, old_capacity: usize, capacity: usize) -> core::ptr::NonNull<u8> {
   |                      ^^^^^^^^^^^^^

warning: fields `capacity`, `allocation`, and `registration` are never read
  --> /workspace/bytes-proof-tools/targets/bytes/debug/build/bytes-shared-singleton-reclaim-c450cfeaae751b1a/out/scalable_tickets.rs:63:16
   |
62 | pub(crate) struct Status {
   |                   ------ fields in this struct
63 |     pub(crate) capacity: Int,
   |                ^^^^^^^^
64 |     pub(crate) allocation: Id,
   |                ^^^^^^^^^^
65 |     pub(crate) registration: Id,
   |                ^^^^^^^^^^^^
   |
   = note: `Status` has a derived impl for the trait `Clone`, but this is intentionally ignored during dead code analysis

warning: function `initialize` is never used
   --> /workspace/bytes-proof-tools/targets/bytes/debug/build/bytes-shared-singleton-reclaim-c450cfeaae751b1a/out/scalable_tickets.rs:508:15
    |
508 | pub(crate) fn initialize(input: alloc::vec::Vec<u8>) -> (crate::ownership_proof::raw_vec::BoundPtr, usize, Ghost<(Coordinator, Pack...
    |               ^^^^^^^^^^

warning: function `replace` is never used
   --> /workspace/bytes-proof-tools/targets/bytes/debug/build/bytes-shared-singleton-reclaim-c450cfeaae751b1a/out/scalable_tickets.rs:729:15
    |
729 | pub(crate) fn replace(
    |               ^^^^^^^

warning: function `release_unique_storage` is never used
  --> /workspace/bytes-proof-tools/targets/bytes/debug/build/bytes-shared-singleton-reclaim-c450cfeaae751b1a/out/actual_carrier.rs:19:11
   |
19 | unsafe fn release_unique_storage(
   |           ^^^^^^^^^^^^^^^^^^^^^^

warning: field `original_capacity_repr` is never read
  --> /workspace/bytes-proof-tools/targets/bytes/debug/build/bytes-shared-singleton-reclaim-c450cfeaae751b1a/out/actual_carrier.rs:58:5
   |
56 | struct Shared {
   |        ------ field in this struct
57 |     buffer: SharedBuffer,
58 |     original_capacity_repr: usize,
   |     ^^^^^^^^^^^^^^^^^^^^^^

warning: associated function `singleton_is_sole` is never used
  --> /workspace/rust-crate-proofs/bytes/1.11.1/src/ownership_proof/carrier_protocol.rs:83:19
   |
75 | impl HandleRegistration {
   | ----------------------- associated function in this implementation
...
83 |     pub(super) fn singleton_is_sole(context: Snapshot<ControlContext>, registration: Snapshot<Self>) {
   |                   ^^^^^^^^^^^^^^^^^

warning: `bytes-shared-singleton-reclaim` (lib test) generated 115 warnings (run `cargo fix --lib -p bytes-shared-singleton-reclaim --tests` to apply 90 suggestions)
warning: `bytes-shared-singleton-reclaim` (lib) generated 115 warnings (115 duplicates)
    Finished `test` profile [unoptimized + debuginfo] target(s) in 0.87s
     Running unittests src/lib.rs (/workspace/bytes-proof-tools/targets/bytes/debug/deps/bytes_shared_singleton_reclaim-d7e71d3ea8094ba3)

running 0 tests

test result: ok. 0 passed; 0 failed; 0 ignored; 0 measured; 0 filtered out; finished in 0.00s

     Running tests/allocations.rs (/workspace/bytes-proof-tools/targets/bytes/debug/deps/allocations-930b039dbe2d9f53)

running 1 test
test singleton_reactivation_preserves_original_buffer_and_control ... ok

test result: ok. 1 passed; 0 failed; 0 ignored; 0 measured; 0 filtered out; finished in 0.00s

   Doc-tests bytes_shared_singleton_reclaim

running 0 tests

test result: ok. 0 passed; 0 failed; 0 ignored; 0 measured; 0 filtered out; finished in 0.00s

cargo extraction compile/native smoke: PASS

=== shared-singleton-reserve ===
warning: unused variable: `helpers`
   --> /workspace/rust-crate-proofs/bytes/1.11.1/verification/probes/shared-singleton-reserve/build.rs:195:9
    |
195 |     let helpers=Fragment {name:"carrier_methods",text:&source[start..end],start,end};
    |         ^^^^^^^ help: if this is intentional, prefix it with an underscore: `_helpers`
    |
    = note: `#[warn(unused_variables)]` (part of `#[warn(unused)]`) on by default

warning: 1 warning emitted

cargo:rerun-if-changed=/workspace/rust-crate-proofs/bytes/1.11.1/verification/probes/shared-singleton-reserve/../../../src/bytes_mut.rs
cargo:rerun-if-changed=build.rs
cargo:rustc-cfg=bytes_proof_probe
cargo:rustc-check-cfg=cfg(bytes_proof_probe)
cargo:rustc-cfg=bytes_proof_repeated_split
cargo:rustc-check-cfg=cfg(bytes_proof_repeated_split)
cargo:rerun-if-changed=/workspace/rust-crate-proofs/bytes/1.11.1/verification/probes/shared-singleton-reserve/../../../src/ownership_proof/scalable_tickets.rs
cargo:rerun-if-changed=/workspace/rust-crate-proofs/bytes/1.11.1/verification/probes/shared-singleton-reserve/../../../src/ownership_proof/singleton_region.rs
cargo:rerun-if-changed=/workspace/rust-crate-proofs/bytes/1.11.1/verification/probes/shared-singleton-reserve/../../../src/ownership_proof/shared_reclaim.rs
cargo:rerun-if-changed=/workspace/rust-crate-proofs/bytes/1.11.1/verification/probes/shared-singleton-reserve/../../../src/ownership_proof/shared_reserve.rs
cargo:rerun-if-changed=/workspace/rust-crate-proofs/bytes/1.11.1/verification/probes/shared-singleton-reserve/../../../src/ownership_proof/adjacent_region.rs
cargo:rerun-if-changed=src/caller.inc
standalone rustc build.rs + extraction: PASS
   Compiling bytes-shared-singleton-reserve v0.1.0 (/workspace/rust-crate-proofs/bytes/1.11.1/verification/probes/shared-singleton-reserve)
warning: unused variable: `helpers`
   --> build.rs:195:9
    |
195 |     let helpers=Fragment {name:"carrier_methods",text:&source[start..end],start,end};
    |         ^^^^^^^ help: if this is intentional, prefix it with an underscore: `_helpers`
    |
    = note: `#[warn(unused_variables)]` (part of `#[warn(unused)]`) on by default

warning: `bytes-shared-singleton-reserve` (build script) generated 1 warning
warning: unused import: `RA`
  --> src/../../../../src/ownership_proof/owned_region.rs:11:33
   |
11 |     logic::{FMap, Id, Int, ra::{RA, excl::Excl}},
   |                                 ^^
   |
   = note: `#[warn(unused_imports)]` (part of `#[warn(unused)]`) on by default

warning: unused imports: `FMap`, `RA`, `UnitRA`, and `excl::Excl`
  --> src/../../../../src/ownership_proof/raw_vec.rs:25:13
   |
25 |     logic::{FMap, Id, Int, ra::{RA, UnitRA, excl::Excl}},
   |             ^^^^                ^^  ^^^^^^  ^^^^^^^^^^

warning: unused import: `RA`
 --> /workspace/bytes-proof-tools/targets/bytes/debug/build/bytes-shared-singleton-reserve-1147c8afe82114c8/out/scalable_tickets.rs:9:29
  |
9 |     logic::{FMap, Int, ra::{RA, excl::Excl}},
  |                             ^^

warning: unused import: `owned_region`
  --> src/lib.rs:29:28
   |
29 |     pub(crate) use crate::{owned_region, raw_vec, sequential_counter, scalable_tickets, bound_ptr, boxed_alignment, unique_reclaim};
   |                            ^^^^^^^^^^^^

warning: unused imports: `ManuallyDrop` and `MaybeUninit`
 --> /workspace/bytes-proof-tools/targets/bytes/debug/build/bytes-shared-singleton-reserve-1147c8afe82114c8/out/actual_carrier.rs:2:22
  |
2 | use core::mem::{self,ManuallyDrop,MaybeUninit};
  |                      ^^^^^^^^^^^^ ^^^^^^^^^^^

warning: unused import: `self`
 --> /workspace/bytes-proof-tools/targets/bytes/debug/build/bytes-shared-singleton-reserve-1147c8afe82114c8/out/actual_carrier.rs:3:17
  |
3 | use core::ptr::{self,NonNull};
  |                 ^^^^

warning: unused imports: `AtomicUsize` and `Ordering`
 --> /workspace/bytes-proof-tools/targets/bytes/debug/build/bytes-shared-singleton-reserve-1147c8afe82114c8/out/actual_carrier.rs:5:26
  |
5 | use core::sync::atomic::{AtomicUsize,Ordering};
  |                          ^^^^^^^^^^^ ^^^^^^^^

warning: unused import: `prelude::*`
 --> /workspace/rust-crate-proofs/bytes/1.11.1/src/ownership_proof/carrier_protocol.rs:5:49
  |
5 | use creusot_std::{ghost::perm::Perm, logic::Id, prelude::*};
  |                                                 ^^^^^^^^^^

warning: unused import: `prelude::*`
 --> /workspace/rust-crate-proofs/bytes/1.11.1/src/ownership_proof/shared_reclaim.rs:4:38
  |
4 | use creusot_std::{ghost::perm::Perm, prelude::*};
  |                                      ^^^^^^^^^^

warning: unused import: `prelude::*`
 --> /workspace/rust-crate-proofs/bytes/1.11.1/src/ownership_proof/shared_reserve.rs:3:38
  |
3 | use creusot_std::{ghost::perm::Perm, prelude::*};
  |                                      ^^^^^^^^^^

warning: unused variable: `left`
  --> src/../../../../src/ownership_proof/owned_region.rs:33:5
   |
33 |     left: Snapshot<SlotMap>,
   |     ^^^^ help: if this is intentional, prefix it with an underscore: `_left`
   |
   = note: `#[warn(unused_variables)]` (part of `#[warn(unused)]`) on by default

warning: unused variable: `right`
  --> src/../../../../src/ownership_proof/owned_region.rs:34:5
   |
34 |     right: Snapshot<SlotMap>,
   |     ^^^^^ help: if this is intentional, prefix it with an underscore: `_right`

warning: unused variable: `whole`
  --> src/../../../../src/ownership_proof/owned_region.rs:35:5
   |
35 |     whole: Snapshot<SlotMap>,
   |     ^^^^^ help: if this is intentional, prefix it with an underscore: `_whole`

warning: unused variable: `merged`
  --> src/../../../../src/ownership_proof/owned_region.rs:38:9
   |
38 |     let merged: Snapshot<SlotMap> = snapshot! { (*left).total_op(*right) };
   |         ^^^^^^ help: if this is intentional, prefix it with an underscore: `_merged`

warning: unused variable: `left`
  --> src/../../../../src/ownership_proof/owned_region.rs:48:5
   |
48 |     left: Snapshot<SlotMap>,
   |     ^^^^ help: if this is intentional, prefix it with an underscore: `_left`

warning: unused variable: `right`
  --> src/../../../../src/ownership_proof/owned_region.rs:49:5
   |
49 |     right: Snapshot<SlotMap>,
   |     ^^^^^ help: if this is intentional, prefix it with an underscore: `_right`

warning: unused variable: `whole`
  --> src/../../../../src/ownership_proof/owned_region.rs:50:5
   |
50 |     whole: Snapshot<SlotMap>,
   |     ^^^^^ help: if this is intentional, prefix it with an underscore: `_whole`

warning: unused variable: `merged`
  --> src/../../../../src/ownership_proof/owned_region.rs:52:9
   |
52 |     let merged: Snapshot<SlotMap> = snapshot! { (*left).total_op(*right) };
   |         ^^^^^^ help: if this is intentional, prefix it with an underscore: `_merged`

warning: unused variable: `slots`
   --> src/../../../../src/ownership_proof/raw_vec.rs:109:9
    |
109 |     let slots = snapshot! { slots_grown(capabilities.inner_logic().1.ledger.slots(), old_capacity@, capacity@) };
    |         ^^^^^ help: if this is intentional, prefix it with an underscore: `_slots`

warning: unused variable: `unit`
   --> src/../../../../src/ownership_proof/raw_vec.rs:681:13
    |
681 |         let unit: Snapshot<KernelRA> = snapshot!(KernelRA::unit());
    |             ^^^^ help: if this is intentional, prefix it with an underscore: `_unit`

warning: unused variable: `empty_value`
   --> src/../../../../src/ownership_proof/raw_vec.rs:684:13
    |
684 |         let empty_value: Snapshot<KernelRA> = snapshot!((None, FMap::empty()));
    |             ^^^^^^^^^^^ help: if this is intentional, prefix it with an underscore: `_empty_value`

warning: unused variable: `input_model`
   --> src/../../../../src/ownership_proof/raw_vec.rs:819:9
    |
819 |     let input_model = snapshot!(input@);
    |         ^^^^^^^^^^^ help: if this is intentional, prefix it with an underscore: `_input_model`

warning: unused variable: `slot`
    --> src/../../../../src/ownership_proof/raw_vec.rs:1041:38
     |
1041 | pub(crate) fn slot_known_equivalence(slot: Option<Option<u8>>) {}
     |                                      ^^^^ help: if this is intentional, prefix it with an underscore: `_slot`

warning: unused variable: `own`
  --> src/../../../../src/ownership_proof/sequential_counter.rs:89:39
   |
89 |     pub(crate) fn load_acquire(&self, own: Ghost<&CounterOwn>) -> usize {
   |                                       ^^^ help: if this is intentional, prefix it with an underscore: `_own`

warning: unused variable: `pending`
   --> /workspace/bytes-proof-tools/targets/bytes/debug/build/bytes-shared-singleton-reserve-1147c8afe82114c8/out/scalable_tickets.rs:132:5
    |
132 |     pending: Snapshot<FMap<Int, (Int, Int)>>,
    |     ^^^^^^^ help: if this is intentional, prefix it with an underscore: `_pending`

warning: unused variable: `parent`
   --> /workspace/bytes-proof-tools/targets/bytes/debug/build/bytes-shared-singleton-reserve-1147c8afe82114c8/out/scalable_tickets.rs:133:5
    |
133 |     parent: Snapshot<Int>,
    |     ^^^^^^ help: if this is intentional, prefix it with an underscore: `_parent`

warning: unused variable: `left`
   --> /workspace/bytes-proof-tools/targets/bytes/debug/build/bytes-shared-singleton-reserve-1147c8afe82114c8/out/scalable_tickets.rs:134:5
    |
134 |     left: Snapshot<Int>,
    |     ^^^^ help: if this is intentional, prefix it with an underscore: `_left`

warning: unused variable: `right`
   --> /workspace/bytes-proof-tools/targets/bytes/debug/build/bytes-shared-singleton-reserve-1147c8afe82114c8/out/scalable_tickets.rs:135:5
    |
135 |     right: Snapshot<Int>,
    |     ^^^^^ help: if this is intentional, prefix it with an underscore: `_right`

warning: unused variable: `lo`
   --> /workspace/bytes-proof-tools/targets/bytes/debug/build/bytes-shared-singleton-reserve-1147c8afe82114c8/out/scalable_tickets.rs:136:5
    |
136 |     lo: Snapshot<Int>,
    |     ^^ help: if this is intentional, prefix it with an underscore: `_lo`

warning: unused variable: `at`
   --> /workspace/bytes-proof-tools/targets/bytes/debug/build/bytes-shared-singleton-reserve-1147c8afe82114c8/out/scalable_tickets.rs:137:5
    |
137 |     at: Snapshot<Int>,
    |     ^^ help: if this is intentional, prefix it with an underscore: `_at`

warning: unused variable: `hi`
   --> /workspace/bytes-proof-tools/targets/bytes/debug/build/bytes-shared-singleton-reserve-1147c8afe82114c8/out/scalable_tickets.rs:138:5
    |
138 |     hi: Snapshot<Int>,
    |     ^^ help: if this is intentional, prefix it with an underscore: `_hi`

warning: unused variable: `capacity`
   --> /workspace/bytes-proof-tools/targets/bytes/debug/build/bytes-shared-singleton-reserve-1147c8afe82114c8/out/scalable_tickets.rs:139:5
    |
139 |     capacity: Snapshot<Int>,
    |     ^^^^^^^^ help: if this is intentional, prefix it with an underscore: `_capacity`

warning: unused variable: `id`
   --> /workspace/bytes-proof-tools/targets/bytes/debug/build/bytes-shared-singleton-reserve-1147c8afe82114c8/out/scalable_tickets.rs:148:21
    |
148 | fn active_singleton(id: Snapshot<Int>, bounds: Snapshot<(Int, Int)>) {
    |                     ^^ help: if this is intentional, prefix it with an underscore: `_id`

warning: unused variable: `bounds`
   --> /workspace/bytes-proof-tools/targets/bytes/debug/build/bytes-shared-singleton-reserve-1147c8afe82114c8/out/scalable_tickets.rs:148:40
    |
148 | fn active_singleton(id: Snapshot<Int>, bounds: Snapshot<(Int, Int)>) {
    |                                        ^^^^^^ help: if this is intentional, prefix it with an underscore: `_bounds`

warning: unused variable: `left`
   --> /workspace/bytes-proof-tools/targets/bytes/debug/build/bytes-shared-singleton-reserve-1147c8afe82114c8/out/scalable_tickets.rs:149:9
    |
149 |     let left: Snapshot<RegistrationMap> =
    |         ^^^^ help: if this is intentional, prefix it with an underscore: `_left`

warning: unused variable: `right`
   --> /workspace/bytes-proof-tools/targets/bytes/debug/build/bytes-shared-singleton-reserve-1147c8afe82114c8/out/scalable_tickets.rs:151:9
    |
151 |     let right: Snapshot<RegistrationMap> = snapshot!(FMap::singleton(*id, Excl(())));
    |         ^^^^^ help: if this is intentional, prefix it with an underscore: `_right`

warning: unused variable: `pending`
   --> /workspace/bytes-proof-tools/targets/bytes/debug/build/bytes-shared-singleton-reserve-1147c8afe82114c8/out/scalable_tickets.rs:158:35
    |
158 | pub(crate) fn pending_cardinality(pending: Snapshot<FMap<Int, (Int, Int)>>) {
    |                                   ^^^^^^^ help: if this is intentional, prefix it with an underscore: `_pending`

warning: unused variable: `pending`
   --> /workspace/bytes-proof-tools/targets/bytes/debug/build/bytes-shared-singleton-reserve-1147c8afe82114c8/out/scalable_tickets.rs:168:18
    |
168 | fn active_remove(pending: Snapshot<FMap<Int, (Int, Int)>>, id: Snapshot<Int>) {
    |                  ^^^^^^^ help: if this is intentional, prefix it with an underscore: `_pending`

warning: unused variable: `id`
   --> /workspace/bytes-proof-tools/targets/bytes/debug/build/bytes-shared-singleton-reserve-1147c8afe82114c8/out/scalable_tickets.rs:168:60
    |
168 | fn active_remove(pending: Snapshot<FMap<Int, (Int, Int)>>, id: Snapshot<Int>) {
    |                                                            ^^ help: if this is intentional, prefix it with an underscore: `_id`

warning: unused variable: `left`
   --> /workspace/bytes-proof-tools/targets/bytes/debug/build/bytes-shared-singleton-reserve-1147c8afe82114c8/out/scalable_tickets.rs:169:9
    |
169 |     let left: Snapshot<RegistrationMap> = snapshot!(active_registrations((*pending).remove(*id)));
    |         ^^^^ help: if this is intentional, prefix it with an underscore: `_left`

warning: unused variable: `right`
   --> /workspace/bytes-proof-tools/targets/bytes/debug/build/bytes-shared-singleton-reserve-1147c8afe82114c8/out/scalable_tickets.rs:170:9
    |
170 |     let right: Snapshot<RegistrationMap> = snapshot!(active_registrations(*pending).remove(*id));
    |         ^^^^^ help: if this is intentional, prefix it with an underscore: `_right`

warning: unused variable: `pending`
   --> /workspace/bytes-proof-tools/targets/bytes/debug/build/bytes-shared-singleton-reserve-1147c8afe82114c8/out/scalable_tickets.rs:179:5
    |
179 |     pending: Snapshot<FMap<Int, (Int, Int)>>,
    |     ^^^^^^^ help: if this is intentional, prefix it with an underscore: `_pending`

warning: unused variable: `id`
   --> /workspace/bytes-proof-tools/targets/bytes/debug/build/bytes-shared-singleton-reserve-1147c8afe82114c8/out/scalable_tickets.rs:180:5
    |
180 |     id: Snapshot<Int>,
    |     ^^ help: if this is intentional, prefix it with an underscore: `_id`

warning: unused variable: `bounds`
   --> /workspace/bytes-proof-tools/targets/bytes/debug/build/bytes-shared-singleton-reserve-1147c8afe82114c8/out/scalable_tickets.rs:181:5
    |
181 |     bounds: Snapshot<(Int, Int)>,
    |     ^^^^^^ help: if this is intentional, prefix it with an underscore: `_bounds`

warning: unused variable: `left`
   --> /workspace/bytes-proof-tools/targets/bytes/debug/build/bytes-shared-singleton-reserve-1147c8afe82114c8/out/scalable_tickets.rs:183:9
    |
183 |     let left: Snapshot<RegistrationMap> = snapshot!(active_registrations((*pending).insert(*id, *bounds)));
    |         ^^^^ help: if this is intentional, prefix it with an underscore: `_left`

warning: unused variable: `right`
   --> /workspace/bytes-proof-tools/targets/bytes/debug/build/bytes-shared-singleton-reserve-1147c8afe82114c8/out/scalable_tickets.rs:184:9
    |
184 |     let right: Snapshot<RegistrationMap> = snapshot!(active_registrations(*pending).insert(*id, Excl(())));
    |         ^^^^^ help: if this is intentional, prefix it with an underscore: `_right`

warning: unused variable: `ticket`
   --> /workspace/bytes-proof-tools/targets/bytes/debug/build/bytes-shared-singleton-reserve-1147c8afe82114c8/out/scalable_tickets.rs:197:9
    |
197 |     let ticket: Snapshot<RegistrationMap> = snapshot!(FMap::singleton(*id, Excl(())));
    |         ^^^^^^ help: if this is intentional, prefix it with an underscore: `_ticket`

warning: unused variable: `rest`
   --> /workspace/bytes-proof-tools/targets/bytes/debug/build/bytes-shared-singleton-reserve-1147c8afe82114c8/out/scalable_tickets.rs:198:9
    |
198 |     let rest: Snapshot<RegistrationMap> = snapshot!(active_registrations((*pending).remove(*id)));
    |         ^^^^ help: if this is intentional, prefix it with an underscore: `_rest`

warning: unused variable: `whole`
   --> /workspace/bytes-proof-tools/targets/bytes/debug/build/bytes-shared-singleton-reserve-1147c8afe82114c8/out/scalable_tickets.rs:199:9
    |
199 |     let whole: Snapshot<RegistrationMap> = snapshot!(active_registrations(*pending));
    |         ^^^^^ help: if this is intentional, prefix it with an underscore: `_whole`

warning: unused variable: `merged`
   --> /workspace/bytes-proof-tools/targets/bytes/debug/build/bytes-shared-singleton-reserve-1147c8afe82114c8/out/scalable_tickets.rs:202:9
    |
202 |     let merged: Snapshot<RegistrationMap> = snapshot!((*ticket).total_op(*rest));
    |         ^^^^^^ help: if this is intentional, prefix it with an underscore: `_merged`

warning: unused variable: `returned`
   --> /workspace/bytes-proof-tools/targets/bytes/debug/build/bytes-shared-singleton-reserve-1147c8afe82114c8/out/scalable_tickets.rs:215:5
    |
215 |     returned: Snapshot<RegistrationMap>,
    |     ^^^^^^^^ help: if this is intentional, prefix it with an underscore: `_returned`

warning: unused variable: `ticket`
   --> /workspace/bytes-proof-tools/targets/bytes/debug/build/bytes-shared-singleton-reserve-1147c8afe82114c8/out/scalable_tickets.rs:216:5
    |
216 |     ticket: Snapshot<RegistrationMap>,
    |     ^^^^^^ help: if this is intentional, prefix it with an underscore: `_ticket`

warning: unused variable: `remaining`
   --> /workspace/bytes-proof-tools/targets/bytes/debug/build/bytes-shared-singleton-reserve-1147c8afe82114c8/out/scalable_tickets.rs:217:5
    |
217 |     remaining: Snapshot<RegistrationMap>,
    |     ^^^^^^^^^ help: if this is intentional, prefix it with an underscore: `_remaining`

warning: unused variable: `active`
   --> /workspace/bytes-proof-tools/targets/bytes/debug/build/bytes-shared-singleton-reserve-1147c8afe82114c8/out/scalable_tickets.rs:218:5
    |
218 |     active: Snapshot<RegistrationMap>,
    |     ^^^^^^ help: if this is intentional, prefix it with an underscore: `_active`

warning: unused variable: `new_returned`
   --> /workspace/bytes-proof-tools/targets/bytes/debug/build/bytes-shared-singleton-reserve-1147c8afe82114c8/out/scalable_tickets.rs:219:5
    |
219 |     new_returned: Snapshot<RegistrationMap>,
    |     ^^^^^^^^^^^^ help: if this is intentional, prefix it with an underscore: `_new_returned`

warning: unused variable: `authority`
   --> /workspace/bytes-proof-tools/targets/bytes/debug/build/bytes-shared-singleton-reserve-1147c8afe82114c8/out/scalable_tickets.rs:220:5
    |
220 |     authority: Snapshot<RegistrationMap>,
    |     ^^^^^^^^^ help: if this is intentional, prefix it with an underscore: `_authority`

warning: unused variable: `map`
   --> /workspace/bytes-proof-tools/targets/bytes/debug/build/bytes-shared-singleton-reserve-1147c8afe82114c8/out/scalable_tickets.rs:241:5
    |
241 |     map: Snapshot<RegistrationMap>,
    |     ^^^ help: if this is intentional, prefix it with an underscore: `_map`

warning: unused variable: `first`
   --> /workspace/bytes-proof-tools/targets/bytes/debug/build/bytes-shared-singleton-reserve-1147c8afe82114c8/out/scalable_tickets.rs:242:5
    |
242 |     first: Snapshot<Int>,
    |     ^^^^^ help: if this is intentional, prefix it with an underscore: `_first`

warning: unused variable: `second`
   --> /workspace/bytes-proof-tools/targets/bytes/debug/build/bytes-shared-singleton-reserve-1147c8afe82114c8/out/scalable_tickets.rs:243:5
    |
243 |     second: Snapshot<Int>,
    |     ^^^^^^ help: if this is intentional, prefix it with an underscore: `_second`

warning: unused variable: `first_ticket`
   --> /workspace/bytes-proof-tools/targets/bytes/debug/build/bytes-shared-singleton-reserve-1147c8afe82114c8/out/scalable_tickets.rs:245:9
    |
245 |     let first_ticket: Snapshot<RegistrationMap> =
    |         ^^^^^^^^^^^^ help: if this is intentional, prefix it with an underscore: `_first_ticket`

warning: unused variable: `second_ticket`
   --> /workspace/bytes-proof-tools/targets/bytes/debug/build/bytes-shared-singleton-reserve-1147c8afe82114c8/out/scalable_tickets.rs:247:9
    |
247 |     let second_ticket: Snapshot<RegistrationMap> =
    |         ^^^^^^^^^^^^^ help: if this is intentional, prefix it with an underscore: `_second_ticket`

warning: unused variable: `after_first`
   --> /workspace/bytes-proof-tools/targets/bytes/debug/build/bytes-shared-singleton-reserve-1147c8afe82114c8/out/scalable_tickets.rs:252:9
    |
252 |     let after_first: Snapshot<RegistrationMap> =
    |         ^^^^^^^^^^^ help: if this is intentional, prefix it with an underscore: `_after_first`

warning: unused variable: `returned`
   --> /workspace/bytes-proof-tools/targets/bytes/debug/build/bytes-shared-singleton-reserve-1147c8afe82114c8/out/scalable_tickets.rs:271:5
    |
271 |     returned: Snapshot<RegistrationMap>,
    |     ^^^^^^^^ help: if this is intentional, prefix it with an underscore: `_returned`

warning: unused variable: `active`
   --> /workspace/bytes-proof-tools/targets/bytes/debug/build/bytes-shared-singleton-reserve-1147c8afe82114c8/out/scalable_tickets.rs:272:5
    |
272 |     active: Snapshot<RegistrationMap>,
    |     ^^^^^^ help: if this is intentional, prefix it with an underscore: `_active`

warning: unused variable: `authority`
   --> /workspace/bytes-proof-tools/targets/bytes/debug/build/bytes-shared-singleton-reserve-1147c8afe82114c8/out/scalable_tickets.rs:273:5
    |
273 |     authority: Snapshot<RegistrationMap>,
    |     ^^^^^^^^^ help: if this is intentional, prefix it with an underscore: `_authority`

warning: unused variable: `fresh`
   --> /workspace/bytes-proof-tools/targets/bytes/debug/build/bytes-shared-singleton-reserve-1147c8afe82114c8/out/scalable_tickets.rs:274:5
    |
274 |     fresh: Snapshot<Int>,
    |     ^^^^^ help: if this is intentional, prefix it with an underscore: `_fresh`

warning: unused variable: `next_active`
   --> /workspace/bytes-proof-tools/targets/bytes/debug/build/bytes-shared-singleton-reserve-1147c8afe82114c8/out/scalable_tickets.rs:276:9
    |
276 |     let next_active: Snapshot<RegistrationMap> = snapshot!((*active).insert(*fresh, Excl(())));
    |         ^^^^^^^^^^^ help: if this is intentional, prefix it with an underscore: `_next_active`

warning: unused variable: `next_authority`
   --> /workspace/bytes-proof-tools/targets/bytes/debug/build/bytes-shared-singleton-reserve-1147c8afe82114c8/out/scalable_tickets.rs:277:9
    |
277 |     let next_authority: Snapshot<RegistrationMap> = snapshot!((*authority).insert(*fresh, Excl(())));
    |         ^^^^^^^^^^^^^^ help: if this is intentional, prefix it with an underscore: `_next_authority`

warning: unused variable: `merged`
   --> /workspace/bytes-proof-tools/targets/bytes/debug/build/bytes-shared-singleton-reserve-1147c8afe82114c8/out/scalable_tickets.rs:280:9
    |
280 |     let merged: Snapshot<RegistrationMap> = snapshot!((*returned).total_op(*next_active));
    |         ^^^^^^ help: if this is intentional, prefix it with an underscore: `_merged`

warning: unused variable: `parent_id`
   --> /workspace/bytes-proof-tools/targets/bytes/debug/build/bytes-shared-singleton-reserve-1147c8afe82114c8/out/scalable_tickets.rs:553:13
    |
553 |         let parent_id = parent.id;
    |             ^^^^^^^^^ help: if this is intentional, prefix it with an underscore: `_parent_id`

warning: unused variable: `next_id`
   --> /workspace/bytes-proof-tools/targets/bytes/debug/build/bytes-shared-singleton-reserve-1147c8afe82114c8/out/scalable_tickets.rs:573:33
    |
573 |         let (left_id, right_id, next_id) = ids.into_ghost().into_inner();
    |                                 ^^^^^^^ help: if this is intentional, prefix it with an underscore: `_next_id`

warning: unused variable: `at`
   --> /workspace/bytes-proof-tools/targets/bytes/debug/build/bytes-shared-singleton-reserve-1147c8afe82114c8/out/scalable_tickets.rs:732:5
    |
732 |     at: usize,
    |     ^^ help: if this is intentional, prefix it with an underscore: `_at`

warning: unused variable: `pending`
  --> /workspace/rust-crate-proofs/bytes/1.11.1/src/ownership_proof/singleton_region.rs:24:13
   |
24 |         let pending = state.status.pending;
   |             ^^^^^^^ help: if this is intentional, prefix it with an underscore: `_pending`

warning: unused variable: `ticket_id`
  --> /workspace/rust-crate-proofs/bytes/1.11.1/src/ownership_proof/singleton_region.rs:25:13
   |
25 |         let ticket_id = snapshot!(ticket.logical_id());
   |             ^^^^^^^^^ help: if this is intentional, prefix it with an underscore: `_ticket_id`

warning: unused variable: `address`
  --> src/../../../../src/ownership_proof/boxed_alignment.rs:23:49
   |
23 | pub(crate) fn aligned_address_has_clear_low_bit(address: usize, alignment: usize) {}
   |                                                 ^^^^^^^ help: if this is intentional, prefix it with an underscore: `_address`

warning: unused variable: `alignment`
  --> src/../../../../src/ownership_proof/boxed_alignment.rs:23:65
   |
23 | pub(crate) fn aligned_address_has_clear_low_bit(address: usize, alignment: usize) {}
   |                                                                 ^^^^^^^^^ help: if this is intentional, prefix it with an underscore: `_alignment`

warning: unused variable: `control`
  --> /workspace/bytes-proof-tools/targets/bytes/debug/build/bytes-shared-singleton-reserve-1147c8afe82114c8/out/actual_carrier.rs:87:40
   |
87 |     #[cfg(bytes_proof_repeated_split)] control: sequential_shared_control::ControlPtr,
   |                                        ^^^^^^^ help: if this is intentional, prefix it with an underscore: `_control`

warning: unused variable: `ptr`
   --> /workspace/bytes-proof-tools/targets/bytes/debug/build/bytes-shared-singleton-reserve-1147c8afe82114c8/out/actual_carrier.rs:169:28
    |
169 | unsafe fn increment_shared(ptr: *mut Shared,
    |                            ^^^ help: if this is intentional, prefix it with an underscore: `_ptr`

warning: unused variable: `context`
  --> /workspace/rust-crate-proofs/bytes/1.11.1/src/ownership_proof/carrier_protocol.rs:83:37
   |
83 |     pub(super) fn singleton_is_sole(context: Snapshot<ControlContext>, registration: Snapshot<Self>) {
   |                                     ^^^^^^^ help: if this is intentional, prefix it with an underscore: `_context`

warning: unused variable: `registration`
  --> /workspace/rust-crate-proofs/bytes/1.11.1/src/ownership_proof/carrier_protocol.rs:83:72
   |
83 |     pub(super) fn singleton_is_sole(context: Snapshot<ControlContext>, registration: Snapshot<Self>) {
   |                                                                        ^^^^^^^^^^^^ help: if this is intentional, prefix it with an underscore: `_registration`

warning: unused variable: `pending`
  --> /workspace/rust-crate-proofs/bytes/1.11.1/src/ownership_proof/carrier_protocol.rs:84:13
   |
84 |         let pending = snapshot!(*context.status.pending);
   |             ^^^^^^^ help: if this is intentional, prefix it with an underscore: `_pending`

warning: unused variable: `base`
   --> /workspace/rust-crate-proofs/bytes/1.11.1/src/ownership_proof/carrier_protocol.rs:125:46
    |
125 | pub(super) fn activate(pointer: *mut Shared, base: BoundPtr, capacity: usize,
    |                                              ^^^^ help: if this is intentional, prefix it with an underscore: `_base`

warning: variable does not need to be mutable
   --> /workspace/rust-crate-proofs/bytes/1.11.1/src/ownership_proof/carrier_protocol.rs:148:46
    |
148 | pub(super) fn increment(control: ControlPtr, mut context: Ghost<&mut ControlContext>) -> usize {
    |                                              ----^^^^^^^
    |                                              |
    |                                              help: remove this `mut`
    |
    = note: `#[warn(unused_mut)]` (part of `#[warn(unused)]`) on by default

warning: variable does not need to be mutable
   --> /workspace/rust-crate-proofs/bytes/1.11.1/src/ownership_proof/carrier_protocol.rs:242:5
    |
242 |     mut packet: Ghost<&'a mut Packet>,
    |     ----^^^^^^
    |     |
    |     help: remove this `mut`

warning: variable does not need to be mutable
   --> /workspace/rust-crate-proofs/bytes/1.11.1/src/ownership_proof/carrier_protocol.rs:305:5
    |
305 |     mut packet: Ghost<&'a mut Packet>,
    |     ----^^^^^^
    |     |
    |     help: remove this `mut`

warning: variable does not need to be mutable
   --> /workspace/bytes-proof-tools/targets/bytes/debug/build/bytes-shared-singleton-reserve-1147c8afe82114c8/out/actual_carrier.rs:438:17
    |
438 |             let mut other = self.shallow_clone();
    |                 ----^^^^^
    |                 |
    |                 help: remove this `mut`

warning: unused variable: `off`
   --> /workspace/bytes-proof-tools/targets/bytes/debug/build/bytes-shared-singleton-reserve-1147c8afe82114c8/out/actual_carrier.rs:569:13
    |
569 |         let off = crate::capacity_ops::vec_pos_from_data(
    |             ^^^ help: if this is intentional, prefix it with an underscore: `_off`

warning: unused variable: `handle`
   --> /workspace/bytes-proof-tools/targets/bytes/debug/build/bytes-shared-singleton-reserve-1147c8afe82114c8/out/actual_carrier.rs:817:41
    |
817 |     fn proof_initialization_coordinates(handle: Snapshot<Self>) {
    |                                         ^^^^^^ help: if this is intentional, prefix it with an underscore: `_handle`

warning: unused variable: `at`
   --> /workspace/bytes-proof-tools/targets/bytes/debug/build/bytes-shared-singleton-reserve-1147c8afe82114c8/out/actual_carrier.rs:958:66
    |
958 |     fn proof_register_carrier_split(&mut self, other: &mut Self, at: usize) {
    |                                                                  ^^ help: if this is intentional, prefix it with an underscore: `_at`

warning: unused variable: `original`
    --> /workspace/bytes-proof-tools/targets/bytes/debug/build/bytes-shared-singleton-reserve-1147c8afe82114c8/out/actual_carrier.rs:1018:9
     |
1018 |     let original = snapshot!(right);
     |         ^^^^^^^^ help: if this is intentional, prefix it with an underscore: `_original`

warning: type `actual::Shared` is more private than the item `SingletonLease::owner`
  --> /workspace/rust-crate-proofs/bytes/1.11.1/src/ownership_proof/shared_reclaim.rs:14:5
   |
14 |     pub(crate) owner: Box<Perm<*const Shared>>,
   |     ^^^^^^^^^^^^^^^^^^^^^^^^^^^^^^^^^^^^^^^^^^ field `SingletonLease::owner` is reachable at visibility `pub(crate)`
   |
note: but type `actual::Shared` is only usable at visibility `pub(self)`
  --> /workspace/bytes-proof-tools/targets/bytes/debug/build/bytes-shared-singleton-reserve-1147c8afe82114c8/out/actual_carrier.rs:56:1
   |
56 | struct Shared {
   | ^^^^^^^^^^^^^
   = note: `#[warn(private_interfaces)]` on by default

warning: type `HandleRegistration` is more private than the item `acquire`
  --> /workspace/rust-crate-proofs/bytes/1.11.1/src/ownership_proof/shared_reclaim.rs:55:1
   |
55 | / pub(crate) fn acquire(
56 | |     control: ControlPtr,
57 | |     context: Ghost<ControlContext>,
58 | |     registration: Ghost<HandleRegistration>,
59 | | ) -> Ghost<SingletonLease> {
   | |__________________________^ function `acquire` is reachable at visibility `pub(crate)`
   |
note: but type `HandleRegistration` is only usable at visibility `pub(in crate::actual)`
  --> /workspace/rust-crate-proofs/bytes/1.11.1/src/ownership_proof/carrier_protocol.rs:67:1
   |
67 | pub(super) struct HandleRegistration {
   | ^^^^^^^^^^^^^^^^^^^^^^^^^^^^^^^^^^^^

warning: type `HandleRegistration` is more private than the item `reactivate`
  --> /workspace/rust-crate-proofs/bytes/1.11.1/src/ownership_proof/shared_reclaim.rs:85:1
   |
85 | / pub(crate) fn reactivate(
86 | |     control: ControlPtr,
87 | |     lease: Ghost<SingletonLease>,
88 | | ) -> Ghost<(ControlContext, HandleRegistration)> {
   | |________________________________________________^ function `reactivate` is reachable at visibility `pub(crate)`
   |
note: but type `HandleRegistration` is only usable at visibility `pub(in crate::actual)`
  --> /workspace/rust-crate-proofs/bytes/1.11.1/src/ownership_proof/carrier_protocol.rs:67:1
   |
67 | pub(super) struct HandleRegistration {
   | ^^^^^^^^^^^^^^^^^^^^^^^^^^^^^^^^^^^^

warning: type `HandleRegistration` is more private than the item `reactivate_view`
  --> /workspace/rust-crate-proofs/bytes/1.11.1/src/ownership_proof/shared_reserve.rs:84:1
   |
84 | / pub(crate) fn reactivate_view(
85 | |     control: ControlPtr, lease: Ghost<SingletonLease>, end: Snapshot<Int>,
86 | | ) -> Ghost<(ControlContext, HandleRegistration)> {
   | |________________________________________________^ function `reactivate_view` is reachable at visibility `pub(crate)`
   |
note: but type `HandleRegistration` is only usable at visibility `pub(in crate::actual)`
  --> /workspace/rust-crate-proofs/bytes/1.11.1/src/ownership_proof/carrier_protocol.rs:67:1
   |
67 | pub(super) struct HandleRegistration {
   | ^^^^^^^^^^^^^^^^^^^^^^^^^^^^^^^^^^^^

warning: function `reallocate_u8` is never used
  --> src/../../../../src/allocation_ops.rs:25:22
   |
25 | pub(crate) unsafe fn reallocate_u8(base: *mut u8, old_capacity: usize, capacity: usize) -> core::ptr::NonNull<u8> {
   |                      ^^^^^^^^^^^^^
   |
   = note: `#[warn(dead_code)]` (part of `#[warn(unused)]`) on by default

warning: function `fill_uninit_prefix` is never used
  --> src/../../../../src/storage_ops.rs:15:15
   |
15 | pub(crate) fn fill_uninit_prefix(dst: &mut [MaybeUninit<u8>], count: usize, value: u8) {
   |               ^^^^^^^^^^^^^^^^^^

warning: function `pointer_addr_eq` is never used
  --> src/../../../../src/provenance_specs.rs:19:15
   |
19 | pub(crate) fn pointer_addr_eq<T>(left: *const T, right: *const T) -> bool {
   |               ^^^^^^^^^^^^^^^

warning: function `pointer_with_address` is never used
  --> src/../../../../src/provenance_specs.rs:88:15
   |
88 | pub(crate) fn pointer_with_address(ptr: *mut u8, new_addr: usize) -> *mut u8 {
   |               ^^^^^^^^^^^^^^^^^^^^

warning: methods `as_non_null` and `offset_from_bound_base` are never used
   --> src/../../../../src/ownership_proof/raw_vec.rs:284:19
    |
241 | impl BoundPtr {
    | ------------- methods in this implementation
...
284 |     pub(crate) fn as_non_null(&self) -> NonNull<u8> {
    |                   ^^^^^^^^^^^
...
307 |     pub(crate) fn offset_from_bound_base(&self, base: Self) -> usize {
    |                   ^^^^^^^^^^^^^^^^^^^^^^

warning: fields `resource` and `descriptor` are never read
   --> src/../../../../src/ownership_proof/raw_vec.rs:442:5
    |
441 | pub(crate) struct Recovery {
    |                   -------- fields in this struct
442 |     resource: Resource<KernelRA>,
    |     ^^^^^^^^
443 |     descriptor: AllocationDesc,
    |     ^^^^^^^^^^

warning: function `resume_vec` is never used
   --> src/../../../../src/ownership_proof/raw_vec.rs:899:22
    |
899 | pub(crate) unsafe fn resume_vec(
    |                      ^^^^^^^^^^

warning: function `deallocate_vec` is never used
   --> src/../../../../src/ownership_proof/raw_vec.rs:935:22
    |
935 | pub(crate) unsafe fn deallocate_vec(
    |                      ^^^^^^^^^^^^^^

warning: function `borrow_mut` is never used
    --> src/../../../../src/ownership_proof/raw_vec.rs:1019:22
     |
1019 | pub(crate) unsafe fn borrow_mut<'a>(
     |                      ^^^^^^^^^^

warning: function `slot_known_equivalence` is never used
    --> src/../../../../src/ownership_proof/raw_vec.rs:1041:15
     |
1041 | pub(crate) fn slot_known_equivalence(slot: Option<Option<u8>>) {}
     |               ^^^^^^^^^^^^^^^^^^^^^^

warning: function `borrow_spare_preserving_prefix` is never used
    --> src/../../../../src/ownership_proof/raw_vec.rs:1158:22
     |
1158 | pub(crate) unsafe fn borrow_spare_preserving_prefix<'a>(
     |                      ^^^^^^^^^^^^^^^^^^^^^^^^^^^^^^

warning: function `borrow_empty_bound` is never used
    --> src/../../../../src/ownership_proof/raw_vec.rs:1204:22
     |
1204 | pub(crate) unsafe fn borrow_empty_bound<'a>(bound: &'a BoundPtr) -> &'a [u8] {
     |                      ^^^^^^^^^^^^^^^^^^

warning: function `borrow_empty_bound_mut` is never used
    --> src/../../../../src/ownership_proof/raw_vec.rs:1213:22
     |
1213 | pub(crate) unsafe fn borrow_empty_bound_mut<'a>(bound: &'a BoundPtr) -> &'a mut [u8] {
     |                      ^^^^^^^^^^^^^^^^^^^^^^

warning: function `borrow_empty_bound_uninit_mut` is never used
    --> src/../../../../src/ownership_proof/raw_vec.rs:1221:22
     |
1221 | pub(crate) unsafe fn borrow_empty_bound_uninit_mut<'a>(
     |                      ^^^^^^^^^^^^^^^^^^^^^^^^^^^^^

warning: fields `capacity`, `allocation`, and `registration` are never read
  --> /workspace/bytes-proof-tools/targets/bytes/debug/build/bytes-shared-singleton-reserve-1147c8afe82114c8/out/scalable_tickets.rs:63:16
   |
62 | pub(crate) struct Status {
   |                   ------ fields in this struct
63 |     pub(crate) capacity: Int,
   |                ^^^^^^^^
64 |     pub(crate) allocation: Id,
   |                ^^^^^^^^^^
65 |     pub(crate) registration: Id,
   |                ^^^^^^^^^^^^
   |
   = note: `Status` has a derived impl for the trait `Clone`, but this is intentionally ignored during dead code analysis

warning: function `initialize` is never used
   --> /workspace/bytes-proof-tools/targets/bytes/debug/build/bytes-shared-singleton-reserve-1147c8afe82114c8/out/scalable_tickets.rs:508:15
    |
508 | pub(crate) fn initialize(input: alloc::vec::Vec<u8>) -> (crate::ownership_proof::raw_vec::BoundPtr, usize, Ghost<(Coordinator, Pack...
    |               ^^^^^^^^^^

warning: function `replace` is never used
   --> /workspace/bytes-proof-tools/targets/bytes/debug/build/bytes-shared-singleton-reserve-1147c8afe82114c8/out/scalable_tickets.rs:729:15
    |
729 | pub(crate) fn replace(
    |               ^^^^^^^

warning: function `release_unique_storage` is never used
  --> /workspace/bytes-proof-tools/targets/bytes/debug/build/bytes-shared-singleton-reserve-1147c8afe82114c8/out/actual_carrier.rs:19:11
   |
19 | unsafe fn release_unique_storage(
   |           ^^^^^^^^^^^^^^^^^^^^^^

warning: field `original_capacity_repr` is never read
  --> /workspace/bytes-proof-tools/targets/bytes/debug/build/bytes-shared-singleton-reserve-1147c8afe82114c8/out/actual_carrier.rs:58:5
   |
56 | struct Shared {
   |        ------ field in this struct
57 |     buffer: SharedBuffer,
58 |     original_capacity_repr: usize,
   |     ^^^^^^^^^^^^^^^^^^^^^^

warning: associated function `singleton_is_sole` is never used
  --> /workspace/rust-crate-proofs/bytes/1.11.1/src/ownership_proof/carrier_protocol.rs:83:19
   |
75 | impl HandleRegistration {
   | ----------------------- associated function in this implementation
...
83 |     pub(super) fn singleton_is_sole(context: Snapshot<ControlContext>, registration: Snapshot<Self>) {
   |                   ^^^^^^^^^^^^^^^^^

warning: function `borrow_packet_uninit_mut` is never used
   --> /workspace/rust-crate-proofs/bytes/1.11.1/src/ownership_proof/carrier_protocol.rs:301:22
    |
301 | pub(crate) unsafe fn borrow_packet_uninit_mut<'a>(
    |                      ^^^^^^^^^^^^^^^^^^^^^^^^

warning: function `is_unique` is never used
  --> /workspace/rust-crate-proofs/bytes/1.11.1/src/ownership_proof/shared_reclaim.rs:41:15
   |
41 | pub(crate) fn is_unique(control: ControlPtr, context: Ghost<&ControlContext>) -> bool {
   |               ^^^^^^^^^

warning: function `reactivate` is never used
  --> /workspace/rust-crate-proofs/bytes/1.11.1/src/ownership_proof/shared_reclaim.rs:85:15
   |
85 | pub(crate) fn reactivate(
   |               ^^^^^^^^^^

warning: `bytes-shared-singleton-reserve` (lib test) generated 117 warnings (75 duplicates) (run `cargo fix --lib -p bytes-shared-singleton-reserve --tests` to apply 22 suggestions)
warning: `bytes-shared-singleton-reserve` (lib) generated 117 warnings (42 duplicates) (run `cargo fix --lib -p bytes-shared-singleton-reserve` to apply 68 suggestions)
    Finished `test` profile [unoptimized + debuginfo] target(s) in 0.66s
     Running unittests src/lib.rs (/workspace/bytes-proof-tools/targets/bytes/debug/deps/bytes_shared_singleton_reserve-07526d0bda24bba6)

running 0 tests

test result: ok. 0 passed; 0 failed; 0 ignored; 0 measured; 0 filtered out; finished in 0.00s

     Running tests/allocations.rs (/workspace/bytes-proof-tools/targets/bytes/debug/deps/allocations-f3fbea342e38d0ce)

running 1 test
test singleton_reserve_copy_growth_and_empty_capacity_cleanup ... ok

test result: ok. 1 passed; 0 failed; 0 ignored; 0 measured; 0 filtered out; finished in 0.00s

   Doc-tests bytes_shared_singleton_reserve

running 0 tests

test result: ok. 0 passed; 0 failed; 0 ignored; 0 measured; 0 filtered out; finished in 0.00s

cargo extraction compile/native smoke: PASS

=== shared-unsplit-fallbacks ===
warning: unused variable: `helpers`
   --> /workspace/rust-crate-proofs/bytes/1.11.1/verification/probes/shared-unsplit-fallbacks/build.rs:198:9
    |
198 |     let helpers=Fragment {name:"carrier_methods",text:&source[start..end],start,end};
    |         ^^^^^^^ help: if this is intentional, prefix it with an underscore: `_helpers`
    |
    = note: `#[warn(unused_variables)]` (part of `#[warn(unused)]`) on by default

warning: 1 warning emitted

cargo:rustc-cfg=bytes_proof_unsplit_fallbacks
cargo:rerun-if-changed=/workspace/rust-crate-proofs/bytes/1.11.1/verification/probes/shared-unsplit-fallbacks/../../../src/bytes_mut.rs
cargo:rerun-if-changed=build.rs
cargo:rustc-cfg=bytes_proof_probe
cargo:rustc-check-cfg=cfg(bytes_proof_probe)
cargo:rustc-cfg=bytes_proof_repeated_split
cargo:rustc-check-cfg=cfg(bytes_proof_repeated_split)
cargo:rustc-cfg=bytes_proof_shared_reserve
cargo:rustc-check-cfg=cfg(bytes_proof_shared_reserve)
cargo:rerun-if-changed=/workspace/rust-crate-proofs/bytes/1.11.1/verification/probes/shared-unsplit-fallbacks/../../../src/ownership_proof/scalable_tickets.rs
cargo:rerun-if-changed=/workspace/rust-crate-proofs/bytes/1.11.1/verification/probes/shared-unsplit-fallbacks/../../../src/ownership_proof/singleton_region.rs
cargo:rerun-if-changed=/workspace/rust-crate-proofs/bytes/1.11.1/verification/probes/shared-unsplit-fallbacks/../../../src/ownership_proof/shared_reclaim.rs
cargo:rerun-if-changed=/workspace/rust-crate-proofs/bytes/1.11.1/verification/probes/shared-unsplit-fallbacks/../../../src/ownership_proof/shared_copy.rs
cargo:rerun-if-changed=/workspace/rust-crate-proofs/bytes/1.11.1/verification/probes/shared-unsplit-fallbacks/../../../src/ownership_proof/adjacent_region.rs
cargo:rerun-if-changed=src/caller.inc
standalone rustc build.rs + extraction: PASS
   Compiling bytes-shared-unsplit-fallbacks v0.1.0 (/workspace/rust-crate-proofs/bytes/1.11.1/verification/probes/shared-unsplit-fallbacks)
warning: unused variable: `helpers`
   --> build.rs:198:9
    |
198 |     let helpers=Fragment {name:"carrier_methods",text:&source[start..end],start,end};
    |         ^^^^^^^ help: if this is intentional, prefix it with an underscore: `_helpers`
    |
    = note: `#[warn(unused_variables)]` (part of `#[warn(unused)]`) on by default

warning: `bytes-shared-unsplit-fallbacks` (build script) generated 1 warning
warning: unused import: `RA`
  --> src/../../../../src/ownership_proof/owned_region.rs:11:33
   |
11 |     logic::{FMap, Id, Int, ra::{RA, excl::Excl}},
   |                                 ^^
   |
   = note: `#[warn(unused_imports)]` (part of `#[warn(unused)]`) on by default

warning: unused imports: `FMap`, `RA`, `UnitRA`, and `excl::Excl`
  --> src/../../../../src/ownership_proof/raw_vec.rs:25:13
   |
25 |     logic::{FMap, Id, Int, ra::{RA, UnitRA, excl::Excl}},
   |             ^^^^                ^^  ^^^^^^  ^^^^^^^^^^

warning: unused import: `RA`
 --> /workspace/bytes-proof-tools/targets/bytes/debug/build/bytes-shared-unsplit-fallbacks-dc977580e2305d91/out/scalable_tickets.rs:9:29
  |
9 |     logic::{FMap, Int, ra::{RA, excl::Excl}},
  |                             ^^

warning: unused import: `owned_region`
  --> src/lib.rs:31:28
   |
31 |     pub(crate) use crate::{owned_region, raw_vec, sequential_counter, scalable_tickets, bound_ptr, boxed_alignment, vec_capacity, un...
   |                            ^^^^^^^^^^^^

warning: unused import: `ManuallyDrop`
 --> /workspace/bytes-proof-tools/targets/bytes/debug/build/bytes-shared-unsplit-fallbacks-dc977580e2305d91/out/actual_carrier.rs:2:22
  |
2 | use core::mem::{self,ManuallyDrop,MaybeUninit};
  |                      ^^^^^^^^^^^^

warning: unused import: `self`
 --> /workspace/bytes-proof-tools/targets/bytes/debug/build/bytes-shared-unsplit-fallbacks-dc977580e2305d91/out/actual_carrier.rs:3:17
  |
3 | use core::ptr::{self,NonNull};
  |                 ^^^^

warning: unused imports: `AtomicUsize` and `Ordering`
 --> /workspace/bytes-proof-tools/targets/bytes/debug/build/bytes-shared-unsplit-fallbacks-dc977580e2305d91/out/actual_carrier.rs:5:26
  |
5 | use core::sync::atomic::{AtomicUsize,Ordering};
  |                          ^^^^^^^^^^^ ^^^^^^^^

warning: unused import: `prelude::*`
 --> /workspace/rust-crate-proofs/bytes/1.11.1/src/ownership_proof/carrier_protocol.rs:5:49
  |
5 | use creusot_std::{ghost::perm::Perm, logic::Id, prelude::*};
  |                                                 ^^^^^^^^^^

warning: unused import: `prelude::*`
 --> /workspace/rust-crate-proofs/bytes/1.11.1/src/ownership_proof/shared_reclaim.rs:4:38
  |
4 | use creusot_std::{ghost::perm::Perm, prelude::*};
  |                                      ^^^^^^^^^^

warning: unused import: `prelude::*`
 --> /workspace/rust-crate-proofs/bytes/1.11.1/src/ownership_proof/shared_copy.rs:4:38
  |
4 | use creusot_std::{ghost::perm::Perm, prelude::*};
  |                                      ^^^^^^^^^^

warning: unused import: `HandleRegistration`
 --> /workspace/rust-crate-proofs/bytes/1.11.1/src/ownership_proof/shared_copy.rs:6:56
  |
6 | use super::sequential_shared_control::{ControlContext, HandleRegistration};
  |                                                        ^^^^^^^^^^^^^^^^^^

warning: unused import: `prelude::*`
 --> /workspace/rust-crate-proofs/bytes/1.11.1/src/ownership_proof/shared_reserve.rs:3:38
  |
3 | use creusot_std::{ghost::perm::Perm, prelude::*};
  |                                      ^^^^^^^^^^

warning: unused import: `creusot_std::prelude::*`
 --> /workspace/rust-crate-proofs/bytes/1.11.1/src/ownership_proof/shared_unsplit_fallbacks.rs:3:5
  |
3 | use creusot_std::prelude::*;
  |     ^^^^^^^^^^^^^^^^^^^^^^^

warning: unused import: `HandleRegistration`
 --> /workspace/rust-crate-proofs/bytes/1.11.1/src/ownership_proof/shared_unsplit_fallbacks.rs:4:48
  |
4 | use sequential_shared_control::{ControlContext,HandleRegistration};
  |                                                ^^^^^^^^^^^^^^^^^^

warning: unused variable: `left`
  --> src/../../../../src/ownership_proof/owned_region.rs:33:5
   |
33 |     left: Snapshot<SlotMap>,
   |     ^^^^ help: if this is intentional, prefix it with an underscore: `_left`
   |
   = note: `#[warn(unused_variables)]` (part of `#[warn(unused)]`) on by default

warning: unused variable: `right`
  --> src/../../../../src/ownership_proof/owned_region.rs:34:5
   |
34 |     right: Snapshot<SlotMap>,
   |     ^^^^^ help: if this is intentional, prefix it with an underscore: `_right`

warning: unused variable: `whole`
  --> src/../../../../src/ownership_proof/owned_region.rs:35:5
   |
35 |     whole: Snapshot<SlotMap>,
   |     ^^^^^ help: if this is intentional, prefix it with an underscore: `_whole`

warning: unused variable: `merged`
  --> src/../../../../src/ownership_proof/owned_region.rs:38:9
   |
38 |     let merged: Snapshot<SlotMap> = snapshot! { (*left).total_op(*right) };
   |         ^^^^^^ help: if this is intentional, prefix it with an underscore: `_merged`

warning: unused variable: `left`
  --> src/../../../../src/ownership_proof/owned_region.rs:48:5
   |
48 |     left: Snapshot<SlotMap>,
   |     ^^^^ help: if this is intentional, prefix it with an underscore: `_left`

warning: unused variable: `right`
  --> src/../../../../src/ownership_proof/owned_region.rs:49:5
   |
49 |     right: Snapshot<SlotMap>,
   |     ^^^^^ help: if this is intentional, prefix it with an underscore: `_right`

warning: unused variable: `whole`
  --> src/../../../../src/ownership_proof/owned_region.rs:50:5
   |
50 |     whole: Snapshot<SlotMap>,
   |     ^^^^^ help: if this is intentional, prefix it with an underscore: `_whole`

warning: unused variable: `merged`
  --> src/../../../../src/ownership_proof/owned_region.rs:52:9
   |
52 |     let merged: Snapshot<SlotMap> = snapshot! { (*left).total_op(*right) };
   |         ^^^^^^ help: if this is intentional, prefix it with an underscore: `_merged`

warning: unused variable: `slots`
   --> src/../../../../src/ownership_proof/raw_vec.rs:109:9
    |
109 |     let slots = snapshot! { slots_grown(capabilities.inner_logic().1.ledger.slots(), old_capacity@, capacity@) };
    |         ^^^^^ help: if this is intentional, prefix it with an underscore: `_slots`

warning: unused variable: `unit`
   --> src/../../../../src/ownership_proof/raw_vec.rs:681:13
    |
681 |         let unit: Snapshot<KernelRA> = snapshot!(KernelRA::unit());
    |             ^^^^ help: if this is intentional, prefix it with an underscore: `_unit`

warning: unused variable: `empty_value`
   --> src/../../../../src/ownership_proof/raw_vec.rs:684:13
    |
684 |         let empty_value: Snapshot<KernelRA> = snapshot!((None, FMap::empty()));
    |             ^^^^^^^^^^^ help: if this is intentional, prefix it with an underscore: `_empty_value`

warning: unused variable: `input_model`
   --> src/../../../../src/ownership_proof/raw_vec.rs:819:9
    |
819 |     let input_model = snapshot!(input@);
    |         ^^^^^^^^^^^ help: if this is intentional, prefix it with an underscore: `_input_model`

warning: unused variable: `slot`
    --> src/../../../../src/ownership_proof/raw_vec.rs:1041:38
     |
1041 | pub(crate) fn slot_known_equivalence(slot: Option<Option<u8>>) {}
     |                                      ^^^^ help: if this is intentional, prefix it with an underscore: `_slot`

warning: unused variable: `own`
  --> src/../../../../src/ownership_proof/sequential_counter.rs:89:39
   |
89 |     pub(crate) fn load_acquire(&self, own: Ghost<&CounterOwn>) -> usize {
   |                                       ^^^ help: if this is intentional, prefix it with an underscore: `_own`

warning: unused variable: `pending`
   --> /workspace/bytes-proof-tools/targets/bytes/debug/build/bytes-shared-unsplit-fallbacks-dc977580e2305d91/out/scalable_tickets.rs:132:5
    |
132 |     pending: Snapshot<FMap<Int, (Int, Int)>>,
    |     ^^^^^^^ help: if this is intentional, prefix it with an underscore: `_pending`

warning: unused variable: `parent`
   --> /workspace/bytes-proof-tools/targets/bytes/debug/build/bytes-shared-unsplit-fallbacks-dc977580e2305d91/out/scalable_tickets.rs:133:5
    |
133 |     parent: Snapshot<Int>,
    |     ^^^^^^ help: if this is intentional, prefix it with an underscore: `_parent`

warning: unused variable: `left`
   --> /workspace/bytes-proof-tools/targets/bytes/debug/build/bytes-shared-unsplit-fallbacks-dc977580e2305d91/out/scalable_tickets.rs:134:5
    |
134 |     left: Snapshot<Int>,
    |     ^^^^ help: if this is intentional, prefix it with an underscore: `_left`

warning: unused variable: `right`
   --> /workspace/bytes-proof-tools/targets/bytes/debug/build/bytes-shared-unsplit-fallbacks-dc977580e2305d91/out/scalable_tickets.rs:135:5
    |
135 |     right: Snapshot<Int>,
    |     ^^^^^ help: if this is intentional, prefix it with an underscore: `_right`

warning: unused variable: `lo`
   --> /workspace/bytes-proof-tools/targets/bytes/debug/build/bytes-shared-unsplit-fallbacks-dc977580e2305d91/out/scalable_tickets.rs:136:5
    |
136 |     lo: Snapshot<Int>,
    |     ^^ help: if this is intentional, prefix it with an underscore: `_lo`

warning: unused variable: `at`
   --> /workspace/bytes-proof-tools/targets/bytes/debug/build/bytes-shared-unsplit-fallbacks-dc977580e2305d91/out/scalable_tickets.rs:137:5
    |
137 |     at: Snapshot<Int>,
    |     ^^ help: if this is intentional, prefix it with an underscore: `_at`

warning: unused variable: `hi`
   --> /workspace/bytes-proof-tools/targets/bytes/debug/build/bytes-shared-unsplit-fallbacks-dc977580e2305d91/out/scalable_tickets.rs:138:5
    |
138 |     hi: Snapshot<Int>,
    |     ^^ help: if this is intentional, prefix it with an underscore: `_hi`

warning: unused variable: `capacity`
   --> /workspace/bytes-proof-tools/targets/bytes/debug/build/bytes-shared-unsplit-fallbacks-dc977580e2305d91/out/scalable_tickets.rs:139:5
    |
139 |     capacity: Snapshot<Int>,
    |     ^^^^^^^^ help: if this is intentional, prefix it with an underscore: `_capacity`

warning: unused variable: `id`
   --> /workspace/bytes-proof-tools/targets/bytes/debug/build/bytes-shared-unsplit-fallbacks-dc977580e2305d91/out/scalable_tickets.rs:148:21
    |
148 | fn active_singleton(id: Snapshot<Int>, bounds: Snapshot<(Int, Int)>) {
    |                     ^^ help: if this is intentional, prefix it with an underscore: `_id`

warning: unused variable: `bounds`
   --> /workspace/bytes-proof-tools/targets/bytes/debug/build/bytes-shared-unsplit-fallbacks-dc977580e2305d91/out/scalable_tickets.rs:148:40
    |
148 | fn active_singleton(id: Snapshot<Int>, bounds: Snapshot<(Int, Int)>) {
    |                                        ^^^^^^ help: if this is intentional, prefix it with an underscore: `_bounds`

warning: unused variable: `left`
   --> /workspace/bytes-proof-tools/targets/bytes/debug/build/bytes-shared-unsplit-fallbacks-dc977580e2305d91/out/scalable_tickets.rs:149:9
    |
149 |     let left: Snapshot<RegistrationMap> =
    |         ^^^^ help: if this is intentional, prefix it with an underscore: `_left`

warning: unused variable: `right`
   --> /workspace/bytes-proof-tools/targets/bytes/debug/build/bytes-shared-unsplit-fallbacks-dc977580e2305d91/out/scalable_tickets.rs:151:9
    |
151 |     let right: Snapshot<RegistrationMap> = snapshot!(FMap::singleton(*id, Excl(())));
    |         ^^^^^ help: if this is intentional, prefix it with an underscore: `_right`

warning: unused variable: `pending`
   --> /workspace/bytes-proof-tools/targets/bytes/debug/build/bytes-shared-unsplit-fallbacks-dc977580e2305d91/out/scalable_tickets.rs:158:35
    |
158 | pub(crate) fn pending_cardinality(pending: Snapshot<FMap<Int, (Int, Int)>>) {
    |                                   ^^^^^^^ help: if this is intentional, prefix it with an underscore: `_pending`

warning: unused variable: `pending`
   --> /workspace/bytes-proof-tools/targets/bytes/debug/build/bytes-shared-unsplit-fallbacks-dc977580e2305d91/out/scalable_tickets.rs:168:18
    |
168 | fn active_remove(pending: Snapshot<FMap<Int, (Int, Int)>>, id: Snapshot<Int>) {
    |                  ^^^^^^^ help: if this is intentional, prefix it with an underscore: `_pending`

warning: unused variable: `id`
   --> /workspace/bytes-proof-tools/targets/bytes/debug/build/bytes-shared-unsplit-fallbacks-dc977580e2305d91/out/scalable_tickets.rs:168:60
    |
168 | fn active_remove(pending: Snapshot<FMap<Int, (Int, Int)>>, id: Snapshot<Int>) {
    |                                                            ^^ help: if this is intentional, prefix it with an underscore: `_id`

warning: unused variable: `left`
   --> /workspace/bytes-proof-tools/targets/bytes/debug/build/bytes-shared-unsplit-fallbacks-dc977580e2305d91/out/scalable_tickets.rs:169:9
    |
169 |     let left: Snapshot<RegistrationMap> = snapshot!(active_registrations((*pending).remove(*id)));
    |         ^^^^ help: if this is intentional, prefix it with an underscore: `_left`

warning: unused variable: `right`
   --> /workspace/bytes-proof-tools/targets/bytes/debug/build/bytes-shared-unsplit-fallbacks-dc977580e2305d91/out/scalable_tickets.rs:170:9
    |
170 |     let right: Snapshot<RegistrationMap> = snapshot!(active_registrations(*pending).remove(*id));
    |         ^^^^^ help: if this is intentional, prefix it with an underscore: `_right`

warning: unused variable: `pending`
   --> /workspace/bytes-proof-tools/targets/bytes/debug/build/bytes-shared-unsplit-fallbacks-dc977580e2305d91/out/scalable_tickets.rs:179:5
    |
179 |     pending: Snapshot<FMap<Int, (Int, Int)>>,
    |     ^^^^^^^ help: if this is intentional, prefix it with an underscore: `_pending`

warning: unused variable: `id`
   --> /workspace/bytes-proof-tools/targets/bytes/debug/build/bytes-shared-unsplit-fallbacks-dc977580e2305d91/out/scalable_tickets.rs:180:5
    |
180 |     id: Snapshot<Int>,
    |     ^^ help: if this is intentional, prefix it with an underscore: `_id`

warning: unused variable: `bounds`
   --> /workspace/bytes-proof-tools/targets/bytes/debug/build/bytes-shared-unsplit-fallbacks-dc977580e2305d91/out/scalable_tickets.rs:181:5
    |
181 |     bounds: Snapshot<(Int, Int)>,
    |     ^^^^^^ help: if this is intentional, prefix it with an underscore: `_bounds`

warning: unused variable: `left`
   --> /workspace/bytes-proof-tools/targets/bytes/debug/build/bytes-shared-unsplit-fallbacks-dc977580e2305d91/out/scalable_tickets.rs:183:9
    |
183 |     let left: Snapshot<RegistrationMap> = snapshot!(active_registrations((*pending).insert(*id, *bounds)));
    |         ^^^^ help: if this is intentional, prefix it with an underscore: `_left`

warning: unused variable: `right`
   --> /workspace/bytes-proof-tools/targets/bytes/debug/build/bytes-shared-unsplit-fallbacks-dc977580e2305d91/out/scalable_tickets.rs:184:9
    |
184 |     let right: Snapshot<RegistrationMap> = snapshot!(active_registrations(*pending).insert(*id, Excl(())));
    |         ^^^^^ help: if this is intentional, prefix it with an underscore: `_right`

warning: unused variable: `ticket`
   --> /workspace/bytes-proof-tools/targets/bytes/debug/build/bytes-shared-unsplit-fallbacks-dc977580e2305d91/out/scalable_tickets.rs:197:9
    |
197 |     let ticket: Snapshot<RegistrationMap> = snapshot!(FMap::singleton(*id, Excl(())));
    |         ^^^^^^ help: if this is intentional, prefix it with an underscore: `_ticket`

warning: unused variable: `rest`
   --> /workspace/bytes-proof-tools/targets/bytes/debug/build/bytes-shared-unsplit-fallbacks-dc977580e2305d91/out/scalable_tickets.rs:198:9
    |
198 |     let rest: Snapshot<RegistrationMap> = snapshot!(active_registrations((*pending).remove(*id)));
    |         ^^^^ help: if this is intentional, prefix it with an underscore: `_rest`

warning: unused variable: `whole`
   --> /workspace/bytes-proof-tools/targets/bytes/debug/build/bytes-shared-unsplit-fallbacks-dc977580e2305d91/out/scalable_tickets.rs:199:9
    |
199 |     let whole: Snapshot<RegistrationMap> = snapshot!(active_registrations(*pending));
    |         ^^^^^ help: if this is intentional, prefix it with an underscore: `_whole`

warning: unused variable: `merged`
   --> /workspace/bytes-proof-tools/targets/bytes/debug/build/bytes-shared-unsplit-fallbacks-dc977580e2305d91/out/scalable_tickets.rs:202:9
    |
202 |     let merged: Snapshot<RegistrationMap> = snapshot!((*ticket).total_op(*rest));
    |         ^^^^^^ help: if this is intentional, prefix it with an underscore: `_merged`

warning: unused variable: `returned`
   --> /workspace/bytes-proof-tools/targets/bytes/debug/build/bytes-shared-unsplit-fallbacks-dc977580e2305d91/out/scalable_tickets.rs:215:5
    |
215 |     returned: Snapshot<RegistrationMap>,
    |     ^^^^^^^^ help: if this is intentional, prefix it with an underscore: `_returned`

warning: unused variable: `ticket`
   --> /workspace/bytes-proof-tools/targets/bytes/debug/build/bytes-shared-unsplit-fallbacks-dc977580e2305d91/out/scalable_tickets.rs:216:5
    |
216 |     ticket: Snapshot<RegistrationMap>,
    |     ^^^^^^ help: if this is intentional, prefix it with an underscore: `_ticket`

warning: unused variable: `remaining`
   --> /workspace/bytes-proof-tools/targets/bytes/debug/build/bytes-shared-unsplit-fallbacks-dc977580e2305d91/out/scalable_tickets.rs:217:5
    |
217 |     remaining: Snapshot<RegistrationMap>,
    |     ^^^^^^^^^ help: if this is intentional, prefix it with an underscore: `_remaining`

warning: unused variable: `active`
   --> /workspace/bytes-proof-tools/targets/bytes/debug/build/bytes-shared-unsplit-fallbacks-dc977580e2305d91/out/scalable_tickets.rs:218:5
    |
218 |     active: Snapshot<RegistrationMap>,
    |     ^^^^^^ help: if this is intentional, prefix it with an underscore: `_active`

warning: unused variable: `new_returned`
   --> /workspace/bytes-proof-tools/targets/bytes/debug/build/bytes-shared-unsplit-fallbacks-dc977580e2305d91/out/scalable_tickets.rs:219:5
    |
219 |     new_returned: Snapshot<RegistrationMap>,
    |     ^^^^^^^^^^^^ help: if this is intentional, prefix it with an underscore: `_new_returned`

warning: unused variable: `authority`
   --> /workspace/bytes-proof-tools/targets/bytes/debug/build/bytes-shared-unsplit-fallbacks-dc977580e2305d91/out/scalable_tickets.rs:220:5
    |
220 |     authority: Snapshot<RegistrationMap>,
    |     ^^^^^^^^^ help: if this is intentional, prefix it with an underscore: `_authority`

warning: unused variable: `map`
   --> /workspace/bytes-proof-tools/targets/bytes/debug/build/bytes-shared-unsplit-fallbacks-dc977580e2305d91/out/scalable_tickets.rs:241:5
    |
241 |     map: Snapshot<RegistrationMap>,
    |     ^^^ help: if this is intentional, prefix it with an underscore: `_map`

warning: unused variable: `first`
   --> /workspace/bytes-proof-tools/targets/bytes/debug/build/bytes-shared-unsplit-fallbacks-dc977580e2305d91/out/scalable_tickets.rs:242:5
    |
242 |     first: Snapshot<Int>,
    |     ^^^^^ help: if this is intentional, prefix it with an underscore: `_first`

warning: unused variable: `second`
   --> /workspace/bytes-proof-tools/targets/bytes/debug/build/bytes-shared-unsplit-fallbacks-dc977580e2305d91/out/scalable_tickets.rs:243:5
    |
243 |     second: Snapshot<Int>,
    |     ^^^^^^ help: if this is intentional, prefix it with an underscore: `_second`

warning: unused variable: `first_ticket`
   --> /workspace/bytes-proof-tools/targets/bytes/debug/build/bytes-shared-unsplit-fallbacks-dc977580e2305d91/out/scalable_tickets.rs:245:9
    |
245 |     let first_ticket: Snapshot<RegistrationMap> =
    |         ^^^^^^^^^^^^ help: if this is intentional, prefix it with an underscore: `_first_ticket`

warning: unused variable: `second_ticket`
   --> /workspace/bytes-proof-tools/targets/bytes/debug/build/bytes-shared-unsplit-fallbacks-dc977580e2305d91/out/scalable_tickets.rs:247:9
    |
247 |     let second_ticket: Snapshot<RegistrationMap> =
    |         ^^^^^^^^^^^^^ help: if this is intentional, prefix it with an underscore: `_second_ticket`

warning: unused variable: `after_first`
   --> /workspace/bytes-proof-tools/targets/bytes/debug/build/bytes-shared-unsplit-fallbacks-dc977580e2305d91/out/scalable_tickets.rs:252:9
    |
252 |     let after_first: Snapshot<RegistrationMap> =
    |         ^^^^^^^^^^^ help: if this is intentional, prefix it with an underscore: `_after_first`

warning: unused variable: `returned`
   --> /workspace/bytes-proof-tools/targets/bytes/debug/build/bytes-shared-unsplit-fallbacks-dc977580e2305d91/out/scalable_tickets.rs:271:5
    |
271 |     returned: Snapshot<RegistrationMap>,
    |     ^^^^^^^^ help: if this is intentional, prefix it with an underscore: `_returned`

warning: unused variable: `active`
   --> /workspace/bytes-proof-tools/targets/bytes/debug/build/bytes-shared-unsplit-fallbacks-dc977580e2305d91/out/scalable_tickets.rs:272:5
    |
272 |     active: Snapshot<RegistrationMap>,
    |     ^^^^^^ help: if this is intentional, prefix it with an underscore: `_active`

warning: unused variable: `authority`
   --> /workspace/bytes-proof-tools/targets/bytes/debug/build/bytes-shared-unsplit-fallbacks-dc977580e2305d91/out/scalable_tickets.rs:273:5
    |
273 |     authority: Snapshot<RegistrationMap>,
    |     ^^^^^^^^^ help: if this is intentional, prefix it with an underscore: `_authority`

warning: unused variable: `fresh`
   --> /workspace/bytes-proof-tools/targets/bytes/debug/build/bytes-shared-unsplit-fallbacks-dc977580e2305d91/out/scalable_tickets.rs:274:5
    |
274 |     fresh: Snapshot<Int>,
    |     ^^^^^ help: if this is intentional, prefix it with an underscore: `_fresh`

warning: unused variable: `next_active`
   --> /workspace/bytes-proof-tools/targets/bytes/debug/build/bytes-shared-unsplit-fallbacks-dc977580e2305d91/out/scalable_tickets.rs:276:9
    |
276 |     let next_active: Snapshot<RegistrationMap> = snapshot!((*active).insert(*fresh, Excl(())));
    |         ^^^^^^^^^^^ help: if this is intentional, prefix it with an underscore: `_next_active`

warning: unused variable: `next_authority`
   --> /workspace/bytes-proof-tools/targets/bytes/debug/build/bytes-shared-unsplit-fallbacks-dc977580e2305d91/out/scalable_tickets.rs:277:9
    |
277 |     let next_authority: Snapshot<RegistrationMap> = snapshot!((*authority).insert(*fresh, Excl(())));
    |         ^^^^^^^^^^^^^^ help: if this is intentional, prefix it with an underscore: `_next_authority`

warning: unused variable: `merged`
   --> /workspace/bytes-proof-tools/targets/bytes/debug/build/bytes-shared-unsplit-fallbacks-dc977580e2305d91/out/scalable_tickets.rs:280:9
    |
280 |     let merged: Snapshot<RegistrationMap> = snapshot!((*returned).total_op(*next_active));
    |         ^^^^^^ help: if this is intentional, prefix it with an underscore: `_merged`

warning: unused variable: `parent_id`
   --> /workspace/bytes-proof-tools/targets/bytes/debug/build/bytes-shared-unsplit-fallbacks-dc977580e2305d91/out/scalable_tickets.rs:553:13
    |
553 |         let parent_id = parent.id;
    |             ^^^^^^^^^ help: if this is intentional, prefix it with an underscore: `_parent_id`

warning: unused variable: `next_id`
   --> /workspace/bytes-proof-tools/targets/bytes/debug/build/bytes-shared-unsplit-fallbacks-dc977580e2305d91/out/scalable_tickets.rs:573:33
    |
573 |         let (left_id, right_id, next_id) = ids.into_ghost().into_inner();
    |                                 ^^^^^^^ help: if this is intentional, prefix it with an underscore: `_next_id`

warning: unused variable: `at`
   --> /workspace/bytes-proof-tools/targets/bytes/debug/build/bytes-shared-unsplit-fallbacks-dc977580e2305d91/out/scalable_tickets.rs:732:5
    |
732 |     at: usize,
    |     ^^ help: if this is intentional, prefix it with an underscore: `_at`

warning: unused variable: `pending`
  --> /workspace/rust-crate-proofs/bytes/1.11.1/src/ownership_proof/singleton_region.rs:24:13
   |
24 |         let pending = state.status.pending;
   |             ^^^^^^^ help: if this is intentional, prefix it with an underscore: `_pending`

warning: unused variable: `ticket_id`
  --> /workspace/rust-crate-proofs/bytes/1.11.1/src/ownership_proof/singleton_region.rs:25:13
   |
25 |         let ticket_id = snapshot!(ticket.logical_id());
   |             ^^^^^^^^^ help: if this is intentional, prefix it with an underscore: `_ticket_id`

warning: unused variable: `address`
  --> src/../../../../src/ownership_proof/boxed_alignment.rs:23:49
   |
23 | pub(crate) fn aligned_address_has_clear_low_bit(address: usize, alignment: usize) {}
   |                                                 ^^^^^^^ help: if this is intentional, prefix it with an underscore: `_address`

warning: unused variable: `alignment`
  --> src/../../../../src/ownership_proof/boxed_alignment.rs:23:65
   |
23 | pub(crate) fn aligned_address_has_clear_low_bit(address: usize, alignment: usize) {}
   |                                                                 ^^^^^^^^^ help: if this is intentional, prefix it with an underscore: `_alignment`

warning: unused variable: `control`
  --> /workspace/bytes-proof-tools/targets/bytes/debug/build/bytes-shared-unsplit-fallbacks-dc977580e2305d91/out/actual_carrier.rs:87:40
   |
87 |     #[cfg(bytes_proof_repeated_split)] control: sequential_shared_control::ControlPtr,
   |                                        ^^^^^^^ help: if this is intentional, prefix it with an underscore: `_control`

warning: unused variable: `ptr`
   --> /workspace/bytes-proof-tools/targets/bytes/debug/build/bytes-shared-unsplit-fallbacks-dc977580e2305d91/out/actual_carrier.rs:169:28
    |
169 | unsafe fn increment_shared(ptr: *mut Shared,
    |                            ^^^ help: if this is intentional, prefix it with an underscore: `_ptr`

warning: unused variable: `context`
  --> /workspace/rust-crate-proofs/bytes/1.11.1/src/ownership_proof/carrier_protocol.rs:83:37
   |
83 |     pub(super) fn singleton_is_sole(context: Snapshot<ControlContext>, registration: Snapshot<Self>) {
   |                                     ^^^^^^^ help: if this is intentional, prefix it with an underscore: `_context`

warning: unused variable: `registration`
  --> /workspace/rust-crate-proofs/bytes/1.11.1/src/ownership_proof/carrier_protocol.rs:83:72
   |
83 |     pub(super) fn singleton_is_sole(context: Snapshot<ControlContext>, registration: Snapshot<Self>) {
   |                                                                        ^^^^^^^^^^^^ help: if this is intentional, prefix it with an underscore: `_registration`

warning: unused variable: `pending`
  --> /workspace/rust-crate-proofs/bytes/1.11.1/src/ownership_proof/carrier_protocol.rs:84:13
   |
84 |         let pending = snapshot!(*context.status.pending);
   |             ^^^^^^^ help: if this is intentional, prefix it with an underscore: `_pending`

warning: unused variable: `base`
   --> /workspace/rust-crate-proofs/bytes/1.11.1/src/ownership_proof/carrier_protocol.rs:125:46
    |
125 | pub(super) fn activate(pointer: *mut Shared, base: BoundPtr, capacity: usize,
    |                                              ^^^^ help: if this is intentional, prefix it with an underscore: `_base`

warning: variable does not need to be mutable
   --> /workspace/rust-crate-proofs/bytes/1.11.1/src/ownership_proof/carrier_protocol.rs:148:46
    |
148 | pub(super) fn increment(control: ControlPtr, mut context: Ghost<&mut ControlContext>) -> usize {
    |                                              ----^^^^^^^
    |                                              |
    |                                              help: remove this `mut`
    |
    = note: `#[warn(unused_mut)]` (part of `#[warn(unused)]`) on by default

warning: variable does not need to be mutable
   --> /workspace/rust-crate-proofs/bytes/1.11.1/src/ownership_proof/carrier_protocol.rs:242:5
    |
242 |     mut packet: Ghost<&'a mut Packet>,
    |     ----^^^^^^
    |     |
    |     help: remove this `mut`

warning: variable does not need to be mutable
   --> /workspace/rust-crate-proofs/bytes/1.11.1/src/ownership_proof/carrier_protocol.rs:305:5
    |
305 |     mut packet: Ghost<&'a mut Packet>,
    |     ----^^^^^^
    |     |
    |     help: remove this `mut`

warning: unused variable: `original`
   --> /workspace/bytes-proof-tools/targets/bytes/debug/build/bytes-shared-unsplit-fallbacks-dc977580e2305d91/out/actual_carrier.rs:442:17
    |
442 |             let original = snapshot!(*self);
    |                 ^^^^^^^^ help: if this is intentional, prefix it with an underscore: `_original`

warning: variable does not need to be mutable
   --> /workspace/bytes-proof-tools/targets/bytes/debug/build/bytes-shared-unsplit-fallbacks-dc977580e2305d91/out/actual_carrier.rs:633:17
    |
633 |             let mut other = self.shallow_clone();
    |                 ----^^^^^
    |                 |
    |                 help: remove this `mut`

warning: unused variable: `off`
   --> /workspace/bytes-proof-tools/targets/bytes/debug/build/bytes-shared-unsplit-fallbacks-dc977580e2305d91/out/actual_carrier.rs:764:13
    |
764 |         let off = crate::capacity_ops::vec_pos_from_data(
    |             ^^^ help: if this is intentional, prefix it with an underscore: `_off`

warning: unused variable: `handle`
    --> /workspace/bytes-proof-tools/targets/bytes/debug/build/bytes-shared-unsplit-fallbacks-dc977580e2305d91/out/actual_carrier.rs:1198:41
     |
1198 |     fn proof_initialization_coordinates(handle: Snapshot<Self>) {
     |                                         ^^^^^^ help: if this is intentional, prefix it with an underscore: `_handle`

warning: unused variable: `at`
    --> /workspace/bytes-proof-tools/targets/bytes/debug/build/bytes-shared-unsplit-fallbacks-dc977580e2305d91/out/actual_carrier.rs:1339:66
     |
1339 |     fn proof_register_carrier_split(&mut self, other: &mut Self, at: usize) {
     |                                                                  ^^ help: if this is intentional, prefix it with an underscore: `_at`

warning: unused variable: `handle`
  --> /workspace/rust-crate-proofs/bytes/1.11.1/src/ownership_proof/shared_copy.rs:12:28
   |
12 | fn initialized_coordinates(handle:Snapshot<BytesMut>){
   |                            ^^^^^^ help: if this is intentional, prefix it with an underscore: `_handle`

warning: variable does not need to be mutable
  --> /workspace/rust-crate-proofs/bytes/1.11.1/src/ownership_proof/shared_copy.rs:33:42
   |
33 |     handle: BytesMut, additional: usize, mut context: Ghost<&mut ControlContext>,
   |                                          ----^^^^^^^
   |                                          |
   |                                          help: remove this `mut`

warning: unused variable: `handle`
  --> /workspace/rust-crate-proofs/bytes/1.11.1/src/ownership_proof/shared_unsplit_fallbacks.rs:11:26
   |
11 | fn zero_coordinate_valid(handle:Snapshot<BytesMut>){
   |                          ^^^^^^ help: if this is intentional, prefix it with an underscore: `_handle`

warning: unused variable: `left`
  --> /workspace/rust-crate-proofs/bytes/1.11.1/src/ownership_proof/shared_unsplit_fallbacks.rs:29:27
   |
29 | pub(crate) fn empty_other(left:&mut BytesMut,right:BytesMut,context:Ghost<&mut ControlContext>){
   |                           ^^^^ help: if this is intentional, prefix it with an underscore: `_left`

warning: type `actual::Shared` is more private than the item `SingletonLease::owner`
  --> /workspace/rust-crate-proofs/bytes/1.11.1/src/ownership_proof/shared_reclaim.rs:14:5
   |
14 |     pub(crate) owner: Box<Perm<*const Shared>>,
   |     ^^^^^^^^^^^^^^^^^^^^^^^^^^^^^^^^^^^^^^^^^^ field `SingletonLease::owner` is reachable at visibility `pub(crate)`
   |
note: but type `actual::Shared` is only usable at visibility `pub(self)`
  --> /workspace/bytes-proof-tools/targets/bytes/debug/build/bytes-shared-unsplit-fallbacks-dc977580e2305d91/out/actual_carrier.rs:56:1
   |
56 | struct Shared {
   | ^^^^^^^^^^^^^
   = note: `#[warn(private_interfaces)]` on by default

warning: type `HandleRegistration` is more private than the item `acquire`
  --> /workspace/rust-crate-proofs/bytes/1.11.1/src/ownership_proof/shared_reclaim.rs:55:1
   |
55 | / pub(crate) fn acquire(
56 | |     control: ControlPtr,
57 | |     context: Ghost<ControlContext>,
58 | |     registration: Ghost<HandleRegistration>,
59 | | ) -> Ghost<SingletonLease> {
   | |__________________________^ function `acquire` is reachable at visibility `pub(crate)`
   |
note: but type `HandleRegistration` is only usable at visibility `pub(in crate::actual)`
  --> /workspace/rust-crate-proofs/bytes/1.11.1/src/ownership_proof/carrier_protocol.rs:67:1
   |
67 | pub(super) struct HandleRegistration {
   | ^^^^^^^^^^^^^^^^^^^^^^^^^^^^^^^^^^^^

warning: type `HandleRegistration` is more private than the item `reactivate`
  --> /workspace/rust-crate-proofs/bytes/1.11.1/src/ownership_proof/shared_reclaim.rs:85:1
   |
85 | / pub(crate) fn reactivate(
86 | |     control: ControlPtr,
87 | |     lease: Ghost<SingletonLease>,
88 | | ) -> Ghost<(ControlContext, HandleRegistration)> {
   | |________________________________________________^ function `reactivate` is reachable at visibility `pub(crate)`
   |
note: but type `HandleRegistration` is only usable at visibility `pub(in crate::actual)`
  --> /workspace/rust-crate-proofs/bytes/1.11.1/src/ownership_proof/carrier_protocol.rs:67:1
   |
67 | pub(super) struct HandleRegistration {
   | ^^^^^^^^^^^^^^^^^^^^^^^^^^^^^^^^^^^^

warning: type `HandleRegistration` is more private than the item `reactivate_view`
  --> /workspace/rust-crate-proofs/bytes/1.11.1/src/ownership_proof/shared_reserve.rs:84:1
   |
84 | / pub(crate) fn reactivate_view(
85 | |     control: ControlPtr, lease: Ghost<SingletonLease>, end: Snapshot<Int>,
86 | | ) -> Ghost<(ControlContext, HandleRegistration)> {
   | |________________________________________________^ function `reactivate_view` is reachable at visibility `pub(crate)`
   |
note: but type `HandleRegistration` is only usable at visibility `pub(in crate::actual)`
  --> /workspace/rust-crate-proofs/bytes/1.11.1/src/ownership_proof/carrier_protocol.rs:67:1
   |
67 | pub(super) struct HandleRegistration {
   | ^^^^^^^^^^^^^^^^^^^^^^^^^^^^^^^^^^^^

warning: function `reallocate_u8` is never used
  --> src/../../../../src/allocation_ops.rs:25:22
   |
25 | pub(crate) unsafe fn reallocate_u8(base: *mut u8, old_capacity: usize, capacity: usize) -> core::ptr::NonNull<u8> {
   |                      ^^^^^^^^^^^^^
   |
   = note: `#[warn(dead_code)]` (part of `#[warn(unused)]`) on by default

warning: function `fill_uninit_prefix` is never used
  --> src/../../../../src/storage_ops.rs:15:15
   |
15 | pub(crate) fn fill_uninit_prefix(dst: &mut [MaybeUninit<u8>], count: usize, value: u8) {
   |               ^^^^^^^^^^^^^^^^^^

warning: function `pointer_addr_eq` is never used
  --> src/../../../../src/provenance_specs.rs:19:15
   |
19 | pub(crate) fn pointer_addr_eq<T>(left: *const T, right: *const T) -> bool {
   |               ^^^^^^^^^^^^^^^

warning: function `pointer_with_address` is never used
  --> src/../../../../src/provenance_specs.rs:88:15
   |
88 | pub(crate) fn pointer_with_address(ptr: *mut u8, new_addr: usize) -> *mut u8 {
   |               ^^^^^^^^^^^^^^^^^^^^

warning: method `join` is never used
   --> src/../../../../src/ownership_proof/owned_region.rs:243:19
    |
 95 | impl OwnedRegion {
    | ---------------- method in this implementation
...
243 |     pub(crate) fn join(self, other: Self) -> Self {
    |                   ^^^^

warning: function `reallocate_bound` is never used
   --> src/../../../../src/ownership_proof/raw_vec.rs:103:22
    |
103 | pub(crate) unsafe fn reallocate_bound(base: BoundPtr, old_capacity: usize, capacity: usize,
    |                      ^^^^^^^^^^^^^^^^

warning: methods `as_non_null` and `offset_from_bound_base` are never used
   --> src/../../../../src/ownership_proof/raw_vec.rs:284:19
    |
241 | impl BoundPtr {
    | ------------- methods in this implementation
...
284 |     pub(crate) fn as_non_null(&self) -> NonNull<u8> {
    |                   ^^^^^^^^^^^
...
307 |     pub(crate) fn offset_from_bound_base(&self, base: Self) -> usize {
    |                   ^^^^^^^^^^^^^^^^^^^^^^

warning: fields `resource` and `descriptor` are never read
   --> src/../../../../src/ownership_proof/raw_vec.rs:442:5
    |
441 | pub(crate) struct Recovery {
    |                   -------- fields in this struct
442 |     resource: Resource<KernelRA>,
    |     ^^^^^^^^
443 |     descriptor: AllocationDesc,
    |     ^^^^^^^^^^

warning: method `join` is never used
   --> src/../../../../src/ownership_proof/raw_vec.rs:599:19
    |
513 | impl PhysicalRegion {
    | ------------------- method in this implementation
...
599 |     pub(crate) fn join(self, other: Self) -> Self {
    |                   ^^^^

warning: function `resume_vec` is never used
   --> src/../../../../src/ownership_proof/raw_vec.rs:899:22
    |
899 | pub(crate) unsafe fn resume_vec(
    |                      ^^^^^^^^^^

warning: function `deallocate_vec` is never used
   --> src/../../../../src/ownership_proof/raw_vec.rs:935:22
    |
935 | pub(crate) unsafe fn deallocate_vec(
    |                      ^^^^^^^^^^^^^^

warning: function `borrow_mut` is never used
    --> src/../../../../src/ownership_proof/raw_vec.rs:1019:22
     |
1019 | pub(crate) unsafe fn borrow_mut<'a>(
     |                      ^^^^^^^^^^

warning: function `slot_known_equivalence` is never used
    --> src/../../../../src/ownership_proof/raw_vec.rs:1041:15
     |
1041 | pub(crate) fn slot_known_equivalence(slot: Option<Option<u8>>) {}
     |               ^^^^^^^^^^^^^^^^^^^^^^

warning: function `borrow_bound_mut` is never used
    --> src/../../../../src/ownership_proof/raw_vec.rs:1080:22
     |
1080 | pub(crate) unsafe fn borrow_bound_mut<'a>(
     |                      ^^^^^^^^^^^^^^^^

warning: function `borrow_empty_bound` is never used
    --> src/../../../../src/ownership_proof/raw_vec.rs:1204:22
     |
1204 | pub(crate) unsafe fn borrow_empty_bound<'a>(bound: &'a BoundPtr) -> &'a [u8] {
     |                      ^^^^^^^^^^^^^^^^^^

warning: function `borrow_empty_bound_mut` is never used
    --> src/../../../../src/ownership_proof/raw_vec.rs:1213:22
     |
1213 | pub(crate) unsafe fn borrow_empty_bound_mut<'a>(bound: &'a BoundPtr) -> &'a mut [u8] {
     |                      ^^^^^^^^^^^^^^^^^^^^^^

warning: function `borrow_empty_bound_uninit_mut` is never used
    --> src/../../../../src/ownership_proof/raw_vec.rs:1221:22
     |
1221 | pub(crate) unsafe fn borrow_empty_bound_uninit_mut<'a>(
     |                      ^^^^^^^^^^^^^^^^^^^^^^^^^^^^^

warning: function `reallocate_u8` is never used
  --> src/../../../../src/ownership_proof/../allocation_ops.rs:25:22
   |
25 | pub(crate) unsafe fn reallocate_u8(base: *mut u8, old_capacity: usize, capacity: usize) -> core::ptr::NonNull<u8> {
   |                      ^^^^^^^^^^^^^

warning: fields `capacity`, `allocation`, and `registration` are never read
  --> /workspace/bytes-proof-tools/targets/bytes/debug/build/bytes-shared-unsplit-fallbacks-dc977580e2305d91/out/scalable_tickets.rs:63:16
   |
62 | pub(crate) struct Status {
   |                   ------ fields in this struct
63 |     pub(crate) capacity: Int,
   |                ^^^^^^^^
64 |     pub(crate) allocation: Id,
   |                ^^^^^^^^^^
65 |     pub(crate) registration: Id,
   |                ^^^^^^^^^^^^
   |
   = note: `Status` has a derived impl for the trait `Clone`, but this is intentionally ignored during dead code analysis

warning: function `initialize` is never used
   --> /workspace/bytes-proof-tools/targets/bytes/debug/build/bytes-shared-unsplit-fallbacks-dc977580e2305d91/out/scalable_tickets.rs:508:15
    |
508 | pub(crate) fn initialize(input: alloc::vec::Vec<u8>) -> (crate::ownership_proof::raw_vec::BoundPtr, usize, Ghost<(Coordinator, Pack...
    |               ^^^^^^^^^^

warning: function `replace` is never used
   --> /workspace/bytes-proof-tools/targets/bytes/debug/build/bytes-shared-unsplit-fallbacks-dc977580e2305d91/out/scalable_tickets.rs:729:15
    |
729 | pub(crate) fn replace(
    |               ^^^^^^^

warning: function `recover` is never used
  --> /workspace/rust-crate-proofs/bytes/1.11.1/src/ownership_proof/singleton_region.rs:17:15
   |
17 | pub(crate) fn recover(
   |               ^^^^^^^

warning: function `native_allocate_and_release` is never used
  --> src/../../../../src/ownership_proof/vec_capacity.rs:60:8
   |
60 | pub fn native_allocate_and_release(requested: usize) -> (usize, usize) {
   |        ^^^^^^^^^^^^^^^^^^^^^^^^^^^

warning: function `reclaim` is never used
  --> src/../../../../src/ownership_proof/unique_reclaim.rs:26:15
   |
26 | pub(crate) fn reclaim(
   |               ^^^^^^^

warning: methods `as_slice_mut`, `capacity`, and `reserve` are never used
   --> /workspace/bytes-proof-tools/targets/bytes/debug/build/bytes-shared-unsplit-fallbacks-dc977580e2305d91/out/actual_carrier.rs:295:8
    |
186 | impl BytesMut {
    | ------------- methods in this implementation
...
295 |     fn as_slice_mut(&mut self) -> &mut [u8] {
    |        ^^^^^^^^^^^^
...
383 |     pub fn capacity(&self) -> usize {
    |            ^^^^^^^^
...
426 |     pub fn reserve(&mut self, additional: usize,
    |            ^^^^^^^

warning: associated function `singleton_is_sole` is never used
  --> /workspace/rust-crate-proofs/bytes/1.11.1/src/ownership_proof/carrier_protocol.rs:83:19
   |
75 | impl HandleRegistration {
   | ----------------------- associated function in this implementation
...
83 |     pub(super) fn singleton_is_sole(context: Snapshot<ControlContext>, registration: Snapshot<Self>) {
   |                   ^^^^^^^^^^^^^^^^^

warning: function `borrow_packet_mut` is never used
   --> /workspace/rust-crate-proofs/bytes/1.11.1/src/ownership_proof/carrier_protocol.rs:239:22
    |
239 | pub(crate) unsafe fn borrow_packet_mut<'a>(
    |                      ^^^^^^^^^^^^^^^^^

warning: struct `SingletonLease` is never constructed
  --> /workspace/rust-crate-proofs/bytes/1.11.1/src/ownership_proof/shared_reclaim.rs:12:19
   |
12 | pub(crate) struct SingletonLease {
   |                   ^^^^^^^^^^^^^^

warning: function `is_unique` is never used
  --> /workspace/rust-crate-proofs/bytes/1.11.1/src/ownership_proof/shared_reclaim.rs:41:15
   |
41 | pub(crate) fn is_unique(control: ControlPtr, context: Ghost<&ControlContext>) -> bool {
   |               ^^^^^^^^^

warning: function `acquire` is never used
  --> /workspace/rust-crate-proofs/bytes/1.11.1/src/ownership_proof/shared_reclaim.rs:55:15
   |
55 | pub(crate) fn acquire(
   |               ^^^^^^^

warning: function `reactivate` is never used
  --> /workspace/rust-crate-proofs/bytes/1.11.1/src/ownership_proof/shared_reclaim.rs:85:15
   |
85 | pub(crate) fn reactivate(
   |               ^^^^^^^^^^

warning: function `reserve_lease` is never used
  --> /workspace/rust-crate-proofs/bytes/1.11.1/src/ownership_proof/shared_reserve.rs:24:15
   |
24 | pub(crate) fn reserve_lease(
   |               ^^^^^^^^^^^^^

warning: function `reactivate_view` is never used
  --> /workspace/rust-crate-proofs/bytes/1.11.1/src/ownership_proof/shared_reserve.rs:84:15
   |
84 | pub(crate) fn reactivate_view(
   |               ^^^^^^^^^^^^^^^

warning: `bytes-shared-unsplit-fallbacks` (lib) generated 135 warnings (84 duplicates) (run `cargo fix --lib -p bytes-shared-unsplit-fallbacks` to apply 14 suggestions)
warning: `bytes-shared-unsplit-fallbacks` (lib test) generated 135 warnings (51 duplicates) (run `cargo fix --lib -p bytes-shared-unsplit-fallbacks --tests` to apply 84 suggestions)
    Finished `test` profile [unoptimized + debuginfo] target(s) in 0.75s
     Running unittests src/lib.rs (/workspace/bytes-proof-tools/targets/bytes/debug/deps/bytes_shared_unsplit_fallbacks-342303563925423f)

running 1 test
test tests::empty_adoption_and_gapped_copy ... ok

test result: ok. 1 passed; 0 failed; 0 ignored; 0 measured; 0 filtered out; finished in 0.00s

   Doc-tests bytes_shared_unsplit_fallbacks

running 0 tests

test result: ok. 0 passed; 0 failed; 0 ignored; 0 measured; 0 filtered out; finished in 0.00s

cargo extraction compile/native smoke: PASS

=== shared-unsplit-independent ===
warning: unused variable: `helpers`
   --> /workspace/rust-crate-proofs/bytes/1.11.1/verification/probes/shared-unsplit-independent/build.rs:198:9
    |
198 |     let helpers=Fragment {name:"carrier_methods",text:&source[start..end],start,end};
    |         ^^^^^^^ help: if this is intentional, prefix it with an underscore: `_helpers`
    |
    = note: `#[warn(unused_variables)]` (part of `#[warn(unused)]`) on by default

warning: 1 warning emitted

cargo:rustc-cfg=bytes_proof_unsplit_independent
cargo:rerun-if-changed=/workspace/rust-crate-proofs/bytes/1.11.1/verification/probes/shared-unsplit-independent/../../../src/bytes_mut.rs
cargo:rerun-if-changed=build.rs
cargo:rustc-cfg=bytes_proof_probe
cargo:rustc-check-cfg=cfg(bytes_proof_probe)
cargo:rustc-cfg=bytes_proof_repeated_split
cargo:rustc-check-cfg=cfg(bytes_proof_repeated_split)
cargo:rustc-cfg=bytes_proof_shared_reserve
cargo:rustc-check-cfg=cfg(bytes_proof_shared_reserve)
cargo:rerun-if-changed=/workspace/rust-crate-proofs/bytes/1.11.1/verification/probes/shared-unsplit-independent/../../../src/ownership_proof/scalable_tickets.rs
cargo:rerun-if-changed=/workspace/rust-crate-proofs/bytes/1.11.1/verification/probes/shared-unsplit-independent/../../../src/ownership_proof/singleton_region.rs
cargo:rerun-if-changed=/workspace/rust-crate-proofs/bytes/1.11.1/verification/probes/shared-unsplit-independent/../../../src/ownership_proof/shared_reclaim.rs
cargo:rerun-if-changed=/workspace/rust-crate-proofs/bytes/1.11.1/verification/probes/shared-unsplit-independent/../../../src/ownership_proof/shared_copy.rs
cargo:rerun-if-changed=/workspace/rust-crate-proofs/bytes/1.11.1/verification/probes/shared-unsplit-independent/../../../src/ownership_proof/adjacent_region.rs
cargo:rerun-if-changed=src/caller.inc
standalone rustc build.rs + extraction: PASS
    Blocking waiting for file lock on build directory
   Compiling bytes-shared-unsplit-independent v0.1.0 (/workspace/rust-crate-proofs/bytes/1.11.1/verification/probes/shared-unsplit-independent)
warning: unused variable: `helpers`
   --> build.rs:198:9
    |
198 |     let helpers=Fragment {name:"carrier_methods",text:&source[start..end],start,end};
    |         ^^^^^^^ help: if this is intentional, prefix it with an underscore: `_helpers`
    |
    = note: `#[warn(unused_variables)]` (part of `#[warn(unused)]`) on by default

warning: `bytes-shared-unsplit-independent` (build script) generated 1 warning
warning: unused import: `RA`
  --> src/../../../../src/ownership_proof/owned_region.rs:11:33
   |
11 |     logic::{FMap, Id, Int, ra::{RA, excl::Excl}},
   |                                 ^^
   |
   = note: `#[warn(unused_imports)]` (part of `#[warn(unused)]`) on by default

warning: unused imports: `FMap`, `RA`, `UnitRA`, and `excl::Excl`
  --> src/../../../../src/ownership_proof/raw_vec.rs:25:13
   |
25 |     logic::{FMap, Id, Int, ra::{RA, UnitRA, excl::Excl}},
   |             ^^^^                ^^  ^^^^^^  ^^^^^^^^^^

warning: unused import: `RA`
 --> /workspace/bytes-proof-tools/targets/bytes/debug/build/bytes-shared-unsplit-independent-4a4ae0fd6a4da263/out/scalable_tickets.rs:9:29
  |
9 |     logic::{FMap, Int, ra::{RA, excl::Excl}},
  |                             ^^

warning: unused import: `owned_region`
  --> src/lib.rs:31:28
   |
31 |     pub(crate) use crate::{owned_region, raw_vec, sequential_counter, scalable_tickets, bound_ptr, boxed_alignment, vec_capacity, un...
   |                            ^^^^^^^^^^^^

warning: unused import: `ManuallyDrop`
 --> /workspace/bytes-proof-tools/targets/bytes/debug/build/bytes-shared-unsplit-independent-4a4ae0fd6a4da263/out/actual_carrier.rs:2:22
  |
2 | use core::mem::{self,ManuallyDrop,MaybeUninit};
  |                      ^^^^^^^^^^^^

warning: unused import: `self`
 --> /workspace/bytes-proof-tools/targets/bytes/debug/build/bytes-shared-unsplit-independent-4a4ae0fd6a4da263/out/actual_carrier.rs:3:17
  |
3 | use core::ptr::{self,NonNull};
  |                 ^^^^

warning: unused imports: `AtomicUsize` and `Ordering`
 --> /workspace/bytes-proof-tools/targets/bytes/debug/build/bytes-shared-unsplit-independent-4a4ae0fd6a4da263/out/actual_carrier.rs:5:26
  |
5 | use core::sync::atomic::{AtomicUsize,Ordering};
  |                          ^^^^^^^^^^^ ^^^^^^^^

warning: unused import: `prelude::*`
 --> /workspace/rust-crate-proofs/bytes/1.11.1/src/ownership_proof/carrier_protocol.rs:5:49
  |
5 | use creusot_std::{ghost::perm::Perm, logic::Id, prelude::*};
  |                                                 ^^^^^^^^^^

warning: unused import: `prelude::*`
 --> /workspace/rust-crate-proofs/bytes/1.11.1/src/ownership_proof/shared_reclaim.rs:4:38
  |
4 | use creusot_std::{ghost::perm::Perm, prelude::*};
  |                                      ^^^^^^^^^^

warning: unused import: `prelude::*`
 --> /workspace/rust-crate-proofs/bytes/1.11.1/src/ownership_proof/shared_copy.rs:4:38
  |
4 | use creusot_std::{ghost::perm::Perm, prelude::*};
  |                                      ^^^^^^^^^^

warning: unused import: `HandleRegistration`
 --> /workspace/rust-crate-proofs/bytes/1.11.1/src/ownership_proof/shared_copy.rs:6:56
  |
6 | use super::sequential_shared_control::{ControlContext, HandleRegistration};
  |                                                        ^^^^^^^^^^^^^^^^^^

warning: unused import: `prelude::*`
 --> /workspace/rust-crate-proofs/bytes/1.11.1/src/ownership_proof/shared_reserve.rs:3:38
  |
3 | use creusot_std::{ghost::perm::Perm, prelude::*};
  |                                      ^^^^^^^^^^

warning: unused import: `creusot_std::prelude::*`
 --> /workspace/rust-crate-proofs/bytes/1.11.1/src/ownership_proof/shared_unsplit_fallbacks.rs:3:5
  |
3 | use creusot_std::prelude::*;
  |     ^^^^^^^^^^^^^^^^^^^^^^^

warning: unused import: `HandleRegistration`
 --> /workspace/rust-crate-proofs/bytes/1.11.1/src/ownership_proof/shared_unsplit_fallbacks.rs:4:48
  |
4 | use sequential_shared_control::{ControlContext,HandleRegistration};
  |                                                ^^^^^^^^^^^^^^^^^^

warning: unused import: `creusot_std::prelude::*`
 --> /workspace/rust-crate-proofs/bytes/1.11.1/src/ownership_proof/shared_unsplit_independent.rs:3:5
  |
3 | use creusot_std::prelude::*;
  |     ^^^^^^^^^^^^^^^^^^^^^^^

warning: unused import: `HandleRegistration`
 --> /workspace/rust-crate-proofs/bytes/1.11.1/src/ownership_proof/shared_unsplit_independent.rs:4:48
  |
4 | use sequential_shared_control::{ControlContext,HandleRegistration};
  |                                                ^^^^^^^^^^^^^^^^^^

warning: unused variable: `left`
  --> src/../../../../src/ownership_proof/owned_region.rs:33:5
   |
33 |     left: Snapshot<SlotMap>,
   |     ^^^^ help: if this is intentional, prefix it with an underscore: `_left`
   |
   = note: `#[warn(unused_variables)]` (part of `#[warn(unused)]`) on by default

warning: unused variable: `right`
  --> src/../../../../src/ownership_proof/owned_region.rs:34:5
   |
34 |     right: Snapshot<SlotMap>,
   |     ^^^^^ help: if this is intentional, prefix it with an underscore: `_right`

warning: unused variable: `whole`
  --> src/../../../../src/ownership_proof/owned_region.rs:35:5
   |
35 |     whole: Snapshot<SlotMap>,
   |     ^^^^^ help: if this is intentional, prefix it with an underscore: `_whole`

warning: unused variable: `merged`
  --> src/../../../../src/ownership_proof/owned_region.rs:38:9
   |
38 |     let merged: Snapshot<SlotMap> = snapshot! { (*left).total_op(*right) };
   |         ^^^^^^ help: if this is intentional, prefix it with an underscore: `_merged`

warning: unused variable: `left`
  --> src/../../../../src/ownership_proof/owned_region.rs:48:5
   |
48 |     left: Snapshot<SlotMap>,
   |     ^^^^ help: if this is intentional, prefix it with an underscore: `_left`

warning: unused variable: `right`
  --> src/../../../../src/ownership_proof/owned_region.rs:49:5
   |
49 |     right: Snapshot<SlotMap>,
   |     ^^^^^ help: if this is intentional, prefix it with an underscore: `_right`

warning: unused variable: `whole`
  --> src/../../../../src/ownership_proof/owned_region.rs:50:5
   |
50 |     whole: Snapshot<SlotMap>,
   |     ^^^^^ help: if this is intentional, prefix it with an underscore: `_whole`

warning: unused variable: `merged`
  --> src/../../../../src/ownership_proof/owned_region.rs:52:9
   |
52 |     let merged: Snapshot<SlotMap> = snapshot! { (*left).total_op(*right) };
   |         ^^^^^^ help: if this is intentional, prefix it with an underscore: `_merged`

warning: unused variable: `slots`
   --> src/../../../../src/ownership_proof/raw_vec.rs:109:9
    |
109 |     let slots = snapshot! { slots_grown(capabilities.inner_logic().1.ledger.slots(), old_capacity@, capacity@) };
    |         ^^^^^ help: if this is intentional, prefix it with an underscore: `_slots`

warning: unused variable: `unit`
   --> src/../../../../src/ownership_proof/raw_vec.rs:681:13
    |
681 |         let unit: Snapshot<KernelRA> = snapshot!(KernelRA::unit());
    |             ^^^^ help: if this is intentional, prefix it with an underscore: `_unit`

warning: unused variable: `empty_value`
   --> src/../../../../src/ownership_proof/raw_vec.rs:684:13
    |
684 |         let empty_value: Snapshot<KernelRA> = snapshot!((None, FMap::empty()));
    |             ^^^^^^^^^^^ help: if this is intentional, prefix it with an underscore: `_empty_value`

warning: unused variable: `input_model`
   --> src/../../../../src/ownership_proof/raw_vec.rs:819:9
    |
819 |     let input_model = snapshot!(input@);
    |         ^^^^^^^^^^^ help: if this is intentional, prefix it with an underscore: `_input_model`

warning: unused variable: `slot`
    --> src/../../../../src/ownership_proof/raw_vec.rs:1041:38
     |
1041 | pub(crate) fn slot_known_equivalence(slot: Option<Option<u8>>) {}
     |                                      ^^^^ help: if this is intentional, prefix it with an underscore: `_slot`

warning: unused variable: `own`
  --> src/../../../../src/ownership_proof/sequential_counter.rs:89:39
   |
89 |     pub(crate) fn load_acquire(&self, own: Ghost<&CounterOwn>) -> usize {
   |                                       ^^^ help: if this is intentional, prefix it with an underscore: `_own`

warning: unused variable: `pending`
   --> /workspace/bytes-proof-tools/targets/bytes/debug/build/bytes-shared-unsplit-independent-4a4ae0fd6a4da263/out/scalable_tickets.rs:132:5
    |
132 |     pending: Snapshot<FMap<Int, (Int, Int)>>,
    |     ^^^^^^^ help: if this is intentional, prefix it with an underscore: `_pending`

warning: unused variable: `parent`
   --> /workspace/bytes-proof-tools/targets/bytes/debug/build/bytes-shared-unsplit-independent-4a4ae0fd6a4da263/out/scalable_tickets.rs:133:5
    |
133 |     parent: Snapshot<Int>,
    |     ^^^^^^ help: if this is intentional, prefix it with an underscore: `_parent`

warning: unused variable: `left`
   --> /workspace/bytes-proof-tools/targets/bytes/debug/build/bytes-shared-unsplit-independent-4a4ae0fd6a4da263/out/scalable_tickets.rs:134:5
    |
134 |     left: Snapshot<Int>,
    |     ^^^^ help: if this is intentional, prefix it with an underscore: `_left`

warning: unused variable: `right`
   --> /workspace/bytes-proof-tools/targets/bytes/debug/build/bytes-shared-unsplit-independent-4a4ae0fd6a4da263/out/scalable_tickets.rs:135:5
    |
135 |     right: Snapshot<Int>,
    |     ^^^^^ help: if this is intentional, prefix it with an underscore: `_right`

warning: unused variable: `lo`
   --> /workspace/bytes-proof-tools/targets/bytes/debug/build/bytes-shared-unsplit-independent-4a4ae0fd6a4da263/out/scalable_tickets.rs:136:5
    |
136 |     lo: Snapshot<Int>,
    |     ^^ help: if this is intentional, prefix it with an underscore: `_lo`

warning: unused variable: `at`
   --> /workspace/bytes-proof-tools/targets/bytes/debug/build/bytes-shared-unsplit-independent-4a4ae0fd6a4da263/out/scalable_tickets.rs:137:5
    |
137 |     at: Snapshot<Int>,
    |     ^^ help: if this is intentional, prefix it with an underscore: `_at`

warning: unused variable: `hi`
   --> /workspace/bytes-proof-tools/targets/bytes/debug/build/bytes-shared-unsplit-independent-4a4ae0fd6a4da263/out/scalable_tickets.rs:138:5
    |
138 |     hi: Snapshot<Int>,
    |     ^^ help: if this is intentional, prefix it with an underscore: `_hi`

warning: unused variable: `capacity`
   --> /workspace/bytes-proof-tools/targets/bytes/debug/build/bytes-shared-unsplit-independent-4a4ae0fd6a4da263/out/scalable_tickets.rs:139:5
    |
139 |     capacity: Snapshot<Int>,
    |     ^^^^^^^^ help: if this is intentional, prefix it with an underscore: `_capacity`

warning: unused variable: `id`
   --> /workspace/bytes-proof-tools/targets/bytes/debug/build/bytes-shared-unsplit-independent-4a4ae0fd6a4da263/out/scalable_tickets.rs:148:21
    |
148 | fn active_singleton(id: Snapshot<Int>, bounds: Snapshot<(Int, Int)>) {
    |                     ^^ help: if this is intentional, prefix it with an underscore: `_id`

warning: unused variable: `bounds`
   --> /workspace/bytes-proof-tools/targets/bytes/debug/build/bytes-shared-unsplit-independent-4a4ae0fd6a4da263/out/scalable_tickets.rs:148:40
    |
148 | fn active_singleton(id: Snapshot<Int>, bounds: Snapshot<(Int, Int)>) {
    |                                        ^^^^^^ help: if this is intentional, prefix it with an underscore: `_bounds`

warning: unused variable: `left`
   --> /workspace/bytes-proof-tools/targets/bytes/debug/build/bytes-shared-unsplit-independent-4a4ae0fd6a4da263/out/scalable_tickets.rs:149:9
    |
149 |     let left: Snapshot<RegistrationMap> =
    |         ^^^^ help: if this is intentional, prefix it with an underscore: `_left`

warning: unused variable: `right`
   --> /workspace/bytes-proof-tools/targets/bytes/debug/build/bytes-shared-unsplit-independent-4a4ae0fd6a4da263/out/scalable_tickets.rs:151:9
    |
151 |     let right: Snapshot<RegistrationMap> = snapshot!(FMap::singleton(*id, Excl(())));
    |         ^^^^^ help: if this is intentional, prefix it with an underscore: `_right`

warning: unused variable: `pending`
   --> /workspace/bytes-proof-tools/targets/bytes/debug/build/bytes-shared-unsplit-independent-4a4ae0fd6a4da263/out/scalable_tickets.rs:158:35
    |
158 | pub(crate) fn pending_cardinality(pending: Snapshot<FMap<Int, (Int, Int)>>) {
    |                                   ^^^^^^^ help: if this is intentional, prefix it with an underscore: `_pending`

warning: unused variable: `pending`
   --> /workspace/bytes-proof-tools/targets/bytes/debug/build/bytes-shared-unsplit-independent-4a4ae0fd6a4da263/out/scalable_tickets.rs:168:18
    |
168 | fn active_remove(pending: Snapshot<FMap<Int, (Int, Int)>>, id: Snapshot<Int>) {
    |                  ^^^^^^^ help: if this is intentional, prefix it with an underscore: `_pending`

warning: unused variable: `id`
   --> /workspace/bytes-proof-tools/targets/bytes/debug/build/bytes-shared-unsplit-independent-4a4ae0fd6a4da263/out/scalable_tickets.rs:168:60
    |
168 | fn active_remove(pending: Snapshot<FMap<Int, (Int, Int)>>, id: Snapshot<Int>) {
    |                                                            ^^ help: if this is intentional, prefix it with an underscore: `_id`

warning: unused variable: `left`
   --> /workspace/bytes-proof-tools/targets/bytes/debug/build/bytes-shared-unsplit-independent-4a4ae0fd6a4da263/out/scalable_tickets.rs:169:9
    |
169 |     let left: Snapshot<RegistrationMap> = snapshot!(active_registrations((*pending).remove(*id)));
    |         ^^^^ help: if this is intentional, prefix it with an underscore: `_left`

warning: unused variable: `right`
   --> /workspace/bytes-proof-tools/targets/bytes/debug/build/bytes-shared-unsplit-independent-4a4ae0fd6a4da263/out/scalable_tickets.rs:170:9
    |
170 |     let right: Snapshot<RegistrationMap> = snapshot!(active_registrations(*pending).remove(*id));
    |         ^^^^^ help: if this is intentional, prefix it with an underscore: `_right`

warning: unused variable: `pending`
   --> /workspace/bytes-proof-tools/targets/bytes/debug/build/bytes-shared-unsplit-independent-4a4ae0fd6a4da263/out/scalable_tickets.rs:179:5
    |
179 |     pending: Snapshot<FMap<Int, (Int, Int)>>,
    |     ^^^^^^^ help: if this is intentional, prefix it with an underscore: `_pending`

warning: unused variable: `id`
   --> /workspace/bytes-proof-tools/targets/bytes/debug/build/bytes-shared-unsplit-independent-4a4ae0fd6a4da263/out/scalable_tickets.rs:180:5
    |
180 |     id: Snapshot<Int>,
    |     ^^ help: if this is intentional, prefix it with an underscore: `_id`

warning: unused variable: `bounds`
   --> /workspace/bytes-proof-tools/targets/bytes/debug/build/bytes-shared-unsplit-independent-4a4ae0fd6a4da263/out/scalable_tickets.rs:181:5
    |
181 |     bounds: Snapshot<(Int, Int)>,
    |     ^^^^^^ help: if this is intentional, prefix it with an underscore: `_bounds`

warning: unused variable: `left`
   --> /workspace/bytes-proof-tools/targets/bytes/debug/build/bytes-shared-unsplit-independent-4a4ae0fd6a4da263/out/scalable_tickets.rs:183:9
    |
183 |     let left: Snapshot<RegistrationMap> = snapshot!(active_registrations((*pending).insert(*id, *bounds)));
    |         ^^^^ help: if this is intentional, prefix it with an underscore: `_left`

warning: unused variable: `right`
   --> /workspace/bytes-proof-tools/targets/bytes/debug/build/bytes-shared-unsplit-independent-4a4ae0fd6a4da263/out/scalable_tickets.rs:184:9
    |
184 |     let right: Snapshot<RegistrationMap> = snapshot!(active_registrations(*pending).insert(*id, Excl(())));
    |         ^^^^^ help: if this is intentional, prefix it with an underscore: `_right`

warning: unused variable: `ticket`
   --> /workspace/bytes-proof-tools/targets/bytes/debug/build/bytes-shared-unsplit-independent-4a4ae0fd6a4da263/out/scalable_tickets.rs:197:9
    |
197 |     let ticket: Snapshot<RegistrationMap> = snapshot!(FMap::singleton(*id, Excl(())));
    |         ^^^^^^ help: if this is intentional, prefix it with an underscore: `_ticket`

warning: unused variable: `rest`
   --> /workspace/bytes-proof-tools/targets/bytes/debug/build/bytes-shared-unsplit-independent-4a4ae0fd6a4da263/out/scalable_tickets.rs:198:9
    |
198 |     let rest: Snapshot<RegistrationMap> = snapshot!(active_registrations((*pending).remove(*id)));
    |         ^^^^ help: if this is intentional, prefix it with an underscore: `_rest`

warning: unused variable: `whole`
   --> /workspace/bytes-proof-tools/targets/bytes/debug/build/bytes-shared-unsplit-independent-4a4ae0fd6a4da263/out/scalable_tickets.rs:199:9
    |
199 |     let whole: Snapshot<RegistrationMap> = snapshot!(active_registrations(*pending));
    |         ^^^^^ help: if this is intentional, prefix it with an underscore: `_whole`

warning: unused variable: `merged`
   --> /workspace/bytes-proof-tools/targets/bytes/debug/build/bytes-shared-unsplit-independent-4a4ae0fd6a4da263/out/scalable_tickets.rs:202:9
    |
202 |     let merged: Snapshot<RegistrationMap> = snapshot!((*ticket).total_op(*rest));
    |         ^^^^^^ help: if this is intentional, prefix it with an underscore: `_merged`

warning: unused variable: `returned`
   --> /workspace/bytes-proof-tools/targets/bytes/debug/build/bytes-shared-unsplit-independent-4a4ae0fd6a4da263/out/scalable_tickets.rs:215:5
    |
215 |     returned: Snapshot<RegistrationMap>,
    |     ^^^^^^^^ help: if this is intentional, prefix it with an underscore: `_returned`

warning: unused variable: `ticket`
   --> /workspace/bytes-proof-tools/targets/bytes/debug/build/bytes-shared-unsplit-independent-4a4ae0fd6a4da263/out/scalable_tickets.rs:216:5
    |
216 |     ticket: Snapshot<RegistrationMap>,
    |     ^^^^^^ help: if this is intentional, prefix it with an underscore: `_ticket`

warning: unused variable: `remaining`
   --> /workspace/bytes-proof-tools/targets/bytes/debug/build/bytes-shared-unsplit-independent-4a4ae0fd6a4da263/out/scalable_tickets.rs:217:5
    |
217 |     remaining: Snapshot<RegistrationMap>,
    |     ^^^^^^^^^ help: if this is intentional, prefix it with an underscore: `_remaining`

warning: unused variable: `active`
   --> /workspace/bytes-proof-tools/targets/bytes/debug/build/bytes-shared-unsplit-independent-4a4ae0fd6a4da263/out/scalable_tickets.rs:218:5
    |
218 |     active: Snapshot<RegistrationMap>,
    |     ^^^^^^ help: if this is intentional, prefix it with an underscore: `_active`

warning: unused variable: `new_returned`
   --> /workspace/bytes-proof-tools/targets/bytes/debug/build/bytes-shared-unsplit-independent-4a4ae0fd6a4da263/out/scalable_tickets.rs:219:5
    |
219 |     new_returned: Snapshot<RegistrationMap>,
    |     ^^^^^^^^^^^^ help: if this is intentional, prefix it with an underscore: `_new_returned`

warning: unused variable: `authority`
   --> /workspace/bytes-proof-tools/targets/bytes/debug/build/bytes-shared-unsplit-independent-4a4ae0fd6a4da263/out/scalable_tickets.rs:220:5
    |
220 |     authority: Snapshot<RegistrationMap>,
    |     ^^^^^^^^^ help: if this is intentional, prefix it with an underscore: `_authority`

warning: unused variable: `map`
   --> /workspace/bytes-proof-tools/targets/bytes/debug/build/bytes-shared-unsplit-independent-4a4ae0fd6a4da263/out/scalable_tickets.rs:241:5
    |
241 |     map: Snapshot<RegistrationMap>,
    |     ^^^ help: if this is intentional, prefix it with an underscore: `_map`

warning: unused variable: `first`
   --> /workspace/bytes-proof-tools/targets/bytes/debug/build/bytes-shared-unsplit-independent-4a4ae0fd6a4da263/out/scalable_tickets.rs:242:5
    |
242 |     first: Snapshot<Int>,
    |     ^^^^^ help: if this is intentional, prefix it with an underscore: `_first`

warning: unused variable: `second`
   --> /workspace/bytes-proof-tools/targets/bytes/debug/build/bytes-shared-unsplit-independent-4a4ae0fd6a4da263/out/scalable_tickets.rs:243:5
    |
243 |     second: Snapshot<Int>,
    |     ^^^^^^ help: if this is intentional, prefix it with an underscore: `_second`

warning: unused variable: `first_ticket`
   --> /workspace/bytes-proof-tools/targets/bytes/debug/build/bytes-shared-unsplit-independent-4a4ae0fd6a4da263/out/scalable_tickets.rs:245:9
    |
245 |     let first_ticket: Snapshot<RegistrationMap> =
    |         ^^^^^^^^^^^^ help: if this is intentional, prefix it with an underscore: `_first_ticket`

warning: unused variable: `second_ticket`
   --> /workspace/bytes-proof-tools/targets/bytes/debug/build/bytes-shared-unsplit-independent-4a4ae0fd6a4da263/out/scalable_tickets.rs:247:9
    |
247 |     let second_ticket: Snapshot<RegistrationMap> =
    |         ^^^^^^^^^^^^^ help: if this is intentional, prefix it with an underscore: `_second_ticket`

warning: unused variable: `after_first`
   --> /workspace/bytes-proof-tools/targets/bytes/debug/build/bytes-shared-unsplit-independent-4a4ae0fd6a4da263/out/scalable_tickets.rs:252:9
    |
252 |     let after_first: Snapshot<RegistrationMap> =
    |         ^^^^^^^^^^^ help: if this is intentional, prefix it with an underscore: `_after_first`

warning: unused variable: `returned`
   --> /workspace/bytes-proof-tools/targets/bytes/debug/build/bytes-shared-unsplit-independent-4a4ae0fd6a4da263/out/scalable_tickets.rs:271:5
    |
271 |     returned: Snapshot<RegistrationMap>,
    |     ^^^^^^^^ help: if this is intentional, prefix it with an underscore: `_returned`

warning: unused variable: `active`
   --> /workspace/bytes-proof-tools/targets/bytes/debug/build/bytes-shared-unsplit-independent-4a4ae0fd6a4da263/out/scalable_tickets.rs:272:5
    |
272 |     active: Snapshot<RegistrationMap>,
    |     ^^^^^^ help: if this is intentional, prefix it with an underscore: `_active`

warning: unused variable: `authority`
   --> /workspace/bytes-proof-tools/targets/bytes/debug/build/bytes-shared-unsplit-independent-4a4ae0fd6a4da263/out/scalable_tickets.rs:273:5
    |
273 |     authority: Snapshot<RegistrationMap>,
    |     ^^^^^^^^^ help: if this is intentional, prefix it with an underscore: `_authority`

warning: unused variable: `fresh`
   --> /workspace/bytes-proof-tools/targets/bytes/debug/build/bytes-shared-unsplit-independent-4a4ae0fd6a4da263/out/scalable_tickets.rs:274:5
    |
274 |     fresh: Snapshot<Int>,
    |     ^^^^^ help: if this is intentional, prefix it with an underscore: `_fresh`

warning: unused variable: `next_active`
   --> /workspace/bytes-proof-tools/targets/bytes/debug/build/bytes-shared-unsplit-independent-4a4ae0fd6a4da263/out/scalable_tickets.rs:276:9
    |
276 |     let next_active: Snapshot<RegistrationMap> = snapshot!((*active).insert(*fresh, Excl(())));
    |         ^^^^^^^^^^^ help: if this is intentional, prefix it with an underscore: `_next_active`

warning: unused variable: `next_authority`
   --> /workspace/bytes-proof-tools/targets/bytes/debug/build/bytes-shared-unsplit-independent-4a4ae0fd6a4da263/out/scalable_tickets.rs:277:9
    |
277 |     let next_authority: Snapshot<RegistrationMap> = snapshot!((*authority).insert(*fresh, Excl(())));
    |         ^^^^^^^^^^^^^^ help: if this is intentional, prefix it with an underscore: `_next_authority`

warning: unused variable: `merged`
   --> /workspace/bytes-proof-tools/targets/bytes/debug/build/bytes-shared-unsplit-independent-4a4ae0fd6a4da263/out/scalable_tickets.rs:280:9
    |
280 |     let merged: Snapshot<RegistrationMap> = snapshot!((*returned).total_op(*next_active));
    |         ^^^^^^ help: if this is intentional, prefix it with an underscore: `_merged`

warning: unused variable: `parent_id`
   --> /workspace/bytes-proof-tools/targets/bytes/debug/build/bytes-shared-unsplit-independent-4a4ae0fd6a4da263/out/scalable_tickets.rs:553:13
    |
553 |         let parent_id = parent.id;
    |             ^^^^^^^^^ help: if this is intentional, prefix it with an underscore: `_parent_id`

warning: unused variable: `next_id`
   --> /workspace/bytes-proof-tools/targets/bytes/debug/build/bytes-shared-unsplit-independent-4a4ae0fd6a4da263/out/scalable_tickets.rs:573:33
    |
573 |         let (left_id, right_id, next_id) = ids.into_ghost().into_inner();
    |                                 ^^^^^^^ help: if this is intentional, prefix it with an underscore: `_next_id`

warning: unused variable: `at`
   --> /workspace/bytes-proof-tools/targets/bytes/debug/build/bytes-shared-unsplit-independent-4a4ae0fd6a4da263/out/scalable_tickets.rs:732:5
    |
732 |     at: usize,
    |     ^^ help: if this is intentional, prefix it with an underscore: `_at`

warning: unused variable: `pending`
  --> /workspace/rust-crate-proofs/bytes/1.11.1/src/ownership_proof/singleton_region.rs:24:13
   |
24 |         let pending = state.status.pending;
   |             ^^^^^^^ help: if this is intentional, prefix it with an underscore: `_pending`

warning: unused variable: `ticket_id`
  --> /workspace/rust-crate-proofs/bytes/1.11.1/src/ownership_proof/singleton_region.rs:25:13
   |
25 |         let ticket_id = snapshot!(ticket.logical_id());
   |             ^^^^^^^^^ help: if this is intentional, prefix it with an underscore: `_ticket_id`

warning: unused variable: `address`
  --> src/../../../../src/ownership_proof/boxed_alignment.rs:23:49
   |
23 | pub(crate) fn aligned_address_has_clear_low_bit(address: usize, alignment: usize) {}
   |                                                 ^^^^^^^ help: if this is intentional, prefix it with an underscore: `_address`

warning: unused variable: `alignment`
  --> src/../../../../src/ownership_proof/boxed_alignment.rs:23:65
   |
23 | pub(crate) fn aligned_address_has_clear_low_bit(address: usize, alignment: usize) {}
   |                                                                 ^^^^^^^^^ help: if this is intentional, prefix it with an underscore: `_alignment`

warning: unused variable: `control`
  --> /workspace/bytes-proof-tools/targets/bytes/debug/build/bytes-shared-unsplit-independent-4a4ae0fd6a4da263/out/actual_carrier.rs:87:40
   |
87 |     #[cfg(bytes_proof_repeated_split)] control: sequential_shared_control::ControlPtr,
   |                                        ^^^^^^^ help: if this is intentional, prefix it with an underscore: `_control`

warning: unused variable: `ptr`
   --> /workspace/bytes-proof-tools/targets/bytes/debug/build/bytes-shared-unsplit-independent-4a4ae0fd6a4da263/out/actual_carrier.rs:169:28
    |
169 | unsafe fn increment_shared(ptr: *mut Shared,
    |                            ^^^ help: if this is intentional, prefix it with an underscore: `_ptr`

warning: unused variable: `context`
  --> /workspace/rust-crate-proofs/bytes/1.11.1/src/ownership_proof/carrier_protocol.rs:83:37
   |
83 |     pub(super) fn singleton_is_sole(context: Snapshot<ControlContext>, registration: Snapshot<Self>) {
   |                                     ^^^^^^^ help: if this is intentional, prefix it with an underscore: `_context`

warning: unused variable: `registration`
  --> /workspace/rust-crate-proofs/bytes/1.11.1/src/ownership_proof/carrier_protocol.rs:83:72
   |
83 |     pub(super) fn singleton_is_sole(context: Snapshot<ControlContext>, registration: Snapshot<Self>) {
   |                                                                        ^^^^^^^^^^^^ help: if this is intentional, prefix it with an underscore: `_registration`

warning: unused variable: `pending`
  --> /workspace/rust-crate-proofs/bytes/1.11.1/src/ownership_proof/carrier_protocol.rs:84:13
   |
84 |         let pending = snapshot!(*context.status.pending);
   |             ^^^^^^^ help: if this is intentional, prefix it with an underscore: `_pending`

warning: unused variable: `base`
   --> /workspace/rust-crate-proofs/bytes/1.11.1/src/ownership_proof/carrier_protocol.rs:125:46
    |
125 | pub(super) fn activate(pointer: *mut Shared, base: BoundPtr, capacity: usize,
    |                                              ^^^^ help: if this is intentional, prefix it with an underscore: `_base`

warning: variable does not need to be mutable
   --> /workspace/rust-crate-proofs/bytes/1.11.1/src/ownership_proof/carrier_protocol.rs:148:46
    |
148 | pub(super) fn increment(control: ControlPtr, mut context: Ghost<&mut ControlContext>) -> usize {
    |                                              ----^^^^^^^
    |                                              |
    |                                              help: remove this `mut`
    |
    = note: `#[warn(unused_mut)]` (part of `#[warn(unused)]`) on by default

warning: variable does not need to be mutable
   --> /workspace/rust-crate-proofs/bytes/1.11.1/src/ownership_proof/carrier_protocol.rs:242:5
    |
242 |     mut packet: Ghost<&'a mut Packet>,
    |     ----^^^^^^
    |     |
    |     help: remove this `mut`

warning: variable does not need to be mutable
   --> /workspace/rust-crate-proofs/bytes/1.11.1/src/ownership_proof/carrier_protocol.rs:305:5
    |
305 |     mut packet: Ghost<&'a mut Packet>,
    |     ----^^^^^^
    |     |
    |     help: remove this `mut`

warning: unused variable: `original`
   --> /workspace/bytes-proof-tools/targets/bytes/debug/build/bytes-shared-unsplit-independent-4a4ae0fd6a4da263/out/actual_carrier.rs:442:17
    |
442 |             let original = snapshot!(*self);
    |                 ^^^^^^^^ help: if this is intentional, prefix it with an underscore: `_original`

warning: variable does not need to be mutable
   --> /workspace/bytes-proof-tools/targets/bytes/debug/build/bytes-shared-unsplit-independent-4a4ae0fd6a4da263/out/actual_carrier.rs:633:17
    |
633 |             let mut other = self.shallow_clone();
    |                 ----^^^^^
    |                 |
    |                 help: remove this `mut`

warning: unused variable: `off`
   --> /workspace/bytes-proof-tools/targets/bytes/debug/build/bytes-shared-unsplit-independent-4a4ae0fd6a4da263/out/actual_carrier.rs:764:13
    |
764 |         let off = crate::capacity_ops::vec_pos_from_data(
    |             ^^^ help: if this is intentional, prefix it with an underscore: `_off`

warning: unused variable: `handle`
    --> /workspace/bytes-proof-tools/targets/bytes/debug/build/bytes-shared-unsplit-independent-4a4ae0fd6a4da263/out/actual_carrier.rs:1198:41
     |
1198 |     fn proof_initialization_coordinates(handle: Snapshot<Self>) {
     |                                         ^^^^^^ help: if this is intentional, prefix it with an underscore: `_handle`

warning: unused variable: `at`
    --> /workspace/bytes-proof-tools/targets/bytes/debug/build/bytes-shared-unsplit-independent-4a4ae0fd6a4da263/out/actual_carrier.rs:1339:66
     |
1339 |     fn proof_register_carrier_split(&mut self, other: &mut Self, at: usize) {
     |                                                                  ^^ help: if this is intentional, prefix it with an underscore: `_at`

warning: unused variable: `handle`
  --> /workspace/rust-crate-proofs/bytes/1.11.1/src/ownership_proof/shared_copy.rs:12:28
   |
12 | fn initialized_coordinates(handle:Snapshot<BytesMut>){
   |                            ^^^^^^ help: if this is intentional, prefix it with an underscore: `_handle`

warning: variable does not need to be mutable
  --> /workspace/rust-crate-proofs/bytes/1.11.1/src/ownership_proof/shared_copy.rs:33:42
   |
33 |     handle: BytesMut, additional: usize, mut context: Ghost<&mut ControlContext>,
   |                                          ----^^^^^^^
   |                                          |
   |                                          help: remove this `mut`

warning: unused variable: `handle`
  --> /workspace/rust-crate-proofs/bytes/1.11.1/src/ownership_proof/shared_unsplit_fallbacks.rs:11:26
   |
11 | fn zero_coordinate_valid(handle:Snapshot<BytesMut>){
   |                          ^^^^^^ help: if this is intentional, prefix it with an underscore: `_handle`

warning: unused variable: `left`
  --> /workspace/rust-crate-proofs/bytes/1.11.1/src/ownership_proof/shared_unsplit_fallbacks.rs:29:27
   |
29 | pub(crate) fn empty_other(left:&mut BytesMut,right:BytesMut,context:Ghost<&mut ControlContext>){
   |                           ^^^^ help: if this is intentional, prefix it with an underscore: `_left`

warning: unused variable: `handle`
  --> /workspace/rust-crate-proofs/bytes/1.11.1/src/ownership_proof/shared_unsplit_independent.rs:10:26
   |
10 | fn zero_coordinate_valid(handle:Snapshot<BytesMut>){
   |                          ^^^^^^ help: if this is intentional, prefix it with an underscore: `_handle`

warning: type `actual::Shared` is more private than the item `SingletonLease::owner`
  --> /workspace/rust-crate-proofs/bytes/1.11.1/src/ownership_proof/shared_reclaim.rs:14:5
   |
14 |     pub(crate) owner: Box<Perm<*const Shared>>,
   |     ^^^^^^^^^^^^^^^^^^^^^^^^^^^^^^^^^^^^^^^^^^ field `SingletonLease::owner` is reachable at visibility `pub(crate)`
   |
note: but type `actual::Shared` is only usable at visibility `pub(self)`
  --> /workspace/bytes-proof-tools/targets/bytes/debug/build/bytes-shared-unsplit-independent-4a4ae0fd6a4da263/out/actual_carrier.rs:56:1
   |
56 | struct Shared {
   | ^^^^^^^^^^^^^
   = note: `#[warn(private_interfaces)]` on by default

warning: type `HandleRegistration` is more private than the item `acquire`
  --> /workspace/rust-crate-proofs/bytes/1.11.1/src/ownership_proof/shared_reclaim.rs:55:1
   |
55 | / pub(crate) fn acquire(
56 | |     control: ControlPtr,
57 | |     context: Ghost<ControlContext>,
58 | |     registration: Ghost<HandleRegistration>,
59 | | ) -> Ghost<SingletonLease> {
   | |__________________________^ function `acquire` is reachable at visibility `pub(crate)`
   |
note: but type `HandleRegistration` is only usable at visibility `pub(in crate::actual)`
  --> /workspace/rust-crate-proofs/bytes/1.11.1/src/ownership_proof/carrier_protocol.rs:67:1
   |
67 | pub(super) struct HandleRegistration {
   | ^^^^^^^^^^^^^^^^^^^^^^^^^^^^^^^^^^^^

warning: type `HandleRegistration` is more private than the item `reactivate`
  --> /workspace/rust-crate-proofs/bytes/1.11.1/src/ownership_proof/shared_reclaim.rs:85:1
   |
85 | / pub(crate) fn reactivate(
86 | |     control: ControlPtr,
87 | |     lease: Ghost<SingletonLease>,
88 | | ) -> Ghost<(ControlContext, HandleRegistration)> {
   | |________________________________________________^ function `reactivate` is reachable at visibility `pub(crate)`
   |
note: but type `HandleRegistration` is only usable at visibility `pub(in crate::actual)`
  --> /workspace/rust-crate-proofs/bytes/1.11.1/src/ownership_proof/carrier_protocol.rs:67:1
   |
67 | pub(super) struct HandleRegistration {
   | ^^^^^^^^^^^^^^^^^^^^^^^^^^^^^^^^^^^^

warning: type `HandleRegistration` is more private than the item `reactivate_view`
  --> /workspace/rust-crate-proofs/bytes/1.11.1/src/ownership_proof/shared_reserve.rs:84:1
   |
84 | / pub(crate) fn reactivate_view(
85 | |     control: ControlPtr, lease: Ghost<SingletonLease>, end: Snapshot<Int>,
86 | | ) -> Ghost<(ControlContext, HandleRegistration)> {
   | |________________________________________________^ function `reactivate_view` is reachable at visibility `pub(crate)`
   |
note: but type `HandleRegistration` is only usable at visibility `pub(in crate::actual)`
  --> /workspace/rust-crate-proofs/bytes/1.11.1/src/ownership_proof/carrier_protocol.rs:67:1
   |
67 | pub(super) struct HandleRegistration {
   | ^^^^^^^^^^^^^^^^^^^^^^^^^^^^^^^^^^^^

warning: function `reallocate_u8` is never used
  --> src/../../../../src/allocation_ops.rs:25:22
   |
25 | pub(crate) unsafe fn reallocate_u8(base: *mut u8, old_capacity: usize, capacity: usize) -> core::ptr::NonNull<u8> {
   |                      ^^^^^^^^^^^^^
   |
   = note: `#[warn(dead_code)]` (part of `#[warn(unused)]`) on by default

warning: function `fill_uninit_prefix` is never used
  --> src/../../../../src/storage_ops.rs:15:15
   |
15 | pub(crate) fn fill_uninit_prefix(dst: &mut [MaybeUninit<u8>], count: usize, value: u8) {
   |               ^^^^^^^^^^^^^^^^^^

warning: function `pointer_addr_eq` is never used
  --> src/../../../../src/provenance_specs.rs:19:15
   |
19 | pub(crate) fn pointer_addr_eq<T>(left: *const T, right: *const T) -> bool {
   |               ^^^^^^^^^^^^^^^

warning: function `pointer_with_address` is never used
  --> src/../../../../src/provenance_specs.rs:88:15
   |
88 | pub(crate) fn pointer_with_address(ptr: *mut u8, new_addr: usize) -> *mut u8 {
   |               ^^^^^^^^^^^^^^^^^^^^

warning: method `join` is never used
   --> src/../../../../src/ownership_proof/owned_region.rs:243:19
    |
 95 | impl OwnedRegion {
    | ---------------- method in this implementation
...
243 |     pub(crate) fn join(self, other: Self) -> Self {
    |                   ^^^^

warning: function `reallocate_bound` is never used
   --> src/../../../../src/ownership_proof/raw_vec.rs:103:22
    |
103 | pub(crate) unsafe fn reallocate_bound(base: BoundPtr, old_capacity: usize, capacity: usize,
    |                      ^^^^^^^^^^^^^^^^

warning: methods `as_non_null` and `offset_from_bound_base` are never used
   --> src/../../../../src/ownership_proof/raw_vec.rs:284:19
    |
241 | impl BoundPtr {
    | ------------- methods in this implementation
...
284 |     pub(crate) fn as_non_null(&self) -> NonNull<u8> {
    |                   ^^^^^^^^^^^
...
307 |     pub(crate) fn offset_from_bound_base(&self, base: Self) -> usize {
    |                   ^^^^^^^^^^^^^^^^^^^^^^

warning: fields `resource` and `descriptor` are never read
   --> src/../../../../src/ownership_proof/raw_vec.rs:442:5
    |
441 | pub(crate) struct Recovery {
    |                   -------- fields in this struct
442 |     resource: Resource<KernelRA>,
    |     ^^^^^^^^
443 |     descriptor: AllocationDesc,
    |     ^^^^^^^^^^

warning: method `join` is never used
   --> src/../../../../src/ownership_proof/raw_vec.rs:599:19
    |
513 | impl PhysicalRegion {
    | ------------------- method in this implementation
...
599 |     pub(crate) fn join(self, other: Self) -> Self {
    |                   ^^^^

warning: function `resume_vec` is never used
   --> src/../../../../src/ownership_proof/raw_vec.rs:899:22
    |
899 | pub(crate) unsafe fn resume_vec(
    |                      ^^^^^^^^^^

warning: function `deallocate_vec` is never used
   --> src/../../../../src/ownership_proof/raw_vec.rs:935:22
    |
935 | pub(crate) unsafe fn deallocate_vec(
    |                      ^^^^^^^^^^^^^^

warning: function `borrow_mut` is never used
    --> src/../../../../src/ownership_proof/raw_vec.rs:1019:22
     |
1019 | pub(crate) unsafe fn borrow_mut<'a>(
     |                      ^^^^^^^^^^

warning: function `slot_known_equivalence` is never used
    --> src/../../../../src/ownership_proof/raw_vec.rs:1041:15
     |
1041 | pub(crate) fn slot_known_equivalence(slot: Option<Option<u8>>) {}
     |               ^^^^^^^^^^^^^^^^^^^^^^

warning: function `borrow_bound_mut` is never used
    --> src/../../../../src/ownership_proof/raw_vec.rs:1080:22
     |
1080 | pub(crate) unsafe fn borrow_bound_mut<'a>(
     |                      ^^^^^^^^^^^^^^^^

warning: function `borrow_empty_bound` is never used
    --> src/../../../../src/ownership_proof/raw_vec.rs:1204:22
     |
1204 | pub(crate) unsafe fn borrow_empty_bound<'a>(bound: &'a BoundPtr) -> &'a [u8] {
     |                      ^^^^^^^^^^^^^^^^^^

warning: function `borrow_empty_bound_mut` is never used
    --> src/../../../../src/ownership_proof/raw_vec.rs:1213:22
     |
1213 | pub(crate) unsafe fn borrow_empty_bound_mut<'a>(bound: &'a BoundPtr) -> &'a mut [u8] {
     |                      ^^^^^^^^^^^^^^^^^^^^^^

warning: function `borrow_empty_bound_uninit_mut` is never used
    --> src/../../../../src/ownership_proof/raw_vec.rs:1221:22
     |
1221 | pub(crate) unsafe fn borrow_empty_bound_uninit_mut<'a>(
     |                      ^^^^^^^^^^^^^^^^^^^^^^^^^^^^^

warning: function `reallocate_u8` is never used
  --> src/../../../../src/ownership_proof/../allocation_ops.rs:25:22
   |
25 | pub(crate) unsafe fn reallocate_u8(base: *mut u8, old_capacity: usize, capacity: usize) -> core::ptr::NonNull<u8> {
   |                      ^^^^^^^^^^^^^

warning: fields `capacity`, `allocation`, and `registration` are never read
  --> /workspace/bytes-proof-tools/targets/bytes/debug/build/bytes-shared-unsplit-independent-4a4ae0fd6a4da263/out/scalable_tickets.rs:63:16
   |
62 | pub(crate) struct Status {
   |                   ------ fields in this struct
63 |     pub(crate) capacity: Int,
   |                ^^^^^^^^
64 |     pub(crate) allocation: Id,
   |                ^^^^^^^^^^
65 |     pub(crate) registration: Id,
   |                ^^^^^^^^^^^^
   |
   = note: `Status` has a derived impl for the trait `Clone`, but this is intentionally ignored during dead code analysis

warning: function `initialize` is never used
   --> /workspace/bytes-proof-tools/targets/bytes/debug/build/bytes-shared-unsplit-independent-4a4ae0fd6a4da263/out/scalable_tickets.rs:508:15
    |
508 | pub(crate) fn initialize(input: alloc::vec::Vec<u8>) -> (crate::ownership_proof::raw_vec::BoundPtr, usize, Ghost<(Coordinator, Pack...
    |               ^^^^^^^^^^

warning: function `replace` is never used
   --> /workspace/bytes-proof-tools/targets/bytes/debug/build/bytes-shared-unsplit-independent-4a4ae0fd6a4da263/out/scalable_tickets.rs:729:15
    |
729 | pub(crate) fn replace(
    |               ^^^^^^^

warning: function `recover` is never used
  --> /workspace/rust-crate-proofs/bytes/1.11.1/src/ownership_proof/singleton_region.rs:17:15
   |
17 | pub(crate) fn recover(
   |               ^^^^^^^

warning: function `native_allocate_and_release` is never used
  --> src/../../../../src/ownership_proof/vec_capacity.rs:60:8
   |
60 | pub fn native_allocate_and_release(requested: usize) -> (usize, usize) {
   |        ^^^^^^^^^^^^^^^^^^^^^^^^^^^

warning: function `reclaim` is never used
  --> src/../../../../src/ownership_proof/unique_reclaim.rs:26:15
   |
26 | pub(crate) fn reclaim(
   |               ^^^^^^^

warning: methods `as_slice_mut`, `capacity`, `reserve`, and `truncate` are never used
   --> /workspace/bytes-proof-tools/targets/bytes/debug/build/bytes-shared-unsplit-independent-4a4ae0fd6a4da263/out/actual_carrier.rs:295:8
    |
186 | impl BytesMut {
    | ------------- methods in this implementation
...
295 |     fn as_slice_mut(&mut self) -> &mut [u8] {
    |        ^^^^^^^^^^^^
...
383 |     pub fn capacity(&self) -> usize {
    |            ^^^^^^^^
...
426 |     pub fn reserve(&mut self, additional: usize,
    |            ^^^^^^^
...
568 |     pub fn truncate(&mut self, len: usize) {
    |            ^^^^^^^^

warning: associated function `singleton_is_sole` is never used
  --> /workspace/rust-crate-proofs/bytes/1.11.1/src/ownership_proof/carrier_protocol.rs:83:19
   |
75 | impl HandleRegistration {
   | ----------------------- associated function in this implementation
...
83 |     pub(super) fn singleton_is_sole(context: Snapshot<ControlContext>, registration: Snapshot<Self>) {
   |                   ^^^^^^^^^^^^^^^^^

warning: function `borrow_packet_mut` is never used
   --> /workspace/rust-crate-proofs/bytes/1.11.1/src/ownership_proof/carrier_protocol.rs:239:22
    |
239 | pub(crate) unsafe fn borrow_packet_mut<'a>(
    |                      ^^^^^^^^^^^^^^^^^

warning: struct `SingletonLease` is never constructed
  --> /workspace/rust-crate-proofs/bytes/1.11.1/src/ownership_proof/shared_reclaim.rs:12:19
   |
12 | pub(crate) struct SingletonLease {
   |                   ^^^^^^^^^^^^^^

warning: function `is_unique` is never used
  --> /workspace/rust-crate-proofs/bytes/1.11.1/src/ownership_proof/shared_reclaim.rs:41:15
   |
41 | pub(crate) fn is_unique(control: ControlPtr, context: Ghost<&ControlContext>) -> bool {
   |               ^^^^^^^^^

warning: function `acquire` is never used
  --> /workspace/rust-crate-proofs/bytes/1.11.1/src/ownership_proof/shared_reclaim.rs:55:15
   |
55 | pub(crate) fn acquire(
   |               ^^^^^^^

warning: function `reactivate` is never used
  --> /workspace/rust-crate-proofs/bytes/1.11.1/src/ownership_proof/shared_reclaim.rs:85:15
   |
85 | pub(crate) fn reactivate(
   |               ^^^^^^^^^^

warning: function `reserve_lease` is never used
  --> /workspace/rust-crate-proofs/bytes/1.11.1/src/ownership_proof/shared_reserve.rs:24:15
   |
24 | pub(crate) fn reserve_lease(
   |               ^^^^^^^^^^^^^

warning: function `reactivate_view` is never used
  --> /workspace/rust-crate-proofs/bytes/1.11.1/src/ownership_proof/shared_reserve.rs:84:15
   |
84 | pub(crate) fn reactivate_view(
   |               ^^^^^^^^^^^^^^^

warning: function `zero_coordinate_valid` is never used
  --> /workspace/rust-crate-proofs/bytes/1.11.1/src/ownership_proof/shared_unsplit_fallbacks.rs:11:4
   |
11 | fn zero_coordinate_valid(handle:Snapshot<BytesMut>){
   |    ^^^^^^^^^^^^^^^^^^^^^

warning: function `empty_other` is never used
  --> /workspace/rust-crate-proofs/bytes/1.11.1/src/ownership_proof/shared_unsplit_fallbacks.rs:29:15
   |
29 | pub(crate) fn empty_other(left:&mut BytesMut,right:BytesMut,context:Ghost<&mut ControlContext>){
   |               ^^^^^^^^^^^

warning: function `empty_adopt` is never used
  --> /workspace/rust-crate-proofs/bytes/1.11.1/src/ownership_proof/shared_unsplit_fallbacks.rs:47:15
   |
47 | pub(crate) fn empty_adopt(left:&mut BytesMut,right:BytesMut,context:Ghost<&mut ControlContext>){
   |               ^^^^^^^^^^^

warning: function `copy_concat` is never used
  --> /workspace/rust-crate-proofs/bytes/1.11.1/src/ownership_proof/shared_unsplit_fallbacks.rs:70:15
   |
70 | pub(crate) fn copy_concat(left:BytesMut,right:BytesMut,mut context:Ghost<&mut ControlContext>)->BytesMut{
   |               ^^^^^^^^^^^

warning: `bytes-shared-unsplit-independent` (lib) generated 142 warnings (run `cargo fix --lib -p bytes-shared-unsplit-independent` to apply 101 suggestions)
warning: `bytes-shared-unsplit-independent` (lib test) generated 142 warnings (142 duplicates)
    Finished `test` profile [unoptimized + debuginfo] target(s) in 0.82s
     Running unittests src/lib.rs (/workspace/bytes-proof-tools/targets/bytes/debug/deps/bytes_shared_unsplit_independent-5fe5ae69af111fc3)

running 1 test
test independent_tests::two_singleton_controls ... ok

test result: ok. 1 passed; 0 failed; 0 ignored; 0 measured; 0 filtered out; finished in 0.00s

   Doc-tests bytes_shared_unsplit_independent

running 0 tests

test result: ok. 0 passed; 0 failed; 0 ignored; 0 measured; 0 filtered out; finished in 0.00s

cargo extraction compile/native smoke: PASS

=== unique-growing-reserve ===
cargo:rerun-if-changed=/workspace/rust-crate-proofs/bytes/1.11.1/verification/probes/unique-growing-reserve/../../../src/bytes_mut.rs
cargo:rerun-if-changed=build.rs
cargo:rustc-cfg=bytes_proof_probe
cargo:rustc-cfg=bytes_proof_unique_growth
cargo:rustc-check-cfg=cfg(bytes_proof_unique_growth)
cargo:rustc-cfg=bytes_proof_noalloc
cargo:rustc-cfg=bytes_proof_unique_advance
cargo:rustc-check-cfg=cfg(bytes_proof_unique_advance)
cargo:rustc-check-cfg=cfg(bytes_proof_noalloc)
cargo:rustc-check-cfg=cfg(bytes_proof_probe)
standalone rustc build.rs + extraction: PASS
   Compiling bytes-unique-growing-reserve v0.1.0 (/workspace/rust-crate-proofs/bytes/1.11.1/verification/probes/unique-growing-reserve)
warning: unused import: `RA`
  --> src/../../../../src/ownership_proof/owned_region.rs:11:33
   |
11 |     logic::{FMap, Id, Int, ra::{RA, excl::Excl}},
   |                                 ^^
   |
   = note: `#[warn(unused_imports)]` (part of `#[warn(unused)]`) on by default

warning: unused imports: `FMap`, `RA`, `UnitRA`, and `excl::Excl`
  --> src/../../../../src/ownership_proof/raw_vec.rs:25:13
   |
25 |     logic::{FMap, Id, Int, ra::{RA, UnitRA, excl::Excl}},
   |             ^^^^                ^^  ^^^^^^  ^^^^^^^^^^

warning: unused import: `owned_region`
  --> src/lib.rs:28:28
   |
28 |     pub(crate) use crate::{owned_region, raw_vec, sequential_counter, shared_protocol, bound_ptr, boxed_alignment};
   |                            ^^^^^^^^^^^^

warning: unused import: `ManuallyDrop`
 --> /workspace/bytes-proof-tools/targets/bytes/debug/build/bytes-unique-growing-reserve-788f70f337c12d39/out/actual_split.rs:3:23
  |
3 | use core::mem::{self, ManuallyDrop, MaybeUninit};
  |                       ^^^^^^^^^^^^

warning: unused import: `self`
 --> /workspace/bytes-proof-tools/targets/bytes/debug/build/bytes-unique-growing-reserve-788f70f337c12d39/out/actual_split.rs:4:17
  |
4 | use core::ptr::{self,NonNull};
  |                 ^^^^

warning: unused imports: `AtomicUsize` and `Ordering`
 --> /workspace/bytes-proof-tools/targets/bytes/debug/build/bytes-unique-growing-reserve-788f70f337c12d39/out/actual_split.rs:6:26
  |
6 | use core::sync::atomic::{AtomicUsize,Ordering};
  |                          ^^^^^^^^^^^ ^^^^^^^^

warning: unused import: `prelude::*`
  --> /workspace/bytes-proof-tools/targets/bytes/debug/build/bytes-unique-growing-reserve-788f70f337c12d39/out/actual_split.rs:90:53
   |
90 |     use creusot_std::{ghost::perm::Perm, logic::Id, prelude::*};
   |                                                     ^^^^^^^^^^

warning: unreachable expression
    --> /workspace/bytes-proof-tools/targets/bytes/debug/build/bytes-unique-growing-reserve-788f70f337c12d39/out/actual_split.rs:1275:13
     |
1265 |             panic!("ARC clone is outside the first sequential split gate");
     |             -------------------------------------------------------------- any code following this expression is unreachable
...
1275 |             { self.pending_descriptor_copy() }
     |             ^^^^^^^^^^^^^^^^^^^^^^^^^^^^^^^^^^ unreachable expression
     |
     = note: `#[warn(unreachable_code)]` (part of `#[warn(unused)]`) on by default

warning: unused variable: `left`
  --> src/../../../../src/ownership_proof/owned_region.rs:33:5
   |
33 |     left: Snapshot<SlotMap>,
   |     ^^^^ help: if this is intentional, prefix it with an underscore: `_left`
   |
   = note: `#[warn(unused_variables)]` (part of `#[warn(unused)]`) on by default

warning: unused variable: `right`
  --> src/../../../../src/ownership_proof/owned_region.rs:34:5
   |
34 |     right: Snapshot<SlotMap>,
   |     ^^^^^ help: if this is intentional, prefix it with an underscore: `_right`

warning: unused variable: `whole`
  --> src/../../../../src/ownership_proof/owned_region.rs:35:5
   |
35 |     whole: Snapshot<SlotMap>,
   |     ^^^^^ help: if this is intentional, prefix it with an underscore: `_whole`

warning: unused variable: `merged`
  --> src/../../../../src/ownership_proof/owned_region.rs:38:9
   |
38 |     let merged: Snapshot<SlotMap> = snapshot! { (*left).total_op(*right) };
   |         ^^^^^^ help: if this is intentional, prefix it with an underscore: `_merged`

warning: unused variable: `left`
  --> src/../../../../src/ownership_proof/owned_region.rs:48:5
   |
48 |     left: Snapshot<SlotMap>,
   |     ^^^^ help: if this is intentional, prefix it with an underscore: `_left`

warning: unused variable: `right`
  --> src/../../../../src/ownership_proof/owned_region.rs:49:5
   |
49 |     right: Snapshot<SlotMap>,
   |     ^^^^^ help: if this is intentional, prefix it with an underscore: `_right`

warning: unused variable: `whole`
  --> src/../../../../src/ownership_proof/owned_region.rs:50:5
   |
50 |     whole: Snapshot<SlotMap>,
   |     ^^^^^ help: if this is intentional, prefix it with an underscore: `_whole`

warning: unused variable: `merged`
  --> src/../../../../src/ownership_proof/owned_region.rs:52:9
   |
52 |     let merged: Snapshot<SlotMap> = snapshot! { (*left).total_op(*right) };
   |         ^^^^^^ help: if this is intentional, prefix it with an underscore: `_merged`

warning: unused variable: `slots`
   --> src/../../../../src/ownership_proof/raw_vec.rs:109:9
    |
109 |     let slots = snapshot! { slots_grown(capabilities.inner_logic().1.ledger.slots(), old_capacity@, capacity@) };
    |         ^^^^^ help: if this is intentional, prefix it with an underscore: `_slots`

warning: unused variable: `unit`
   --> src/../../../../src/ownership_proof/raw_vec.rs:681:13
    |
681 |         let unit: Snapshot<KernelRA> = snapshot!(KernelRA::unit());
    |             ^^^^ help: if this is intentional, prefix it with an underscore: `_unit`

warning: unused variable: `empty_value`
   --> src/../../../../src/ownership_proof/raw_vec.rs:684:13
    |
684 |         let empty_value: Snapshot<KernelRA> = snapshot!((None, FMap::empty()));
    |             ^^^^^^^^^^^ help: if this is intentional, prefix it with an underscore: `_empty_value`

warning: unused variable: `input_model`
   --> src/../../../../src/ownership_proof/raw_vec.rs:819:9
    |
819 |     let input_model = snapshot!(input@);
    |         ^^^^^^^^^^^ help: if this is intentional, prefix it with an underscore: `_input_model`

warning: unused variable: `slot`
    --> src/../../../../src/ownership_proof/raw_vec.rs:1041:38
     |
1041 | pub(crate) fn slot_known_equivalence(slot: Option<Option<u8>>) {}
     |                                      ^^^^ help: if this is intentional, prefix it with an underscore: `_slot`

warning: unused variable: `own`
  --> src/../../../../src/ownership_proof/sequential_counter.rs:89:39
   |
89 |     pub(crate) fn load_acquire(&self, own: Ghost<&CounterOwn>) -> usize {
   |                                       ^^^ help: if this is intentional, prefix it with an underscore: `_own`

warning: variable does not need to be mutable
   --> src/../../../../src/ownership_proof/shared_protocol.rs:203:5
    |
203 |     mut packet: Ghost<&'a mut Packet>,
    |     ----^^^^^^
    |     |
    |     help: remove this `mut`
    |
    = note: `#[warn(unused_mut)]` (part of `#[warn(unused)]`) on by default

warning: variable does not need to be mutable
   --> src/../../../../src/ownership_proof/shared_protocol.rs:241:5
    |
241 |     mut packet: Ghost<&'a mut Packet>,
    |     ----^^^^^^
    |     |
    |     help: remove this `mut`

warning: unused variable: `address`
  --> src/../../../../src/ownership_proof/boxed_alignment.rs:23:49
   |
23 | pub(crate) fn aligned_address_has_clear_low_bit(address: usize, alignment: usize) {}
   |                                                 ^^^^^^^ help: if this is intentional, prefix it with an underscore: `_address`

warning: unused variable: `alignment`
  --> src/../../../../src/ownership_proof/boxed_alignment.rs:23:65
   |
23 | pub(crate) fn aligned_address_has_clear_low_bit(address: usize, alignment: usize) {}
   |                                                                 ^^^^^^^^^ help: if this is intentional, prefix it with an underscore: `_alignment`

warning: unused variable: `base`
   --> /workspace/bytes-proof-tools/targets/bytes/debug/build/bytes-unique-growing-reserve-788f70f337c12d39/out/actual_split.rs:214:50
    |
214 |     pub(super) fn activate(pointer: *mut Shared, base: BoundPtr, capacity: usize, split: usize,
    |                                                  ^^^^ help: if this is intentional, prefix it with an underscore: `_base`

warning: unused variable: `off`
    --> /workspace/bytes-proof-tools/targets/bytes/debug/build/bytes-unique-growing-reserve-788f70f337c12d39/out/actual_split.rs:1187:13
     |
1187 |         let off = crate::capacity_ops::vec_pos_from_data(
     |             ^^^ help: if this is intentional, prefix it with an underscore: `_off`

warning: unused variable: `left_before`
    --> /workspace/bytes-proof-tools/targets/bytes/debug/build/bytes-unique-growing-reserve-788f70f337c12d39/out/actual_split.rs:1686:13
     |
1686 |         let left_before = snapshot!(left);
     |             ^^^^^^^^^^^ help: if this is intentional, prefix it with an underscore: `_left_before`

warning: unused variable: `right_before`
    --> /workspace/bytes-proof-tools/targets/bytes/debug/build/bytes-unique-growing-reserve-788f70f337c12d39/out/actual_split.rs:1687:13
     |
1687 |         let right_before = snapshot!(right);
     |             ^^^^^^^^^^^^ help: if this is intentional, prefix it with an underscore: `_right_before`

warning: unused variable: `old`
    --> /workspace/bytes-proof-tools/targets/bytes/debug/build/bytes-unique-growing-reserve-788f70f337c12d39/out/actual_split.rs:2504:13
     |
2504 |         let old = snapshot!(owner);
     |             ^^^ help: if this is intentional, prefix it with an underscore: `_old`

warning: function `reallocate_u8` is never used
  --> src/../../../../src/allocation_ops.rs:25:22
   |
25 | pub(crate) unsafe fn reallocate_u8(base: *mut u8, old_capacity: usize, capacity: usize) -> core::ptr::NonNull<u8> {
   |                      ^^^^^^^^^^^^^
   |
   = note: `#[warn(dead_code)]` (part of `#[warn(unused)]`) on by default

warning: function `pointer_addr_eq` is never used
  --> src/../../../../src/provenance_specs.rs:19:15
   |
19 | pub(crate) fn pointer_addr_eq<T>(left: *const T, right: *const T) -> bool {
   |               ^^^^^^^^^^^^^^^

warning: function `pointer_with_address` is never used
  --> src/../../../../src/provenance_specs.rs:88:15
   |
88 | pub(crate) fn pointer_with_address(ptr: *mut u8, new_addr: usize) -> *mut u8 {
   |               ^^^^^^^^^^^^^^^^^^^^

warning: method `join` is never used
   --> src/../../../../src/ownership_proof/owned_region.rs:243:19
    |
 95 | impl OwnedRegion {
    | ---------------- method in this implementation
...
243 |     pub(crate) fn join(self, other: Self) -> Self {
    |                   ^^^^

warning: methods `as_non_null` and `offset_from_bound_base` are never used
   --> src/../../../../src/ownership_proof/raw_vec.rs:284:19
    |
241 | impl BoundPtr {
    | ------------- methods in this implementation
...
284 |     pub(crate) fn as_non_null(&self) -> NonNull<u8> {
    |                   ^^^^^^^^^^^
...
307 |     pub(crate) fn offset_from_bound_base(&self, base: Self) -> usize {
    |                   ^^^^^^^^^^^^^^^^^^^^^^

warning: fields `resource` and `descriptor` are never read
   --> src/../../../../src/ownership_proof/raw_vec.rs:442:5
    |
441 | pub(crate) struct Recovery {
    |                   -------- fields in this struct
442 |     resource: Resource<KernelRA>,
    |     ^^^^^^^^
443 |     descriptor: AllocationDesc,
    |     ^^^^^^^^^^

warning: method `join` is never used
   --> src/../../../../src/ownership_proof/raw_vec.rs:599:19
    |
513 | impl PhysicalRegion {
    | ------------------- method in this implementation
...
599 |     pub(crate) fn join(self, other: Self) -> Self {
    |                   ^^^^

warning: function `resume_vec` is never used
   --> src/../../../../src/ownership_proof/raw_vec.rs:899:22
    |
899 | pub(crate) unsafe fn resume_vec(
    |                      ^^^^^^^^^^

warning: function `deallocate_vec` is never used
   --> src/../../../../src/ownership_proof/raw_vec.rs:935:22
    |
935 | pub(crate) unsafe fn deallocate_vec(
    |                      ^^^^^^^^^^^^^^

warning: function `borrow_mut` is never used
    --> src/../../../../src/ownership_proof/raw_vec.rs:1019:22
     |
1019 | pub(crate) unsafe fn borrow_mut<'a>(
     |                      ^^^^^^^^^^

warning: function `slot_known_equivalence` is never used
    --> src/../../../../src/ownership_proof/raw_vec.rs:1041:15
     |
1041 | pub(crate) fn slot_known_equivalence(slot: Option<Option<u8>>) {}
     |               ^^^^^^^^^^^^^^^^^^^^^^

warning: function `borrow_empty_bound` is never used
    --> src/../../../../src/ownership_proof/raw_vec.rs:1204:22
     |
1204 | pub(crate) unsafe fn borrow_empty_bound<'a>(bound: &'a BoundPtr) -> &'a [u8] {
     |                      ^^^^^^^^^^^^^^^^^^

warning: function `borrow_empty_bound_mut` is never used
    --> src/../../../../src/ownership_proof/raw_vec.rs:1213:22
     |
1213 | pub(crate) unsafe fn borrow_empty_bound_mut<'a>(bound: &'a BoundPtr) -> &'a mut [u8] {
     |                      ^^^^^^^^^^^^^^^^^^^^^^

warning: function `borrow_empty_bound_uninit_mut` is never used
    --> src/../../../../src/ownership_proof/raw_vec.rs:1221:22
     |
1221 | pub(crate) unsafe fn borrow_empty_bound_uninit_mut<'a>(
     |                      ^^^^^^^^^^^^^^^^^^^^^^^^^^^^^

warning: method `fetch_add_relaxed` is never used
  --> src/../../../../src/ownership_proof/sequential_counter.rs:66:19
   |
43 | impl SequentialCounter {
   | ---------------------- method in this implementation
...
66 |     pub(crate) fn fetch_add_relaxed(&self, amount: usize, own: Ghost<&mut CounterOwn>) -> usize {
   |                   ^^^^^^^^^^^^^^^^^

warning: fields `capacity`, `allocation`, `split`, and `registration` are never read
  --> src/../../../../src/ownership_proof/shared_protocol.rs:18:16
   |
17 | pub(crate) struct Status {
   |                   ------ fields in this struct
18 |     pub(crate) capacity: Int,
   |                ^^^^^^^^
19 |     pub(crate) allocation: Id,
   |                ^^^^^^^^^^
20 |     pub(crate) split: Int,
   |                ^^^^^
21 |     pub(crate) registration: Id,
   |                ^^^^^^^^^^^^
   |
   = note: `Status` has a derived impl for the trait `Clone`, but this is intentionally ignored during dead code analysis

warning: field `original_capacity_repr` is never read
  --> /workspace/bytes-proof-tools/targets/bytes/debug/build/bytes-unique-growing-reserve-788f70f337c12d39/out/actual_split.rs:59:5
   |
57 | struct Shared {
   |        ------ field in this struct
58 |     buffer: SharedBuffer,
59 |     original_capacity_repr: usize,
   |     ^^^^^^^^^^^^^^^^^^^^^^

warning: function `new` is never used
   --> /workspace/bytes-proof-tools/targets/bytes/debug/build/bytes-unique-growing-reserve-788f70f337c12d39/out/actual_split.rs:243:8
    |
243 |     fn new(input: Vec<u8>, split: usize) -> (ControlPtr, Ghost<ControlContext>, Ghost<Packet>, Ghost<Packet>) {
    |        ^^^

warning: function `release_left_then_right` is never used
   --> /workspace/bytes-proof-tools/targets/bytes/debug/build/bytes-unique-growing-reserve-788f70f337c12d39/out/actual_split.rs:324:19
    |
324 |     pub(crate) fn release_left_then_right(input: Vec<u8>, split: usize) {
    |                   ^^^^^^^^^^^^^^^^^^^^^^^

warning: function `release_right_then_left` is never used
   --> /workspace/bytes-proof-tools/targets/bytes/debug/build/bytes-unique-growing-reserve-788f70f337c12d39/out/actual_split.rs:333:19
    |
333 |     pub(crate) fn release_right_then_left(input: Vec<u8>, split: usize) {
    |                   ^^^^^^^^^^^^^^^^^^^^^^^

warning: `bytes-unique-growing-reserve` (lib test) generated 51 warnings (51 duplicates)
warning: `bytes-unique-growing-reserve` (lib) generated 51 warnings (run `cargo fix --lib -p bytes-unique-growing-reserve` to apply 30 suggestions)
    Finished `test` profile [unoptimized + debuginfo] target(s) in 0.64s
     Running unittests src/lib.rs (/workspace/bytes-proof-tools/targets/bytes/debug/deps/bytes_unique_growing_reserve-85427527f3fea3d7)

running 0 tests

test result: ok. 0 passed; 0 failed; 0 ignored; 0 measured; 0 filtered out; finished in 0.00s

   Doc-tests bytes_unique_growing_reserve

running 0 tests

test result: ok. 0 passed; 0 failed; 0 ignored; 0 measured; 0 filtered out; finished in 0.00s

cargo extraction compile/native smoke: PASS

source_sha256_after=3e8fe726c434f02c889578aac597b541f5b016d6fa1c6d77dc11fa2f6d9fec58
changed legacy build.rs smoke total: 11 PASS
