item_id,kind,item,owner,visibility,source_path,source_span,source_hash,configuration,contract_id,functional_status,memory_status,concurrency_status,panic_status,implementation_status,assumption_ids,proof_artifact,next_action
362fd1bcd2164b14,function,min_u64_usize,,"""crate""",src/arithmetic.rs,15:1-20:2,099bf528321f6a3ef1d0d979f0257d56243b72d78a368045a5b117b636ef3f00,std;x86_64-unknown-linux-gnu,helpers::min_u64_usize,body_proved_under_contract,body_proved_under_contract,not_applicable_to_this_helper,body_proved_under_contract,isolated_exact_source_body_proved,Creusot-0.13-standard-contracts;reviewed-standard-extensions-in-TRUSTED_BASE.md,verification/artifacts/component-evidence/helpers/component.json,prove actual handle/trait callers and their resource premises; full runtime remains unproved
98fd0ad67c8d1970,function,saturating_sub_usize_u64,,"""crate""",src/arithmetic.rs,6:1-11:2,099bf528321f6a3ef1d0d979f0257d56243b72d78a368045a5b117b636ef3f00,std;x86_64-unknown-linux-gnu,helpers::saturating_sub_usize_u64,body_proved_under_contract,body_proved_under_contract,not_applicable_to_this_helper,body_proved_under_contract,isolated_exact_source_body_proved,Creusot-0.13-standard-contracts;reviewed-standard-extensions-in-TRUSTED_BASE.md,verification/artifacts/component-evidence/helpers/component.json,prove actual handle/trait callers and their resource premises; full runtime remains unproved
f932ea8c17c74c2b,function,bounded_chunk,,"""crate""",src/bounded_ops.rs,13:1-15:2,2858350b2299e548afcfb23a5f318ac566619f1f3a884ce2437ad1d1a7104ab1,std;x86_64-unknown-linux-gnu,bounded-ops::bounded_chunk,body_proved_under_contract,body_proved_under_contract,not_applicable_to_this_helper,body_proved_under_contract,isolated_exact_source_body_proved,Creusot-0.13-standard-contracts;reviewed-standard-extensions-in-TRUSTED_BASE.md,verification/artifacts/component-evidence/bounded-ops/component.json,prove actual handle/trait callers and their resource premises; full runtime remains unproved
8b99638a75ee88bf,function,decrease_limit,,"""crate""",src/bounded_ops.rs,20:1-22:2,2858350b2299e548afcfb23a5f318ac566619f1f3a884ce2437ad1d1a7104ab1,std;x86_64-unknown-linux-gnu,bounded-ops::decrease_limit,body_proved_under_contract,body_proved_under_contract,not_applicable_to_this_helper,body_proved_under_contract,isolated_exact_source_body_proved,Creusot-0.13-standard-contracts;reviewed-standard-extensions-in-TRUSTED_BASE.md,verification/artifacts/component-evidence/bounded-ops/component.json,prove actual handle/trait callers and their resource premises; full runtime remains unproved
053ce4d2ee5a904d,function,bounded_len,,"""crate""",src/bounded_ops.rs,7:1-9:2,2858350b2299e548afcfb23a5f318ac566619f1f3a884ce2437ad1d1a7104ab1,std;x86_64-unknown-linux-gnu,bounded-ops::bounded_len,body_proved_under_contract,body_proved_under_contract,not_applicable_to_this_helper,body_proved_under_contract,isolated_exact_source_body_proved,Creusot-0.13-standard-contracts;reviewed-standard-extensions-in-TRUSTED_BASE.md,verification/artifacts/component-evidence/bounded-ops/component.json,prove actual handle/trait callers and their resource premises; full runtime remains unproved
270074b42ab0c918,function,get_f32,Buf,"""default""",src/buf/buf_impl.rs,1014:5-1016:6,775f5281af031275734c2e8512988a1b0763a4f52a7200c367e9d579aadb124b,std;x86_64-unknown-linux-gnu,,not_started,not_started,not_started,not_started,not_started,,,review contract and runtime dependencies
2af432d09aa72ff5,function,get_f32_le,Buf,"""default""",src/buf/buf_impl.rs,1035:5-1037:6,775f5281af031275734c2e8512988a1b0763a4f52a7200c367e9d579aadb124b,std;x86_64-unknown-linux-gnu,,not_started,not_started,not_started,not_started,not_started,,,review contract and runtime dependencies
a5cbd3225ad64aed,function,get_f32_ne,Buf,"""default""",src/buf/buf_impl.rs,1059:5-1061:6,775f5281af031275734c2e8512988a1b0763a4f52a7200c367e9d579aadb124b,std;x86_64-unknown-linux-gnu,,not_started,not_started,not_started,not_started,not_started,,,review contract and runtime dependencies
86ffd42645b93c63,function,get_f64,Buf,"""default""",src/buf/buf_impl.rs,1080:5-1082:6,775f5281af031275734c2e8512988a1b0763a4f52a7200c367e9d579aadb124b,std;x86_64-unknown-linux-gnu,,not_started,not_started,not_started,not_started,not_started,,,review contract and runtime dependencies
fed3fd8374645ed9,function,get_f64_le,Buf,"""default""",src/buf/buf_impl.rs,1101:5-1103:6,775f5281af031275734c2e8512988a1b0763a4f52a7200c367e9d579aadb124b,std;x86_64-unknown-linux-gnu,,not_started,not_started,not_started,not_started,not_started,,,review contract and runtime dependencies
9dc83a1f68d39fdc,function,get_f64_ne,Buf,"""default""",src/buf/buf_impl.rs,1125:5-1127:6,775f5281af031275734c2e8512988a1b0763a4f52a7200c367e9d579aadb124b,std;x86_64-unknown-linux-gnu,,not_started,not_started,not_started,not_started,not_started,,,review contract and runtime dependencies
82022a94c55ca098,function,try_copy_to_slice,Buf,"""default""",src/buf/buf_impl.rs,1159:5-1177:6,775f5281af031275734c2e8512988a1b0763a4f52a7200c367e9d579aadb124b,std;x86_64-unknown-linux-gnu,,not_started,not_started,not_started,not_started,not_started,,,review contract and runtime dependencies
bb9242e273b13864,trait,Buf,,"""public""",src/buf/buf_impl.rs,115:1-2452:2,775f5281af031275734c2e8512988a1b0763a4f52a7200c367e9d579aadb124b,std;x86_64-unknown-linux-gnu,,not_started,not_started,not_started,not_started,not_started,,,review contract and runtime dependencies
0550df0f20b3adc7,macro,buf_try_get_impl,,"""crate""",src/buf/buf_impl.rs,11:1-68:2,775f5281af031275734c2e8512988a1b0763a4f52a7200c367e9d579aadb124b,std;x86_64-unknown-linux-gnu,,not_started,not_started,not_started,not_started,not_started,,,review contract and runtime dependencies
0ccef743234e89a1,function,try_get_u8,Buf,"""default""",src/buf/buf_impl.rs,1202:5-1212:6,775f5281af031275734c2e8512988a1b0763a4f52a7200c367e9d579aadb124b,std;x86_64-unknown-linux-gnu,,not_started,not_started,not_started,not_started,not_started,,,review contract and runtime dependencies
21f3401f5ef9e3ae,function,try_get_i8,Buf,"""default""",src/buf/buf_impl.rs,1237:5-1247:6,775f5281af031275734c2e8512988a1b0763a4f52a7200c367e9d579aadb124b,std;x86_64-unknown-linux-gnu,,not_started,not_started,not_started,not_started,not_started,,,review contract and runtime dependencies
4ad55da5829df615,function,try_get_u16,Buf,"""default""",src/buf/buf_impl.rs,1273:5-1275:6,775f5281af031275734c2e8512988a1b0763a4f52a7200c367e9d579aadb124b,std;x86_64-unknown-linux-gnu,,not_started,not_started,not_started,not_started,not_started,,,review contract and runtime dependencies
e0e786b7556c2be7,function,try_get_u16_le,Buf,"""default""",src/buf/buf_impl.rs,1301:5-1303:6,775f5281af031275734c2e8512988a1b0763a4f52a7200c367e9d579aadb124b,std;x86_64-unknown-linux-gnu,,not_started,not_started,not_started,not_started,not_started,,,review contract and runtime dependencies
e48a4bcc70a121b0,function,try_get_u16_ne,Buf,"""default""",src/buf/buf_impl.rs,1332:5-1334:6,775f5281af031275734c2e8512988a1b0763a4f52a7200c367e9d579aadb124b,std;x86_64-unknown-linux-gnu,,not_started,not_started,not_started,not_started,not_started,,,review contract and runtime dependencies
01c96d4e49549aaf,function,try_get_i16,Buf,"""default""",src/buf/buf_impl.rs,1360:5-1362:6,775f5281af031275734c2e8512988a1b0763a4f52a7200c367e9d579aadb124b,std;x86_64-unknown-linux-gnu,,not_started,not_started,not_started,not_started,not_started,,,review contract and runtime dependencies
da5bdb2e999401ae,function,try_get_i16_le,Buf,"""default""",src/buf/buf_impl.rs,1388:5-1390:6,775f5281af031275734c2e8512988a1b0763a4f52a7200c367e9d579aadb124b,std;x86_64-unknown-linux-gnu,,not_started,not_started,not_started,not_started,not_started,,,review contract and runtime dependencies
03718237581b7796,function,try_get_i16_ne,Buf,"""default""",src/buf/buf_impl.rs,1419:5-1421:6,775f5281af031275734c2e8512988a1b0763a4f52a7200c367e9d579aadb124b,std;x86_64-unknown-linux-gnu,,not_started,not_started,not_started,not_started,not_started,,,review contract and runtime dependencies
7c117b4b05ca5bf7,function,remaining,Buf,"""default""",src/buf/buf_impl.rs,141:5-141:34,775f5281af031275734c2e8512988a1b0763a4f52a7200c367e9d579aadb124b,std;x86_64-unknown-linux-gnu,,not_started,not_started,not_started,not_started,not_started,,,review contract and runtime dependencies
90b6a43180bd12d2,function,try_get_u32,Buf,"""default""",src/buf/buf_impl.rs,1447:5-1449:6,775f5281af031275734c2e8512988a1b0763a4f52a7200c367e9d579aadb124b,std;x86_64-unknown-linux-gnu,,not_started,not_started,not_started,not_started,not_started,,,review contract and runtime dependencies
d1746964320a90c5,function,try_get_u32_le,Buf,"""default""",src/buf/buf_impl.rs,1475:5-1477:6,775f5281af031275734c2e8512988a1b0763a4f52a7200c367e9d579aadb124b,std;x86_64-unknown-linux-gnu,,not_started,not_started,not_started,not_started,not_started,,,review contract and runtime dependencies
3a75a3a3541d3942,function,try_get_u32_ne,Buf,"""default""",src/buf/buf_impl.rs,1506:5-1508:6,775f5281af031275734c2e8512988a1b0763a4f52a7200c367e9d579aadb124b,std;x86_64-unknown-linux-gnu,,not_started,not_started,not_started,not_started,not_started,,,review contract and runtime dependencies
b8395ef18fa7fffa,function,try_get_i32,Buf,"""default""",src/buf/buf_impl.rs,1534:5-1536:6,775f5281af031275734c2e8512988a1b0763a4f52a7200c367e9d579aadb124b,std;x86_64-unknown-linux-gnu,,not_started,not_started,not_started,not_started,not_started,,,review contract and runtime dependencies
48c11495096e39ce,function,try_get_i32_le,Buf,"""default""",src/buf/buf_impl.rs,1562:5-1564:6,775f5281af031275734c2e8512988a1b0763a4f52a7200c367e9d579aadb124b,std;x86_64-unknown-linux-gnu,,not_started,not_started,not_started,not_started,not_started,,,review contract and runtime dependencies
72954c26813a32d5,function,try_get_i32_ne,Buf,"""default""",src/buf/buf_impl.rs,1593:5-1595:6,775f5281af031275734c2e8512988a1b0763a4f52a7200c367e9d579aadb124b,std;x86_64-unknown-linux-gnu,,not_started,not_started,not_started,not_started,not_started,,,review contract and runtime dependencies
b8d2fb29f93c264a,function,try_get_u64,Buf,"""default""",src/buf/buf_impl.rs,1621:5-1623:6,775f5281af031275734c2e8512988a1b0763a4f52a7200c367e9d579aadb124b,std;x86_64-unknown-linux-gnu,,not_started,not_started,not_started,not_started,not_started,,,review contract and runtime dependencies
5649cbfd61b0fa46,function,try_get_u64_le,Buf,"""default""",src/buf/buf_impl.rs,1649:5-1651:6,775f5281af031275734c2e8512988a1b0763a4f52a7200c367e9d579aadb124b,std;x86_64-unknown-linux-gnu,,not_started,not_started,not_started,not_started,not_started,,,review contract and runtime dependencies
c71135b525a5043a,function,try_get_u64_ne,Buf,"""default""",src/buf/buf_impl.rs,1680:5-1682:6,775f5281af031275734c2e8512988a1b0763a4f52a7200c367e9d579aadb124b,std;x86_64-unknown-linux-gnu,,not_started,not_started,not_started,not_started,not_started,,,review contract and runtime dependencies
7f693af41cef3860,function,try_get_i64,Buf,"""default""",src/buf/buf_impl.rs,1708:5-1710:6,775f5281af031275734c2e8512988a1b0763a4f52a7200c367e9d579aadb124b,std;x86_64-unknown-linux-gnu,,not_started,not_started,not_started,not_started,not_started,,,review contract and runtime dependencies
8b9a2e3070a9cb9d,function,try_get_i64_le,Buf,"""default""",src/buf/buf_impl.rs,1736:5-1738:6,775f5281af031275734c2e8512988a1b0763a4f52a7200c367e9d579aadb124b,std;x86_64-unknown-linux-gnu,,not_started,not_started,not_started,not_started,not_started,,,review contract and runtime dependencies
afffc516883920d5,function,chunk,Buf,"""default""",src/buf/buf_impl.rs,174:5-174:30,775f5281af031275734c2e8512988a1b0763a4f52a7200c367e9d579aadb124b,std;x86_64-unknown-linux-gnu,,not_started,not_started,not_started,not_started,not_started,,,review contract and runtime dependencies
8e4b8c7917658272,function,try_get_i64_ne,Buf,"""default""",src/buf/buf_impl.rs,1767:5-1769:6,775f5281af031275734c2e8512988a1b0763a4f52a7200c367e9d579aadb124b,std;x86_64-unknown-linux-gnu,,not_started,not_started,not_started,not_started,not_started,,,review contract and runtime dependencies
b11f130f5ddf3e2f,function,try_get_u128,Buf,"""default""",src/buf/buf_impl.rs,1795:5-1797:6,775f5281af031275734c2e8512988a1b0763a4f52a7200c367e9d579aadb124b,std;x86_64-unknown-linux-gnu,,not_started,not_started,not_started,not_started,not_started,,,review contract and runtime dependencies
5da564eb0f69b1d6,function,try_get_u128_le,Buf,"""default""",src/buf/buf_impl.rs,1823:5-1825:6,775f5281af031275734c2e8512988a1b0763a4f52a7200c367e9d579aadb124b,std;x86_64-unknown-linux-gnu,,not_started,not_started,not_started,not_started,not_started,,,review contract and runtime dependencies
924c58ff6dec9883,function,try_get_u128_ne,Buf,"""default""",src/buf/buf_impl.rs,1854:5-1856:6,775f5281af031275734c2e8512988a1b0763a4f52a7200c367e9d579aadb124b,std;x86_64-unknown-linux-gnu,,not_started,not_started,not_started,not_started,not_started,,,review contract and runtime dependencies
b1839ebec3873545,function,try_get_i128,Buf,"""default""",src/buf/buf_impl.rs,1882:5-1884:6,775f5281af031275734c2e8512988a1b0763a4f52a7200c367e9d579aadb124b,std;x86_64-unknown-linux-gnu,,not_started,not_started,not_started,not_started,not_started,,,review contract and runtime dependencies
80d36a18caf9ced3,function,try_get_i128_le,Buf,"""default""",src/buf/buf_impl.rs,1910:5-1912:6,775f5281af031275734c2e8512988a1b0763a4f52a7200c367e9d579aadb124b,std;x86_64-unknown-linux-gnu,,not_started,not_started,not_started,not_started,not_started,,,review contract and runtime dependencies
d98add53fa19388a,function,try_get_i128_ne,Buf,"""default""",src/buf/buf_impl.rs,1941:5-1943:6,775f5281af031275734c2e8512988a1b0763a4f52a7200c367e9d579aadb124b,std;x86_64-unknown-linux-gnu,,not_started,not_started,not_started,not_started,not_started,,,review contract and runtime dependencies
885ec1b2c4b04b0a,function,try_get_uint,Buf,"""default""",src/buf/buf_impl.rs,1973:5-1975:6,775f5281af031275734c2e8512988a1b0763a4f52a7200c367e9d579aadb124b,std;x86_64-unknown-linux-gnu,,not_started,not_started,not_started,not_started,not_started,,,review contract and runtime dependencies
5e27c0a1b139e5de,function,try_get_uint_le,Buf,"""default""",src/buf/buf_impl.rs,2005:5-2007:6,775f5281af031275734c2e8512988a1b0763a4f52a7200c367e9d579aadb124b,std;x86_64-unknown-linux-gnu,,not_started,not_started,not_started,not_started,not_started,,,review contract and runtime dependencies
0af30204abb7f365,function,try_get_uint_ne,Buf,"""default""",src/buf/buf_impl.rs,2043:5-2049:6,775f5281af031275734c2e8512988a1b0763a4f52a7200c367e9d579aadb124b,std;x86_64-unknown-linux-gnu,,not_started,not_started,not_started,not_started,not_started,,,review contract and runtime dependencies
f716b42b367dd224,function,chunks_vectored,Buf,"""default""",src/buf/buf_impl.rs,205:5-216:6,775f5281af031275734c2e8512988a1b0763a4f52a7200c367e9d579aadb124b,std;x86_64-unknown-linux-gnu,,not_started,not_started,not_started,not_started,not_started,,,review contract and runtime dependencies
c08dbd4719643c27,function,try_get_int,Buf,"""default""",src/buf/buf_impl.rs,2079:5-2081:6,775f5281af031275734c2e8512988a1b0763a4f52a7200c367e9d579aadb124b,std;x86_64-unknown-linux-gnu,,not_started,not_started,not_started,not_started,not_started,,,review contract and runtime dependencies
70cd9eeea41e0a43,function,try_get_int_le,Buf,"""default""",src/buf/buf_impl.rs,2111:5-2113:6,775f5281af031275734c2e8512988a1b0763a4f52a7200c367e9d579aadb124b,std;x86_64-unknown-linux-gnu,,not_started,not_started,not_started,not_started,not_started,,,review contract and runtime dependencies
9bf34d6a38c2d724,function,try_get_int_ne,Buf,"""default""",src/buf/buf_impl.rs,2149:5-2155:6,775f5281af031275734c2e8512988a1b0763a4f52a7200c367e9d579aadb124b,std;x86_64-unknown-linux-gnu,,not_started,not_started,not_started,not_started,not_started,,,review contract and runtime dependencies
b29e080bcfd2629d,function,try_get_f32,Buf,"""default""",src/buf/buf_impl.rs,2182:5-2184:6,775f5281af031275734c2e8512988a1b0763a4f52a7200c367e9d579aadb124b,std;x86_64-unknown-linux-gnu,,not_started,not_started,not_started,not_started,not_started,,,review contract and runtime dependencies
0d96afab6d97d110,function,try_get_f32_le,Buf,"""default""",src/buf/buf_impl.rs,2211:5-2213:6,775f5281af031275734c2e8512988a1b0763a4f52a7200c367e9d579aadb124b,std;x86_64-unknown-linux-gnu,,not_started,not_started,not_started,not_started,not_started,,,review contract and runtime dependencies
106cfd85cf9042f2,function,try_get_f32_ne,Buf,"""default""",src/buf/buf_impl.rs,2243:5-2245:6,775f5281af031275734c2e8512988a1b0763a4f52a7200c367e9d579aadb124b,std;x86_64-unknown-linux-gnu,,not_started,not_started,not_started,not_started,not_started,,,review contract and runtime dependencies
3d689a85234345b1,function,try_get_f64,Buf,"""default""",src/buf/buf_impl.rs,2272:5-2274:6,775f5281af031275734c2e8512988a1b0763a4f52a7200c367e9d579aadb124b,std;x86_64-unknown-linux-gnu,,not_started,not_started,not_started,not_started,not_started,,,review contract and runtime dependencies
31a36ac2eb80156b,function,try_get_f64_le,Buf,"""default""",src/buf/buf_impl.rs,2301:5-2303:6,775f5281af031275734c2e8512988a1b0763a4f52a7200c367e9d579aadb124b,std;x86_64-unknown-linux-gnu,,not_started,not_started,not_started,not_started,not_started,,,review contract and runtime dependencies
89098d78e1dad4fb,function,try_get_f64_ne,Buf,"""default""",src/buf/buf_impl.rs,2333:5-2335:6,775f5281af031275734c2e8512988a1b0763a4f52a7200c367e9d579aadb124b,std;x86_64-unknown-linux-gnu,,not_started,not_started,not_started,not_started,not_started,,,review contract and runtime dependencies
9bb6a02d27b4d423,function,copy_to_bytes,Buf,"""default""",src/buf/buf_impl.rs,2356:5-2369:6,775f5281af031275734c2e8512988a1b0763a4f52a7200c367e9d579aadb124b,std;x86_64-unknown-linux-gnu,,not_started,not_started,not_started,not_started,not_started,,,review contract and runtime dependencies
6e5fc0f8b2f21dde,function,take,Buf,"""default""",src/buf/buf_impl.rs,2392:5-2397:6,775f5281af031275734c2e8512988a1b0763a4f52a7200c367e9d579aadb124b,std;x86_64-unknown-linux-gnu,,not_started,not_started,not_started,not_started,not_started,,,review contract and runtime dependencies
0e89533666cf2776,function,chain,Buf,"""default""",src/buf/buf_impl.rs,2414:5-2419:6,775f5281af031275734c2e8512988a1b0763a4f52a7200c367e9d579aadb124b,std;x86_64-unknown-linux-gnu,,not_started,not_started,not_started,not_started,not_started,,,review contract and runtime dependencies
a4469b51e5915ced,function,reader,Buf,"""default""",src/buf/buf_impl.rs,2446:5-2451:6,775f5281af031275734c2e8512988a1b0763a4f52a7200c367e9d579aadb124b,std;x86_64-unknown-linux-gnu,,not_started,not_started,not_started,not_started,not_started,,,review contract and runtime dependencies
578b6cbd736ddeb6,macro,deref_forward_buf,,"""crate""",src/buf/buf_impl.rs,2454:1-2877:2,775f5281af031275734c2e8512988a1b0763a4f52a7200c367e9d579aadb124b,std;x86_64-unknown-linux-gnu,,not_started,not_started,not_started,not_started,not_started,,,review contract and runtime dependencies
d11271c5beadace1,function,advance,Buf,"""default""",src/buf/buf_impl.rs,248:5-248:39,775f5281af031275734c2e8512988a1b0763a4f52a7200c367e9d579aadb124b,std;x86_64-unknown-linux-gnu,,not_started,not_started,not_started,not_started,not_started,,,review contract and runtime dependencies
661957b6e0111820,function,has_remaining,Buf,"""default""",src/buf/buf_impl.rs,267:5-269:6,775f5281af031275734c2e8512988a1b0763a4f52a7200c367e9d579aadb124b,std;x86_64-unknown-linux-gnu,,not_started,not_started,not_started,not_started,not_started,,,review contract and runtime dependencies
63b17cc6c374fade,impl,impl,,"""default""",src/buf/buf_impl.rs,2879:1-2881:2,775f5281af031275734c2e8512988a1b0763a4f52a7200c367e9d579aadb124b,std;x86_64-unknown-linux-gnu,,not_started,not_started,not_started,not_started,not_started,,,review contract and runtime dependencies
00ba1cd117c9a369,function,get_i16,"{""for"": {""borrowed_ref"": {""is_mutable"": true, ""lifetime"": null, ""type"": {""generic"": ""T""}}}, ""trait"": {""args"": null, ""id"": 97, ""path"": ""Buf""}}","""default""",src/buf/buf_impl.rs,2880:5-2880:25,775f5281af031275734c2e8512988a1b0763a4f52a7200c367e9d579aadb124b,std;x86_64-unknown-linux-gnu,,not_started,not_started,not_started,not_started,not_started,,,review contract and runtime dependencies
010e456a4936a770,function,get_i64,"{""for"": {""borrowed_ref"": {""is_mutable"": true, ""lifetime"": null, ""type"": {""generic"": ""T""}}}, ""trait"": {""args"": null, ""id"": 97, ""path"": ""Buf""}}","""default""",src/buf/buf_impl.rs,2880:5-2880:25,775f5281af031275734c2e8512988a1b0763a4f52a7200c367e9d579aadb124b,std;x86_64-unknown-linux-gnu,,not_started,not_started,not_started,not_started,not_started,,,review contract and runtime dependencies
06ee7d5a4cdee191,function,get_i32_ne,"{""for"": {""borrowed_ref"": {""is_mutable"": true, ""lifetime"": null, ""type"": {""generic"": ""T""}}}, ""trait"": {""args"": null, ""id"": 97, ""path"": ""Buf""}}","""default""",src/buf/buf_impl.rs,2880:5-2880:25,775f5281af031275734c2e8512988a1b0763a4f52a7200c367e9d579aadb124b,std;x86_64-unknown-linux-gnu,,not_started,not_started,not_started,not_started,not_started,,,review contract and runtime dependencies
0c3e6dc62412df1d,function,copy_to_bytes,"{""for"": {""borrowed_ref"": {""is_mutable"": true, ""lifetime"": null, ""type"": {""generic"": ""T""}}}, ""trait"": {""args"": null, ""id"": 97, ""path"": ""Buf""}}","""default""",src/buf/buf_impl.rs,2880:5-2880:25,775f5281af031275734c2e8512988a1b0763a4f52a7200c367e9d579aadb124b,std;x86_64-unknown-linux-gnu,,not_started,not_started,not_started,not_started,not_started,,,review contract and runtime dependencies
0d354f3227a86760,function,get_i32_le,"{""for"": {""borrowed_ref"": {""is_mutable"": true, ""lifetime"": null, ""type"": {""generic"": ""T""}}}, ""trait"": {""args"": null, ""id"": 97, ""path"": ""Buf""}}","""default""",src/buf/buf_impl.rs,2880:5-2880:25,775f5281af031275734c2e8512988a1b0763a4f52a7200c367e9d579aadb124b,std;x86_64-unknown-linux-gnu,,not_started,not_started,not_started,not_started,not_started,,,review contract and runtime dependencies
0d741703b54e92c9,function,try_get_f32,"{""for"": {""borrowed_ref"": {""is_mutable"": true, ""lifetime"": null, ""type"": {""generic"": ""T""}}}, ""trait"": {""args"": null, ""id"": 97, ""path"": ""Buf""}}","""default""",src/buf/buf_impl.rs,2880:5-2880:25,775f5281af031275734c2e8512988a1b0763a4f52a7200c367e9d579aadb124b,std;x86_64-unknown-linux-gnu,,not_started,not_started,not_started,not_started,not_started,,,review contract and runtime dependencies
0df2a22e925bda7c,function,get_int,"{""for"": {""borrowed_ref"": {""is_mutable"": true, ""lifetime"": null, ""type"": {""generic"": ""T""}}}, ""trait"": {""args"": null, ""id"": 97, ""path"": ""Buf""}}","""default""",src/buf/buf_impl.rs,2880:5-2880:25,775f5281af031275734c2e8512988a1b0763a4f52a7200c367e9d579aadb124b,std;x86_64-unknown-linux-gnu,,not_started,not_started,not_started,not_started,not_started,,,review contract and runtime dependencies
10f8186c3f228f5c,function,get_i128_le,"{""for"": {""borrowed_ref"": {""is_mutable"": true, ""lifetime"": null, ""type"": {""generic"": ""T""}}}, ""trait"": {""args"": null, ""id"": 97, ""path"": ""Buf""}}","""default""",src/buf/buf_impl.rs,2880:5-2880:25,775f5281af031275734c2e8512988a1b0763a4f52a7200c367e9d579aadb124b,std;x86_64-unknown-linux-gnu,,not_started,not_started,not_started,not_started,not_started,,,review contract and runtime dependencies
1bfaba2d3cadc72d,function,get_u128,"{""for"": {""borrowed_ref"": {""is_mutable"": true, ""lifetime"": null, ""type"": {""generic"": ""T""}}}, ""trait"": {""args"": null, ""id"": 97, ""path"": ""Buf""}}","""default""",src/buf/buf_impl.rs,2880:5-2880:25,775f5281af031275734c2e8512988a1b0763a4f52a7200c367e9d579aadb124b,std;x86_64-unknown-linux-gnu,,not_started,not_started,not_started,not_started,not_started,,,review contract and runtime dependencies
1e22de0860efa8a2,function,get_f32_ne,"{""for"": {""borrowed_ref"": {""is_mutable"": true, ""lifetime"": null, ""type"": {""generic"": ""T""}}}, ""trait"": {""args"": null, ""id"": 97, ""path"": ""Buf""}}","""default""",src/buf/buf_impl.rs,2880:5-2880:25,775f5281af031275734c2e8512988a1b0763a4f52a7200c367e9d579aadb124b,std;x86_64-unknown-linux-gnu,,not_started,not_started,not_started,not_started,not_started,,,review contract and runtime dependencies
1ea6382fe56ea162,function,try_get_u16,"{""for"": {""borrowed_ref"": {""is_mutable"": true, ""lifetime"": null, ""type"": {""generic"": ""T""}}}, ""trait"": {""args"": null, ""id"": 97, ""path"": ""Buf""}}","""default""",src/buf/buf_impl.rs,2880:5-2880:25,775f5281af031275734c2e8512988a1b0763a4f52a7200c367e9d579aadb124b,std;x86_64-unknown-linux-gnu,,not_started,not_started,not_started,not_started,not_started,,,review contract and runtime dependencies
1ff49e5e776fb887,function,chunks_vectored,"{""for"": {""borrowed_ref"": {""is_mutable"": true, ""lifetime"": null, ""type"": {""generic"": ""T""}}}, ""trait"": {""args"": null, ""id"": 97, ""path"": ""Buf""}}","""default""",src/buf/buf_impl.rs,2880:5-2880:25,775f5281af031275734c2e8512988a1b0763a4f52a7200c367e9d579aadb124b,std;x86_64-unknown-linux-gnu,,not_started,not_started,not_started,not_started,not_started,,,review contract and runtime dependencies
248e2e9560e439d9,function,try_get_u128_le,"{""for"": {""borrowed_ref"": {""is_mutable"": true, ""lifetime"": null, ""type"": {""generic"": ""T""}}}, ""trait"": {""args"": null, ""id"": 97, ""path"": ""Buf""}}","""default""",src/buf/buf_impl.rs,2880:5-2880:25,775f5281af031275734c2e8512988a1b0763a4f52a7200c367e9d579aadb124b,std;x86_64-unknown-linux-gnu,,not_started,not_started,not_started,not_started,not_started,,,review contract and runtime dependencies
26661ff5ecbd4704,function,get_u32_ne,"{""for"": {""borrowed_ref"": {""is_mutable"": true, ""lifetime"": null, ""type"": {""generic"": ""T""}}}, ""trait"": {""args"": null, ""id"": 97, ""path"": ""Buf""}}","""default""",src/buf/buf_impl.rs,2880:5-2880:25,775f5281af031275734c2e8512988a1b0763a4f52a7200c367e9d579aadb124b,std;x86_64-unknown-linux-gnu,,not_started,not_started,not_started,not_started,not_started,,,review contract and runtime dependencies
2857fa73f181730c,function,try_get_i128_ne,"{""for"": {""borrowed_ref"": {""is_mutable"": true, ""lifetime"": null, ""type"": {""generic"": ""T""}}}, ""trait"": {""args"": null, ""id"": 97, ""path"": ""Buf""}}","""default""",src/buf/buf_impl.rs,2880:5-2880:25,775f5281af031275734c2e8512988a1b0763a4f52a7200c367e9d579aadb124b,std;x86_64-unknown-linux-gnu,,not_started,not_started,not_started,not_started,not_started,,,review contract and runtime dependencies
28ba84a0758ba1b0,function,try_copy_to_slice,"{""for"": {""borrowed_ref"": {""is_mutable"": true, ""lifetime"": null, ""type"": {""generic"": ""T""}}}, ""trait"": {""args"": null, ""id"": 97, ""path"": ""Buf""}}","""default""",src/buf/buf_impl.rs,2880:5-2880:25,775f5281af031275734c2e8512988a1b0763a4f52a7200c367e9d579aadb124b,std;x86_64-unknown-linux-gnu,,not_started,not_started,not_started,not_started,not_started,,,review contract and runtime dependencies
290376a235519f4b,function,get_f64,"{""for"": {""borrowed_ref"": {""is_mutable"": true, ""lifetime"": null, ""type"": {""generic"": ""T""}}}, ""trait"": {""args"": null, ""id"": 97, ""path"": ""Buf""}}","""default""",src/buf/buf_impl.rs,2880:5-2880:25,775f5281af031275734c2e8512988a1b0763a4f52a7200c367e9d579aadb124b,std;x86_64-unknown-linux-gnu,,not_started,not_started,not_started,not_started,not_started,,,review contract and runtime dependencies
290b54c5ea77211b,function,try_get_u16_le,"{""for"": {""borrowed_ref"": {""is_mutable"": true, ""lifetime"": null, ""type"": {""generic"": ""T""}}}, ""trait"": {""args"": null, ""id"": 97, ""path"": ""Buf""}}","""default""",src/buf/buf_impl.rs,2880:5-2880:25,775f5281af031275734c2e8512988a1b0763a4f52a7200c367e9d579aadb124b,std;x86_64-unknown-linux-gnu,,not_started,not_started,not_started,not_started,not_started,,,review contract and runtime dependencies
2951583704a2b702,function,get_u64,"{""for"": {""borrowed_ref"": {""is_mutable"": true, ""lifetime"": null, ""type"": {""generic"": ""T""}}}, ""trait"": {""args"": null, ""id"": 97, ""path"": ""Buf""}}","""default""",src/buf/buf_impl.rs,2880:5-2880:25,775f5281af031275734c2e8512988a1b0763a4f52a7200c367e9d579aadb124b,std;x86_64-unknown-linux-gnu,,not_started,not_started,not_started,not_started,not_started,,,review contract and runtime dependencies
332901d5ec649edb,function,get_i32,"{""for"": {""borrowed_ref"": {""is_mutable"": true, ""lifetime"": null, ""type"": {""generic"": ""T""}}}, ""trait"": {""args"": null, ""id"": 97, ""path"": ""Buf""}}","""default""",src/buf/buf_impl.rs,2880:5-2880:25,775f5281af031275734c2e8512988a1b0763a4f52a7200c367e9d579aadb124b,std;x86_64-unknown-linux-gnu,,not_started,not_started,not_started,not_started,not_started,,,review contract and runtime dependencies
336de3696972b0ac,function,try_get_i32,"{""for"": {""borrowed_ref"": {""is_mutable"": true, ""lifetime"": null, ""type"": {""generic"": ""T""}}}, ""trait"": {""args"": null, ""id"": 97, ""path"": ""Buf""}}","""default""",src/buf/buf_impl.rs,2880:5-2880:25,775f5281af031275734c2e8512988a1b0763a4f52a7200c367e9d579aadb124b,std;x86_64-unknown-linux-gnu,,not_started,not_started,not_started,not_started,not_started,,,review contract and runtime dependencies
3b3355f2cfb15685,function,try_get_f32_le,"{""for"": {""borrowed_ref"": {""is_mutable"": true, ""lifetime"": null, ""type"": {""generic"": ""T""}}}, ""trait"": {""args"": null, ""id"": 97, ""path"": ""Buf""}}","""default""",src/buf/buf_impl.rs,2880:5-2880:25,775f5281af031275734c2e8512988a1b0763a4f52a7200c367e9d579aadb124b,std;x86_64-unknown-linux-gnu,,not_started,not_started,not_started,not_started,not_started,,,review contract and runtime dependencies
3c64cdb678f29b69,function,get_int_le,"{""for"": {""borrowed_ref"": {""is_mutable"": true, ""lifetime"": null, ""type"": {""generic"": ""T""}}}, ""trait"": {""args"": null, ""id"": 97, ""path"": ""Buf""}}","""default""",src/buf/buf_impl.rs,2880:5-2880:25,775f5281af031275734c2e8512988a1b0763a4f52a7200c367e9d579aadb124b,std;x86_64-unknown-linux-gnu,,not_started,not_started,not_started,not_started,not_started,,,review contract and runtime dependencies
3fe7834d5e60359f,function,get_u32,"{""for"": {""borrowed_ref"": {""is_mutable"": true, ""lifetime"": null, ""type"": {""generic"": ""T""}}}, ""trait"": {""args"": null, ""id"": 97, ""path"": ""Buf""}}","""default""",src/buf/buf_impl.rs,2880:5-2880:25,775f5281af031275734c2e8512988a1b0763a4f52a7200c367e9d579aadb124b,std;x86_64-unknown-linux-gnu,,not_started,not_started,not_started,not_started,not_started,,,review contract and runtime dependencies
439d7495b7713e2a,function,get_u16,"{""for"": {""borrowed_ref"": {""is_mutable"": true, ""lifetime"": null, ""type"": {""generic"": ""T""}}}, ""trait"": {""args"": null, ""id"": 97, ""path"": ""Buf""}}","""default""",src/buf/buf_impl.rs,2880:5-2880:25,775f5281af031275734c2e8512988a1b0763a4f52a7200c367e9d579aadb124b,std;x86_64-unknown-linux-gnu,,not_started,not_started,not_started,not_started,not_started,,,review contract and runtime dependencies
4c9f4c5af94d06f1,function,try_get_int,"{""for"": {""borrowed_ref"": {""is_mutable"": true, ""lifetime"": null, ""type"": {""generic"": ""T""}}}, ""trait"": {""args"": null, ""id"": 97, ""path"": ""Buf""}}","""default""",src/buf/buf_impl.rs,2880:5-2880:25,775f5281af031275734c2e8512988a1b0763a4f52a7200c367e9d579aadb124b,std;x86_64-unknown-linux-gnu,,not_started,not_started,not_started,not_started,not_started,,,review contract and runtime dependencies
548ce2fe7f52ae5c,function,get_u128_le,"{""for"": {""borrowed_ref"": {""is_mutable"": true, ""lifetime"": null, ""type"": {""generic"": ""T""}}}, ""trait"": {""args"": null, ""id"": 97, ""path"": ""Buf""}}","""default""",src/buf/buf_impl.rs,2880:5-2880:25,775f5281af031275734c2e8512988a1b0763a4f52a7200c367e9d579aadb124b,std;x86_64-unknown-linux-gnu,,not_started,not_started,not_started,not_started,not_started,,,review contract and runtime dependencies
576d9784f17f7377,function,get_u64_ne,"{""for"": {""borrowed_ref"": {""is_mutable"": true, ""lifetime"": null, ""type"": {""generic"": ""T""}}}, ""trait"": {""args"": null, ""id"": 97, ""path"": ""Buf""}}","""default""",src/buf/buf_impl.rs,2880:5-2880:25,775f5281af031275734c2e8512988a1b0763a4f52a7200c367e9d579aadb124b,std;x86_64-unknown-linux-gnu,,not_started,not_started,not_started,not_started,not_started,,,review contract and runtime dependencies
5eafcc1b6a1b0eb1,function,chunk,"{""for"": {""borrowed_ref"": {""is_mutable"": true, ""lifetime"": null, ""type"": {""generic"": ""T""}}}, ""trait"": {""args"": null, ""id"": 97, ""path"": ""Buf""}}","""default""",src/buf/buf_impl.rs,2880:5-2880:25,775f5281af031275734c2e8512988a1b0763a4f52a7200c367e9d579aadb124b,std;x86_64-unknown-linux-gnu,,not_started,not_started,not_started,not_started,not_started,,,review contract and runtime dependencies
5ebcac451fe2fd16,function,try_get_u128,"{""for"": {""borrowed_ref"": {""is_mutable"": true, ""lifetime"": null, ""type"": {""generic"": ""T""}}}, ""trait"": {""args"": null, ""id"": 97, ""path"": ""Buf""}}","""default""",src/buf/buf_impl.rs,2880:5-2880:25,775f5281af031275734c2e8512988a1b0763a4f52a7200c367e9d579aadb124b,std;x86_64-unknown-linux-gnu,,not_started,not_started,not_started,not_started,not_started,,,review contract and runtime dependencies
608e297c9eed4de9,function,try_get_u64_ne,"{""for"": {""borrowed_ref"": {""is_mutable"": true, ""lifetime"": null, ""type"": {""generic"": ""T""}}}, ""trait"": {""args"": null, ""id"": 97, ""path"": ""Buf""}}","""default""",src/buf/buf_impl.rs,2880:5-2880:25,775f5281af031275734c2e8512988a1b0763a4f52a7200c367e9d579aadb124b,std;x86_64-unknown-linux-gnu,,not_started,not_started,not_started,not_started,not_started,,,review contract and runtime dependencies
74135fab6a121f22,function,try_get_f32_ne,"{""for"": {""borrowed_ref"": {""is_mutable"": true, ""lifetime"": null, ""type"": {""generic"": ""T""}}}, ""trait"": {""args"": null, ""id"": 97, ""path"": ""Buf""}}","""default""",src/buf/buf_impl.rs,2880:5-2880:25,775f5281af031275734c2e8512988a1b0763a4f52a7200c367e9d579aadb124b,std;x86_64-unknown-linux-gnu,,not_started,not_started,not_started,not_started,not_started,,,review contract and runtime dependencies
74449e3139598b52,function,remaining,"{""for"": {""borrowed_ref"": {""is_mutable"": true, ""lifetime"": null, ""type"": {""generic"": ""T""}}}, ""trait"": {""args"": null, ""id"": 97, ""path"": ""Buf""}}","""default""",src/buf/buf_impl.rs,2880:5-2880:25,775f5281af031275734c2e8512988a1b0763a4f52a7200c367e9d579aadb124b,std;x86_64-unknown-linux-gnu,,not_started,not_started,not_started,not_started,not_started,,,review contract and runtime dependencies
744a6be1aa68d44f,function,try_get_i64_ne,"{""for"": {""borrowed_ref"": {""is_mutable"": true, ""lifetime"": null, ""type"": {""generic"": ""T""}}}, ""trait"": {""args"": null, ""id"": 97, ""path"": ""Buf""}}","""default""",src/buf/buf_impl.rs,2880:5-2880:25,775f5281af031275734c2e8512988a1b0763a4f52a7200c367e9d579aadb124b,std;x86_64-unknown-linux-gnu,,not_started,not_started,not_started,not_started,not_started,,,review contract and runtime dependencies
75d3c586cd42c772,function,try_get_i64_le,"{""for"": {""borrowed_ref"": {""is_mutable"": true, ""lifetime"": null, ""type"": {""generic"": ""T""}}}, ""trait"": {""args"": null, ""id"": 97, ""path"": ""Buf""}}","""default""",src/buf/buf_impl.rs,2880:5-2880:25,775f5281af031275734c2e8512988a1b0763a4f52a7200c367e9d579aadb124b,std;x86_64-unknown-linux-gnu,,not_started,not_started,not_started,not_started,not_started,,,review contract and runtime dependencies
775b2765f3d9f96d,function,get_u8,"{""for"": {""borrowed_ref"": {""is_mutable"": true, ""lifetime"": null, ""type"": {""generic"": ""T""}}}, ""trait"": {""args"": null, ""id"": 97, ""path"": ""Buf""}}","""default""",src/buf/buf_impl.rs,2880:5-2880:25,775f5281af031275734c2e8512988a1b0763a4f52a7200c367e9d579aadb124b,std;x86_64-unknown-linux-gnu,,not_started,not_started,not_started,not_started,not_started,,,review contract and runtime dependencies
79c0c907378feac6,function,try_get_i8,"{""for"": {""borrowed_ref"": {""is_mutable"": true, ""lifetime"": null, ""type"": {""generic"": ""T""}}}, ""trait"": {""args"": null, ""id"": 97, ""path"": ""Buf""}}","""default""",src/buf/buf_impl.rs,2880:5-2880:25,775f5281af031275734c2e8512988a1b0763a4f52a7200c367e9d579aadb124b,std;x86_64-unknown-linux-gnu,,not_started,not_started,not_started,not_started,not_started,,,review contract and runtime dependencies
7b00e628aaa239d4,function,try_get_i32_le,"{""for"": {""borrowed_ref"": {""is_mutable"": true, ""lifetime"": null, ""type"": {""generic"": ""T""}}}, ""trait"": {""args"": null, ""id"": 97, ""path"": ""Buf""}}","""default""",src/buf/buf_impl.rs,2880:5-2880:25,775f5281af031275734c2e8512988a1b0763a4f52a7200c367e9d579aadb124b,std;x86_64-unknown-linux-gnu,,not_started,not_started,not_started,not_started,not_started,,,review contract and runtime dependencies
7bc0d67bfedd703e,function,try_get_u8,"{""for"": {""borrowed_ref"": {""is_mutable"": true, ""lifetime"": null, ""type"": {""generic"": ""T""}}}, ""trait"": {""args"": null, ""id"": 97, ""path"": ""Buf""}}","""default""",src/buf/buf_impl.rs,2880:5-2880:25,775f5281af031275734c2e8512988a1b0763a4f52a7200c367e9d579aadb124b,std;x86_64-unknown-linux-gnu,,not_started,not_started,not_started,not_started,not_started,,,review contract and runtime dependencies
81a2221da82fcc23,function,try_get_int_le,"{""for"": {""borrowed_ref"": {""is_mutable"": true, ""lifetime"": null, ""type"": {""generic"": ""T""}}}, ""trait"": {""args"": null, ""id"": 97, ""path"": ""Buf""}}","""default""",src/buf/buf_impl.rs,2880:5-2880:25,775f5281af031275734c2e8512988a1b0763a4f52a7200c367e9d579aadb124b,std;x86_64-unknown-linux-gnu,,not_started,not_started,not_started,not_started,not_started,,,review contract and runtime dependencies
8b6cdc81ce233866,function,try_get_u64,"{""for"": {""borrowed_ref"": {""is_mutable"": true, ""lifetime"": null, ""type"": {""generic"": ""T""}}}, ""trait"": {""args"": null, ""id"": 97, ""path"": ""Buf""}}","""default""",src/buf/buf_impl.rs,2880:5-2880:25,775f5281af031275734c2e8512988a1b0763a4f52a7200c367e9d579aadb124b,std;x86_64-unknown-linux-gnu,,not_started,not_started,not_started,not_started,not_started,,,review contract and runtime dependencies
8b9237cae08093a7,function,try_get_f64_ne,"{""for"": {""borrowed_ref"": {""is_mutable"": true, ""lifetime"": null, ""type"": {""generic"": ""T""}}}, ""trait"": {""args"": null, ""id"": 97, ""path"": ""Buf""}}","""default""",src/buf/buf_impl.rs,2880:5-2880:25,775f5281af031275734c2e8512988a1b0763a4f52a7200c367e9d579aadb124b,std;x86_64-unknown-linux-gnu,,not_started,not_started,not_started,not_started,not_started,,,review contract and runtime dependencies
8bf20709d3407b77,function,copy_to_slice,"{""for"": {""borrowed_ref"": {""is_mutable"": true, ""lifetime"": null, ""type"": {""generic"": ""T""}}}, ""trait"": {""args"": null, ""id"": 97, ""path"": ""Buf""}}","""default""",src/buf/buf_impl.rs,2880:5-2880:25,775f5281af031275734c2e8512988a1b0763a4f52a7200c367e9d579aadb124b,std;x86_64-unknown-linux-gnu,,not_started,not_started,not_started,not_started,not_started,,,review contract and runtime dependencies
8c1e21a249a8db68,function,get_i64_le,"{""for"": {""borrowed_ref"": {""is_mutable"": true, ""lifetime"": null, ""type"": {""generic"": ""T""}}}, ""trait"": {""args"": null, ""id"": 97, ""path"": ""Buf""}}","""default""",src/buf/buf_impl.rs,2880:5-2880:25,775f5281af031275734c2e8512988a1b0763a4f52a7200c367e9d579aadb124b,std;x86_64-unknown-linux-gnu,,not_started,not_started,not_started,not_started,not_started,,,review contract and runtime dependencies
8c2c9b3ca77137fb,function,get_i64_ne,"{""for"": {""borrowed_ref"": {""is_mutable"": true, ""lifetime"": null, ""type"": {""generic"": ""T""}}}, ""trait"": {""args"": null, ""id"": 97, ""path"": ""Buf""}}","""default""",src/buf/buf_impl.rs,2880:5-2880:25,775f5281af031275734c2e8512988a1b0763a4f52a7200c367e9d579aadb124b,std;x86_64-unknown-linux-gnu,,not_started,not_started,not_started,not_started,not_started,,,review contract and runtime dependencies
955b52d7ab125290,function,try_get_f64_le,"{""for"": {""borrowed_ref"": {""is_mutable"": true, ""lifetime"": null, ""type"": {""generic"": ""T""}}}, ""trait"": {""args"": null, ""id"": 97, ""path"": ""Buf""}}","""default""",src/buf/buf_impl.rs,2880:5-2880:25,775f5281af031275734c2e8512988a1b0763a4f52a7200c367e9d579aadb124b,std;x86_64-unknown-linux-gnu,,not_started,not_started,not_started,not_started,not_started,,,review contract and runtime dependencies
9b6d0d54b3986366,function,try_get_i64,"{""for"": {""borrowed_ref"": {""is_mutable"": true, ""lifetime"": null, ""type"": {""generic"": ""T""}}}, ""trait"": {""args"": null, ""id"": 97, ""path"": ""Buf""}}","""default""",src/buf/buf_impl.rs,2880:5-2880:25,775f5281af031275734c2e8512988a1b0763a4f52a7200c367e9d579aadb124b,std;x86_64-unknown-linux-gnu,,not_started,not_started,not_started,not_started,not_started,,,review contract and runtime dependencies
9e6b65d299c2ffd3,function,get_f64_le,"{""for"": {""borrowed_ref"": {""is_mutable"": true, ""lifetime"": null, ""type"": {""generic"": ""T""}}}, ""trait"": {""args"": null, ""id"": 97, ""path"": ""Buf""}}","""default""",src/buf/buf_impl.rs,2880:5-2880:25,775f5281af031275734c2e8512988a1b0763a4f52a7200c367e9d579aadb124b,std;x86_64-unknown-linux-gnu,,not_started,not_started,not_started,not_started,not_started,,,review contract and runtime dependencies
a18ac7c8578c344d,function,get_uint_le,"{""for"": {""borrowed_ref"": {""is_mutable"": true, ""lifetime"": null, ""type"": {""generic"": ""T""}}}, ""trait"": {""args"": null, ""id"": 97, ""path"": ""Buf""}}","""default""",src/buf/buf_impl.rs,2880:5-2880:25,775f5281af031275734c2e8512988a1b0763a4f52a7200c367e9d579aadb124b,std;x86_64-unknown-linux-gnu,,not_started,not_started,not_started,not_started,not_started,,,review contract and runtime dependencies
a193484fc4caf0c7,function,try_get_int_ne,"{""for"": {""borrowed_ref"": {""is_mutable"": true, ""lifetime"": null, ""type"": {""generic"": ""T""}}}, ""trait"": {""args"": null, ""id"": 97, ""path"": ""Buf""}}","""default""",src/buf/buf_impl.rs,2880:5-2880:25,775f5281af031275734c2e8512988a1b0763a4f52a7200c367e9d579aadb124b,std;x86_64-unknown-linux-gnu,,not_started,not_started,not_started,not_started,not_started,,,review contract and runtime dependencies
a66489801d847583,function,try_get_i16_le,"{""for"": {""borrowed_ref"": {""is_mutable"": true, ""lifetime"": null, ""type"": {""generic"": ""T""}}}, ""trait"": {""args"": null, ""id"": 97, ""path"": ""Buf""}}","""default""",src/buf/buf_impl.rs,2880:5-2880:25,775f5281af031275734c2e8512988a1b0763a4f52a7200c367e9d579aadb124b,std;x86_64-unknown-linux-gnu,,not_started,not_started,not_started,not_started,not_started,,,review contract and runtime dependencies
a67ac6eae30530f3,function,try_get_i128,"{""for"": {""borrowed_ref"": {""is_mutable"": true, ""lifetime"": null, ""type"": {""generic"": ""T""}}}, ""trait"": {""args"": null, ""id"": 97, ""path"": ""Buf""}}","""default""",src/buf/buf_impl.rs,2880:5-2880:25,775f5281af031275734c2e8512988a1b0763a4f52a7200c367e9d579aadb124b,std;x86_64-unknown-linux-gnu,,not_started,not_started,not_started,not_started,not_started,,,review contract and runtime dependencies
a697e55d97f6b82b,function,get_i16_ne,"{""for"": {""borrowed_ref"": {""is_mutable"": true, ""lifetime"": null, ""type"": {""generic"": ""T""}}}, ""trait"": {""args"": null, ""id"": 97, ""path"": ""Buf""}}","""default""",src/buf/buf_impl.rs,2880:5-2880:25,775f5281af031275734c2e8512988a1b0763a4f52a7200c367e9d579aadb124b,std;x86_64-unknown-linux-gnu,,not_started,not_started,not_started,not_started,not_started,,,review contract and runtime dependencies
a8549f418e6b3798,function,try_get_uint,"{""for"": {""borrowed_ref"": {""is_mutable"": true, ""lifetime"": null, ""type"": {""generic"": ""T""}}}, ""trait"": {""args"": null, ""id"": 97, ""path"": ""Buf""}}","""default""",src/buf/buf_impl.rs,2880:5-2880:25,775f5281af031275734c2e8512988a1b0763a4f52a7200c367e9d579aadb124b,std;x86_64-unknown-linux-gnu,,not_started,not_started,not_started,not_started,not_started,,,review contract and runtime dependencies
afb6be079e10a743,function,try_get_f64,"{""for"": {""borrowed_ref"": {""is_mutable"": true, ""lifetime"": null, ""type"": {""generic"": ""T""}}}, ""trait"": {""args"": null, ""id"": 97, ""path"": ""Buf""}}","""default""",src/buf/buf_impl.rs,2880:5-2880:25,775f5281af031275734c2e8512988a1b0763a4f52a7200c367e9d579aadb124b,std;x86_64-unknown-linux-gnu,,not_started,not_started,not_started,not_started,not_started,,,review contract and runtime dependencies
b195dad866e96c26,function,try_get_i16,"{""for"": {""borrowed_ref"": {""is_mutable"": true, ""lifetime"": null, ""type"": {""generic"": ""T""}}}, ""trait"": {""args"": null, ""id"": 97, ""path"": ""Buf""}}","""default""",src/buf/buf_impl.rs,2880:5-2880:25,775f5281af031275734c2e8512988a1b0763a4f52a7200c367e9d579aadb124b,std;x86_64-unknown-linux-gnu,,not_started,not_started,not_started,not_started,not_started,,,review contract and runtime dependencies
b1975d8f9bd6921b,function,get_i128,"{""for"": {""borrowed_ref"": {""is_mutable"": true, ""lifetime"": null, ""type"": {""generic"": ""T""}}}, ""trait"": {""args"": null, ""id"": 97, ""path"": ""Buf""}}","""default""",src/buf/buf_impl.rs,2880:5-2880:25,775f5281af031275734c2e8512988a1b0763a4f52a7200c367e9d579aadb124b,std;x86_64-unknown-linux-gnu,,not_started,not_started,not_started,not_started,not_started,,,review contract and runtime dependencies
b1ccee641c0403b2,function,try_get_i128_le,"{""for"": {""borrowed_ref"": {""is_mutable"": true, ""lifetime"": null, ""type"": {""generic"": ""T""}}}, ""trait"": {""args"": null, ""id"": 97, ""path"": ""Buf""}}","""default""",src/buf/buf_impl.rs,2880:5-2880:25,775f5281af031275734c2e8512988a1b0763a4f52a7200c367e9d579aadb124b,std;x86_64-unknown-linux-gnu,,not_started,not_started,not_started,not_started,not_started,,,review contract and runtime dependencies
b607bcb244a3388e,function,get_int_ne,"{""for"": {""borrowed_ref"": {""is_mutable"": true, ""lifetime"": null, ""type"": {""generic"": ""T""}}}, ""trait"": {""args"": null, ""id"": 97, ""path"": ""Buf""}}","""default""",src/buf/buf_impl.rs,2880:5-2880:25,775f5281af031275734c2e8512988a1b0763a4f52a7200c367e9d579aadb124b,std;x86_64-unknown-linux-gnu,,not_started,not_started,not_started,not_started,not_started,,,review contract and runtime dependencies
bab6710e9eeb3fbd,function,get_i16_le,"{""for"": {""borrowed_ref"": {""is_mutable"": true, ""lifetime"": null, ""type"": {""generic"": ""T""}}}, ""trait"": {""args"": null, ""id"": 97, ""path"": ""Buf""}}","""default""",src/buf/buf_impl.rs,2880:5-2880:25,775f5281af031275734c2e8512988a1b0763a4f52a7200c367e9d579aadb124b,std;x86_64-unknown-linux-gnu,,not_started,not_started,not_started,not_started,not_started,,,review contract and runtime dependencies
bc4fca62a1b09498,function,get_f32_le,"{""for"": {""borrowed_ref"": {""is_mutable"": true, ""lifetime"": null, ""type"": {""generic"": ""T""}}}, ""trait"": {""args"": null, ""id"": 97, ""path"": ""Buf""}}","""default""",src/buf/buf_impl.rs,2880:5-2880:25,775f5281af031275734c2e8512988a1b0763a4f52a7200c367e9d579aadb124b,std;x86_64-unknown-linux-gnu,,not_started,not_started,not_started,not_started,not_started,,,review contract and runtime dependencies
be7eddd566b40a04,function,get_u32_le,"{""for"": {""borrowed_ref"": {""is_mutable"": true, ""lifetime"": null, ""type"": {""generic"": ""T""}}}, ""trait"": {""args"": null, ""id"": 97, ""path"": ""Buf""}}","""default""",src/buf/buf_impl.rs,2880:5-2880:25,775f5281af031275734c2e8512988a1b0763a4f52a7200c367e9d579aadb124b,std;x86_64-unknown-linux-gnu,,not_started,not_started,not_started,not_started,not_started,,,review contract and runtime dependencies
beb0d709acdf6236,function,get_uint_ne,"{""for"": {""borrowed_ref"": {""is_mutable"": true, ""lifetime"": null, ""type"": {""generic"": ""T""}}}, ""trait"": {""args"": null, ""id"": 97, ""path"": ""Buf""}}","""default""",src/buf/buf_impl.rs,2880:5-2880:25,775f5281af031275734c2e8512988a1b0763a4f52a7200c367e9d579aadb124b,std;x86_64-unknown-linux-gnu,,not_started,not_started,not_started,not_started,not_started,,,review contract and runtime dependencies
c2834e524c74d97c,function,get_i8,"{""for"": {""borrowed_ref"": {""is_mutable"": true, ""lifetime"": null, ""type"": {""generic"": ""T""}}}, ""trait"": {""args"": null, ""id"": 97, ""path"": ""Buf""}}","""default""",src/buf/buf_impl.rs,2880:5-2880:25,775f5281af031275734c2e8512988a1b0763a4f52a7200c367e9d579aadb124b,std;x86_64-unknown-linux-gnu,,not_started,not_started,not_started,not_started,not_started,,,review contract and runtime dependencies
c2b19ae351294c9b,function,get_uint,"{""for"": {""borrowed_ref"": {""is_mutable"": true, ""lifetime"": null, ""type"": {""generic"": ""T""}}}, ""trait"": {""args"": null, ""id"": 97, ""path"": ""Buf""}}","""default""",src/buf/buf_impl.rs,2880:5-2880:25,775f5281af031275734c2e8512988a1b0763a4f52a7200c367e9d579aadb124b,std;x86_64-unknown-linux-gnu,,not_started,not_started,not_started,not_started,not_started,,,review contract and runtime dependencies
c53d9e70703cfd3f,function,try_get_u32,"{""for"": {""borrowed_ref"": {""is_mutable"": true, ""lifetime"": null, ""type"": {""generic"": ""T""}}}, ""trait"": {""args"": null, ""id"": 97, ""path"": ""Buf""}}","""default""",src/buf/buf_impl.rs,2880:5-2880:25,775f5281af031275734c2e8512988a1b0763a4f52a7200c367e9d579aadb124b,std;x86_64-unknown-linux-gnu,,not_started,not_started,not_started,not_started,not_started,,,review contract and runtime dependencies
cb89810a28d4469f,function,get_u16_le,"{""for"": {""borrowed_ref"": {""is_mutable"": true, ""lifetime"": null, ""type"": {""generic"": ""T""}}}, ""trait"": {""args"": null, ""id"": 97, ""path"": ""Buf""}}","""default""",src/buf/buf_impl.rs,2880:5-2880:25,775f5281af031275734c2e8512988a1b0763a4f52a7200c367e9d579aadb124b,std;x86_64-unknown-linux-gnu,,not_started,not_started,not_started,not_started,not_started,,,review contract and runtime dependencies
d0e7c6b5caf37878,function,get_u128_ne,"{""for"": {""borrowed_ref"": {""is_mutable"": true, ""lifetime"": null, ""type"": {""generic"": ""T""}}}, ""trait"": {""args"": null, ""id"": 97, ""path"": ""Buf""}}","""default""",src/buf/buf_impl.rs,2880:5-2880:25,775f5281af031275734c2e8512988a1b0763a4f52a7200c367e9d579aadb124b,std;x86_64-unknown-linux-gnu,,not_started,not_started,not_started,not_started,not_started,,,review contract and runtime dependencies
d917c6dbb0f33350,function,has_remaining,"{""for"": {""borrowed_ref"": {""is_mutable"": true, ""lifetime"": null, ""type"": {""generic"": ""T""}}}, ""trait"": {""args"": null, ""id"": 97, ""path"": ""Buf""}}","""default""",src/buf/buf_impl.rs,2880:5-2880:25,775f5281af031275734c2e8512988a1b0763a4f52a7200c367e9d579aadb124b,std;x86_64-unknown-linux-gnu,,not_started,not_started,not_started,not_started,not_started,,,review contract and runtime dependencies
dbcfd1ee3e79dd44,function,try_get_u16_ne,"{""for"": {""borrowed_ref"": {""is_mutable"": true, ""lifetime"": null, ""type"": {""generic"": ""T""}}}, ""trait"": {""args"": null, ""id"": 97, ""path"": ""Buf""}}","""default""",src/buf/buf_impl.rs,2880:5-2880:25,775f5281af031275734c2e8512988a1b0763a4f52a7200c367e9d579aadb124b,std;x86_64-unknown-linux-gnu,,not_started,not_started,not_started,not_started,not_started,,,review contract and runtime dependencies
dc077eeb9e3b0223,function,try_get_uint_ne,"{""for"": {""borrowed_ref"": {""is_mutable"": true, ""lifetime"": null, ""type"": {""generic"": ""T""}}}, ""trait"": {""args"": null, ""id"": 97, ""path"": ""Buf""}}","""default""",src/buf/buf_impl.rs,2880:5-2880:25,775f5281af031275734c2e8512988a1b0763a4f52a7200c367e9d579aadb124b,std;x86_64-unknown-linux-gnu,,not_started,not_started,not_started,not_started,not_started,,,review contract and runtime dependencies
dd1a0948aa98c7c5,function,get_f64_ne,"{""for"": {""borrowed_ref"": {""is_mutable"": true, ""lifetime"": null, ""type"": {""generic"": ""T""}}}, ""trait"": {""args"": null, ""id"": 97, ""path"": ""Buf""}}","""default""",src/buf/buf_impl.rs,2880:5-2880:25,775f5281af031275734c2e8512988a1b0763a4f52a7200c367e9d579aadb124b,std;x86_64-unknown-linux-gnu,,not_started,not_started,not_started,not_started,not_started,,,review contract and runtime dependencies
dd360d5539c22de0,function,get_u64_le,"{""for"": {""borrowed_ref"": {""is_mutable"": true, ""lifetime"": null, ""type"": {""generic"": ""T""}}}, ""trait"": {""args"": null, ""id"": 97, ""path"": ""Buf""}}","""default""",src/buf/buf_impl.rs,2880:5-2880:25,775f5281af031275734c2e8512988a1b0763a4f52a7200c367e9d579aadb124b,std;x86_64-unknown-linux-gnu,,not_started,not_started,not_started,not_started,not_started,,,review contract and runtime dependencies
e13b1bffb813224f,function,try_get_i32_ne,"{""for"": {""borrowed_ref"": {""is_mutable"": true, ""lifetime"": null, ""type"": {""generic"": ""T""}}}, ""trait"": {""args"": null, ""id"": 97, ""path"": ""Buf""}}","""default""",src/buf/buf_impl.rs,2880:5-2880:25,775f5281af031275734c2e8512988a1b0763a4f52a7200c367e9d579aadb124b,std;x86_64-unknown-linux-gnu,,not_started,not_started,not_started,not_started,not_started,,,review contract and runtime dependencies
e2ab7c7986041f81,function,get_u16_ne,"{""for"": {""borrowed_ref"": {""is_mutable"": true, ""lifetime"": null, ""type"": {""generic"": ""T""}}}, ""trait"": {""args"": null, ""id"": 97, ""path"": ""Buf""}}","""default""",src/buf/buf_impl.rs,2880:5-2880:25,775f5281af031275734c2e8512988a1b0763a4f52a7200c367e9d579aadb124b,std;x86_64-unknown-linux-gnu,,not_started,not_started,not_started,not_started,not_started,,,review contract and runtime dependencies
e5defa7f0aff065d,function,get_f32,"{""for"": {""borrowed_ref"": {""is_mutable"": true, ""lifetime"": null, ""type"": {""generic"": ""T""}}}, ""trait"": {""args"": null, ""id"": 97, ""path"": ""Buf""}}","""default""",src/buf/buf_impl.rs,2880:5-2880:25,775f5281af031275734c2e8512988a1b0763a4f52a7200c367e9d579aadb124b,std;x86_64-unknown-linux-gnu,,not_started,not_started,not_started,not_started,not_started,,,review contract and runtime dependencies
e6768f8207822a59,function,try_get_u32_ne,"{""for"": {""borrowed_ref"": {""is_mutable"": true, ""lifetime"": null, ""type"": {""generic"": ""T""}}}, ""trait"": {""args"": null, ""id"": 97, ""path"": ""Buf""}}","""default""",src/buf/buf_impl.rs,2880:5-2880:25,775f5281af031275734c2e8512988a1b0763a4f52a7200c367e9d579aadb124b,std;x86_64-unknown-linux-gnu,,not_started,not_started,not_started,not_started,not_started,,,review contract and runtime dependencies
e866937c270ffb25,function,try_get_uint_le,"{""for"": {""borrowed_ref"": {""is_mutable"": true, ""lifetime"": null, ""type"": {""generic"": ""T""}}}, ""trait"": {""args"": null, ""id"": 97, ""path"": ""Buf""}}","""default""",src/buf/buf_impl.rs,2880:5-2880:25,775f5281af031275734c2e8512988a1b0763a4f52a7200c367e9d579aadb124b,std;x86_64-unknown-linux-gnu,,not_started,not_started,not_started,not_started,not_started,,,review contract and runtime dependencies
e9d42a1994f201e3,function,get_i128_ne,"{""for"": {""borrowed_ref"": {""is_mutable"": true, ""lifetime"": null, ""type"": {""generic"": ""T""}}}, ""trait"": {""args"": null, ""id"": 97, ""path"": ""Buf""}}","""default""",src/buf/buf_impl.rs,2880:5-2880:25,775f5281af031275734c2e8512988a1b0763a4f52a7200c367e9d579aadb124b,std;x86_64-unknown-linux-gnu,,not_started,not_started,not_started,not_started,not_started,,,review contract and runtime dependencies
ea8d4d3d74d9d9bd,function,try_get_u32_le,"{""for"": {""borrowed_ref"": {""is_mutable"": true, ""lifetime"": null, ""type"": {""generic"": ""T""}}}, ""trait"": {""args"": null, ""id"": 97, ""path"": ""Buf""}}","""default""",src/buf/buf_impl.rs,2880:5-2880:25,775f5281af031275734c2e8512988a1b0763a4f52a7200c367e9d579aadb124b,std;x86_64-unknown-linux-gnu,,not_started,not_started,not_started,not_started,not_started,,,review contract and runtime dependencies
ee0684c9e4f865f7,function,try_get_u128_ne,"{""for"": {""borrowed_ref"": {""is_mutable"": true, ""lifetime"": null, ""type"": {""generic"": ""T""}}}, ""trait"": {""args"": null, ""id"": 97, ""path"": ""Buf""}}","""default""",src/buf/buf_impl.rs,2880:5-2880:25,775f5281af031275734c2e8512988a1b0763a4f52a7200c367e9d579aadb124b,std;x86_64-unknown-linux-gnu,,not_started,not_started,not_started,not_started,not_started,,,review contract and runtime dependencies
ee5cdbf4c7f27652,function,try_get_u64_le,"{""for"": {""borrowed_ref"": {""is_mutable"": true, ""lifetime"": null, ""type"": {""generic"": ""T""}}}, ""trait"": {""args"": null, ""id"": 97, ""path"": ""Buf""}}","""default""",src/buf/buf_impl.rs,2880:5-2880:25,775f5281af031275734c2e8512988a1b0763a4f52a7200c367e9d579aadb124b,std;x86_64-unknown-linux-gnu,,not_started,not_started,not_started,not_started,not_started,,,review contract and runtime dependencies
ef898338f67d820b,function,try_get_i16_ne,"{""for"": {""borrowed_ref"": {""is_mutable"": true, ""lifetime"": null, ""type"": {""generic"": ""T""}}}, ""trait"": {""args"": null, ""id"": 97, ""path"": ""Buf""}}","""default""",src/buf/buf_impl.rs,2880:5-2880:25,775f5281af031275734c2e8512988a1b0763a4f52a7200c367e9d579aadb124b,std;x86_64-unknown-linux-gnu,,not_started,not_started,not_started,not_started,not_started,,,review contract and runtime dependencies
f20b53a540288dbc,function,advance,"{""for"": {""borrowed_ref"": {""is_mutable"": true, ""lifetime"": null, ""type"": {""generic"": ""T""}}}, ""trait"": {""args"": null, ""id"": 97, ""path"": ""Buf""}}","""default""",src/buf/buf_impl.rs,2880:5-2880:25,775f5281af031275734c2e8512988a1b0763a4f52a7200c367e9d579aadb124b,std;x86_64-unknown-linux-gnu,,not_started,not_started,not_started,not_started,not_started,,,review contract and runtime dependencies
ed5ee28c80a51e0c,impl,impl,,"""default""",src/buf/buf_impl.rs,2883:1-2885:2,775f5281af031275734c2e8512988a1b0763a4f52a7200c367e9d579aadb124b,std;x86_64-unknown-linux-gnu,,not_started,not_started,not_started,not_started,not_started,,,review contract and runtime dependencies
031b7beac5f48771,function,get_u32,"{""for"": {""resolved_path"": {""args"": {""angle_bracketed"": {""args"": [{""type"": {""generic"": ""T""}}], ""constraints"": []}}, ""id"": 270, ""path"": ""alloc::boxed::Box""}}, ""trait"": {""args"": null, ""id"": 97, ""path"": ""Buf""}}","""default""",src/buf/buf_impl.rs,2884:5-2884:25,775f5281af031275734c2e8512988a1b0763a4f52a7200c367e9d579aadb124b,std;x86_64-unknown-linux-gnu,,not_started,not_started,not_started,not_started,not_started,,,review contract and runtime dependencies
042daa24eb49055e,function,get_u64_ne,"{""for"": {""resolved_path"": {""args"": {""angle_bracketed"": {""args"": [{""type"": {""generic"": ""T""}}], ""constraints"": []}}, ""id"": 270, ""path"": ""alloc::boxed::Box""}}, ""trait"": {""args"": null, ""id"": 97, ""path"": ""Buf""}}","""default""",src/buf/buf_impl.rs,2884:5-2884:25,775f5281af031275734c2e8512988a1b0763a4f52a7200c367e9d579aadb124b,std;x86_64-unknown-linux-gnu,,not_started,not_started,not_started,not_started,not_started,,,review contract and runtime dependencies
056b4c49f874d490,function,try_get_u64_le,"{""for"": {""resolved_path"": {""args"": {""angle_bracketed"": {""args"": [{""type"": {""generic"": ""T""}}], ""constraints"": []}}, ""id"": 270, ""path"": ""alloc::boxed::Box""}}, ""trait"": {""args"": null, ""id"": 97, ""path"": ""Buf""}}","""default""",src/buf/buf_impl.rs,2884:5-2884:25,775f5281af031275734c2e8512988a1b0763a4f52a7200c367e9d579aadb124b,std;x86_64-unknown-linux-gnu,,not_started,not_started,not_started,not_started,not_started,,,review contract and runtime dependencies
06e4752b43f5201f,function,try_get_i128,"{""for"": {""resolved_path"": {""args"": {""angle_bracketed"": {""args"": [{""type"": {""generic"": ""T""}}], ""constraints"": []}}, ""id"": 270, ""path"": ""alloc::boxed::Box""}}, ""trait"": {""args"": null, ""id"": 97, ""path"": ""Buf""}}","""default""",src/buf/buf_impl.rs,2884:5-2884:25,775f5281af031275734c2e8512988a1b0763a4f52a7200c367e9d579aadb124b,std;x86_64-unknown-linux-gnu,,not_started,not_started,not_started,not_started,not_started,,,review contract and runtime dependencies
0a469345dc4cbdba,function,try_get_u64,"{""for"": {""resolved_path"": {""args"": {""angle_bracketed"": {""args"": [{""type"": {""generic"": ""T""}}], ""constraints"": []}}, ""id"": 270, ""path"": ""alloc::boxed::Box""}}, ""trait"": {""args"": null, ""id"": 97, ""path"": ""Buf""}}","""default""",src/buf/buf_impl.rs,2884:5-2884:25,775f5281af031275734c2e8512988a1b0763a4f52a7200c367e9d579aadb124b,std;x86_64-unknown-linux-gnu,,not_started,not_started,not_started,not_started,not_started,,,review contract and runtime dependencies
15b9f091409e3564,function,get_uint_ne,"{""for"": {""resolved_path"": {""args"": {""angle_bracketed"": {""args"": [{""type"": {""generic"": ""T""}}], ""constraints"": []}}, ""id"": 270, ""path"": ""alloc::boxed::Box""}}, ""trait"": {""args"": null, ""id"": 97, ""path"": ""Buf""}}","""default""",src/buf/buf_impl.rs,2884:5-2884:25,775f5281af031275734c2e8512988a1b0763a4f52a7200c367e9d579aadb124b,std;x86_64-unknown-linux-gnu,,not_started,not_started,not_started,not_started,not_started,,,review contract and runtime dependencies
18d32838d2c913b8,function,get_u16,"{""for"": {""resolved_path"": {""args"": {""angle_bracketed"": {""args"": [{""type"": {""generic"": ""T""}}], ""constraints"": []}}, ""id"": 270, ""path"": ""alloc::boxed::Box""}}, ""trait"": {""args"": null, ""id"": 97, ""path"": ""Buf""}}","""default""",src/buf/buf_impl.rs,2884:5-2884:25,775f5281af031275734c2e8512988a1b0763a4f52a7200c367e9d579aadb124b,std;x86_64-unknown-linux-gnu,,not_started,not_started,not_started,not_started,not_started,,,review contract and runtime dependencies
1dda5aba20f46fd5,function,try_get_f64_le,"{""for"": {""resolved_path"": {""args"": {""angle_bracketed"": {""args"": [{""type"": {""generic"": ""T""}}], ""constraints"": []}}, ""id"": 270, ""path"": ""alloc::boxed::Box""}}, ""trait"": {""args"": null, ""id"": 97, ""path"": ""Buf""}}","""default""",src/buf/buf_impl.rs,2884:5-2884:25,775f5281af031275734c2e8512988a1b0763a4f52a7200c367e9d579aadb124b,std;x86_64-unknown-linux-gnu,,not_started,not_started,not_started,not_started,not_started,,,review contract and runtime dependencies
1f12728c41c59290,function,get_f32,"{""for"": {""resolved_path"": {""args"": {""angle_bracketed"": {""args"": [{""type"": {""generic"": ""T""}}], ""constraints"": []}}, ""id"": 270, ""path"": ""alloc::boxed::Box""}}, ""trait"": {""args"": null, ""id"": 97, ""path"": ""Buf""}}","""default""",src/buf/buf_impl.rs,2884:5-2884:25,775f5281af031275734c2e8512988a1b0763a4f52a7200c367e9d579aadb124b,std;x86_64-unknown-linux-gnu,,not_started,not_started,not_started,not_started,not_started,,,review contract and runtime dependencies
24d46b275fa06ccc,function,try_get_u32_le,"{""for"": {""resolved_path"": {""args"": {""angle_bracketed"": {""args"": [{""type"": {""generic"": ""T""}}], ""constraints"": []}}, ""id"": 270, ""path"": ""alloc::boxed::Box""}}, ""trait"": {""args"": null, ""id"": 97, ""path"": ""Buf""}}","""default""",src/buf/buf_impl.rs,2884:5-2884:25,775f5281af031275734c2e8512988a1b0763a4f52a7200c367e9d579aadb124b,std;x86_64-unknown-linux-gnu,,not_started,not_started,not_started,not_started,not_started,,,review contract and runtime dependencies
26b55968a56e37b9,function,get_uint,"{""for"": {""resolved_path"": {""args"": {""angle_bracketed"": {""args"": [{""type"": {""generic"": ""T""}}], ""constraints"": []}}, ""id"": 270, ""path"": ""alloc::boxed::Box""}}, ""trait"": {""args"": null, ""id"": 97, ""path"": ""Buf""}}","""default""",src/buf/buf_impl.rs,2884:5-2884:25,775f5281af031275734c2e8512988a1b0763a4f52a7200c367e9d579aadb124b,std;x86_64-unknown-linux-gnu,,not_started,not_started,not_started,not_started,not_started,,,review contract and runtime dependencies
2a2992b6d97785a6,function,advance,"{""for"": {""resolved_path"": {""args"": {""angle_bracketed"": {""args"": [{""type"": {""generic"": ""T""}}], ""constraints"": []}}, ""id"": 270, ""path"": ""alloc::boxed::Box""}}, ""trait"": {""args"": null, ""id"": 97, ""path"": ""Buf""}}","""default""",src/buf/buf_impl.rs,2884:5-2884:25,775f5281af031275734c2e8512988a1b0763a4f52a7200c367e9d579aadb124b,std;x86_64-unknown-linux-gnu,,not_started,not_started,not_started,not_started,not_started,,,review contract and runtime dependencies
2c5c54b548d56133,function,try_get_i128_le,"{""for"": {""resolved_path"": {""args"": {""angle_bracketed"": {""args"": [{""type"": {""generic"": ""T""}}], ""constraints"": []}}, ""id"": 270, ""path"": ""alloc::boxed::Box""}}, ""trait"": {""args"": null, ""id"": 97, ""path"": ""Buf""}}","""default""",src/buf/buf_impl.rs,2884:5-2884:25,775f5281af031275734c2e8512988a1b0763a4f52a7200c367e9d579aadb124b,std;x86_64-unknown-linux-gnu,,not_started,not_started,not_started,not_started,not_started,,,review contract and runtime dependencies
2e08a8d31c719aee,function,try_copy_to_slice,"{""for"": {""resolved_path"": {""args"": {""angle_bracketed"": {""args"": [{""type"": {""generic"": ""T""}}], ""constraints"": []}}, ""id"": 270, ""path"": ""alloc::boxed::Box""}}, ""trait"": {""args"": null, ""id"": 97, ""path"": ""Buf""}}","""default""",src/buf/buf_impl.rs,2884:5-2884:25,775f5281af031275734c2e8512988a1b0763a4f52a7200c367e9d579aadb124b,std;x86_64-unknown-linux-gnu,,not_started,not_started,not_started,not_started,not_started,,,review contract and runtime dependencies
2e82eed6e6c942f4,function,copy_to_bytes,"{""for"": {""resolved_path"": {""args"": {""angle_bracketed"": {""args"": [{""type"": {""generic"": ""T""}}], ""constraints"": []}}, ""id"": 270, ""path"": ""alloc::boxed::Box""}}, ""trait"": {""args"": null, ""id"": 97, ""path"": ""Buf""}}","""default""",src/buf/buf_impl.rs,2884:5-2884:25,775f5281af031275734c2e8512988a1b0763a4f52a7200c367e9d579aadb124b,std;x86_64-unknown-linux-gnu,,not_started,not_started,not_started,not_started,not_started,,,review contract and runtime dependencies
2fc2f5ae96b7e56c,function,get_i16_le,"{""for"": {""resolved_path"": {""args"": {""angle_bracketed"": {""args"": [{""type"": {""generic"": ""T""}}], ""constraints"": []}}, ""id"": 270, ""path"": ""alloc::boxed::Box""}}, ""trait"": {""args"": null, ""id"": 97, ""path"": ""Buf""}}","""default""",src/buf/buf_impl.rs,2884:5-2884:25,775f5281af031275734c2e8512988a1b0763a4f52a7200c367e9d579aadb124b,std;x86_64-unknown-linux-gnu,,not_started,not_started,not_started,not_started,not_started,,,review contract and runtime dependencies
317f384dbac47a7b,function,try_get_i128_ne,"{""for"": {""resolved_path"": {""args"": {""angle_bracketed"": {""args"": [{""type"": {""generic"": ""T""}}], ""constraints"": []}}, ""id"": 270, ""path"": ""alloc::boxed::Box""}}, ""trait"": {""args"": null, ""id"": 97, ""path"": ""Buf""}}","""default""",src/buf/buf_impl.rs,2884:5-2884:25,775f5281af031275734c2e8512988a1b0763a4f52a7200c367e9d579aadb124b,std;x86_64-unknown-linux-gnu,,not_started,not_started,not_started,not_started,not_started,,,review contract and runtime dependencies
36dc0895b7afbd8b,function,try_get_f64,"{""for"": {""resolved_path"": {""args"": {""angle_bracketed"": {""args"": [{""type"": {""generic"": ""T""}}], ""constraints"": []}}, ""id"": 270, ""path"": ""alloc::boxed::Box""}}, ""trait"": {""args"": null, ""id"": 97, ""path"": ""Buf""}}","""default""",src/buf/buf_impl.rs,2884:5-2884:25,775f5281af031275734c2e8512988a1b0763a4f52a7200c367e9d579aadb124b,std;x86_64-unknown-linux-gnu,,not_started,not_started,not_started,not_started,not_started,,,review contract and runtime dependencies
3992dd36d9f225a4,function,get_i32_ne,"{""for"": {""resolved_path"": {""args"": {""angle_bracketed"": {""args"": [{""type"": {""generic"": ""T""}}], ""constraints"": []}}, ""id"": 270, ""path"": ""alloc::boxed::Box""}}, ""trait"": {""args"": null, ""id"": 97, ""path"": ""Buf""}}","""default""",src/buf/buf_impl.rs,2884:5-2884:25,775f5281af031275734c2e8512988a1b0763a4f52a7200c367e9d579aadb124b,std;x86_64-unknown-linux-gnu,,not_started,not_started,not_started,not_started,not_started,,,review contract and runtime dependencies
4196aec872fe2fec,function,get_f32_ne,"{""for"": {""resolved_path"": {""args"": {""angle_bracketed"": {""args"": [{""type"": {""generic"": ""T""}}], ""constraints"": []}}, ""id"": 270, ""path"": ""alloc::boxed::Box""}}, ""trait"": {""args"": null, ""id"": 97, ""path"": ""Buf""}}","""default""",src/buf/buf_impl.rs,2884:5-2884:25,775f5281af031275734c2e8512988a1b0763a4f52a7200c367e9d579aadb124b,std;x86_64-unknown-linux-gnu,,not_started,not_started,not_started,not_started,not_started,,,review contract and runtime dependencies
42ed957362c6e69e,function,get_u32_ne,"{""for"": {""resolved_path"": {""args"": {""angle_bracketed"": {""args"": [{""type"": {""generic"": ""T""}}], ""constraints"": []}}, ""id"": 270, ""path"": ""alloc::boxed::Box""}}, ""trait"": {""args"": null, ""id"": 97, ""path"": ""Buf""}}","""default""",src/buf/buf_impl.rs,2884:5-2884:25,775f5281af031275734c2e8512988a1b0763a4f52a7200c367e9d579aadb124b,std;x86_64-unknown-linux-gnu,,not_started,not_started,not_started,not_started,not_started,,,review contract and runtime dependencies
47a5920b1be11ee2,function,try_get_u32_ne,"{""for"": {""resolved_path"": {""args"": {""angle_bracketed"": {""args"": [{""type"": {""generic"": ""T""}}], ""constraints"": []}}, ""id"": 270, ""path"": ""alloc::boxed::Box""}}, ""trait"": {""args"": null, ""id"": 97, ""path"": ""Buf""}}","""default""",src/buf/buf_impl.rs,2884:5-2884:25,775f5281af031275734c2e8512988a1b0763a4f52a7200c367e9d579aadb124b,std;x86_64-unknown-linux-gnu,,not_started,not_started,not_started,not_started,not_started,,,review contract and runtime dependencies
49d7bfd1680efd56,function,try_get_f32_ne,"{""for"": {""resolved_path"": {""args"": {""angle_bracketed"": {""args"": [{""type"": {""generic"": ""T""}}], ""constraints"": []}}, ""id"": 270, ""path"": ""alloc::boxed::Box""}}, ""trait"": {""args"": null, ""id"": 97, ""path"": ""Buf""}}","""default""",src/buf/buf_impl.rs,2884:5-2884:25,775f5281af031275734c2e8512988a1b0763a4f52a7200c367e9d579aadb124b,std;x86_64-unknown-linux-gnu,,not_started,not_started,not_started,not_started,not_started,,,review contract and runtime dependencies
5299d4db25691376,function,try_get_i64_le,"{""for"": {""resolved_path"": {""args"": {""angle_bracketed"": {""args"": [{""type"": {""generic"": ""T""}}], ""constraints"": []}}, ""id"": 270, ""path"": ""alloc::boxed::Box""}}, ""trait"": {""args"": null, ""id"": 97, ""path"": ""Buf""}}","""default""",src/buf/buf_impl.rs,2884:5-2884:25,775f5281af031275734c2e8512988a1b0763a4f52a7200c367e9d579aadb124b,std;x86_64-unknown-linux-gnu,,not_started,not_started,not_started,not_started,not_started,,,review contract and runtime dependencies
538f7acd385afa6a,function,get_i64_ne,"{""for"": {""resolved_path"": {""args"": {""angle_bracketed"": {""args"": [{""type"": {""generic"": ""T""}}], ""constraints"": []}}, ""id"": 270, ""path"": ""alloc::boxed::Box""}}, ""trait"": {""args"": null, ""id"": 97, ""path"": ""Buf""}}","""default""",src/buf/buf_impl.rs,2884:5-2884:25,775f5281af031275734c2e8512988a1b0763a4f52a7200c367e9d579aadb124b,std;x86_64-unknown-linux-gnu,,not_started,not_started,not_started,not_started,not_started,,,review contract and runtime dependencies
5493996191ac70d8,function,get_u128_ne,"{""for"": {""resolved_path"": {""args"": {""angle_bracketed"": {""args"": [{""type"": {""generic"": ""T""}}], ""constraints"": []}}, ""id"": 270, ""path"": ""alloc::boxed::Box""}}, ""trait"": {""args"": null, ""id"": 97, ""path"": ""Buf""}}","""default""",src/buf/buf_impl.rs,2884:5-2884:25,775f5281af031275734c2e8512988a1b0763a4f52a7200c367e9d579aadb124b,std;x86_64-unknown-linux-gnu,,not_started,not_started,not_started,not_started,not_started,,,review contract and runtime dependencies
54de9790e7c05c87,function,get_i64_le,"{""for"": {""resolved_path"": {""args"": {""angle_bracketed"": {""args"": [{""type"": {""generic"": ""T""}}], ""constraints"": []}}, ""id"": 270, ""path"": ""alloc::boxed::Box""}}, ""trait"": {""args"": null, ""id"": 97, ""path"": ""Buf""}}","""default""",src/buf/buf_impl.rs,2884:5-2884:25,775f5281af031275734c2e8512988a1b0763a4f52a7200c367e9d579aadb124b,std;x86_64-unknown-linux-gnu,,not_started,not_started,not_started,not_started,not_started,,,review contract and runtime dependencies
54fa7548f5165664,function,get_u64_le,"{""for"": {""resolved_path"": {""args"": {""angle_bracketed"": {""args"": [{""type"": {""generic"": ""T""}}], ""constraints"": []}}, ""id"": 270, ""path"": ""alloc::boxed::Box""}}, ""trait"": {""args"": null, ""id"": 97, ""path"": ""Buf""}}","""default""",src/buf/buf_impl.rs,2884:5-2884:25,775f5281af031275734c2e8512988a1b0763a4f52a7200c367e9d579aadb124b,std;x86_64-unknown-linux-gnu,,not_started,not_started,not_started,not_started,not_started,,,review contract and runtime dependencies
5c715683d105dc31,function,remaining,"{""for"": {""resolved_path"": {""args"": {""angle_bracketed"": {""args"": [{""type"": {""generic"": ""T""}}], ""constraints"": []}}, ""id"": 270, ""path"": ""alloc::boxed::Box""}}, ""trait"": {""args"": null, ""id"": 97, ""path"": ""Buf""}}","""default""",src/buf/buf_impl.rs,2884:5-2884:25,775f5281af031275734c2e8512988a1b0763a4f52a7200c367e9d579aadb124b,std;x86_64-unknown-linux-gnu,,not_started,not_started,not_started,not_started,not_started,,,review contract and runtime dependencies
60eb13a877591229,function,get_i8,"{""for"": {""resolved_path"": {""args"": {""angle_bracketed"": {""args"": [{""type"": {""generic"": ""T""}}], ""constraints"": []}}, ""id"": 270, ""path"": ""alloc::boxed::Box""}}, ""trait"": {""args"": null, ""id"": 97, ""path"": ""Buf""}}","""default""",src/buf/buf_impl.rs,2884:5-2884:25,775f5281af031275734c2e8512988a1b0763a4f52a7200c367e9d579aadb124b,std;x86_64-unknown-linux-gnu,,not_started,not_started,not_started,not_started,not_started,,,review contract and runtime dependencies
611868f0586f586d,function,try_get_u16_ne,"{""for"": {""resolved_path"": {""args"": {""angle_bracketed"": {""args"": [{""type"": {""generic"": ""T""}}], ""constraints"": []}}, ""id"": 270, ""path"": ""alloc::boxed::Box""}}, ""trait"": {""args"": null, ""id"": 97, ""path"": ""Buf""}}","""default""",src/buf/buf_impl.rs,2884:5-2884:25,775f5281af031275734c2e8512988a1b0763a4f52a7200c367e9d579aadb124b,std;x86_64-unknown-linux-gnu,,not_started,not_started,not_started,not_started,not_started,,,review contract and runtime dependencies
64f94f002290b68d,function,try_get_i64,"{""for"": {""resolved_path"": {""args"": {""angle_bracketed"": {""args"": [{""type"": {""generic"": ""T""}}], ""constraints"": []}}, ""id"": 270, ""path"": ""alloc::boxed::Box""}}, ""trait"": {""args"": null, ""id"": 97, ""path"": ""Buf""}}","""default""",src/buf/buf_impl.rs,2884:5-2884:25,775f5281af031275734c2e8512988a1b0763a4f52a7200c367e9d579aadb124b,std;x86_64-unknown-linux-gnu,,not_started,not_started,not_started,not_started,not_started,,,review contract and runtime dependencies
669a260609bb85a7,function,try_get_u128_ne,"{""for"": {""resolved_path"": {""args"": {""angle_bracketed"": {""args"": [{""type"": {""generic"": ""T""}}], ""constraints"": []}}, ""id"": 270, ""path"": ""alloc::boxed::Box""}}, ""trait"": {""args"": null, ""id"": 97, ""path"": ""Buf""}}","""default""",src/buf/buf_impl.rs,2884:5-2884:25,775f5281af031275734c2e8512988a1b0763a4f52a7200c367e9d579aadb124b,std;x86_64-unknown-linux-gnu,,not_started,not_started,not_started,not_started,not_started,,,review contract and runtime dependencies
67e4ffe729392ec3,function,get_u128_le,"{""for"": {""resolved_path"": {""args"": {""angle_bracketed"": {""args"": [{""type"": {""generic"": ""T""}}], ""constraints"": []}}, ""id"": 270, ""path"": ""alloc::boxed::Box""}}, ""trait"": {""args"": null, ""id"": 97, ""path"": ""Buf""}}","""default""",src/buf/buf_impl.rs,2884:5-2884:25,775f5281af031275734c2e8512988a1b0763a4f52a7200c367e9d579aadb124b,std;x86_64-unknown-linux-gnu,,not_started,not_started,not_started,not_started,not_started,,,review contract and runtime dependencies
690c3c6175ac4fdf,function,try_get_uint,"{""for"": {""resolved_path"": {""args"": {""angle_bracketed"": {""args"": [{""type"": {""generic"": ""T""}}], ""constraints"": []}}, ""id"": 270, ""path"": ""alloc::boxed::Box""}}, ""trait"": {""args"": null, ""id"": 97, ""path"": ""Buf""}}","""default""",src/buf/buf_impl.rs,2884:5-2884:25,775f5281af031275734c2e8512988a1b0763a4f52a7200c367e9d579aadb124b,std;x86_64-unknown-linux-gnu,,not_started,not_started,not_started,not_started,not_started,,,review contract and runtime dependencies
6a5ae0fa842203b7,function,try_get_f32_le,"{""for"": {""resolved_path"": {""args"": {""angle_bracketed"": {""args"": [{""type"": {""generic"": ""T""}}], ""constraints"": []}}, ""id"": 270, ""path"": ""alloc::boxed::Box""}}, ""trait"": {""args"": null, ""id"": 97, ""path"": ""Buf""}}","""default""",src/buf/buf_impl.rs,2884:5-2884:25,775f5281af031275734c2e8512988a1b0763a4f52a7200c367e9d579aadb124b,std;x86_64-unknown-linux-gnu,,not_started,not_started,not_started,not_started,not_started,,,review contract and runtime dependencies
6f3e956548419781,function,get_i32_le,"{""for"": {""resolved_path"": {""args"": {""angle_bracketed"": {""args"": [{""type"": {""generic"": ""T""}}], ""constraints"": []}}, ""id"": 270, ""path"": ""alloc::boxed::Box""}}, ""trait"": {""args"": null, ""id"": 97, ""path"": ""Buf""}}","""default""",src/buf/buf_impl.rs,2884:5-2884:25,775f5281af031275734c2e8512988a1b0763a4f52a7200c367e9d579aadb124b,std;x86_64-unknown-linux-gnu,,not_started,not_started,not_started,not_started,not_started,,,review contract and runtime dependencies
71c09ebdf7115eed,function,get_int,"{""for"": {""resolved_path"": {""args"": {""angle_bracketed"": {""args"": [{""type"": {""generic"": ""T""}}], ""constraints"": []}}, ""id"": 270, ""path"": ""alloc::boxed::Box""}}, ""trait"": {""args"": null, ""id"": 97, ""path"": ""Buf""}}","""default""",src/buf/buf_impl.rs,2884:5-2884:25,775f5281af031275734c2e8512988a1b0763a4f52a7200c367e9d579aadb124b,std;x86_64-unknown-linux-gnu,,not_started,not_started,not_started,not_started,not_started,,,review contract and runtime dependencies
7270cfda93927dd9,function,get_i32,"{""for"": {""resolved_path"": {""args"": {""angle_bracketed"": {""args"": [{""type"": {""generic"": ""T""}}], ""constraints"": []}}, ""id"": 270, ""path"": ""alloc::boxed::Box""}}, ""trait"": {""args"": null, ""id"": 97, ""path"": ""Buf""}}","""default""",src/buf/buf_impl.rs,2884:5-2884:25,775f5281af031275734c2e8512988a1b0763a4f52a7200c367e9d579aadb124b,std;x86_64-unknown-linux-gnu,,not_started,not_started,not_started,not_started,not_started,,,review contract and runtime dependencies
73531ca93013f6d7,function,get_i128,"{""for"": {""resolved_path"": {""args"": {""angle_bracketed"": {""args"": [{""type"": {""generic"": ""T""}}], ""constraints"": []}}, ""id"": 270, ""path"": ""alloc::boxed::Box""}}, ""trait"": {""args"": null, ""id"": 97, ""path"": ""Buf""}}","""default""",src/buf/buf_impl.rs,2884:5-2884:25,775f5281af031275734c2e8512988a1b0763a4f52a7200c367e9d579aadb124b,std;x86_64-unknown-linux-gnu,,not_started,not_started,not_started,not_started,not_started,,,review contract and runtime dependencies
74c88b1b3aeed835,function,get_f64,"{""for"": {""resolved_path"": {""args"": {""angle_bracketed"": {""args"": [{""type"": {""generic"": ""T""}}], ""constraints"": []}}, ""id"": 270, ""path"": ""alloc::boxed::Box""}}, ""trait"": {""args"": null, ""id"": 97, ""path"": ""Buf""}}","""default""",src/buf/buf_impl.rs,2884:5-2884:25,775f5281af031275734c2e8512988a1b0763a4f52a7200c367e9d579aadb124b,std;x86_64-unknown-linux-gnu,,not_started,not_started,not_started,not_started,not_started,,,review contract and runtime dependencies
78116d79ab1d88eb,function,get_int_ne,"{""for"": {""resolved_path"": {""args"": {""angle_bracketed"": {""args"": [{""type"": {""generic"": ""T""}}], ""constraints"": []}}, ""id"": 270, ""path"": ""alloc::boxed::Box""}}, ""trait"": {""args"": null, ""id"": 97, ""path"": ""Buf""}}","""default""",src/buf/buf_impl.rs,2884:5-2884:25,775f5281af031275734c2e8512988a1b0763a4f52a7200c367e9d579aadb124b,std;x86_64-unknown-linux-gnu,,not_started,not_started,not_started,not_started,not_started,,,review contract and runtime dependencies
7a648990159c92db,function,try_get_int_le,"{""for"": {""resolved_path"": {""args"": {""angle_bracketed"": {""args"": [{""type"": {""generic"": ""T""}}], ""constraints"": []}}, ""id"": 270, ""path"": ""alloc::boxed::Box""}}, ""trait"": {""args"": null, ""id"": 97, ""path"": ""Buf""}}","""default""",src/buf/buf_impl.rs,2884:5-2884:25,775f5281af031275734c2e8512988a1b0763a4f52a7200c367e9d579aadb124b,std;x86_64-unknown-linux-gnu,,not_started,not_started,not_started,not_started,not_started,,,review contract and runtime dependencies
7bf6c142bddd72c1,function,get_u128,"{""for"": {""resolved_path"": {""args"": {""angle_bracketed"": {""args"": [{""type"": {""generic"": ""T""}}], ""constraints"": []}}, ""id"": 270, ""path"": ""alloc::boxed::Box""}}, ""trait"": {""args"": null, ""id"": 97, ""path"": ""Buf""}}","""default""",src/buf/buf_impl.rs,2884:5-2884:25,775f5281af031275734c2e8512988a1b0763a4f52a7200c367e9d579aadb124b,std;x86_64-unknown-linux-gnu,,not_started,not_started,not_started,not_started,not_started,,,review contract and runtime dependencies
825e09f24ef08baf,function,try_get_u128_le,"{""for"": {""resolved_path"": {""args"": {""angle_bracketed"": {""args"": [{""type"": {""generic"": ""T""}}], ""constraints"": []}}, ""id"": 270, ""path"": ""alloc::boxed::Box""}}, ""trait"": {""args"": null, ""id"": 97, ""path"": ""Buf""}}","""default""",src/buf/buf_impl.rs,2884:5-2884:25,775f5281af031275734c2e8512988a1b0763a4f52a7200c367e9d579aadb124b,std;x86_64-unknown-linux-gnu,,not_started,not_started,not_started,not_started,not_started,,,review contract and runtime dependencies
827b7856d56cd02f,function,get_u32_le,"{""for"": {""resolved_path"": {""args"": {""angle_bracketed"": {""args"": [{""type"": {""generic"": ""T""}}], ""constraints"": []}}, ""id"": 270, ""path"": ""alloc::boxed::Box""}}, ""trait"": {""args"": null, ""id"": 97, ""path"": ""Buf""}}","""default""",src/buf/buf_impl.rs,2884:5-2884:25,775f5281af031275734c2e8512988a1b0763a4f52a7200c367e9d579aadb124b,std;x86_64-unknown-linux-gnu,,not_started,not_started,not_started,not_started,not_started,,,review contract and runtime dependencies
8484aa0f77139972,function,has_remaining,"{""for"": {""resolved_path"": {""args"": {""angle_bracketed"": {""args"": [{""type"": {""generic"": ""T""}}], ""constraints"": []}}, ""id"": 270, ""path"": ""alloc::boxed::Box""}}, ""trait"": {""args"": null, ""id"": 97, ""path"": ""Buf""}}","""default""",src/buf/buf_impl.rs,2884:5-2884:25,775f5281af031275734c2e8512988a1b0763a4f52a7200c367e9d579aadb124b,std;x86_64-unknown-linux-gnu,,not_started,not_started,not_started,not_started,not_started,,,review contract and runtime dependencies
8a45179e14de52f3,function,try_get_u32,"{""for"": {""resolved_path"": {""args"": {""angle_bracketed"": {""args"": [{""type"": {""generic"": ""T""}}], ""constraints"": []}}, ""id"": 270, ""path"": ""alloc::boxed::Box""}}, ""trait"": {""args"": null, ""id"": 97, ""path"": ""Buf""}}","""default""",src/buf/buf_impl.rs,2884:5-2884:25,775f5281af031275734c2e8512988a1b0763a4f52a7200c367e9d579aadb124b,std;x86_64-unknown-linux-gnu,,not_started,not_started,not_started,not_started,not_started,,,review contract and runtime dependencies
8f1bc968792104fa,function,get_f64_le,"{""for"": {""resolved_path"": {""args"": {""angle_bracketed"": {""args"": [{""type"": {""generic"": ""T""}}], ""constraints"": []}}, ""id"": 270, ""path"": ""alloc::boxed::Box""}}, ""trait"": {""args"": null, ""id"": 97, ""path"": ""Buf""}}","""default""",src/buf/buf_impl.rs,2884:5-2884:25,775f5281af031275734c2e8512988a1b0763a4f52a7200c367e9d579aadb124b,std;x86_64-unknown-linux-gnu,,not_started,not_started,not_started,not_started,not_started,,,review contract and runtime dependencies
8f569ded563dc488,function,try_get_i16,"{""for"": {""resolved_path"": {""args"": {""angle_bracketed"": {""args"": [{""type"": {""generic"": ""T""}}], ""constraints"": []}}, ""id"": 270, ""path"": ""alloc::boxed::Box""}}, ""trait"": {""args"": null, ""id"": 97, ""path"": ""Buf""}}","""default""",src/buf/buf_impl.rs,2884:5-2884:25,775f5281af031275734c2e8512988a1b0763a4f52a7200c367e9d579aadb124b,std;x86_64-unknown-linux-gnu,,not_started,not_started,not_started,not_started,not_started,,,review contract and runtime dependencies
937832f21e8bae16,function,try_get_i8,"{""for"": {""resolved_path"": {""args"": {""angle_bracketed"": {""args"": [{""type"": {""generic"": ""T""}}], ""constraints"": []}}, ""id"": 270, ""path"": ""alloc::boxed::Box""}}, ""trait"": {""args"": null, ""id"": 97, ""path"": ""Buf""}}","""default""",src/buf/buf_impl.rs,2884:5-2884:25,775f5281af031275734c2e8512988a1b0763a4f52a7200c367e9d579aadb124b,std;x86_64-unknown-linux-gnu,,not_started,not_started,not_started,not_started,not_started,,,review contract and runtime dependencies
9591added56f3ece,function,get_uint_le,"{""for"": {""resolved_path"": {""args"": {""angle_bracketed"": {""args"": [{""type"": {""generic"": ""T""}}], ""constraints"": []}}, ""id"": 270, ""path"": ""alloc::boxed::Box""}}, ""trait"": {""args"": null, ""id"": 97, ""path"": ""Buf""}}","""default""",src/buf/buf_impl.rs,2884:5-2884:25,775f5281af031275734c2e8512988a1b0763a4f52a7200c367e9d579aadb124b,std;x86_64-unknown-linux-gnu,,not_started,not_started,not_started,not_started,not_started,,,review contract and runtime dependencies
9b6f83b71700d2f2,function,try_get_f32,"{""for"": {""resolved_path"": {""args"": {""angle_bracketed"": {""args"": [{""type"": {""generic"": ""T""}}], ""constraints"": []}}, ""id"": 270, ""path"": ""alloc::boxed::Box""}}, ""trait"": {""args"": null, ""id"": 97, ""path"": ""Buf""}}","""default""",src/buf/buf_impl.rs,2884:5-2884:25,775f5281af031275734c2e8512988a1b0763a4f52a7200c367e9d579aadb124b,std;x86_64-unknown-linux-gnu,,not_started,not_started,not_started,not_started,not_started,,,review contract and runtime dependencies
9bd7a2b470a1e8e1,function,try_get_u128,"{""for"": {""resolved_path"": {""args"": {""angle_bracketed"": {""args"": [{""type"": {""generic"": ""T""}}], ""constraints"": []}}, ""id"": 270, ""path"": ""alloc::boxed::Box""}}, ""trait"": {""args"": null, ""id"": 97, ""path"": ""Buf""}}","""default""",src/buf/buf_impl.rs,2884:5-2884:25,775f5281af031275734c2e8512988a1b0763a4f52a7200c367e9d579aadb124b,std;x86_64-unknown-linux-gnu,,not_started,not_started,not_started,not_started,not_started,,,review contract and runtime dependencies
a0825a09bc5e372d,function,get_i128_ne,"{""for"": {""resolved_path"": {""args"": {""angle_bracketed"": {""args"": [{""type"": {""generic"": ""T""}}], ""constraints"": []}}, ""id"": 270, ""path"": ""alloc::boxed::Box""}}, ""trait"": {""args"": null, ""id"": 97, ""path"": ""Buf""}}","""default""",src/buf/buf_impl.rs,2884:5-2884:25,775f5281af031275734c2e8512988a1b0763a4f52a7200c367e9d579aadb124b,std;x86_64-unknown-linux-gnu,,not_started,not_started,not_started,not_started,not_started,,,review contract and runtime dependencies
a4f8b1ffa1daa93c,function,copy_to_slice,"{""for"": {""resolved_path"": {""args"": {""angle_bracketed"": {""args"": [{""type"": {""generic"": ""T""}}], ""constraints"": []}}, ""id"": 270, ""path"": ""alloc::boxed::Box""}}, ""trait"": {""args"": null, ""id"": 97, ""path"": ""Buf""}}","""default""",src/buf/buf_impl.rs,2884:5-2884:25,775f5281af031275734c2e8512988a1b0763a4f52a7200c367e9d579aadb124b,std;x86_64-unknown-linux-gnu,,not_started,not_started,not_started,not_started,not_started,,,review contract and runtime dependencies
a58a7225d1a65c3e,function,get_i128_le,"{""for"": {""resolved_path"": {""args"": {""angle_bracketed"": {""args"": [{""type"": {""generic"": ""T""}}], ""constraints"": []}}, ""id"": 270, ""path"": ""alloc::boxed::Box""}}, ""trait"": {""args"": null, ""id"": 97, ""path"": ""Buf""}}","""default""",src/buf/buf_impl.rs,2884:5-2884:25,775f5281af031275734c2e8512988a1b0763a4f52a7200c367e9d579aadb124b,std;x86_64-unknown-linux-gnu,,not_started,not_started,not_started,not_started,not_started,,,review contract and runtime dependencies
a5f5b86978ac1a8e,function,try_get_i32_ne,"{""for"": {""resolved_path"": {""args"": {""angle_bracketed"": {""args"": [{""type"": {""generic"": ""T""}}], ""constraints"": []}}, ""id"": 270, ""path"": ""alloc::boxed::Box""}}, ""trait"": {""args"": null, ""id"": 97, ""path"": ""Buf""}}","""default""",src/buf/buf_impl.rs,2884:5-2884:25,775f5281af031275734c2e8512988a1b0763a4f52a7200c367e9d579aadb124b,std;x86_64-unknown-linux-gnu,,not_started,not_started,not_started,not_started,not_started,,,review contract and runtime dependencies
a73620e1fb6ce98c,function,try_get_u64_ne,"{""for"": {""resolved_path"": {""args"": {""angle_bracketed"": {""args"": [{""type"": {""generic"": ""T""}}], ""constraints"": []}}, ""id"": 270, ""path"": ""alloc::boxed::Box""}}, ""trait"": {""args"": null, ""id"": 97, ""path"": ""Buf""}}","""default""",src/buf/buf_impl.rs,2884:5-2884:25,775f5281af031275734c2e8512988a1b0763a4f52a7200c367e9d579aadb124b,std;x86_64-unknown-linux-gnu,,not_started,not_started,not_started,not_started,not_started,,,review contract and runtime dependencies
abb9bcbba3c98593,function,get_f32_le,"{""for"": {""resolved_path"": {""args"": {""angle_bracketed"": {""args"": [{""type"": {""generic"": ""T""}}], ""constraints"": []}}, ""id"": 270, ""path"": ""alloc::boxed::Box""}}, ""trait"": {""args"": null, ""id"": 97, ""path"": ""Buf""}}","""default""",src/buf/buf_impl.rs,2884:5-2884:25,775f5281af031275734c2e8512988a1b0763a4f52a7200c367e9d579aadb124b,std;x86_64-unknown-linux-gnu,,not_started,not_started,not_started,not_started,not_started,,,review contract and runtime dependencies
ae4ce7719d39ed0c,function,try_get_int,"{""for"": {""resolved_path"": {""args"": {""angle_bracketed"": {""args"": [{""type"": {""generic"": ""T""}}], ""constraints"": []}}, ""id"": 270, ""path"": ""alloc::boxed::Box""}}, ""trait"": {""args"": null, ""id"": 97, ""path"": ""Buf""}}","""default""",src/buf/buf_impl.rs,2884:5-2884:25,775f5281af031275734c2e8512988a1b0763a4f52a7200c367e9d579aadb124b,std;x86_64-unknown-linux-gnu,,not_started,not_started,not_started,not_started,not_started,,,review contract and runtime dependencies
b2a7df9e02705061,function,chunk,"{""for"": {""resolved_path"": {""args"": {""angle_bracketed"": {""args"": [{""type"": {""generic"": ""T""}}], ""constraints"": []}}, ""id"": 270, ""path"": ""alloc::boxed::Box""}}, ""trait"": {""args"": null, ""id"": 97, ""path"": ""Buf""}}","""default""",src/buf/buf_impl.rs,2884:5-2884:25,775f5281af031275734c2e8512988a1b0763a4f52a7200c367e9d579aadb124b,std;x86_64-unknown-linux-gnu,,not_started,not_started,not_started,not_started,not_started,,,review contract and runtime dependencies
b2c1f8a5419a07c8,function,get_i16_ne,"{""for"": {""resolved_path"": {""args"": {""angle_bracketed"": {""args"": [{""type"": {""generic"": ""T""}}], ""constraints"": []}}, ""id"": 270, ""path"": ""alloc::boxed::Box""}}, ""trait"": {""args"": null, ""id"": 97, ""path"": ""Buf""}}","""default""",src/buf/buf_impl.rs,2884:5-2884:25,775f5281af031275734c2e8512988a1b0763a4f52a7200c367e9d579aadb124b,std;x86_64-unknown-linux-gnu,,not_started,not_started,not_started,not_started,not_started,,,review contract and runtime dependencies
b35a2939e6bfba6f,function,get_u8,"{""for"": {""resolved_path"": {""args"": {""angle_bracketed"": {""args"": [{""type"": {""generic"": ""T""}}], ""constraints"": []}}, ""id"": 270, ""path"": ""alloc::boxed::Box""}}, ""trait"": {""args"": null, ""id"": 97, ""path"": ""Buf""}}","""default""",src/buf/buf_impl.rs,2884:5-2884:25,775f5281af031275734c2e8512988a1b0763a4f52a7200c367e9d579aadb124b,std;x86_64-unknown-linux-gnu,,not_started,not_started,not_started,not_started,not_started,,,review contract and runtime dependencies
c0f284bd1e02c689,function,try_get_int_ne,"{""for"": {""resolved_path"": {""args"": {""angle_bracketed"": {""args"": [{""type"": {""generic"": ""T""}}], ""constraints"": []}}, ""id"": 270, ""path"": ""alloc::boxed::Box""}}, ""trait"": {""args"": null, ""id"": 97, ""path"": ""Buf""}}","""default""",src/buf/buf_impl.rs,2884:5-2884:25,775f5281af031275734c2e8512988a1b0763a4f52a7200c367e9d579aadb124b,std;x86_64-unknown-linux-gnu,,not_started,not_started,not_started,not_started,not_started,,,review contract and runtime dependencies
c25541219855f3a5,function,try_get_i16_le,"{""for"": {""resolved_path"": {""args"": {""angle_bracketed"": {""args"": [{""type"": {""generic"": ""T""}}], ""constraints"": []}}, ""id"": 270, ""path"": ""alloc::boxed::Box""}}, ""trait"": {""args"": null, ""id"": 97, ""path"": ""Buf""}}","""default""",src/buf/buf_impl.rs,2884:5-2884:25,775f5281af031275734c2e8512988a1b0763a4f52a7200c367e9d579aadb124b,std;x86_64-unknown-linux-gnu,,not_started,not_started,not_started,not_started,not_started,,,review contract and runtime dependencies
c7194c478d532c23,function,try_get_u16_le,"{""for"": {""resolved_path"": {""args"": {""angle_bracketed"": {""args"": [{""type"": {""generic"": ""T""}}], ""constraints"": []}}, ""id"": 270, ""path"": ""alloc::boxed::Box""}}, ""trait"": {""args"": null, ""id"": 97, ""path"": ""Buf""}}","""default""",src/buf/buf_impl.rs,2884:5-2884:25,775f5281af031275734c2e8512988a1b0763a4f52a7200c367e9d579aadb124b,std;x86_64-unknown-linux-gnu,,not_started,not_started,not_started,not_started,not_started,,,review contract and runtime dependencies
d353f2b19db1a4f5,function,try_get_u8,"{""for"": {""resolved_path"": {""args"": {""angle_bracketed"": {""args"": [{""type"": {""generic"": ""T""}}], ""constraints"": []}}, ""id"": 270, ""path"": ""alloc::boxed::Box""}}, ""trait"": {""args"": null, ""id"": 97, ""path"": ""Buf""}}","""default""",src/buf/buf_impl.rs,2884:5-2884:25,775f5281af031275734c2e8512988a1b0763a4f52a7200c367e9d579aadb124b,std;x86_64-unknown-linux-gnu,,not_started,not_started,not_started,not_started,not_started,,,review contract and runtime dependencies
d3c9f49e6aec62a5,function,try_get_uint_ne,"{""for"": {""resolved_path"": {""args"": {""angle_bracketed"": {""args"": [{""type"": {""generic"": ""T""}}], ""constraints"": []}}, ""id"": 270, ""path"": ""alloc::boxed::Box""}}, ""trait"": {""args"": null, ""id"": 97, ""path"": ""Buf""}}","""default""",src/buf/buf_impl.rs,2884:5-2884:25,775f5281af031275734c2e8512988a1b0763a4f52a7200c367e9d579aadb124b,std;x86_64-unknown-linux-gnu,,not_started,not_started,not_started,not_started,not_started,,,review contract and runtime dependencies
d684677eb7dcb581,function,try_get_i64_ne,"{""for"": {""resolved_path"": {""args"": {""angle_bracketed"": {""args"": [{""type"": {""generic"": ""T""}}], ""constraints"": []}}, ""id"": 270, ""path"": ""alloc::boxed::Box""}}, ""trait"": {""args"": null, ""id"": 97, ""path"": ""Buf""}}","""default""",src/buf/buf_impl.rs,2884:5-2884:25,775f5281af031275734c2e8512988a1b0763a4f52a7200c367e9d579aadb124b,std;x86_64-unknown-linux-gnu,,not_started,not_started,not_started,not_started,not_started,,,review contract and runtime dependencies
dd2a05d2949d3382,function,chunks_vectored,"{""for"": {""resolved_path"": {""args"": {""angle_bracketed"": {""args"": [{""type"": {""generic"": ""T""}}], ""constraints"": []}}, ""id"": 270, ""path"": ""alloc::boxed::Box""}}, ""trait"": {""args"": null, ""id"": 97, ""path"": ""Buf""}}","""default""",src/buf/buf_impl.rs,2884:5-2884:25,775f5281af031275734c2e8512988a1b0763a4f52a7200c367e9d579aadb124b,std;x86_64-unknown-linux-gnu,,not_started,not_started,not_started,not_started,not_started,,,review contract and runtime dependencies
dd9f619b6f1969a3,function,get_int_le,"{""for"": {""resolved_path"": {""args"": {""angle_bracketed"": {""args"": [{""type"": {""generic"": ""T""}}], ""constraints"": []}}, ""id"": 270, ""path"": ""alloc::boxed::Box""}}, ""trait"": {""args"": null, ""id"": 97, ""path"": ""Buf""}}","""default""",src/buf/buf_impl.rs,2884:5-2884:25,775f5281af031275734c2e8512988a1b0763a4f52a7200c367e9d579aadb124b,std;x86_64-unknown-linux-gnu,,not_started,not_started,not_started,not_started,not_started,,,review contract and runtime dependencies
de71da6a298ddcdc,function,get_i64,"{""for"": {""resolved_path"": {""args"": {""angle_bracketed"": {""args"": [{""type"": {""generic"": ""T""}}], ""constraints"": []}}, ""id"": 270, ""path"": ""alloc::boxed::Box""}}, ""trait"": {""args"": null, ""id"": 97, ""path"": ""Buf""}}","""default""",src/buf/buf_impl.rs,2884:5-2884:25,775f5281af031275734c2e8512988a1b0763a4f52a7200c367e9d579aadb124b,std;x86_64-unknown-linux-gnu,,not_started,not_started,not_started,not_started,not_started,,,review contract and runtime dependencies
e3d675d0506436fc,function,try_get_i32_le,"{""for"": {""resolved_path"": {""args"": {""angle_bracketed"": {""args"": [{""type"": {""generic"": ""T""}}], ""constraints"": []}}, ""id"": 270, ""path"": ""alloc::boxed::Box""}}, ""trait"": {""args"": null, ""id"": 97, ""path"": ""Buf""}}","""default""",src/buf/buf_impl.rs,2884:5-2884:25,775f5281af031275734c2e8512988a1b0763a4f52a7200c367e9d579aadb124b,std;x86_64-unknown-linux-gnu,,not_started,not_started,not_started,not_started,not_started,,,review contract and runtime dependencies
e54d9e88fab2530d,function,try_get_uint_le,"{""for"": {""resolved_path"": {""args"": {""angle_bracketed"": {""args"": [{""type"": {""generic"": ""T""}}], ""constraints"": []}}, ""id"": 270, ""path"": ""alloc::boxed::Box""}}, ""trait"": {""args"": null, ""id"": 97, ""path"": ""Buf""}}","""default""",src/buf/buf_impl.rs,2884:5-2884:25,775f5281af031275734c2e8512988a1b0763a4f52a7200c367e9d579aadb124b,std;x86_64-unknown-linux-gnu,,not_started,not_started,not_started,not_started,not_started,,,review contract and runtime dependencies
e8d49193dee6a8e9,function,get_u64,"{""for"": {""resolved_path"": {""args"": {""angle_bracketed"": {""args"": [{""type"": {""generic"": ""T""}}], ""constraints"": []}}, ""id"": 270, ""path"": ""alloc::boxed::Box""}}, ""trait"": {""args"": null, ""id"": 97, ""path"": ""Buf""}}","""default""",src/buf/buf_impl.rs,2884:5-2884:25,775f5281af031275734c2e8512988a1b0763a4f52a7200c367e9d579aadb124b,std;x86_64-unknown-linux-gnu,,not_started,not_started,not_started,not_started,not_started,,,review contract and runtime dependencies
ea281fdd63f0b8cc,function,try_get_f64_ne,"{""for"": {""resolved_path"": {""args"": {""angle_bracketed"": {""args"": [{""type"": {""generic"": ""T""}}], ""constraints"": []}}, ""id"": 270, ""path"": ""alloc::boxed::Box""}}, ""trait"": {""args"": null, ""id"": 97, ""path"": ""Buf""}}","""default""",src/buf/buf_impl.rs,2884:5-2884:25,775f5281af031275734c2e8512988a1b0763a4f52a7200c367e9d579aadb124b,std;x86_64-unknown-linux-gnu,,not_started,not_started,not_started,not_started,not_started,,,review contract and runtime dependencies
eb8c951b677bae79,function,get_f64_ne,"{""for"": {""resolved_path"": {""args"": {""angle_bracketed"": {""args"": [{""type"": {""generic"": ""T""}}], ""constraints"": []}}, ""id"": 270, ""path"": ""alloc::boxed::Box""}}, ""trait"": {""args"": null, ""id"": 97, ""path"": ""Buf""}}","""default""",src/buf/buf_impl.rs,2884:5-2884:25,775f5281af031275734c2e8512988a1b0763a4f52a7200c367e9d579aadb124b,std;x86_64-unknown-linux-gnu,,not_started,not_started,not_started,not_started,not_started,,,review contract and runtime dependencies
f2fd8a9bccee59fc,function,try_get_u16,"{""for"": {""resolved_path"": {""args"": {""angle_bracketed"": {""args"": [{""type"": {""generic"": ""T""}}], ""constraints"": []}}, ""id"": 270, ""path"": ""alloc::boxed::Box""}}, ""trait"": {""args"": null, ""id"": 97, ""path"": ""Buf""}}","""default""",src/buf/buf_impl.rs,2884:5-2884:25,775f5281af031275734c2e8512988a1b0763a4f52a7200c367e9d579aadb124b,std;x86_64-unknown-linux-gnu,,not_started,not_started,not_started,not_started,not_started,,,review contract and runtime dependencies
f42edfc6ea224082,function,get_i16,"{""for"": {""resolved_path"": {""args"": {""angle_bracketed"": {""args"": [{""type"": {""generic"": ""T""}}], ""constraints"": []}}, ""id"": 270, ""path"": ""alloc::boxed::Box""}}, ""trait"": {""args"": null, ""id"": 97, ""path"": ""Buf""}}","""default""",src/buf/buf_impl.rs,2884:5-2884:25,775f5281af031275734c2e8512988a1b0763a4f52a7200c367e9d579aadb124b,std;x86_64-unknown-linux-gnu,,not_started,not_started,not_started,not_started,not_started,,,review contract and runtime dependencies
f543ffbd35642eb6,function,try_get_i32,"{""for"": {""resolved_path"": {""args"": {""angle_bracketed"": {""args"": [{""type"": {""generic"": ""T""}}], ""constraints"": []}}, ""id"": 270, ""path"": ""alloc::boxed::Box""}}, ""trait"": {""args"": null, ""id"": 97, ""path"": ""Buf""}}","""default""",src/buf/buf_impl.rs,2884:5-2884:25,775f5281af031275734c2e8512988a1b0763a4f52a7200c367e9d579aadb124b,std;x86_64-unknown-linux-gnu,,not_started,not_started,not_started,not_started,not_started,,,review contract and runtime dependencies
f7cabb2a2f5094b0,function,get_u16_ne,"{""for"": {""resolved_path"": {""args"": {""angle_bracketed"": {""args"": [{""type"": {""generic"": ""T""}}], ""constraints"": []}}, ""id"": 270, ""path"": ""alloc::boxed::Box""}}, ""trait"": {""args"": null, ""id"": 97, ""path"": ""Buf""}}","""default""",src/buf/buf_impl.rs,2884:5-2884:25,775f5281af031275734c2e8512988a1b0763a4f52a7200c367e9d579aadb124b,std;x86_64-unknown-linux-gnu,,not_started,not_started,not_started,not_started,not_started,,,review contract and runtime dependencies
fbbd4c70e719b35e,function,get_u16_le,"{""for"": {""resolved_path"": {""args"": {""angle_bracketed"": {""args"": [{""type"": {""generic"": ""T""}}], ""constraints"": []}}, ""id"": 270, ""path"": ""alloc::boxed::Box""}}, ""trait"": {""args"": null, ""id"": 97, ""path"": ""Buf""}}","""default""",src/buf/buf_impl.rs,2884:5-2884:25,775f5281af031275734c2e8512988a1b0763a4f52a7200c367e9d579aadb124b,std;x86_64-unknown-linux-gnu,,not_started,not_started,not_started,not_started,not_started,,,review contract and runtime dependencies
fc367265cb2a6ef3,function,try_get_i16_ne,"{""for"": {""resolved_path"": {""args"": {""angle_bracketed"": {""args"": [{""type"": {""generic"": ""T""}}], ""constraints"": []}}, ""id"": 270, ""path"": ""alloc::boxed::Box""}}, ""trait"": {""args"": null, ""id"": 97, ""path"": ""Buf""}}","""default""",src/buf/buf_impl.rs,2884:5-2884:25,775f5281af031275734c2e8512988a1b0763a4f52a7200c367e9d579aadb124b,std;x86_64-unknown-linux-gnu,,not_started,not_started,not_started,not_started,not_started,,,review contract and runtime dependencies
9bdfb755cec45105,impl,impl,,"""default""",src/buf/buf_impl.rs,2887:1-3196:2,775f5281af031275734c2e8512988a1b0763a4f52a7200c367e9d579aadb124b,std;x86_64-unknown-linux-gnu,,not_started,not_started,not_started,not_started,not_started,,,review contract and runtime dependencies
1d7d8ed2950f7f27,function,remaining,"{""for"": {""borrowed_ref"": {""is_mutable"": false, ""lifetime"": null, ""type"": {""slice"": {""primitive"": ""u8""}}}}, ""trait"": {""args"": null, ""id"": 97, ""path"": ""Buf""}}","""default""",src/buf/buf_impl.rs,2889:5-2891:6,775f5281af031275734c2e8512988a1b0763a4f52a7200c367e9d579aadb124b,std;x86_64-unknown-linux-gnu,,not_started,not_started,not_started,not_started,not_started,,,review contract and runtime dependencies
42f73562acf8c9c0,function,chunk,"{""for"": {""borrowed_ref"": {""is_mutable"": false, ""lifetime"": null, ""type"": {""slice"": {""primitive"": ""u8""}}}}, ""trait"": {""args"": null, ""id"": 97, ""path"": ""Buf""}}","""default""",src/buf/buf_impl.rs,2894:5-2896:6,775f5281af031275734c2e8512988a1b0763a4f52a7200c367e9d579aadb124b,std;x86_64-unknown-linux-gnu,,not_started,not_started,not_started,not_started,not_started,,,review contract and runtime dependencies
65e2a0fd081051c0,function,advance,"{""for"": {""borrowed_ref"": {""is_mutable"": false, ""lifetime"": null, ""type"": {""slice"": {""primitive"": ""u8""}}}}, ""trait"": {""args"": null, ""id"": 97, ""path"": ""Buf""}}","""default""",src/buf/buf_impl.rs,2899:5-2908:6,775f5281af031275734c2e8512988a1b0763a4f52a7200c367e9d579aadb124b,std;x86_64-unknown-linux-gnu,,not_started,not_started,not_started,not_started,not_started,,,review contract and runtime dependencies
36f27a9abb1de977,function,copy_to_slice,"{""for"": {""borrowed_ref"": {""is_mutable"": false, ""lifetime"": null, ""type"": {""slice"": {""primitive"": ""u8""}}}}, ""trait"": {""args"": null, ""id"": 97, ""path"": ""Buf""}}","""default""",src/buf/buf_impl.rs,2911:5-2920:6,775f5281af031275734c2e8512988a1b0763a4f52a7200c367e9d579aadb124b,std;x86_64-unknown-linux-gnu,,not_started,not_started,not_started,not_started,not_started,,,review contract and runtime dependencies
04d6bfae0ae12bc5,function,get_u8,"{""for"": {""borrowed_ref"": {""is_mutable"": false, ""lifetime"": null, ""type"": {""slice"": {""primitive"": ""u8""}}}}, ""trait"": {""args"": null, ""id"": 97, ""path"": ""Buf""}}","""default""",src/buf/buf_impl.rs,2922:5-2925:6,775f5281af031275734c2e8512988a1b0763a4f52a7200c367e9d579aadb124b,std;x86_64-unknown-linux-gnu,,not_started,not_started,not_started,not_started,not_started,,,review contract and runtime dependencies
c5c0598a0b5161ee,function,try_get_u8,"{""for"": {""borrowed_ref"": {""is_mutable"": false, ""lifetime"": null, ""type"": {""slice"": {""primitive"": ""u8""}}}}, ""trait"": {""args"": null, ""id"": 97, ""path"": ""Buf""}}","""default""",src/buf/buf_impl.rs,2928:5-2933:6,775f5281af031275734c2e8512988a1b0763a4f52a7200c367e9d579aadb124b,std;x86_64-unknown-linux-gnu,,not_started,not_started,not_started,not_started,not_started,,,review contract and runtime dependencies
63c6b70c352f15d1,function,copy_to_slice,Buf,"""default""",src/buf/buf_impl.rs,292:5-295:6,775f5281af031275734c2e8512988a1b0763a4f52a7200c367e9d579aadb124b,std;x86_64-unknown-linux-gnu,,not_started,not_started,not_started,not_started,not_started,,,review contract and runtime dependencies
b4cf4971ee59caa1,function,get_u16,"{""for"": {""borrowed_ref"": {""is_mutable"": false, ""lifetime"": null, ""type"": {""slice"": {""primitive"": ""u8""}}}}, ""trait"": {""args"": null, ""id"": 97, ""path"": ""Buf""}}","""default""",src/buf/buf_impl.rs,2936:5-2939:6,775f5281af031275734c2e8512988a1b0763a4f52a7200c367e9d579aadb124b,std;x86_64-unknown-linux-gnu,,not_started,not_started,not_started,not_started,not_started,,,review contract and runtime dependencies
aabda8b626350df3,function,try_get_u16,"{""for"": {""borrowed_ref"": {""is_mutable"": false, ""lifetime"": null, ""type"": {""slice"": {""primitive"": ""u8""}}}}, ""trait"": {""args"": null, ""id"": 97, ""path"": ""Buf""}}","""default""",src/buf/buf_impl.rs,2942:5-2947:6,775f5281af031275734c2e8512988a1b0763a4f52a7200c367e9d579aadb124b,std;x86_64-unknown-linux-gnu,,not_started,not_started,not_started,not_started,not_started,,,review contract and runtime dependencies
b99df28dd283fdbf,function,get_u32,"{""for"": {""borrowed_ref"": {""is_mutable"": false, ""lifetime"": null, ""type"": {""slice"": {""primitive"": ""u8""}}}}, ""trait"": {""args"": null, ""id"": 97, ""path"": ""Buf""}}","""default""",src/buf/buf_impl.rs,2950:5-2953:6,775f5281af031275734c2e8512988a1b0763a4f52a7200c367e9d579aadb124b,std;x86_64-unknown-linux-gnu,,not_started,not_started,not_started,not_started,not_started,,,review contract and runtime dependencies
451540462d374628,function,try_get_u32,"{""for"": {""borrowed_ref"": {""is_mutable"": false, ""lifetime"": null, ""type"": {""slice"": {""primitive"": ""u8""}}}}, ""trait"": {""args"": null, ""id"": 97, ""path"": ""Buf""}}","""default""",src/buf/buf_impl.rs,2956:5-2961:6,775f5281af031275734c2e8512988a1b0763a4f52a7200c367e9d579aadb124b,std;x86_64-unknown-linux-gnu,,not_started,not_started,not_started,not_started,not_started,,,review contract and runtime dependencies
92d66ec563c843a7,function,get_u64,"{""for"": {""borrowed_ref"": {""is_mutable"": false, ""lifetime"": null, ""type"": {""slice"": {""primitive"": ""u8""}}}}, ""trait"": {""args"": null, ""id"": 97, ""path"": ""Buf""}}","""default""",src/buf/buf_impl.rs,2964:5-2967:6,775f5281af031275734c2e8512988a1b0763a4f52a7200c367e9d579aadb124b,std;x86_64-unknown-linux-gnu,,not_started,not_started,not_started,not_started,not_started,,,review contract and runtime dependencies
e486f5f2e91641c3,function,try_get_u64,"{""for"": {""borrowed_ref"": {""is_mutable"": false, ""lifetime"": null, ""type"": {""slice"": {""primitive"": ""u8""}}}}, ""trait"": {""args"": null, ""id"": 97, ""path"": ""Buf""}}","""default""",src/buf/buf_impl.rs,2970:5-2975:6,775f5281af031275734c2e8512988a1b0763a4f52a7200c367e9d579aadb124b,std;x86_64-unknown-linux-gnu,,not_started,not_started,not_started,not_started,not_started,,,review contract and runtime dependencies
13abcd5d6fba1bae,function,get_u128,"{""for"": {""borrowed_ref"": {""is_mutable"": false, ""lifetime"": null, ""type"": {""slice"": {""primitive"": ""u8""}}}}, ""trait"": {""args"": null, ""id"": 97, ""path"": ""Buf""}}","""default""",src/buf/buf_impl.rs,2978:5-2981:6,775f5281af031275734c2e8512988a1b0763a4f52a7200c367e9d579aadb124b,std;x86_64-unknown-linux-gnu,,not_started,not_started,not_started,not_started,not_started,,,review contract and runtime dependencies
3d578e08ef42b59a,function,try_get_u128,"{""for"": {""borrowed_ref"": {""is_mutable"": false, ""lifetime"": null, ""type"": {""slice"": {""primitive"": ""u8""}}}}, ""trait"": {""args"": null, ""id"": 97, ""path"": ""Buf""}}","""default""",src/buf/buf_impl.rs,2984:5-2989:6,775f5281af031275734c2e8512988a1b0763a4f52a7200c367e9d579aadb124b,std;x86_64-unknown-linux-gnu,,not_started,not_started,not_started,not_started,not_started,,,review contract and runtime dependencies
52c7df9c07fa8f09,function,get_u16_le,"{""for"": {""borrowed_ref"": {""is_mutable"": false, ""lifetime"": null, ""type"": {""slice"": {""primitive"": ""u8""}}}}, ""trait"": {""args"": null, ""id"": 97, ""path"": ""Buf""}}","""default""",src/buf/buf_impl.rs,2992:5-2995:6,775f5281af031275734c2e8512988a1b0763a4f52a7200c367e9d579aadb124b,std;x86_64-unknown-linux-gnu,,not_started,not_started,not_started,not_started,not_started,,,review contract and runtime dependencies
ed8b99828b6930fc,function,try_get_u16_le,"{""for"": {""borrowed_ref"": {""is_mutable"": false, ""lifetime"": null, ""type"": {""slice"": {""primitive"": ""u8""}}}}, ""trait"": {""args"": null, ""id"": 97, ""path"": ""Buf""}}","""default""",src/buf/buf_impl.rs,2998:5-3003:6,775f5281af031275734c2e8512988a1b0763a4f52a7200c367e9d579aadb124b,std;x86_64-unknown-linux-gnu,,not_started,not_started,not_started,not_started,not_started,,,review contract and runtime dependencies
4b3ee1095abe0108,function,get_u32_le,"{""for"": {""borrowed_ref"": {""is_mutable"": false, ""lifetime"": null, ""type"": {""slice"": {""primitive"": ""u8""}}}}, ""trait"": {""args"": null, ""id"": 97, ""path"": ""Buf""}}","""default""",src/buf/buf_impl.rs,3006:5-3009:6,775f5281af031275734c2e8512988a1b0763a4f52a7200c367e9d579aadb124b,std;x86_64-unknown-linux-gnu,,not_started,not_started,not_started,not_started,not_started,,,review contract and runtime dependencies
0c9c1bae61d36adf,function,try_get_u32_le,"{""for"": {""borrowed_ref"": {""is_mutable"": false, ""lifetime"": null, ""type"": {""slice"": {""primitive"": ""u8""}}}}, ""trait"": {""args"": null, ""id"": 97, ""path"": ""Buf""}}","""default""",src/buf/buf_impl.rs,3012:5-3017:6,775f5281af031275734c2e8512988a1b0763a4f52a7200c367e9d579aadb124b,std;x86_64-unknown-linux-gnu,,not_started,not_started,not_started,not_started,not_started,,,review contract and runtime dependencies
3e19b214e0f41b0c,function,get_u64_le,"{""for"": {""borrowed_ref"": {""is_mutable"": false, ""lifetime"": null, ""type"": {""slice"": {""primitive"": ""u8""}}}}, ""trait"": {""args"": null, ""id"": 97, ""path"": ""Buf""}}","""default""",src/buf/buf_impl.rs,3020:5-3023:6,775f5281af031275734c2e8512988a1b0763a4f52a7200c367e9d579aadb124b,std;x86_64-unknown-linux-gnu,,not_started,not_started,not_started,not_started,not_started,,,review contract and runtime dependencies
15a5cdcbb25f16b4,function,try_get_u64_le,"{""for"": {""borrowed_ref"": {""is_mutable"": false, ""lifetime"": null, ""type"": {""slice"": {""primitive"": ""u8""}}}}, ""trait"": {""args"": null, ""id"": 97, ""path"": ""Buf""}}","""default""",src/buf/buf_impl.rs,3026:5-3031:6,775f5281af031275734c2e8512988a1b0763a4f52a7200c367e9d579aadb124b,std;x86_64-unknown-linux-gnu,,not_started,not_started,not_started,not_started,not_started,,,review contract and runtime dependencies
0249cacc24ef4b70,function,get_u128_le,"{""for"": {""borrowed_ref"": {""is_mutable"": false, ""lifetime"": null, ""type"": {""slice"": {""primitive"": ""u8""}}}}, ""trait"": {""args"": null, ""id"": 97, ""path"": ""Buf""}}","""default""",src/buf/buf_impl.rs,3034:5-3037:6,775f5281af031275734c2e8512988a1b0763a4f52a7200c367e9d579aadb124b,std;x86_64-unknown-linux-gnu,,not_started,not_started,not_started,not_started,not_started,,,review contract and runtime dependencies
2abdf310782f3384,function,try_get_u128_le,"{""for"": {""borrowed_ref"": {""is_mutable"": false, ""lifetime"": null, ""type"": {""slice"": {""primitive"": ""u8""}}}}, ""trait"": {""args"": null, ""id"": 97, ""path"": ""Buf""}}","""default""",src/buf/buf_impl.rs,3040:5-3045:6,775f5281af031275734c2e8512988a1b0763a4f52a7200c367e9d579aadb124b,std;x86_64-unknown-linux-gnu,,not_started,not_started,not_started,not_started,not_started,,,review contract and runtime dependencies
b3cfb36669283ce1,function,get_uint,"{""for"": {""borrowed_ref"": {""is_mutable"": false, ""lifetime"": null, ""type"": {""slice"": {""primitive"": ""u8""}}}}, ""trait"": {""args"": null, ""id"": 97, ""path"": ""Buf""}}","""default""",src/buf/buf_impl.rs,3048:5-3051:6,775f5281af031275734c2e8512988a1b0763a4f52a7200c367e9d579aadb124b,std;x86_64-unknown-linux-gnu,,not_started,not_started,not_started,not_started,not_started,,,review contract and runtime dependencies
61f6bd7645333065,function,get_uint_le,"{""for"": {""borrowed_ref"": {""is_mutable"": false, ""lifetime"": null, ""type"": {""slice"": {""primitive"": ""u8""}}}}, ""trait"": {""args"": null, ""id"": 97, ""path"": ""Buf""}}","""default""",src/buf/buf_impl.rs,3054:5-3057:6,775f5281af031275734c2e8512988a1b0763a4f52a7200c367e9d579aadb124b,std;x86_64-unknown-linux-gnu,,not_started,not_started,not_started,not_started,not_started,,,review contract and runtime dependencies
e8833b9ae5219f37,function,try_get_uint,"{""for"": {""borrowed_ref"": {""is_mutable"": false, ""lifetime"": null, ""type"": {""slice"": {""primitive"": ""u8""}}}}, ""trait"": {""args"": null, ""id"": 97, ""path"": ""Buf""}}","""default""",src/buf/buf_impl.rs,3060:5-3070:6,775f5281af031275734c2e8512988a1b0763a4f52a7200c367e9d579aadb124b,std;x86_64-unknown-linux-gnu,,not_started,not_started,not_started,not_started,not_started,,,review contract and runtime dependencies
436514abf74bc3c5,function,try_get_uint_le,"{""for"": {""borrowed_ref"": {""is_mutable"": false, ""lifetime"": null, ""type"": {""slice"": {""primitive"": ""u8""}}}}, ""trait"": {""args"": null, ""id"": 97, ""path"": ""Buf""}}","""default""",src/buf/buf_impl.rs,3073:5-3083:6,775f5281af031275734c2e8512988a1b0763a4f52a7200c367e9d579aadb124b,std;x86_64-unknown-linux-gnu,,not_started,not_started,not_started,not_started,not_started,,,review contract and runtime dependencies
fa33907197c30b4e,function,get_i16,"{""for"": {""borrowed_ref"": {""is_mutable"": false, ""lifetime"": null, ""type"": {""slice"": {""primitive"": ""u8""}}}}, ""trait"": {""args"": null, ""id"": 97, ""path"": ""Buf""}}","""default""",src/buf/buf_impl.rs,3086:5-3089:6,775f5281af031275734c2e8512988a1b0763a4f52a7200c367e9d579aadb124b,std;x86_64-unknown-linux-gnu,,not_started,not_started,not_started,not_started,not_started,,,review contract and runtime dependencies
988337ad17ab610a,function,try_get_i16,"{""for"": {""borrowed_ref"": {""is_mutable"": false, ""lifetime"": null, ""type"": {""slice"": {""primitive"": ""u8""}}}}, ""trait"": {""args"": null, ""id"": 97, ""path"": ""Buf""}}","""default""",src/buf/buf_impl.rs,3092:5-3097:6,775f5281af031275734c2e8512988a1b0763a4f52a7200c367e9d579aadb124b,std;x86_64-unknown-linux-gnu,,not_started,not_started,not_started,not_started,not_started,,,review contract and runtime dependencies
dcbbf61709b6c01f,function,get_i16_le,"{""for"": {""borrowed_ref"": {""is_mutable"": false, ""lifetime"": null, ""type"": {""slice"": {""primitive"": ""u8""}}}}, ""trait"": {""args"": null, ""id"": 97, ""path"": ""Buf""}}","""default""",src/buf/buf_impl.rs,3100:5-3103:6,775f5281af031275734c2e8512988a1b0763a4f52a7200c367e9d579aadb124b,std;x86_64-unknown-linux-gnu,,not_started,not_started,not_started,not_started,not_started,,,review contract and runtime dependencies
ce50b6863aac0c16,function,try_get_i16_le,"{""for"": {""borrowed_ref"": {""is_mutable"": false, ""lifetime"": null, ""type"": {""slice"": {""primitive"": ""u8""}}}}, ""trait"": {""args"": null, ""id"": 97, ""path"": ""Buf""}}","""default""",src/buf/buf_impl.rs,3106:5-3111:6,775f5281af031275734c2e8512988a1b0763a4f52a7200c367e9d579aadb124b,std;x86_64-unknown-linux-gnu,,not_started,not_started,not_started,not_started,not_started,,,review contract and runtime dependencies
4252c1e344a718dc,function,get_i32,"{""for"": {""borrowed_ref"": {""is_mutable"": false, ""lifetime"": null, ""type"": {""slice"": {""primitive"": ""u8""}}}}, ""trait"": {""args"": null, ""id"": 97, ""path"": ""Buf""}}","""default""",src/buf/buf_impl.rs,3114:5-3117:6,775f5281af031275734c2e8512988a1b0763a4f52a7200c367e9d579aadb124b,std;x86_64-unknown-linux-gnu,,not_started,not_started,not_started,not_started,not_started,,,review contract and runtime dependencies
91374e9bd799bea8,function,try_get_i32,"{""for"": {""borrowed_ref"": {""is_mutable"": false, ""lifetime"": null, ""type"": {""slice"": {""primitive"": ""u8""}}}}, ""trait"": {""args"": null, ""id"": 97, ""path"": ""Buf""}}","""default""",src/buf/buf_impl.rs,3120:5-3125:6,775f5281af031275734c2e8512988a1b0763a4f52a7200c367e9d579aadb124b,std;x86_64-unknown-linux-gnu,,not_started,not_started,not_started,not_started,not_started,,,review contract and runtime dependencies
5fcfd4cd6324ec62,function,get_i32_le,"{""for"": {""borrowed_ref"": {""is_mutable"": false, ""lifetime"": null, ""type"": {""slice"": {""primitive"": ""u8""}}}}, ""trait"": {""args"": null, ""id"": 97, ""path"": ""Buf""}}","""default""",src/buf/buf_impl.rs,3128:5-3131:6,775f5281af031275734c2e8512988a1b0763a4f52a7200c367e9d579aadb124b,std;x86_64-unknown-linux-gnu,,not_started,not_started,not_started,not_started,not_started,,,review contract and runtime dependencies
5913431d2d1c5f47,function,try_get_i32_le,"{""for"": {""borrowed_ref"": {""is_mutable"": false, ""lifetime"": null, ""type"": {""slice"": {""primitive"": ""u8""}}}}, ""trait"": {""args"": null, ""id"": 97, ""path"": ""Buf""}}","""default""",src/buf/buf_impl.rs,3134:5-3139:6,775f5281af031275734c2e8512988a1b0763a4f52a7200c367e9d579aadb124b,std;x86_64-unknown-linux-gnu,,not_started,not_started,not_started,not_started,not_started,,,review contract and runtime dependencies
74d61715c611a0d5,function,get_u8,Buf,"""default""",src/buf/buf_impl.rs,313:5-323:6,775f5281af031275734c2e8512988a1b0763a4f52a7200c367e9d579aadb124b,std;x86_64-unknown-linux-gnu,,not_started,not_started,not_started,not_started,not_started,,,review contract and runtime dependencies
7858490c5909fee9,function,get_i64,"{""for"": {""borrowed_ref"": {""is_mutable"": false, ""lifetime"": null, ""type"": {""slice"": {""primitive"": ""u8""}}}}, ""trait"": {""args"": null, ""id"": 97, ""path"": ""Buf""}}","""default""",src/buf/buf_impl.rs,3142:5-3145:6,775f5281af031275734c2e8512988a1b0763a4f52a7200c367e9d579aadb124b,std;x86_64-unknown-linux-gnu,,not_started,not_started,not_started,not_started,not_started,,,review contract and runtime dependencies
ec9672ed2ddcc13a,function,try_get_i64,"{""for"": {""borrowed_ref"": {""is_mutable"": false, ""lifetime"": null, ""type"": {""slice"": {""primitive"": ""u8""}}}}, ""trait"": {""args"": null, ""id"": 97, ""path"": ""Buf""}}","""default""",src/buf/buf_impl.rs,3148:5-3153:6,775f5281af031275734c2e8512988a1b0763a4f52a7200c367e9d579aadb124b,std;x86_64-unknown-linux-gnu,,not_started,not_started,not_started,not_started,not_started,,,review contract and runtime dependencies
f65304bd7453d2e3,function,get_i64_le,"{""for"": {""borrowed_ref"": {""is_mutable"": false, ""lifetime"": null, ""type"": {""slice"": {""primitive"": ""u8""}}}}, ""trait"": {""args"": null, ""id"": 97, ""path"": ""Buf""}}","""default""",src/buf/buf_impl.rs,3156:5-3159:6,775f5281af031275734c2e8512988a1b0763a4f52a7200c367e9d579aadb124b,std;x86_64-unknown-linux-gnu,,not_started,not_started,not_started,not_started,not_started,,,review contract and runtime dependencies
c78cc352c578cbb6,function,try_get_i64_le,"{""for"": {""borrowed_ref"": {""is_mutable"": false, ""lifetime"": null, ""type"": {""slice"": {""primitive"": ""u8""}}}}, ""trait"": {""args"": null, ""id"": 97, ""path"": ""Buf""}}","""default""",src/buf/buf_impl.rs,3162:5-3167:6,775f5281af031275734c2e8512988a1b0763a4f52a7200c367e9d579aadb124b,std;x86_64-unknown-linux-gnu,,not_started,not_started,not_started,not_started,not_started,,,review contract and runtime dependencies
367c48c36cbe38dc,function,get_i128,"{""for"": {""borrowed_ref"": {""is_mutable"": false, ""lifetime"": null, ""type"": {""slice"": {""primitive"": ""u8""}}}}, ""trait"": {""args"": null, ""id"": 97, ""path"": ""Buf""}}","""default""",src/buf/buf_impl.rs,3170:5-3173:6,775f5281af031275734c2e8512988a1b0763a4f52a7200c367e9d579aadb124b,std;x86_64-unknown-linux-gnu,,not_started,not_started,not_started,not_started,not_started,,,review contract and runtime dependencies
23a7996c744d975a,function,try_get_i128,"{""for"": {""borrowed_ref"": {""is_mutable"": false, ""lifetime"": null, ""type"": {""slice"": {""primitive"": ""u8""}}}}, ""trait"": {""args"": null, ""id"": 97, ""path"": ""Buf""}}","""default""",src/buf/buf_impl.rs,3176:5-3181:6,775f5281af031275734c2e8512988a1b0763a4f52a7200c367e9d579aadb124b,std;x86_64-unknown-linux-gnu,,not_started,not_started,not_started,not_started,not_started,,,review contract and runtime dependencies
5bab2ae81a06b669,function,get_i128_le,"{""for"": {""borrowed_ref"": {""is_mutable"": false, ""lifetime"": null, ""type"": {""slice"": {""primitive"": ""u8""}}}}, ""trait"": {""args"": null, ""id"": 97, ""path"": ""Buf""}}","""default""",src/buf/buf_impl.rs,3184:5-3187:6,775f5281af031275734c2e8512988a1b0763a4f52a7200c367e9d579aadb124b,std;x86_64-unknown-linux-gnu,,not_started,not_started,not_started,not_started,not_started,,,review contract and runtime dependencies
919b149bddb972df,function,try_get_i128_le,"{""for"": {""borrowed_ref"": {""is_mutable"": false, ""lifetime"": null, ""type"": {""slice"": {""primitive"": ""u8""}}}}, ""trait"": {""args"": null, ""id"": 97, ""path"": ""Buf""}}","""default""",src/buf/buf_impl.rs,3190:5-3195:6,775f5281af031275734c2e8512988a1b0763a4f52a7200c367e9d579aadb124b,std;x86_64-unknown-linux-gnu,,not_started,not_started,not_started,not_started,not_started,,,review contract and runtime dependencies
bf5c23bf88a7a58b,impl,impl,,"""default""",src/buf/buf_impl.rs,3199:1-3231:2,775f5281af031275734c2e8512988a1b0763a4f52a7200c367e9d579aadb124b,std;x86_64-unknown-linux-gnu,,not_started,not_started,not_started,not_started,not_started,,,review contract and runtime dependencies
a6edb92965125a05,function,remaining,"{""for"": {""resolved_path"": {""args"": {""angle_bracketed"": {""args"": [{""type"": {""generic"": ""T""}}], ""constraints"": []}}, ""id"": 319, ""path"": ""std::io::Cursor""}}, ""trait"": {""args"": null, ""id"": 97, ""path"": ""Buf""}}","""default""",src/buf/buf_impl.rs,3201:5-3203:6,775f5281af031275734c2e8512988a1b0763a4f52a7200c367e9d579aadb124b,std;x86_64-unknown-linux-gnu,,not_started,not_started,not_started,not_started,not_started,,,review contract and runtime dependencies
256dae17c9e5d574,function,chunk,"{""for"": {""resolved_path"": {""args"": {""angle_bracketed"": {""args"": [{""type"": {""generic"": ""T""}}], ""constraints"": []}}, ""id"": 319, ""path"": ""std::io::Cursor""}}, ""trait"": {""args"": null, ""id"": 97, ""path"": ""Buf""}}","""default""",src/buf/buf_impl.rs,3206:5-3209:6,775f5281af031275734c2e8512988a1b0763a4f52a7200c367e9d579aadb124b,std;x86_64-unknown-linux-gnu,,not_started,not_started,not_started,not_started,not_started,,,review contract and runtime dependencies
ea6808a1b9743068,function,advance,"{""for"": {""resolved_path"": {""args"": {""angle_bracketed"": {""args"": [{""type"": {""generic"": ""T""}}], ""constraints"": []}}, ""id"": 319, ""path"": ""std::io::Cursor""}}, ""trait"": {""args"": null, ""id"": 97, ""path"": ""Buf""}}","""default""",src/buf/buf_impl.rs,3212:5-3230:6,775f5281af031275734c2e8512988a1b0763a4f52a7200c367e9d579aadb124b,std;x86_64-unknown-linux-gnu,,not_started,not_started,not_started,not_started,not_started,,,review contract and runtime dependencies
11e482f5d7d5c9ce,function,_assert_trait_object,,"{""restricted"": {""parent"": 3, ""path"": ""::buf::buf_impl""}}",src/buf/buf_impl.rs,3235:1-3235:41,775f5281af031275734c2e8512988a1b0763a4f52a7200c367e9d579aadb124b,std;x86_64-unknown-linux-gnu,,not_started,not_started,not_started,not_started,not_started,,,review contract and runtime dependencies
47d38c27bc12fee0,function,get_i8,Buf,"""default""",src/buf/buf_impl.rs,341:5-351:6,775f5281af031275734c2e8512988a1b0763a4f52a7200c367e9d579aadb124b,std;x86_64-unknown-linux-gnu,,not_started,not_started,not_started,not_started,not_started,,,review contract and runtime dependencies
d555838d3e1dc64d,function,get_u16,Buf,"""default""",src/buf/buf_impl.rs,369:5-371:6,775f5281af031275734c2e8512988a1b0763a4f52a7200c367e9d579aadb124b,std;x86_64-unknown-linux-gnu,,not_started,not_started,not_started,not_started,not_started,,,review contract and runtime dependencies
0b6cc44d16a39e00,function,get_u16_le,Buf,"""default""",src/buf/buf_impl.rs,389:5-391:6,775f5281af031275734c2e8512988a1b0763a4f52a7200c367e9d579aadb124b,std;x86_64-unknown-linux-gnu,,not_started,not_started,not_started,not_started,not_started,,,review contract and runtime dependencies
b31f857260a39b07,function,get_u16_ne,Buf,"""default""",src/buf/buf_impl.rs,412:5-414:6,775f5281af031275734c2e8512988a1b0763a4f52a7200c367e9d579aadb124b,std;x86_64-unknown-linux-gnu,,not_started,not_started,not_started,not_started,not_started,,,review contract and runtime dependencies
ed7da3789801b862,function,get_i16,Buf,"""default""",src/buf/buf_impl.rs,432:5-434:6,775f5281af031275734c2e8512988a1b0763a4f52a7200c367e9d579aadb124b,std;x86_64-unknown-linux-gnu,,not_started,not_started,not_started,not_started,not_started,,,review contract and runtime dependencies
c3db0671a25e6c7d,function,get_i16_le,Buf,"""default""",src/buf/buf_impl.rs,452:5-454:6,775f5281af031275734c2e8512988a1b0763a4f52a7200c367e9d579aadb124b,std;x86_64-unknown-linux-gnu,,not_started,not_started,not_started,not_started,not_started,,,review contract and runtime dependencies
ae3119d9fa78de28,function,get_i16_ne,Buf,"""default""",src/buf/buf_impl.rs,475:5-477:6,775f5281af031275734c2e8512988a1b0763a4f52a7200c367e9d579aadb124b,std;x86_64-unknown-linux-gnu,,not_started,not_started,not_started,not_started,not_started,,,review contract and runtime dependencies
8bd9291d2b3ee482,function,get_u32,Buf,"""default""",src/buf/buf_impl.rs,495:5-497:6,775f5281af031275734c2e8512988a1b0763a4f52a7200c367e9d579aadb124b,std;x86_64-unknown-linux-gnu,,not_started,not_started,not_started,not_started,not_started,,,review contract and runtime dependencies
7cfe4c3d5af1f76e,function,get_u32_le,Buf,"""default""",src/buf/buf_impl.rs,515:5-517:6,775f5281af031275734c2e8512988a1b0763a4f52a7200c367e9d579aadb124b,std;x86_64-unknown-linux-gnu,,not_started,not_started,not_started,not_started,not_started,,,review contract and runtime dependencies
4f047511fc122e98,function,get_u32_ne,Buf,"""default""",src/buf/buf_impl.rs,538:5-540:6,775f5281af031275734c2e8512988a1b0763a4f52a7200c367e9d579aadb124b,std;x86_64-unknown-linux-gnu,,not_started,not_started,not_started,not_started,not_started,,,review contract and runtime dependencies
6b4a805eb6a59915,function,get_i32,Buf,"""default""",src/buf/buf_impl.rs,558:5-560:6,775f5281af031275734c2e8512988a1b0763a4f52a7200c367e9d579aadb124b,std;x86_64-unknown-linux-gnu,,not_started,not_started,not_started,not_started,not_started,,,review contract and runtime dependencies
aefbf3e42a91f7c0,function,get_i32_le,Buf,"""default""",src/buf/buf_impl.rs,578:5-580:6,775f5281af031275734c2e8512988a1b0763a4f52a7200c367e9d579aadb124b,std;x86_64-unknown-linux-gnu,,not_started,not_started,not_started,not_started,not_started,,,review contract and runtime dependencies
59e709416e2b56fa,function,get_i32_ne,Buf,"""default""",src/buf/buf_impl.rs,601:5-603:6,775f5281af031275734c2e8512988a1b0763a4f52a7200c367e9d579aadb124b,std;x86_64-unknown-linux-gnu,,not_started,not_started,not_started,not_started,not_started,,,review contract and runtime dependencies
26b8b9e3d07fe8c1,function,get_u64,Buf,"""default""",src/buf/buf_impl.rs,621:5-623:6,775f5281af031275734c2e8512988a1b0763a4f52a7200c367e9d579aadb124b,std;x86_64-unknown-linux-gnu,,not_started,not_started,not_started,not_started,not_started,,,review contract and runtime dependencies
1bfe173f37a9c75d,function,get_u64_le,Buf,"""default""",src/buf/buf_impl.rs,641:5-643:6,775f5281af031275734c2e8512988a1b0763a4f52a7200c367e9d579aadb124b,std;x86_64-unknown-linux-gnu,,not_started,not_started,not_started,not_started,not_started,,,review contract and runtime dependencies
9b3684d854642238,function,get_u64_ne,Buf,"""default""",src/buf/buf_impl.rs,664:5-666:6,775f5281af031275734c2e8512988a1b0763a4f52a7200c367e9d579aadb124b,std;x86_64-unknown-linux-gnu,,not_started,not_started,not_started,not_started,not_started,,,review contract and runtime dependencies
34814d28e8391bbb,function,get_i64,Buf,"""default""",src/buf/buf_impl.rs,684:5-686:6,775f5281af031275734c2e8512988a1b0763a4f52a7200c367e9d579aadb124b,std;x86_64-unknown-linux-gnu,,not_started,not_started,not_started,not_started,not_started,,,review contract and runtime dependencies
2a5be93efd0f5c77,function,get_i64_le,Buf,"""default""",src/buf/buf_impl.rs,704:5-706:6,775f5281af031275734c2e8512988a1b0763a4f52a7200c367e9d579aadb124b,std;x86_64-unknown-linux-gnu,,not_started,not_started,not_started,not_started,not_started,,,review contract and runtime dependencies
89fccf66ad369a77,macro,buf_get_impl,,"""crate""",src/buf/buf_impl.rs,70:1-83:2,775f5281af031275734c2e8512988a1b0763a4f52a7200c367e9d579aadb124b,std;x86_64-unknown-linux-gnu,,not_started,not_started,not_started,not_started,not_started,,,review contract and runtime dependencies
ffbae947a24c4bff,function,get_i64_ne,Buf,"""default""",src/buf/buf_impl.rs,727:5-729:6,775f5281af031275734c2e8512988a1b0763a4f52a7200c367e9d579aadb124b,std;x86_64-unknown-linux-gnu,,not_started,not_started,not_started,not_started,not_started,,,review contract and runtime dependencies
43dd9c03b0c99d59,function,get_u128,Buf,"""default""",src/buf/buf_impl.rs,747:5-749:6,775f5281af031275734c2e8512988a1b0763a4f52a7200c367e9d579aadb124b,std;x86_64-unknown-linux-gnu,,not_started,not_started,not_started,not_started,not_started,,,review contract and runtime dependencies
be84ec6f77df0f62,function,get_u128_le,Buf,"""default""",src/buf/buf_impl.rs,767:5-769:6,775f5281af031275734c2e8512988a1b0763a4f52a7200c367e9d579aadb124b,std;x86_64-unknown-linux-gnu,,not_started,not_started,not_started,not_started,not_started,,,review contract and runtime dependencies
5eaf564f1ec98acc,function,get_u128_ne,Buf,"""default""",src/buf/buf_impl.rs,790:5-792:6,775f5281af031275734c2e8512988a1b0763a4f52a7200c367e9d579aadb124b,std;x86_64-unknown-linux-gnu,,not_started,not_started,not_started,not_started,not_started,,,review contract and runtime dependencies
1e17afc35032e6fb,function,get_i128,Buf,"""default""",src/buf/buf_impl.rs,810:5-812:6,775f5281af031275734c2e8512988a1b0763a4f52a7200c367e9d579aadb124b,std;x86_64-unknown-linux-gnu,,not_started,not_started,not_started,not_started,not_started,,,review contract and runtime dependencies
601582dc5c68ee91,function,get_i128_le,Buf,"""default""",src/buf/buf_impl.rs,830:5-832:6,775f5281af031275734c2e8512988a1b0763a4f52a7200c367e9d579aadb124b,std;x86_64-unknown-linux-gnu,,not_started,not_started,not_started,not_started,not_started,,,review contract and runtime dependencies
1422f37c26003a8c,function,get_i128_ne,Buf,"""default""",src/buf/buf_impl.rs,853:5-855:6,775f5281af031275734c2e8512988a1b0763a4f52a7200c367e9d579aadb124b,std;x86_64-unknown-linux-gnu,,not_started,not_started,not_started,not_started,not_started,,,review contract and runtime dependencies
669841c8f241c79c,function,sign_extend,,"{""restricted"": {""parent"": 3, ""path"": ""::buf::buf_impl""}}",src/buf/buf_impl.rs,86:1-89:2,775f5281af031275734c2e8512988a1b0763a4f52a7200c367e9d579aadb124b,std;x86_64-unknown-linux-gnu,,not_started,not_started,not_started,not_started,not_started,,,review contract and runtime dependencies
1c3ca1db422fcfa4,function,get_uint,Buf,"""default""",src/buf/buf_impl.rs,874:5-876:6,775f5281af031275734c2e8512988a1b0763a4f52a7200c367e9d579aadb124b,std;x86_64-unknown-linux-gnu,,not_started,not_started,not_started,not_started,not_started,,,review contract and runtime dependencies
1ba1c0886ca6854c,function,get_uint_le,Buf,"""default""",src/buf/buf_impl.rs,895:5-897:6,775f5281af031275734c2e8512988a1b0763a4f52a7200c367e9d579aadb124b,std;x86_64-unknown-linux-gnu,,not_started,not_started,not_started,not_started,not_started,,,review contract and runtime dependencies
3168f46d91ae2e96,function,get_uint_ne,Buf,"""default""",src/buf/buf_impl.rs,919:5-925:6,775f5281af031275734c2e8512988a1b0763a4f52a7200c367e9d579aadb124b,std;x86_64-unknown-linux-gnu,,not_started,not_started,not_started,not_started,not_started,,,review contract and runtime dependencies
bc480bcd2d9fa2a2,function,get_int,Buf,"""default""",src/buf/buf_impl.rs,944:5-946:6,775f5281af031275734c2e8512988a1b0763a4f52a7200c367e9d579aadb124b,std;x86_64-unknown-linux-gnu,,not_started,not_started,not_started,not_started,not_started,,,review contract and runtime dependencies
f9725969b2218f08,function,get_int_le,Buf,"""default""",src/buf/buf_impl.rs,965:5-967:6,775f5281af031275734c2e8512988a1b0763a4f52a7200c367e9d579aadb124b,std;x86_64-unknown-linux-gnu,,not_started,not_started,not_started,not_started,not_started,,,review contract and runtime dependencies
a3668a5799b9bc42,function,get_int_ne,Buf,"""default""",src/buf/buf_impl.rs,989:5-995:6,775f5281af031275734c2e8512988a1b0763a4f52a7200c367e9d579aadb124b,std;x86_64-unknown-linux-gnu,,not_started,not_started,not_started,not_started,not_started,,,review contract and runtime dependencies
d340b80e181c0c04,function,put_uint_ne,BufMut,"""default""",src/buf/buf_mut.rs,1023:5-1029:6,5eeca96f3ccc95444e85219aa072f11d628bf9ae7df8adcaf5f49dadafa5f9f7,std;x86_64-unknown-linux-gnu,,not_started,not_started,not_started,not_started,not_started,,,review contract and runtime dependencies
00a7c6fa43df9b9d,function,put_int,BufMut,"""default""",src/buf/buf_mut.rs,1050:5-1057:6,5eeca96f3ccc95444e85219aa072f11d628bf9ae7df8adcaf5f49dadafa5f9f7,std;x86_64-unknown-linux-gnu,,not_started,not_started,not_started,not_started,not_started,,,review contract and runtime dependencies
5d6984b8dacb9c72,function,put_int_le,BufMut,"""default""",src/buf/buf_mut.rs,1078:5-1086:6,5eeca96f3ccc95444e85219aa072f11d628bf9ae7df8adcaf5f49dadafa5f9f7,std;x86_64-unknown-linux-gnu,,not_started,not_started,not_started,not_started,not_started,,,review contract and runtime dependencies
1d9ae055cb4fa1d5,function,advance_mut,BufMut,"""default""",src/buf/buf_mut.rs,107:5-107:50,5eeca96f3ccc95444e85219aa072f11d628bf9ae7df8adcaf5f49dadafa5f9f7,std;x86_64-unknown-linux-gnu,,not_started,not_started,not_started,not_started,not_started,,,review contract and runtime dependencies
6ba9f779d7616ab0,function,put_int_ne,BufMut,"""default""",src/buf/buf_mut.rs,1111:5-1117:6,5eeca96f3ccc95444e85219aa072f11d628bf9ae7df8adcaf5f49dadafa5f9f7,std;x86_64-unknown-linux-gnu,,not_started,not_started,not_started,not_started,not_started,,,review contract and runtime dependencies
c744c3804ba2d00e,function,put_f32,BufMut,"""default""",src/buf/buf_mut.rs,1139:5-1141:6,5eeca96f3ccc95444e85219aa072f11d628bf9ae7df8adcaf5f49dadafa5f9f7,std;x86_64-unknown-linux-gnu,,not_started,not_started,not_started,not_started,not_started,,,review contract and runtime dependencies
4b0cdd2936ef00b6,function,put_f32_le,BufMut,"""default""",src/buf/buf_mut.rs,1163:5-1165:6,5eeca96f3ccc95444e85219aa072f11d628bf9ae7df8adcaf5f49dadafa5f9f7,std;x86_64-unknown-linux-gnu,,not_started,not_started,not_started,not_started,not_started,,,review contract and runtime dependencies
605dbdc10914900b,function,put_f32_ne,BufMut,"""default""",src/buf/buf_mut.rs,1191:5-1193:6,5eeca96f3ccc95444e85219aa072f11d628bf9ae7df8adcaf5f49dadafa5f9f7,std;x86_64-unknown-linux-gnu,,not_started,not_started,not_started,not_started,not_started,,,review contract and runtime dependencies
f349f3a32dd2f052,function,put_f64,BufMut,"""default""",src/buf/buf_mut.rs,1215:5-1217:6,5eeca96f3ccc95444e85219aa072f11d628bf9ae7df8adcaf5f49dadafa5f9f7,std;x86_64-unknown-linux-gnu,,not_started,not_started,not_started,not_started,not_started,,,review contract and runtime dependencies
7566490e49e8d278,function,put_f64_le,BufMut,"""default""",src/buf/buf_mut.rs,1239:5-1241:6,5eeca96f3ccc95444e85219aa072f11d628bf9ae7df8adcaf5f49dadafa5f9f7,std;x86_64-unknown-linux-gnu,,not_started,not_started,not_started,not_started,not_started,,,review contract and runtime dependencies
998442053fdfef95,function,put_f64_ne,BufMut,"""default""",src/buf/buf_mut.rs,1267:5-1269:6,5eeca96f3ccc95444e85219aa072f11d628bf9ae7df8adcaf5f49dadafa5f9f7,std;x86_64-unknown-linux-gnu,,not_started,not_started,not_started,not_started,not_started,,,review contract and runtime dependencies
cfce3279213e6ada,function,limit,BufMut,"""default""",src/buf/buf_mut.rs,1285:5-1290:6,5eeca96f3ccc95444e85219aa072f11d628bf9ae7df8adcaf5f49dadafa5f9f7,std;x86_64-unknown-linux-gnu,,not_started,not_started,not_started,not_started,not_started,,,review contract and runtime dependencies
9b8ed7d6d77dc41a,function,has_remaining_mut,BufMut,"""default""",src/buf/buf_mut.rs,128:5-130:6,5eeca96f3ccc95444e85219aa072f11d628bf9ae7df8adcaf5f49dadafa5f9f7,std;x86_64-unknown-linux-gnu,,not_started,not_started,not_started,not_started,not_started,,,review contract and runtime dependencies
819011b4a284b1e5,function,writer,BufMut,"""default""",src/buf/buf_mut.rs,1317:5-1322:6,5eeca96f3ccc95444e85219aa072f11d628bf9ae7df8adcaf5f49dadafa5f9f7,std;x86_64-unknown-linux-gnu,,not_started,not_started,not_started,not_started,not_started,,,review contract and runtime dependencies
4478fffcb530ec84,function,chain_mut,BufMut,"""default""",src/buf/buf_mut.rs,1345:5-1350:6,5eeca96f3ccc95444e85219aa072f11d628bf9ae7df8adcaf5f49dadafa5f9f7,std;x86_64-unknown-linux-gnu,,not_started,not_started,not_started,not_started,not_started,,,review contract and runtime dependencies
de852b67e4505a7b,macro,deref_forward_bufmut,,"""crate""",src/buf/buf_mut.rs,1353:1-1475:2,5eeca96f3ccc95444e85219aa072f11d628bf9ae7df8adcaf5f49dadafa5f9f7,std;x86_64-unknown-linux-gnu,,not_started,not_started,not_started,not_started,not_started,,,review contract and runtime dependencies
98e8cddecdce08b5,impl,impl,,"""default""",src/buf/buf_mut.rs,1477:1-1479:2,5eeca96f3ccc95444e85219aa072f11d628bf9ae7df8adcaf5f49dadafa5f9f7,std;x86_64-unknown-linux-gnu,,not_started,not_started,not_started,not_started,not_started,,,review contract and runtime dependencies
1d76ac9ef1f90765,function,put_i16_le,"{""for"": {""borrowed_ref"": {""is_mutable"": true, ""lifetime"": null, ""type"": {""generic"": ""T""}}}, ""trait"": {""args"": null, ""id"": 403, ""path"": ""BufMut""}}","""default""",src/buf/buf_mut.rs,1478:5-1478:28,5eeca96f3ccc95444e85219aa072f11d628bf9ae7df8adcaf5f49dadafa5f9f7,std;x86_64-unknown-linux-gnu,,not_started,not_started,not_started,not_started,not_started,,,review contract and runtime dependencies
1f5d5de7431a19fe,function,put_i64_le,"{""for"": {""borrowed_ref"": {""is_mutable"": true, ""lifetime"": null, ""type"": {""generic"": ""T""}}}, ""trait"": {""args"": null, ""id"": 403, ""path"": ""BufMut""}}","""default""",src/buf/buf_mut.rs,1478:5-1478:28,5eeca96f3ccc95444e85219aa072f11d628bf9ae7df8adcaf5f49dadafa5f9f7,std;x86_64-unknown-linux-gnu,,not_started,not_started,not_started,not_started,not_started,,,review contract and runtime dependencies
23d358c3a9edfe80,function,put_slice,"{""for"": {""borrowed_ref"": {""is_mutable"": true, ""lifetime"": null, ""type"": {""generic"": ""T""}}}, ""trait"": {""args"": null, ""id"": 403, ""path"": ""BufMut""}}","""default""",src/buf/buf_mut.rs,1478:5-1478:28,5eeca96f3ccc95444e85219aa072f11d628bf9ae7df8adcaf5f49dadafa5f9f7,std;x86_64-unknown-linux-gnu,,not_started,not_started,not_started,not_started,not_started,,,review contract and runtime dependencies
2d6947a4b80d4679,function,put_u16,"{""for"": {""borrowed_ref"": {""is_mutable"": true, ""lifetime"": null, ""type"": {""generic"": ""T""}}}, ""trait"": {""args"": null, ""id"": 403, ""path"": ""BufMut""}}","""default""",src/buf/buf_mut.rs,1478:5-1478:28,5eeca96f3ccc95444e85219aa072f11d628bf9ae7df8adcaf5f49dadafa5f9f7,std;x86_64-unknown-linux-gnu,,not_started,not_started,not_started,not_started,not_started,,,review contract and runtime dependencies
2fb8efbfce83d501,function,put_u64,"{""for"": {""borrowed_ref"": {""is_mutable"": true, ""lifetime"": null, ""type"": {""generic"": ""T""}}}, ""trait"": {""args"": null, ""id"": 403, ""path"": ""BufMut""}}","""default""",src/buf/buf_mut.rs,1478:5-1478:28,5eeca96f3ccc95444e85219aa072f11d628bf9ae7df8adcaf5f49dadafa5f9f7,std;x86_64-unknown-linux-gnu,,not_started,not_started,not_started,not_started,not_started,,,review contract and runtime dependencies
31ab5cf099eaf80c,function,remaining_mut,"{""for"": {""borrowed_ref"": {""is_mutable"": true, ""lifetime"": null, ""type"": {""generic"": ""T""}}}, ""trait"": {""args"": null, ""id"": 403, ""path"": ""BufMut""}}","""default""",src/buf/buf_mut.rs,1478:5-1478:28,5eeca96f3ccc95444e85219aa072f11d628bf9ae7df8adcaf5f49dadafa5f9f7,std;x86_64-unknown-linux-gnu,,not_started,not_started,not_started,not_started,not_started,,,review contract and runtime dependencies
3ac74581d08465fc,function,put_i32,"{""for"": {""borrowed_ref"": {""is_mutable"": true, ""lifetime"": null, ""type"": {""generic"": ""T""}}}, ""trait"": {""args"": null, ""id"": 403, ""path"": ""BufMut""}}","""default""",src/buf/buf_mut.rs,1478:5-1478:28,5eeca96f3ccc95444e85219aa072f11d628bf9ae7df8adcaf5f49dadafa5f9f7,std;x86_64-unknown-linux-gnu,,not_started,not_started,not_started,not_started,not_started,,,review contract and runtime dependencies
45220d6de1bb4d7f,function,put_u16_ne,"{""for"": {""borrowed_ref"": {""is_mutable"": true, ""lifetime"": null, ""type"": {""generic"": ""T""}}}, ""trait"": {""args"": null, ""id"": 403, ""path"": ""BufMut""}}","""default""",src/buf/buf_mut.rs,1478:5-1478:28,5eeca96f3ccc95444e85219aa072f11d628bf9ae7df8adcaf5f49dadafa5f9f7,std;x86_64-unknown-linux-gnu,,not_started,not_started,not_started,not_started,not_started,,,review contract and runtime dependencies
4c625feda7715402,function,put_u16_le,"{""for"": {""borrowed_ref"": {""is_mutable"": true, ""lifetime"": null, ""type"": {""generic"": ""T""}}}, ""trait"": {""args"": null, ""id"": 403, ""path"": ""BufMut""}}","""default""",src/buf/buf_mut.rs,1478:5-1478:28,5eeca96f3ccc95444e85219aa072f11d628bf9ae7df8adcaf5f49dadafa5f9f7,std;x86_64-unknown-linux-gnu,,not_started,not_started,not_started,not_started,not_started,,,review contract and runtime dependencies
638b4df3ae74a604,function,put_u32,"{""for"": {""borrowed_ref"": {""is_mutable"": true, ""lifetime"": null, ""type"": {""generic"": ""T""}}}, ""trait"": {""args"": null, ""id"": 403, ""path"": ""BufMut""}}","""default""",src/buf/buf_mut.rs,1478:5-1478:28,5eeca96f3ccc95444e85219aa072f11d628bf9ae7df8adcaf5f49dadafa5f9f7,std;x86_64-unknown-linux-gnu,,not_started,not_started,not_started,not_started,not_started,,,review contract and runtime dependencies
6f3c03a698cb1392,function,put_u64_ne,"{""for"": {""borrowed_ref"": {""is_mutable"": true, ""lifetime"": null, ""type"": {""generic"": ""T""}}}, ""trait"": {""args"": null, ""id"": 403, ""path"": ""BufMut""}}","""default""",src/buf/buf_mut.rs,1478:5-1478:28,5eeca96f3ccc95444e85219aa072f11d628bf9ae7df8adcaf5f49dadafa5f9f7,std;x86_64-unknown-linux-gnu,,not_started,not_started,not_started,not_started,not_started,,,review contract and runtime dependencies
79a4041611d006be,function,put_i64,"{""for"": {""borrowed_ref"": {""is_mutable"": true, ""lifetime"": null, ""type"": {""generic"": ""T""}}}, ""trait"": {""args"": null, ""id"": 403, ""path"": ""BufMut""}}","""default""",src/buf/buf_mut.rs,1478:5-1478:28,5eeca96f3ccc95444e85219aa072f11d628bf9ae7df8adcaf5f49dadafa5f9f7,std;x86_64-unknown-linux-gnu,,not_started,not_started,not_started,not_started,not_started,,,review contract and runtime dependencies
9062b0f8aee18547,function,put_i64_ne,"{""for"": {""borrowed_ref"": {""is_mutable"": true, ""lifetime"": null, ""type"": {""generic"": ""T""}}}, ""trait"": {""args"": null, ""id"": 403, ""path"": ""BufMut""}}","""default""",src/buf/buf_mut.rs,1478:5-1478:28,5eeca96f3ccc95444e85219aa072f11d628bf9ae7df8adcaf5f49dadafa5f9f7,std;x86_64-unknown-linux-gnu,,not_started,not_started,not_started,not_started,not_started,,,review contract and runtime dependencies
91408f03faf130c3,function,chunk_mut,"{""for"": {""borrowed_ref"": {""is_mutable"": true, ""lifetime"": null, ""type"": {""generic"": ""T""}}}, ""trait"": {""args"": null, ""id"": 403, ""path"": ""BufMut""}}","""default""",src/buf/buf_mut.rs,1478:5-1478:28,5eeca96f3ccc95444e85219aa072f11d628bf9ae7df8adcaf5f49dadafa5f9f7,std;x86_64-unknown-linux-gnu,,not_started,not_started,not_started,not_started,not_started,,,review contract and runtime dependencies
9a22489383fda9b8,function,put_u32_ne,"{""for"": {""borrowed_ref"": {""is_mutable"": true, ""lifetime"": null, ""type"": {""generic"": ""T""}}}, ""trait"": {""args"": null, ""id"": 403, ""path"": ""BufMut""}}","""default""",src/buf/buf_mut.rs,1478:5-1478:28,5eeca96f3ccc95444e85219aa072f11d628bf9ae7df8adcaf5f49dadafa5f9f7,std;x86_64-unknown-linux-gnu,,not_started,not_started,not_started,not_started,not_started,,,review contract and runtime dependencies
9a5fa9fd56010102,function,put_u8,"{""for"": {""borrowed_ref"": {""is_mutable"": true, ""lifetime"": null, ""type"": {""generic"": ""T""}}}, ""trait"": {""args"": null, ""id"": 403, ""path"": ""BufMut""}}","""default""",src/buf/buf_mut.rs,1478:5-1478:28,5eeca96f3ccc95444e85219aa072f11d628bf9ae7df8adcaf5f49dadafa5f9f7,std;x86_64-unknown-linux-gnu,,not_started,not_started,not_started,not_started,not_started,,,review contract and runtime dependencies
9aae57a4ea775065,function,put_i32_ne,"{""for"": {""borrowed_ref"": {""is_mutable"": true, ""lifetime"": null, ""type"": {""generic"": ""T""}}}, ""trait"": {""args"": null, ""id"": 403, ""path"": ""BufMut""}}","""default""",src/buf/buf_mut.rs,1478:5-1478:28,5eeca96f3ccc95444e85219aa072f11d628bf9ae7df8adcaf5f49dadafa5f9f7,std;x86_64-unknown-linux-gnu,,not_started,not_started,not_started,not_started,not_started,,,review contract and runtime dependencies
9c32d5016b941af7,function,advance_mut,"{""for"": {""borrowed_ref"": {""is_mutable"": true, ""lifetime"": null, ""type"": {""generic"": ""T""}}}, ""trait"": {""args"": null, ""id"": 403, ""path"": ""BufMut""}}","""default""",src/buf/buf_mut.rs,1478:5-1478:28,5eeca96f3ccc95444e85219aa072f11d628bf9ae7df8adcaf5f49dadafa5f9f7,std;x86_64-unknown-linux-gnu,,not_started,not_started,not_started,not_started,not_started,,,review contract and runtime dependencies
a268ec15f15e0626,function,put_i16_ne,"{""for"": {""borrowed_ref"": {""is_mutable"": true, ""lifetime"": null, ""type"": {""generic"": ""T""}}}, ""trait"": {""args"": null, ""id"": 403, ""path"": ""BufMut""}}","""default""",src/buf/buf_mut.rs,1478:5-1478:28,5eeca96f3ccc95444e85219aa072f11d628bf9ae7df8adcaf5f49dadafa5f9f7,std;x86_64-unknown-linux-gnu,,not_started,not_started,not_started,not_started,not_started,,,review contract and runtime dependencies
a8a869d320fe42d4,function,put_i16,"{""for"": {""borrowed_ref"": {""is_mutable"": true, ""lifetime"": null, ""type"": {""generic"": ""T""}}}, ""trait"": {""args"": null, ""id"": 403, ""path"": ""BufMut""}}","""default""",src/buf/buf_mut.rs,1478:5-1478:28,5eeca96f3ccc95444e85219aa072f11d628bf9ae7df8adcaf5f49dadafa5f9f7,std;x86_64-unknown-linux-gnu,,not_started,not_started,not_started,not_started,not_started,,,review contract and runtime dependencies
ab128394296702bd,function,put_i8,"{""for"": {""borrowed_ref"": {""is_mutable"": true, ""lifetime"": null, ""type"": {""generic"": ""T""}}}, ""trait"": {""args"": null, ""id"": 403, ""path"": ""BufMut""}}","""default""",src/buf/buf_mut.rs,1478:5-1478:28,5eeca96f3ccc95444e85219aa072f11d628bf9ae7df8adcaf5f49dadafa5f9f7,std;x86_64-unknown-linux-gnu,,not_started,not_started,not_started,not_started,not_started,,,review contract and runtime dependencies
bd9b22da7214a804,function,put_u64_le,"{""for"": {""borrowed_ref"": {""is_mutable"": true, ""lifetime"": null, ""type"": {""generic"": ""T""}}}, ""trait"": {""args"": null, ""id"": 403, ""path"": ""BufMut""}}","""default""",src/buf/buf_mut.rs,1478:5-1478:28,5eeca96f3ccc95444e85219aa072f11d628bf9ae7df8adcaf5f49dadafa5f9f7,std;x86_64-unknown-linux-gnu,,not_started,not_started,not_started,not_started,not_started,,,review contract and runtime dependencies
c9b6ae4d5c8803d5,function,put_i32_le,"{""for"": {""borrowed_ref"": {""is_mutable"": true, ""lifetime"": null, ""type"": {""generic"": ""T""}}}, ""trait"": {""args"": null, ""id"": 403, ""path"": ""BufMut""}}","""default""",src/buf/buf_mut.rs,1478:5-1478:28,5eeca96f3ccc95444e85219aa072f11d628bf9ae7df8adcaf5f49dadafa5f9f7,std;x86_64-unknown-linux-gnu,,not_started,not_started,not_started,not_started,not_started,,,review contract and runtime dependencies
d246d7e860cbc414,function,put_u32_le,"{""for"": {""borrowed_ref"": {""is_mutable"": true, ""lifetime"": null, ""type"": {""generic"": ""T""}}}, ""trait"": {""args"": null, ""id"": 403, ""path"": ""BufMut""}}","""default""",src/buf/buf_mut.rs,1478:5-1478:28,5eeca96f3ccc95444e85219aa072f11d628bf9ae7df8adcaf5f49dadafa5f9f7,std;x86_64-unknown-linux-gnu,,not_started,not_started,not_started,not_started,not_started,,,review contract and runtime dependencies
9e17f62c6a6973ac,impl,impl,,"""default""",src/buf/buf_mut.rs,1481:1-1483:2,5eeca96f3ccc95444e85219aa072f11d628bf9ae7df8adcaf5f49dadafa5f9f7,std;x86_64-unknown-linux-gnu,,not_started,not_started,not_started,not_started,not_started,,,review contract and runtime dependencies
051b5240fb41586c,function,put_u16_le,"{""for"": {""resolved_path"": {""args"": {""angle_bracketed"": {""args"": [{""type"": {""generic"": ""T""}}], ""constraints"": []}}, ""id"": 270, ""path"": ""alloc::boxed::Box""}}, ""trait"": {""args"": null, ""id"": 403, ""path"": ""BufMut""}}","""default""",src/buf/buf_mut.rs,1482:5-1482:28,5eeca96f3ccc95444e85219aa072f11d628bf9ae7df8adcaf5f49dadafa5f9f7,std;x86_64-unknown-linux-gnu,,not_started,not_started,not_started,not_started,not_started,,,review contract and runtime dependencies
0b5aa2dd8bbe8645,function,put_i64,"{""for"": {""resolved_path"": {""args"": {""angle_bracketed"": {""args"": [{""type"": {""generic"": ""T""}}], ""constraints"": []}}, ""id"": 270, ""path"": ""alloc::boxed::Box""}}, ""trait"": {""args"": null, ""id"": 403, ""path"": ""BufMut""}}","""default""",src/buf/buf_mut.rs,1482:5-1482:28,5eeca96f3ccc95444e85219aa072f11d628bf9ae7df8adcaf5f49dadafa5f9f7,std;x86_64-unknown-linux-gnu,,not_started,not_started,not_started,not_started,not_started,,,review contract and runtime dependencies
1d451aa69b1da236,function,put_u64_le,"{""for"": {""resolved_path"": {""args"": {""angle_bracketed"": {""args"": [{""type"": {""generic"": ""T""}}], ""constraints"": []}}, ""id"": 270, ""path"": ""alloc::boxed::Box""}}, ""trait"": {""args"": null, ""id"": 403, ""path"": ""BufMut""}}","""default""",src/buf/buf_mut.rs,1482:5-1482:28,5eeca96f3ccc95444e85219aa072f11d628bf9ae7df8adcaf5f49dadafa5f9f7,std;x86_64-unknown-linux-gnu,,not_started,not_started,not_started,not_started,not_started,,,review contract and runtime dependencies
32b6a7bc236b5210,function,put_u32,"{""for"": {""resolved_path"": {""args"": {""angle_bracketed"": {""args"": [{""type"": {""generic"": ""T""}}], ""constraints"": []}}, ""id"": 270, ""path"": ""alloc::boxed::Box""}}, ""trait"": {""args"": null, ""id"": 403, ""path"": ""BufMut""}}","""default""",src/buf/buf_mut.rs,1482:5-1482:28,5eeca96f3ccc95444e85219aa072f11d628bf9ae7df8adcaf5f49dadafa5f9f7,std;x86_64-unknown-linux-gnu,,not_started,not_started,not_started,not_started,not_started,,,review contract and runtime dependencies
39822be0d82b1284,function,put_slice,"{""for"": {""resolved_path"": {""args"": {""angle_bracketed"": {""args"": [{""type"": {""generic"": ""T""}}], ""constraints"": []}}, ""id"": 270, ""path"": ""alloc::boxed::Box""}}, ""trait"": {""args"": null, ""id"": 403, ""path"": ""BufMut""}}","""default""",src/buf/buf_mut.rs,1482:5-1482:28,5eeca96f3ccc95444e85219aa072f11d628bf9ae7df8adcaf5f49dadafa5f9f7,std;x86_64-unknown-linux-gnu,,not_started,not_started,not_started,not_started,not_started,,,review contract and runtime dependencies
39af37fd5c15d1fd,function,put_u16,"{""for"": {""resolved_path"": {""args"": {""angle_bracketed"": {""args"": [{""type"": {""generic"": ""T""}}], ""constraints"": []}}, ""id"": 270, ""path"": ""alloc::boxed::Box""}}, ""trait"": {""args"": null, ""id"": 403, ""path"": ""BufMut""}}","""default""",src/buf/buf_mut.rs,1482:5-1482:28,5eeca96f3ccc95444e85219aa072f11d628bf9ae7df8adcaf5f49dadafa5f9f7,std;x86_64-unknown-linux-gnu,,not_started,not_started,not_started,not_started,not_started,,,review contract and runtime dependencies
42167ab1faebaba5,function,put_i16_le,"{""for"": {""resolved_path"": {""args"": {""angle_bracketed"": {""args"": [{""type"": {""generic"": ""T""}}], ""constraints"": []}}, ""id"": 270, ""path"": ""alloc::boxed::Box""}}, ""trait"": {""args"": null, ""id"": 403, ""path"": ""BufMut""}}","""default""",src/buf/buf_mut.rs,1482:5-1482:28,5eeca96f3ccc95444e85219aa072f11d628bf9ae7df8adcaf5f49dadafa5f9f7,std;x86_64-unknown-linux-gnu,,not_started,not_started,not_started,not_started,not_started,,,review contract and runtime dependencies
499da099160db1f4,function,put_i32_ne,"{""for"": {""resolved_path"": {""args"": {""angle_bracketed"": {""args"": [{""type"": {""generic"": ""T""}}], ""constraints"": []}}, ""id"": 270, ""path"": ""alloc::boxed::Box""}}, ""trait"": {""args"": null, ""id"": 403, ""path"": ""BufMut""}}","""default""",src/buf/buf_mut.rs,1482:5-1482:28,5eeca96f3ccc95444e85219aa072f11d628bf9ae7df8adcaf5f49dadafa5f9f7,std;x86_64-unknown-linux-gnu,,not_started,not_started,not_started,not_started,not_started,,,review contract and runtime dependencies
52c247cb5093db08,function,put_i16_ne,"{""for"": {""resolved_path"": {""args"": {""angle_bracketed"": {""args"": [{""type"": {""generic"": ""T""}}], ""constraints"": []}}, ""id"": 270, ""path"": ""alloc::boxed::Box""}}, ""trait"": {""args"": null, ""id"": 403, ""path"": ""BufMut""}}","""default""",src/buf/buf_mut.rs,1482:5-1482:28,5eeca96f3ccc95444e85219aa072f11d628bf9ae7df8adcaf5f49dadafa5f9f7,std;x86_64-unknown-linux-gnu,,not_started,not_started,not_started,not_started,not_started,,,review contract and runtime dependencies
60f3f64c82ac0b0e,function,put_u16_ne,"{""for"": {""resolved_path"": {""args"": {""angle_bracketed"": {""args"": [{""type"": {""generic"": ""T""}}], ""constraints"": []}}, ""id"": 270, ""path"": ""alloc::boxed::Box""}}, ""trait"": {""args"": null, ""id"": 403, ""path"": ""BufMut""}}","""default""",src/buf/buf_mut.rs,1482:5-1482:28,5eeca96f3ccc95444e85219aa072f11d628bf9ae7df8adcaf5f49dadafa5f9f7,std;x86_64-unknown-linux-gnu,,not_started,not_started,not_started,not_started,not_started,,,review contract and runtime dependencies
75dd443791c88091,function,chunk_mut,"{""for"": {""resolved_path"": {""args"": {""angle_bracketed"": {""args"": [{""type"": {""generic"": ""T""}}], ""constraints"": []}}, ""id"": 270, ""path"": ""alloc::boxed::Box""}}, ""trait"": {""args"": null, ""id"": 403, ""path"": ""BufMut""}}","""default""",src/buf/buf_mut.rs,1482:5-1482:28,5eeca96f3ccc95444e85219aa072f11d628bf9ae7df8adcaf5f49dadafa5f9f7,std;x86_64-unknown-linux-gnu,,not_started,not_started,not_started,not_started,not_started,,,review contract and runtime dependencies
7ca09a921b76e06d,function,put_u64_ne,"{""for"": {""resolved_path"": {""args"": {""angle_bracketed"": {""args"": [{""type"": {""generic"": ""T""}}], ""constraints"": []}}, ""id"": 270, ""path"": ""alloc::boxed::Box""}}, ""trait"": {""args"": null, ""id"": 403, ""path"": ""BufMut""}}","""default""",src/buf/buf_mut.rs,1482:5-1482:28,5eeca96f3ccc95444e85219aa072f11d628bf9ae7df8adcaf5f49dadafa5f9f7,std;x86_64-unknown-linux-gnu,,not_started,not_started,not_started,not_started,not_started,,,review contract and runtime dependencies
973231df9520b41b,function,advance_mut,"{""for"": {""resolved_path"": {""args"": {""angle_bracketed"": {""args"": [{""type"": {""generic"": ""T""}}], ""constraints"": []}}, ""id"": 270, ""path"": ""alloc::boxed::Box""}}, ""trait"": {""args"": null, ""id"": 403, ""path"": ""BufMut""}}","""default""",src/buf/buf_mut.rs,1482:5-1482:28,5eeca96f3ccc95444e85219aa072f11d628bf9ae7df8adcaf5f49dadafa5f9f7,std;x86_64-unknown-linux-gnu,,not_started,not_started,not_started,not_started,not_started,,,review contract and runtime dependencies
9e2b0c9c75e24500,function,put_i16,"{""for"": {""resolved_path"": {""args"": {""angle_bracketed"": {""args"": [{""type"": {""generic"": ""T""}}], ""constraints"": []}}, ""id"": 270, ""path"": ""alloc::boxed::Box""}}, ""trait"": {""args"": null, ""id"": 403, ""path"": ""BufMut""}}","""default""",src/buf/buf_mut.rs,1482:5-1482:28,5eeca96f3ccc95444e85219aa072f11d628bf9ae7df8adcaf5f49dadafa5f9f7,std;x86_64-unknown-linux-gnu,,not_started,not_started,not_started,not_started,not_started,,,review contract and runtime dependencies
ac435bfd91e1dd74,function,put_u8,"{""for"": {""resolved_path"": {""args"": {""angle_bracketed"": {""args"": [{""type"": {""generic"": ""T""}}], ""constraints"": []}}, ""id"": 270, ""path"": ""alloc::boxed::Box""}}, ""trait"": {""args"": null, ""id"": 403, ""path"": ""BufMut""}}","""default""",src/buf/buf_mut.rs,1482:5-1482:28,5eeca96f3ccc95444e85219aa072f11d628bf9ae7df8adcaf5f49dadafa5f9f7,std;x86_64-unknown-linux-gnu,,not_started,not_started,not_started,not_started,not_started,,,review contract and runtime dependencies
c1fa0624ad008537,function,put_u32_le,"{""for"": {""resolved_path"": {""args"": {""angle_bracketed"": {""args"": [{""type"": {""generic"": ""T""}}], ""constraints"": []}}, ""id"": 270, ""path"": ""alloc::boxed::Box""}}, ""trait"": {""args"": null, ""id"": 403, ""path"": ""BufMut""}}","""default""",src/buf/buf_mut.rs,1482:5-1482:28,5eeca96f3ccc95444e85219aa072f11d628bf9ae7df8adcaf5f49dadafa5f9f7,std;x86_64-unknown-linux-gnu,,not_started,not_started,not_started,not_started,not_started,,,review contract and runtime dependencies
e1161f4d2e8fa839,function,put_i8,"{""for"": {""resolved_path"": {""args"": {""angle_bracketed"": {""args"": [{""type"": {""generic"": ""T""}}], ""constraints"": []}}, ""id"": 270, ""path"": ""alloc::boxed::Box""}}, ""trait"": {""args"": null, ""id"": 403, ""path"": ""BufMut""}}","""default""",src/buf/buf_mut.rs,1482:5-1482:28,5eeca96f3ccc95444e85219aa072f11d628bf9ae7df8adcaf5f49dadafa5f9f7,std;x86_64-unknown-linux-gnu,,not_started,not_started,not_started,not_started,not_started,,,review contract and runtime dependencies
e67a8f1945a7d0c1,function,put_u64,"{""for"": {""resolved_path"": {""args"": {""angle_bracketed"": {""args"": [{""type"": {""generic"": ""T""}}], ""constraints"": []}}, ""id"": 270, ""path"": ""alloc::boxed::Box""}}, ""trait"": {""args"": null, ""id"": 403, ""path"": ""BufMut""}}","""default""",src/buf/buf_mut.rs,1482:5-1482:28,5eeca96f3ccc95444e85219aa072f11d628bf9ae7df8adcaf5f49dadafa5f9f7,std;x86_64-unknown-linux-gnu,,not_started,not_started,not_started,not_started,not_started,,,review contract and runtime dependencies
f2accc264b581723,function,put_u32_ne,"{""for"": {""resolved_path"": {""args"": {""angle_bracketed"": {""args"": [{""type"": {""generic"": ""T""}}], ""constraints"": []}}, ""id"": 270, ""path"": ""alloc::boxed::Box""}}, ""trait"": {""args"": null, ""id"": 403, ""path"": ""BufMut""}}","""default""",src/buf/buf_mut.rs,1482:5-1482:28,5eeca96f3ccc95444e85219aa072f11d628bf9ae7df8adcaf5f49dadafa5f9f7,std;x86_64-unknown-linux-gnu,,not_started,not_started,not_started,not_started,not_started,,,review contract and runtime dependencies
f3a8f4b3d212ef31,function,put_i32,"{""for"": {""resolved_path"": {""args"": {""angle_bracketed"": {""args"": [{""type"": {""generic"": ""T""}}], ""constraints"": []}}, ""id"": 270, ""path"": ""alloc::boxed::Box""}}, ""trait"": {""args"": null, ""id"": 403, ""path"": ""BufMut""}}","""default""",src/buf/buf_mut.rs,1482:5-1482:28,5eeca96f3ccc95444e85219aa072f11d628bf9ae7df8adcaf5f49dadafa5f9f7,std;x86_64-unknown-linux-gnu,,not_started,not_started,not_started,not_started,not_started,,,review contract and runtime dependencies
f5ba72785940e1c4,function,put_i64_le,"{""for"": {""resolved_path"": {""args"": {""angle_bracketed"": {""args"": [{""type"": {""generic"": ""T""}}], ""constraints"": []}}, ""id"": 270, ""path"": ""alloc::boxed::Box""}}, ""trait"": {""args"": null, ""id"": 403, ""path"": ""BufMut""}}","""default""",src/buf/buf_mut.rs,1482:5-1482:28,5eeca96f3ccc95444e85219aa072f11d628bf9ae7df8adcaf5f49dadafa5f9f7,std;x86_64-unknown-linux-gnu,,not_started,not_started,not_started,not_started,not_started,,,review contract and runtime dependencies
f70a15752f2cac87,function,remaining_mut,"{""for"": {""resolved_path"": {""args"": {""angle_bracketed"": {""args"": [{""type"": {""generic"": ""T""}}], ""constraints"": []}}, ""id"": 270, ""path"": ""alloc::boxed::Box""}}, ""trait"": {""args"": null, ""id"": 403, ""path"": ""BufMut""}}","""default""",src/buf/buf_mut.rs,1482:5-1482:28,5eeca96f3ccc95444e85219aa072f11d628bf9ae7df8adcaf5f49dadafa5f9f7,std;x86_64-unknown-linux-gnu,,not_started,not_started,not_started,not_started,not_started,,,review contract and runtime dependencies
fdc7a61de31855aa,function,put_i32_le,"{""for"": {""resolved_path"": {""args"": {""angle_bracketed"": {""args"": [{""type"": {""generic"": ""T""}}], ""constraints"": []}}, ""id"": 270, ""path"": ""alloc::boxed::Box""}}, ""trait"": {""args"": null, ""id"": 403, ""path"": ""BufMut""}}","""default""",src/buf/buf_mut.rs,1482:5-1482:28,5eeca96f3ccc95444e85219aa072f11d628bf9ae7df8adcaf5f49dadafa5f9f7,std;x86_64-unknown-linux-gnu,,not_started,not_started,not_started,not_started,not_started,,,review contract and runtime dependencies
fe74acf2becc7551,function,put_i64_ne,"{""for"": {""resolved_path"": {""args"": {""angle_bracketed"": {""args"": [{""type"": {""generic"": ""T""}}], ""constraints"": []}}, ""id"": 270, ""path"": ""alloc::boxed::Box""}}, ""trait"": {""args"": null, ""id"": 403, ""path"": ""BufMut""}}","""default""",src/buf/buf_mut.rs,1482:5-1482:28,5eeca96f3ccc95444e85219aa072f11d628bf9ae7df8adcaf5f49dadafa5f9f7,std;x86_64-unknown-linux-gnu,,not_started,not_started,not_started,not_started,not_started,,,review contract and runtime dependencies
0690c9b32a9e3479,impl,impl,,"""default""",src/buf/buf_mut.rs,1485:1-1531:2,5eeca96f3ccc95444e85219aa072f11d628bf9ae7df8adcaf5f49dadafa5f9f7,std;x86_64-unknown-linux-gnu,,not_started,not_started,not_started,not_started,not_started,,,review contract and runtime dependencies
cd19efee2aab4b4a,function,remaining_mut,"{""for"": {""borrowed_ref"": {""is_mutable"": true, ""lifetime"": null, ""type"": {""slice"": {""primitive"": ""u8""}}}}, ""trait"": {""args"": null, ""id"": 403, ""path"": ""BufMut""}}","""default""",src/buf/buf_mut.rs,1487:5-1489:6,5eeca96f3ccc95444e85219aa072f11d628bf9ae7df8adcaf5f49dadafa5f9f7,std;x86_64-unknown-linux-gnu,,not_started,not_started,not_started,not_started,not_started,,,review contract and runtime dependencies
edf07f85bfab5185,function,chunk_mut,"{""for"": {""borrowed_ref"": {""is_mutable"": true, ""lifetime"": null, ""type"": {""slice"": {""primitive"": ""u8""}}}}, ""trait"": {""args"": null, ""id"": 403, ""path"": ""BufMut""}}","""default""",src/buf/buf_mut.rs,1492:5-1494:6,5eeca96f3ccc95444e85219aa072f11d628bf9ae7df8adcaf5f49dadafa5f9f7,std;x86_64-unknown-linux-gnu,,not_started,not_started,not_started,not_started,not_started,,,review contract and runtime dependencies
3892575d588c171f,function,advance_mut,"{""for"": {""borrowed_ref"": {""is_mutable"": true, ""lifetime"": null, ""type"": {""slice"": {""primitive"": ""u8""}}}}, ""trait"": {""args"": null, ""id"": 403, ""path"": ""BufMut""}}","""default""",src/buf/buf_mut.rs,1497:5-1506:6,5eeca96f3ccc95444e85219aa072f11d628bf9ae7df8adcaf5f49dadafa5f9f7,std;x86_64-unknown-linux-gnu,,not_started,not_started,not_started,not_started,not_started,,,review contract and runtime dependencies
3df6c02073ec8953,function,put_slice,"{""for"": {""borrowed_ref"": {""is_mutable"": true, ""lifetime"": null, ""type"": {""slice"": {""primitive"": ""u8""}}}}, ""trait"": {""args"": null, ""id"": 403, ""path"": ""BufMut""}}","""default""",src/buf/buf_mut.rs,1509:5-1518:6,5eeca96f3ccc95444e85219aa072f11d628bf9ae7df8adcaf5f49dadafa5f9f7,std;x86_64-unknown-linux-gnu,,not_started,not_started,not_started,not_started,not_started,,,review contract and runtime dependencies
8a333a158692e7e4,function,put_bytes,"{""for"": {""borrowed_ref"": {""is_mutable"": true, ""lifetime"": null, ""type"": {""slice"": {""primitive"": ""u8""}}}}, ""trait"": {""args"": null, ""id"": 403, ""path"": ""BufMut""}}","""default""",src/buf/buf_mut.rs,1521:5-1530:6,5eeca96f3ccc95444e85219aa072f11d628bf9ae7df8adcaf5f49dadafa5f9f7,std;x86_64-unknown-linux-gnu,,not_started,not_started,not_started,not_started,not_started,,,review contract and runtime dependencies
d2030bab1c1ce869,impl,impl,,"""default""",src/buf/buf_mut.rs,1533:1-1579:2,5eeca96f3ccc95444e85219aa072f11d628bf9ae7df8adcaf5f49dadafa5f9f7,std;x86_64-unknown-linux-gnu,,not_started,not_started,not_started,not_started,not_started,,,review contract and runtime dependencies
54146e272b719760,function,remaining_mut,"{""for"": {""borrowed_ref"": {""is_mutable"": true, ""lifetime"": null, ""type"": {""slice"": {""resolved_path"": {""args"": {""angle_bracketed"": {""args"": [{""type"": {""primitive"": ""u8""}}], ""constraints"": []}}, ""id"": 466, ""path"": ""core::mem::MaybeUninit""}}}}}, ""trait"": {""args"": null, ""id"": 403, ""path"": ""BufMut""}}","""default""",src/buf/buf_mut.rs,1535:5-1537:6,5eeca96f3ccc95444e85219aa072f11d628bf9ae7df8adcaf5f49dadafa5f9f7,std;x86_64-unknown-linux-gnu,,not_started,not_started,not_started,not_started,not_started,,,review contract and runtime dependencies
5799c8b00f1fdc32,function,chunk_mut,"{""for"": {""borrowed_ref"": {""is_mutable"": true, ""lifetime"": null, ""type"": {""slice"": {""resolved_path"": {""args"": {""angle_bracketed"": {""args"": [{""type"": {""primitive"": ""u8""}}], ""constraints"": []}}, ""id"": 466, ""path"": ""core::mem::MaybeUninit""}}}}}, ""trait"": {""args"": null, ""id"": 403, ""path"": ""BufMut""}}","""default""",src/buf/buf_mut.rs,1540:5-1542:6,5eeca96f3ccc95444e85219aa072f11d628bf9ae7df8adcaf5f49dadafa5f9f7,std;x86_64-unknown-linux-gnu,,not_started,not_started,not_started,not_started,not_started,,,review contract and runtime dependencies
ba426e86be30d66a,function,advance_mut,"{""for"": {""borrowed_ref"": {""is_mutable"": true, ""lifetime"": null, ""type"": {""slice"": {""resolved_path"": {""args"": {""angle_bracketed"": {""args"": [{""type"": {""primitive"": ""u8""}}], ""constraints"": []}}, ""id"": 466, ""path"": ""core::mem::MaybeUninit""}}}}}, ""trait"": {""args"": null, ""id"": 403, ""path"": ""BufMut""}}","""default""",src/buf/buf_mut.rs,1545:5-1554:6,5eeca96f3ccc95444e85219aa072f11d628bf9ae7df8adcaf5f49dadafa5f9f7,std;x86_64-unknown-linux-gnu,,not_started,not_started,not_started,not_started,not_started,,,review contract and runtime dependencies
742e584852907b61,function,put_slice,"{""for"": {""borrowed_ref"": {""is_mutable"": true, ""lifetime"": null, ""type"": {""slice"": {""resolved_path"": {""args"": {""angle_bracketed"": {""args"": [{""type"": {""primitive"": ""u8""}}], ""constraints"": []}}, ""id"": 466, ""path"": ""core::mem::MaybeUninit""}}}}}, ""trait"": {""args"": null, ""id"": 403, ""path"": ""BufMut""}}","""default""",src/buf/buf_mut.rs,1557:5-1566:6,5eeca96f3ccc95444e85219aa072f11d628bf9ae7df8adcaf5f49dadafa5f9f7,std;x86_64-unknown-linux-gnu,,not_started,not_started,not_started,not_started,not_started,,,review contract and runtime dependencies
3c37f262993138f2,function,put_bytes,"{""for"": {""borrowed_ref"": {""is_mutable"": true, ""lifetime"": null, ""type"": {""slice"": {""resolved_path"": {""args"": {""angle_bracketed"": {""args"": [{""type"": {""primitive"": ""u8""}}], ""constraints"": []}}, ""id"": 466, ""path"": ""core::mem::MaybeUninit""}}}}}, ""trait"": {""args"": null, ""id"": 403, ""path"": ""BufMut""}}","""default""",src/buf/buf_mut.rs,1569:5-1578:6,5eeca96f3ccc95444e85219aa072f11d628bf9ae7df8adcaf5f49dadafa5f9f7,std;x86_64-unknown-linux-gnu,,not_started,not_started,not_started,not_started,not_started,,,review contract and runtime dependencies
44ecc4cc4b3feba0,impl,impl,,"""default""",src/buf/buf_mut.rs,1581:1-1649:2,5eeca96f3ccc95444e85219aa072f11d628bf9ae7df8adcaf5f49dadafa5f9f7,std;x86_64-unknown-linux-gnu,,not_started,not_started,not_started,not_started,not_started,,,review contract and runtime dependencies
ad7d756fad762036,function,remaining_mut,"{""for"": {""resolved_path"": {""args"": {""angle_bracketed"": {""args"": [{""type"": {""primitive"": ""u8""}}], ""constraints"": []}}, ""id"": 474, ""path"": ""alloc::vec::Vec""}}, ""trait"": {""args"": null, ""id"": 403, ""path"": ""BufMut""}}","""default""",src/buf/buf_mut.rs,1583:5-1586:6,5eeca96f3ccc95444e85219aa072f11d628bf9ae7df8adcaf5f49dadafa5f9f7,std;x86_64-unknown-linux-gnu,,not_started,not_started,not_started,not_started,not_started,,,review contract and runtime dependencies
09208b3a0e45ecae,function,advance_mut,"{""for"": {""resolved_path"": {""args"": {""angle_bracketed"": {""args"": [{""type"": {""primitive"": ""u8""}}], ""constraints"": []}}, ""id"": 474, ""path"": ""alloc::vec::Vec""}}, ""trait"": {""args"": null, ""id"": 403, ""path"": ""BufMut""}}","""default""",src/buf/buf_mut.rs,1589:5-1602:6,5eeca96f3ccc95444e85219aa072f11d628bf9ae7df8adcaf5f49dadafa5f9f7,std;x86_64-unknown-linux-gnu,,not_started,not_started,not_started,not_started,not_started,,,review contract and runtime dependencies
f156b6e424df36f6,function,chunk_mut,"{""for"": {""resolved_path"": {""args"": {""angle_bracketed"": {""args"": [{""type"": {""primitive"": ""u8""}}], ""constraints"": []}}, ""id"": 474, ""path"": ""alloc::vec::Vec""}}, ""trait"": {""args"": null, ""id"": 403, ""path"": ""BufMut""}}","""default""",src/buf/buf_mut.rs,1605:5-1618:6,5eeca96f3ccc95444e85219aa072f11d628bf9ae7df8adcaf5f49dadafa5f9f7,std;x86_64-unknown-linux-gnu,,not_started,not_started,not_started,not_started,not_started,,,review contract and runtime dependencies
ae20d9459115a8b5,function,put,"{""for"": {""resolved_path"": {""args"": {""angle_bracketed"": {""args"": [{""type"": {""primitive"": ""u8""}}], ""constraints"": []}}, ""id"": 474, ""path"": ""alloc::vec::Vec""}}, ""trait"": {""args"": null, ""id"": 403, ""path"": ""BufMut""}}","""default""",src/buf/buf_mut.rs,1623:5-1636:6,5eeca96f3ccc95444e85219aa072f11d628bf9ae7df8adcaf5f49dadafa5f9f7,std;x86_64-unknown-linux-gnu,,not_started,not_started,not_started,not_started,not_started,,,review contract and runtime dependencies
1de9cdc1494baa33,function,put_slice,"{""for"": {""resolved_path"": {""args"": {""angle_bracketed"": {""args"": [{""type"": {""primitive"": ""u8""}}], ""constraints"": []}}, ""id"": 474, ""path"": ""alloc::vec::Vec""}}, ""trait"": {""args"": null, ""id"": 403, ""path"": ""BufMut""}}","""default""",src/buf/buf_mut.rs,1639:5-1641:6,5eeca96f3ccc95444e85219aa072f11d628bf9ae7df8adcaf5f49dadafa5f9f7,std;x86_64-unknown-linux-gnu,,not_started,not_started,not_started,not_started,not_started,,,review contract and runtime dependencies
272b05c8fb543546,function,put_bytes,"{""for"": {""resolved_path"": {""args"": {""angle_bracketed"": {""args"": [{""type"": {""primitive"": ""u8""}}], ""constraints"": []}}, ""id"": 474, ""path"": ""alloc::vec::Vec""}}, ""trait"": {""args"": null, ""id"": 403, ""path"": ""BufMut""}}","""default""",src/buf/buf_mut.rs,1644:5-1648:6,5eeca96f3ccc95444e85219aa072f11d628bf9ae7df8adcaf5f49dadafa5f9f7,std;x86_64-unknown-linux-gnu,,not_started,not_started,not_started,not_started,not_started,,,review contract and runtime dependencies
aa4417a71db70fbf,function,_assert_trait_object,,"{""restricted"": {""parent"": 492, ""path"": ""::buf::buf_mut""}}",src/buf/buf_mut.rs,1653:1-1653:44,5eeca96f3ccc95444e85219aa072f11d628bf9ae7df8adcaf5f49dadafa5f9f7,std;x86_64-unknown-linux-gnu,,not_started,not_started,not_started,not_started,not_started,,,review contract and runtime dependencies
5b8ccdb06b445f2a,function,chunk_mut,BufMut,"""default""",src/buf/buf_mut.rs,179:5-179:49,5eeca96f3ccc95444e85219aa072f11d628bf9ae7df8adcaf5f49dadafa5f9f7,std;x86_64-unknown-linux-gnu,,not_started,not_started,not_started,not_started,not_started,,,review contract and runtime dependencies
bf83dbb0afbc6304,function,put,BufMut,"""default""",src/buf/buf_mut.rs,202:5-224:6,5eeca96f3ccc95444e85219aa072f11d628bf9ae7df8adcaf5f49dadafa5f9f7,std;x86_64-unknown-linux-gnu,,not_started,not_started,not_started,not_started,not_started,,,review contract and runtime dependencies
5ce15cae9024951c,function,put_slice,BufMut,"""default""",src/buf/buf_mut.rs,246:5-264:6,5eeca96f3ccc95444e85219aa072f11d628bf9ae7df8adcaf5f49dadafa5f9f7,std;x86_64-unknown-linux-gnu,,not_started,not_started,not_started,not_started,not_started,,,review contract and runtime dependencies
4e61e7374f2479fc,function,put_bytes,BufMut,"""default""",src/buf/buf_mut.rs,292:5-309:6,5eeca96f3ccc95444e85219aa072f11d628bf9ae7df8adcaf5f49dadafa5f9f7,std;x86_64-unknown-linux-gnu,,not_started,not_started,not_started,not_started,not_started,,,review contract and runtime dependencies
3876f12f6db52ff4,trait,BufMut,,"""public""",src/buf/buf_mut.rs,30:1-1351:2,5eeca96f3ccc95444e85219aa072f11d628bf9ae7df8adcaf5f49dadafa5f9f7,std;x86_64-unknown-linux-gnu,,not_started,not_started,not_started,not_started,not_started,,,review contract and runtime dependencies
ee842a3a810bc73b,function,put_u8,BufMut,"""default""",src/buf/buf_mut.rs,330:5-333:6,5eeca96f3ccc95444e85219aa072f11d628bf9ae7df8adcaf5f49dadafa5f9f7,std;x86_64-unknown-linux-gnu,,not_started,not_started,not_started,not_started,not_started,,,review contract and runtime dependencies
64b274f4aefe1eb3,function,put_i8,BufMut,"""default""",src/buf/buf_mut.rs,354:5-357:6,5eeca96f3ccc95444e85219aa072f11d628bf9ae7df8adcaf5f49dadafa5f9f7,std;x86_64-unknown-linux-gnu,,not_started,not_started,not_started,not_started,not_started,,,review contract and runtime dependencies
30d977c3330593bf,function,put_u16,BufMut,"""default""",src/buf/buf_mut.rs,378:5-380:6,5eeca96f3ccc95444e85219aa072f11d628bf9ae7df8adcaf5f49dadafa5f9f7,std;x86_64-unknown-linux-gnu,,not_started,not_started,not_started,not_started,not_started,,,review contract and runtime dependencies
60594c0c10b98ccb,function,put_u16_le,BufMut,"""default""",src/buf/buf_mut.rs,401:5-403:6,5eeca96f3ccc95444e85219aa072f11d628bf9ae7df8adcaf5f49dadafa5f9f7,std;x86_64-unknown-linux-gnu,,not_started,not_started,not_started,not_started,not_started,,,review contract and runtime dependencies
4c9cbbd228f74393,function,put_u16_ne,BufMut,"""default""",src/buf/buf_mut.rs,428:5-430:6,5eeca96f3ccc95444e85219aa072f11d628bf9ae7df8adcaf5f49dadafa5f9f7,std;x86_64-unknown-linux-gnu,,not_started,not_started,not_started,not_started,not_started,,,review contract and runtime dependencies
f02e001276c78872,function,put_i16,BufMut,"""default""",src/buf/buf_mut.rs,451:5-453:6,5eeca96f3ccc95444e85219aa072f11d628bf9ae7df8adcaf5f49dadafa5f9f7,std;x86_64-unknown-linux-gnu,,not_started,not_started,not_started,not_started,not_started,,,review contract and runtime dependencies
84286eb02aad135b,function,put_i16_le,BufMut,"""default""",src/buf/buf_mut.rs,474:5-476:6,5eeca96f3ccc95444e85219aa072f11d628bf9ae7df8adcaf5f49dadafa5f9f7,std;x86_64-unknown-linux-gnu,,not_started,not_started,not_started,not_started,not_started,,,review contract and runtime dependencies
6f3f1da8c3f8ecae,function,put_i16_ne,BufMut,"""default""",src/buf/buf_mut.rs,501:5-503:6,5eeca96f3ccc95444e85219aa072f11d628bf9ae7df8adcaf5f49dadafa5f9f7,std;x86_64-unknown-linux-gnu,,not_started,not_started,not_started,not_started,not_started,,,review contract and runtime dependencies
16380215cf387d83,function,put_u32,BufMut,"""default""",src/buf/buf_mut.rs,524:5-526:6,5eeca96f3ccc95444e85219aa072f11d628bf9ae7df8adcaf5f49dadafa5f9f7,std;x86_64-unknown-linux-gnu,,not_started,not_started,not_started,not_started,not_started,,,review contract and runtime dependencies
8702df67c2362d78,function,put_u32_le,BufMut,"""default""",src/buf/buf_mut.rs,547:5-549:6,5eeca96f3ccc95444e85219aa072f11d628bf9ae7df8adcaf5f49dadafa5f9f7,std;x86_64-unknown-linux-gnu,,not_started,not_started,not_started,not_started,not_started,,,review contract and runtime dependencies
604592e5fbc95de2,function,put_u32_ne,BufMut,"""default""",src/buf/buf_mut.rs,574:5-576:6,5eeca96f3ccc95444e85219aa072f11d628bf9ae7df8adcaf5f49dadafa5f9f7,std;x86_64-unknown-linux-gnu,,not_started,not_started,not_started,not_started,not_started,,,review contract and runtime dependencies
138d573013134ccf,function,put_i32,BufMut,"""default""",src/buf/buf_mut.rs,597:5-599:6,5eeca96f3ccc95444e85219aa072f11d628bf9ae7df8adcaf5f49dadafa5f9f7,std;x86_64-unknown-linux-gnu,,not_started,not_started,not_started,not_started,not_started,,,review contract and runtime dependencies
741e242d0683c469,function,put_i32_le,BufMut,"""default""",src/buf/buf_mut.rs,620:5-622:6,5eeca96f3ccc95444e85219aa072f11d628bf9ae7df8adcaf5f49dadafa5f9f7,std;x86_64-unknown-linux-gnu,,not_started,not_started,not_started,not_started,not_started,,,review contract and runtime dependencies
074e438a53c4fb8a,function,put_i32_ne,BufMut,"""default""",src/buf/buf_mut.rs,647:5-649:6,5eeca96f3ccc95444e85219aa072f11d628bf9ae7df8adcaf5f49dadafa5f9f7,std;x86_64-unknown-linux-gnu,,not_started,not_started,not_started,not_started,not_started,,,review contract and runtime dependencies
4f6b52b798c8f74b,function,remaining_mut,BufMut,"""default""",src/buf/buf_mut.rs,64:5-64:38,5eeca96f3ccc95444e85219aa072f11d628bf9ae7df8adcaf5f49dadafa5f9f7,std;x86_64-unknown-linux-gnu,,not_started,not_started,not_started,not_started,not_started,,,review contract and runtime dependencies
b2b67e050fb89e1e,function,put_u64,BufMut,"""default""",src/buf/buf_mut.rs,670:5-672:6,5eeca96f3ccc95444e85219aa072f11d628bf9ae7df8adcaf5f49dadafa5f9f7,std;x86_64-unknown-linux-gnu,,not_started,not_started,not_started,not_started,not_started,,,review contract and runtime dependencies
23b705ec97d17437,function,put_u64_le,BufMut,"""default""",src/buf/buf_mut.rs,693:5-695:6,5eeca96f3ccc95444e85219aa072f11d628bf9ae7df8adcaf5f49dadafa5f9f7,std;x86_64-unknown-linux-gnu,,not_started,not_started,not_started,not_started,not_started,,,review contract and runtime dependencies
676e7c1abeb616cc,function,put_u64_ne,BufMut,"""default""",src/buf/buf_mut.rs,720:5-722:6,5eeca96f3ccc95444e85219aa072f11d628bf9ae7df8adcaf5f49dadafa5f9f7,std;x86_64-unknown-linux-gnu,,not_started,not_started,not_started,not_started,not_started,,,review contract and runtime dependencies
c83b0a7052ee8adb,function,put_i64,BufMut,"""default""",src/buf/buf_mut.rs,743:5-745:6,5eeca96f3ccc95444e85219aa072f11d628bf9ae7df8adcaf5f49dadafa5f9f7,std;x86_64-unknown-linux-gnu,,not_started,not_started,not_started,not_started,not_started,,,review contract and runtime dependencies
57720449b8923de9,function,put_i64_le,BufMut,"""default""",src/buf/buf_mut.rs,766:5-768:6,5eeca96f3ccc95444e85219aa072f11d628bf9ae7df8adcaf5f49dadafa5f9f7,std;x86_64-unknown-linux-gnu,,not_started,not_started,not_started,not_started,not_started,,,review contract and runtime dependencies
d7fbdfd41bc65bcd,function,put_i64_ne,BufMut,"""default""",src/buf/buf_mut.rs,793:5-795:6,5eeca96f3ccc95444e85219aa072f11d628bf9ae7df8adcaf5f49dadafa5f9f7,std;x86_64-unknown-linux-gnu,,not_started,not_started,not_started,not_started,not_started,,,review contract and runtime dependencies
1c7300ab1e1979f4,function,put_u128,BufMut,"""default""",src/buf/buf_mut.rs,816:5-818:6,5eeca96f3ccc95444e85219aa072f11d628bf9ae7df8adcaf5f49dadafa5f9f7,std;x86_64-unknown-linux-gnu,,not_started,not_started,not_started,not_started,not_started,,,review contract and runtime dependencies
26474bf970fabc30,function,put_u128_le,BufMut,"""default""",src/buf/buf_mut.rs,839:5-841:6,5eeca96f3ccc95444e85219aa072f11d628bf9ae7df8adcaf5f49dadafa5f9f7,std;x86_64-unknown-linux-gnu,,not_started,not_started,not_started,not_started,not_started,,,review contract and runtime dependencies
b5f123d07d48423b,function,put_u128_ne,BufMut,"""default""",src/buf/buf_mut.rs,866:5-868:6,5eeca96f3ccc95444e85219aa072f11d628bf9ae7df8adcaf5f49dadafa5f9f7,std;x86_64-unknown-linux-gnu,,not_started,not_started,not_started,not_started,not_started,,,review contract and runtime dependencies
ed7b559ff6197076,function,put_i128,BufMut,"""default""",src/buf/buf_mut.rs,889:5-891:6,5eeca96f3ccc95444e85219aa072f11d628bf9ae7df8adcaf5f49dadafa5f9f7,std;x86_64-unknown-linux-gnu,,not_started,not_started,not_started,not_started,not_started,,,review contract and runtime dependencies
9cb12395a9e36f5d,function,put_i128_le,BufMut,"""default""",src/buf/buf_mut.rs,912:5-914:6,5eeca96f3ccc95444e85219aa072f11d628bf9ae7df8adcaf5f49dadafa5f9f7,std;x86_64-unknown-linux-gnu,,not_started,not_started,not_started,not_started,not_started,,,review contract and runtime dependencies
6aad1f1077067f0a,function,put_i128_ne,BufMut,"""default""",src/buf/buf_mut.rs,939:5-941:6,5eeca96f3ccc95444e85219aa072f11d628bf9ae7df8adcaf5f49dadafa5f9f7,std;x86_64-unknown-linux-gnu,,not_started,not_started,not_started,not_started,not_started,,,review contract and runtime dependencies
bdf60b0bbd053030,function,put_uint,BufMut,"""default""",src/buf/buf_mut.rs,962:5-969:6,5eeca96f3ccc95444e85219aa072f11d628bf9ae7df8adcaf5f49dadafa5f9f7,std;x86_64-unknown-linux-gnu,,not_started,not_started,not_started,not_started,not_started,,,review contract and runtime dependencies
3bcdc657a05a3abc,function,put_uint_le,BufMut,"""default""",src/buf/buf_mut.rs,990:5-998:6,5eeca96f3ccc95444e85219aa072f11d628bf9ae7df8adcaf5f49dadafa5f9f7,std;x86_64-unknown-linux-gnu,,not_started,not_started,not_started,not_started,not_started,,,review contract and runtime dependencies
9f0a7be702f77694,function,last_mut,"{""for"": {""resolved_path"": {""args"": {""angle_bracketed"": {""args"": [{""type"": {""generic"": ""T""}}, {""type"": {""generic"": ""U""}}], ""constraints"": []}}, ""id"": 96, ""path"": ""Chain""}}, ""trait"": null}","""public""",src/buf/chain.rs,107:5-109:6,1f4cf00a161825ede86090da95942bdddfb6fa88e3b07d0a4af1ddf56c54406c,std;x86_64-unknown-linux-gnu,,not_started,not_started,not_started,not_started,not_started,,,review contract and runtime dependencies
95b194be015e882d,function,into_inner,"{""for"": {""resolved_path"": {""args"": {""angle_bracketed"": {""args"": [{""type"": {""generic"": ""T""}}, {""type"": {""generic"": ""U""}}], ""constraints"": []}}, ""id"": 96, ""path"": ""Chain""}}, ""trait"": null}","""public""",src/buf/chain.rs,125:5-127:6,1f4cf00a161825ede86090da95942bdddfb6fa88e3b07d0a4af1ddf56c54406c,std;x86_64-unknown-linux-gnu,,not_started,not_started,not_started,not_started,not_started,,,review contract and runtime dependencies
1fa9ae7beedc97c6,impl,impl,,"""default""",src/buf/chain.rs,130:1-189:2,1f4cf00a161825ede86090da95942bdddfb6fa88e3b07d0a4af1ddf56c54406c,std;x86_64-unknown-linux-gnu,,not_started,not_started,not_started,not_started,not_started,,,review contract and runtime dependencies
8443c9d58472f972,function,remaining,"{""for"": {""resolved_path"": {""args"": {""angle_bracketed"": {""args"": [{""type"": {""generic"": ""T""}}, {""type"": {""generic"": ""U""}}], ""constraints"": []}}, ""id"": 96, ""path"": ""Chain""}}, ""trait"": {""args"": null, ""id"": 97, ""path"": ""Buf""}}","""default""",src/buf/chain.rs,135:5-137:6,1f4cf00a161825ede86090da95942bdddfb6fa88e3b07d0a4af1ddf56c54406c,std;x86_64-unknown-linux-gnu,,not_started,not_started,not_started,not_started,not_started,,,review contract and runtime dependencies
290c83806e66695a,function,chunk,"{""for"": {""resolved_path"": {""args"": {""angle_bracketed"": {""args"": [{""type"": {""generic"": ""T""}}, {""type"": {""generic"": ""U""}}], ""constraints"": []}}, ""id"": 96, ""path"": ""Chain""}}, ""trait"": {""args"": null, ""id"": 97, ""path"": ""Buf""}}","""default""",src/buf/chain.rs,139:5-145:6,1f4cf00a161825ede86090da95942bdddfb6fa88e3b07d0a4af1ddf56c54406c,std;x86_64-unknown-linux-gnu,,not_started,not_started,not_started,not_started,not_started,,,review contract and runtime dependencies
09d6f1d925a74424,function,advance,"{""for"": {""resolved_path"": {""args"": {""angle_bracketed"": {""args"": [{""type"": {""generic"": ""T""}}, {""type"": {""generic"": ""U""}}], ""constraints"": []}}, ""id"": 96, ""path"": ""Chain""}}, ""trait"": {""args"": null, ""id"": 97, ""path"": ""Buf""}}","""default""",src/buf/chain.rs,147:5-163:6,1f4cf00a161825ede86090da95942bdddfb6fa88e3b07d0a4af1ddf56c54406c,std;x86_64-unknown-linux-gnu,,not_started,not_started,not_started,not_started,not_started,,,review contract and runtime dependencies
7a268161322e9dfc,function,chunks_vectored,"{""for"": {""resolved_path"": {""args"": {""angle_bracketed"": {""args"": [{""type"": {""generic"": ""T""}}, {""type"": {""generic"": ""U""}}], ""constraints"": []}}, ""id"": 96, ""path"": ""Chain""}}, ""trait"": {""args"": null, ""id"": 97, ""path"": ""Buf""}}","""default""",src/buf/chain.rs,166:5-170:6,1f4cf00a161825ede86090da95942bdddfb6fa88e3b07d0a4af1ddf56c54406c,std;x86_64-unknown-linux-gnu,,not_started,not_started,not_started,not_started,not_started,,,review contract and runtime dependencies
2c7cac578d576c90,function,copy_to_bytes,"{""for"": {""resolved_path"": {""args"": {""angle_bracketed"": {""args"": [{""type"": {""generic"": ""T""}}, {""type"": {""generic"": ""U""}}], ""constraints"": []}}, ""id"": 96, ""path"": ""Chain""}}, ""trait"": {""args"": null, ""id"": 97, ""path"": ""Buf""}}","""default""",src/buf/chain.rs,172:5-188:6,1f4cf00a161825ede86090da95942bdddfb6fa88e3b07d0a4af1ddf56c54406c,std;x86_64-unknown-linux-gnu,,not_started,not_started,not_started,not_started,not_started,,,review contract and runtime dependencies
e19b5258c3d2f4b2,impl,impl,,"""default""",src/buf/chain.rs,191:1-225:2,1f4cf00a161825ede86090da95942bdddfb6fa88e3b07d0a4af1ddf56c54406c,std;x86_64-unknown-linux-gnu,,not_started,not_started,not_started,not_started,not_started,,,review contract and runtime dependencies
e1cbabc5954cdc09,function,remaining_mut,"{""for"": {""resolved_path"": {""args"": {""angle_bracketed"": {""args"": [{""type"": {""generic"": ""T""}}, {""type"": {""generic"": ""U""}}], ""constraints"": []}}, ""id"": 96, ""path"": ""Chain""}}, ""trait"": {""args"": null, ""id"": 403, ""path"": ""BufMut""}}","""default""",src/buf/chain.rs,196:5-198:6,1f4cf00a161825ede86090da95942bdddfb6fa88e3b07d0a4af1ddf56c54406c,std;x86_64-unknown-linux-gnu,,not_started,not_started,not_started,not_started,not_started,,,review contract and runtime dependencies
664beb88ec637e85,function,chunk_mut,"{""for"": {""resolved_path"": {""args"": {""angle_bracketed"": {""args"": [{""type"": {""generic"": ""T""}}, {""type"": {""generic"": ""U""}}], ""constraints"": []}}, ""id"": 96, ""path"": ""Chain""}}, ""trait"": {""args"": null, ""id"": 403, ""path"": ""BufMut""}}","""default""",src/buf/chain.rs,200:5-206:6,1f4cf00a161825ede86090da95942bdddfb6fa88e3b07d0a4af1ddf56c54406c,std;x86_64-unknown-linux-gnu,,not_started,not_started,not_started,not_started,not_started,,,review contract and runtime dependencies
8b79b2b20d5e0c1a,function,advance_mut,"{""for"": {""resolved_path"": {""args"": {""angle_bracketed"": {""args"": [{""type"": {""generic"": ""T""}}, {""type"": {""generic"": ""U""}}], ""constraints"": []}}, ""id"": 96, ""path"": ""Chain""}}, ""trait"": {""args"": null, ""id"": 403, ""path"": ""BufMut""}}","""default""",src/buf/chain.rs,208:5-224:6,1f4cf00a161825ede86090da95942bdddfb6fa88e3b07d0a4af1ddf56c54406c,std;x86_64-unknown-linux-gnu,,not_started,not_started,not_started,not_started,not_started,,,review contract and runtime dependencies
a57d274b84119133,impl,impl,,"""default""",src/buf/chain.rs,227:1-238:2,1f4cf00a161825ede86090da95942bdddfb6fa88e3b07d0a4af1ddf56c54406c,std;x86_64-unknown-linux-gnu,,not_started,not_started,not_started,not_started,not_started,,,review contract and runtime dependencies
788f6531130fb56a,function,into_iter,"{""for"": {""resolved_path"": {""args"": {""angle_bracketed"": {""args"": [{""type"": {""generic"": ""T""}}, {""type"": {""generic"": ""U""}}], ""constraints"": []}}, ""id"": 96, ""path"": ""Chain""}}, ""trait"": {""args"": null, ""id"": 553, ""path"": ""IntoIterator""}}","""default""",src/buf/chain.rs,235:5-237:6,1f4cf00a161825ede86090da95942bdddfb6fa88e3b07d0a4af1ddf56c54406c,std;x86_64-unknown-linux-gnu,,not_started,not_started,not_started,not_started,not_started,,,review contract and runtime dependencies
5873768d726dd12c,function,fmt,"{""for"": {""resolved_path"": {""args"": {""angle_bracketed"": {""args"": [{""type"": {""generic"": ""T""}}, {""type"": {""generic"": ""U""}}], ""constraints"": []}}, ""id"": 96, ""path"": ""Chain""}}, ""trait"": {""args"": null, ""id"": 548, ""path"": ""Debug""}}","""default""",src/buf/chain.rs,29:10-29:15,1f4cf00a161825ede86090da95942bdddfb6fa88e3b07d0a4af1ddf56c54406c,std;x86_64-unknown-linux-gnu,,not_started,not_started,not_started,not_started,not_started,,,review contract and runtime dependencies
e28cda5e18325b5a,impl,impl,,"""default""",src/buf/chain.rs,29:10-29:15,1f4cf00a161825ede86090da95942bdddfb6fa88e3b07d0a4af1ddf56c54406c,std;x86_64-unknown-linux-gnu,,not_started,not_started,not_started,not_started,not_started,,,review contract and runtime dependencies
4e4eac8b419c8acd,impl,impl,,"""default""",src/buf/chain.rs,35:1-128:2,1f4cf00a161825ede86090da95942bdddfb6fa88e3b07d0a4af1ddf56c54406c,std;x86_64-unknown-linux-gnu,,not_started,not_started,not_started,not_started,not_started,,,review contract and runtime dependencies
16588bb9fd5b8f3b,function,new,"{""for"": {""resolved_path"": {""args"": {""angle_bracketed"": {""args"": [{""type"": {""generic"": ""T""}}, {""type"": {""generic"": ""U""}}], ""constraints"": []}}, ""id"": 96, ""path"": ""Chain""}}, ""trait"": null}","""crate""",src/buf/chain.rs,37:5-39:6,1f4cf00a161825ede86090da95942bdddfb6fa88e3b07d0a4af1ddf56c54406c,std;x86_64-unknown-linux-gnu,,not_started,not_started,not_started,not_started,not_started,,,review contract and runtime dependencies
7b679676ef8fa9f6,function,first_ref,"{""for"": {""resolved_path"": {""args"": {""angle_bracketed"": {""args"": [{""type"": {""generic"": ""T""}}, {""type"": {""generic"": ""U""}}], ""constraints"": []}}, ""id"": 96, ""path"": ""Chain""}}, ""trait"": null}","""public""",src/buf/chain.rs,53:5-55:6,1f4cf00a161825ede86090da95942bdddfb6fa88e3b07d0a4af1ddf56c54406c,std;x86_64-unknown-linux-gnu,,not_started,not_started,not_started,not_started,not_started,,,review contract and runtime dependencies
69a0af8c7a278103,function,first_mut,"{""for"": {""resolved_path"": {""args"": {""angle_bracketed"": {""args"": [{""type"": {""generic"": ""T""}}, {""type"": {""generic"": ""U""}}], ""constraints"": []}}, ""id"": 96, ""path"": ""Chain""}}, ""trait"": null}","""public""",src/buf/chain.rs,72:5-74:6,1f4cf00a161825ede86090da95942bdddfb6fa88e3b07d0a4af1ddf56c54406c,std;x86_64-unknown-linux-gnu,,not_started,not_started,not_started,not_started,not_started,,,review contract and runtime dependencies
1b03aea0f826246e,function,last_ref,"{""for"": {""resolved_path"": {""args"": {""angle_bracketed"": {""args"": [{""type"": {""generic"": ""T""}}, {""type"": {""generic"": ""U""}}], ""constraints"": []}}, ""id"": 96, ""path"": ""Chain""}}, ""trait"": null}","""public""",src/buf/chain.rs,88:5-90:6,1f4cf00a161825ede86090da95942bdddfb6fa88e3b07d0a4af1ddf56c54406c,std;x86_64-unknown-linux-gnu,,not_started,not_started,not_started,not_started,not_started,,,review contract and runtime dependencies
72a107558397de66,function,get_mut,"{""for"": {""resolved_path"": {""args"": {""angle_bracketed"": {""args"": [{""type"": {""generic"": ""T""}}], ""constraints"": []}}, ""id"": 551, ""path"": ""IntoIter""}}, ""trait"": null}","""public""",src/buf/iter.rs,102:5-104:6,d4dca5b7f9b1cb441f22ac1862e28b10086721879163a810955aefb5cd7f3e58,std;x86_64-unknown-linux-gnu,,not_started,not_started,not_started,not_started,not_started,,,review contract and runtime dependencies
2ae432419ed77a49,impl,impl,,"""default""",src/buf/iter.rs,107:1-125:2,d4dca5b7f9b1cb441f22ac1862e28b10086721879163a810955aefb5cd7f3e58,std;x86_64-unknown-linux-gnu,,not_started,not_started,not_started,not_started,not_started,,,review contract and runtime dependencies
6822efa924474895,function,next,"{""for"": {""resolved_path"": {""args"": {""angle_bracketed"": {""args"": [{""type"": {""generic"": ""T""}}], ""constraints"": []}}, ""id"": 551, ""path"": ""IntoIter""}}, ""trait"": {""args"": null, ""id"": 577, ""path"": ""Iterator""}}","""default""",src/buf/iter.rs,110:5-119:6,d4dca5b7f9b1cb441f22ac1862e28b10086721879163a810955aefb5cd7f3e58,std;x86_64-unknown-linux-gnu,,not_started,not_started,not_started,not_started,not_started,,,review contract and runtime dependencies
c56753bea53d079f,function,size_hint,"{""for"": {""resolved_path"": {""args"": {""angle_bracketed"": {""args"": [{""type"": {""generic"": ""T""}}], ""constraints"": []}}, ""id"": 551, ""path"": ""IntoIter""}}, ""trait"": {""args"": null, ""id"": 577, ""path"": ""Iterator""}}","""default""",src/buf/iter.rs,121:5-124:6,d4dca5b7f9b1cb441f22ac1862e28b10086721879163a810955aefb5cd7f3e58,std;x86_64-unknown-linux-gnu,,not_started,not_started,not_started,not_started,not_started,,,review contract and runtime dependencies
a58b7267d0740da3,impl,impl,,"""default""",src/buf/iter.rs,127:1-127:50,d4dca5b7f9b1cb441f22ac1862e28b10086721879163a810955aefb5cd7f3e58,std;x86_64-unknown-linux-gnu,,not_started,not_started,not_started,not_started,not_started,,,review contract and runtime dependencies
87bbb75198192a73,impl,impl,,"""default""",src/buf/iter.rs,20:10-20:15,d4dca5b7f9b1cb441f22ac1862e28b10086721879163a810955aefb5cd7f3e58,std;x86_64-unknown-linux-gnu,,not_started,not_started,not_started,not_started,not_started,,,review contract and runtime dependencies
a8e00febfc490d81,function,fmt,"{""for"": {""resolved_path"": {""args"": {""angle_bracketed"": {""args"": [{""type"": {""generic"": ""T""}}], ""constraints"": []}}, ""id"": 551, ""path"": ""IntoIter""}}, ""trait"": {""args"": null, ""id"": 548, ""path"": ""Debug""}}","""default""",src/buf/iter.rs,20:10-20:15,d4dca5b7f9b1cb441f22ac1862e28b10086721879163a810955aefb5cd7f3e58,std;x86_64-unknown-linux-gnu,,not_started,not_started,not_started,not_started,not_started,,,review contract and runtime dependencies
c498ef9afc3e2d78,impl,impl,,"""default""",src/buf/iter.rs,25:1-105:2,d4dca5b7f9b1cb441f22ac1862e28b10086721879163a810955aefb5cd7f3e58,std;x86_64-unknown-linux-gnu,,not_started,not_started,not_started,not_started,not_started,,,review contract and runtime dependencies
9d65a4af8591173e,function,new,"{""for"": {""resolved_path"": {""args"": {""angle_bracketed"": {""args"": [{""type"": {""generic"": ""T""}}], ""constraints"": []}}, ""id"": 551, ""path"": ""IntoIter""}}, ""trait"": null}","""public""",src/buf/iter.rs,41:5-43:6,d4dca5b7f9b1cb441f22ac1862e28b10086721879163a810955aefb5cd7f3e58,std;x86_64-unknown-linux-gnu,,not_started,not_started,not_started,not_started,not_started,,,review contract and runtime dependencies
aebdcbecfea3c80e,function,into_inner,"{""for"": {""resolved_path"": {""args"": {""angle_bracketed"": {""args"": [{""type"": {""generic"": ""T""}}], ""constraints"": []}}, ""id"": 551, ""path"": ""IntoIter""}}, ""trait"": null}","""public""",src/buf/iter.rs,60:5-62:6,d4dca5b7f9b1cb441f22ac1862e28b10086721879163a810955aefb5cd7f3e58,std;x86_64-unknown-linux-gnu,,not_started,not_started,not_started,not_started,not_started,,,review contract and runtime dependencies
8faacec5957e6934,function,get_ref,"{""for"": {""resolved_path"": {""args"": {""angle_bracketed"": {""args"": [{""type"": {""generic"": ""T""}}], ""constraints"": []}}, ""id"": 551, ""path"": ""IntoIter""}}, ""trait"": null}","""public""",src/buf/iter.rs,80:5-82:6,d4dca5b7f9b1cb441f22ac1862e28b10086721879163a810955aefb5cd7f3e58,std;x86_64-unknown-linux-gnu,,not_started,not_started,not_started,not_started,not_started,,,review contract and runtime dependencies
14f558abbb74081c,function,new,,"{""restricted"": {""parent"": 351, ""path"": ""::buf""}}",src/buf/limit.rs,13:1-15:2,fcee408f0f5e5db4dec4db349bff4a6f23a6c07345f8b3102b7eb7f3746766c5,std;x86_64-unknown-linux-gnu,,not_started,not_started,not_started,not_started,not_started,,,review contract and runtime dependencies
a7209e4c0d8e821f,impl,impl,,"""default""",src/buf/limit.rs,17:1-56:2,fcee408f0f5e5db4dec4db349bff4a6f23a6c07345f8b3102b7eb7f3746766c5,std;x86_64-unknown-linux-gnu,,not_started,not_started,not_started,not_started,not_started,,,review contract and runtime dependencies
050f2e92d6742f07,function,into_inner,"{""for"": {""resolved_path"": {""args"": {""angle_bracketed"": {""args"": [{""type"": {""generic"": ""T""}}], ""constraints"": []}}, ""id"": 399, ""path"": ""Limit""}}, ""trait"": null}","""public""",src/buf/limit.rs,19:5-21:6,fcee408f0f5e5db4dec4db349bff4a6f23a6c07345f8b3102b7eb7f3746766c5,std;x86_64-unknown-linux-gnu,,not_started,not_started,not_started,not_started,not_started,,,review contract and runtime dependencies
4dcb5e2aaaa52132,function,get_ref,"{""for"": {""resolved_path"": {""args"": {""angle_bracketed"": {""args"": [{""type"": {""generic"": ""T""}}], ""constraints"": []}}, ""id"": 399, ""path"": ""Limit""}}, ""trait"": null}","""public""",src/buf/limit.rs,26:5-28:6,fcee408f0f5e5db4dec4db349bff4a6f23a6c07345f8b3102b7eb7f3746766c5,std;x86_64-unknown-linux-gnu,,not_started,not_started,not_started,not_started,not_started,,,review contract and runtime dependencies
47941a27ab9c841e,function,get_mut,"{""for"": {""resolved_path"": {""args"": {""angle_bracketed"": {""args"": [{""type"": {""generic"": ""T""}}], ""constraints"": []}}, ""id"": 399, ""path"": ""Limit""}}, ""trait"": null}","""public""",src/buf/limit.rs,33:5-35:6,fcee408f0f5e5db4dec4db349bff4a6f23a6c07345f8b3102b7eb7f3746766c5,std;x86_64-unknown-linux-gnu,,not_started,not_started,not_started,not_started,not_started,,,review contract and runtime dependencies
21f60919c99438ca,function,limit,"{""for"": {""resolved_path"": {""args"": {""angle_bracketed"": {""args"": [{""type"": {""generic"": ""T""}}], ""constraints"": []}}, ""id"": 399, ""path"": ""Limit""}}, ""trait"": null}","""public""",src/buf/limit.rs,43:5-45:6,fcee408f0f5e5db4dec4db349bff4a6f23a6c07345f8b3102b7eb7f3746766c5,std;x86_64-unknown-linux-gnu,,not_started,not_started,not_started,not_started,not_started,,,review contract and runtime dependencies
49aa774e7561bc37,function,set_limit,"{""for"": {""resolved_path"": {""args"": {""angle_bracketed"": {""args"": [{""type"": {""generic"": ""T""}}], ""constraints"": []}}, ""id"": 399, ""path"": ""Limit""}}, ""trait"": null}","""public""",src/buf/limit.rs,53:5-55:6,fcee408f0f5e5db4dec4db349bff4a6f23a6c07345f8b3102b7eb7f3746766c5,std;x86_64-unknown-linux-gnu,,not_started,not_started,not_started,not_started,not_started,,,review contract and runtime dependencies
ba1644b017690c49,impl,impl,,"""default""",src/buf/limit.rs,58:1-74:2,fcee408f0f5e5db4dec4db349bff4a6f23a6c07345f8b3102b7eb7f3746766c5,std;x86_64-unknown-linux-gnu,,not_started,not_started,not_started,not_started,not_started,,,review contract and runtime dependencies
6b65ff2837ceb0d6,function,remaining_mut,"{""for"": {""resolved_path"": {""args"": {""angle_bracketed"": {""args"": [{""type"": {""generic"": ""T""}}], ""constraints"": []}}, ""id"": 399, ""path"": ""Limit""}}, ""trait"": {""args"": null, ""id"": 403, ""path"": ""BufMut""}}","""default""",src/buf/limit.rs,59:5-61:6,fcee408f0f5e5db4dec4db349bff4a6f23a6c07345f8b3102b7eb7f3746766c5,std;x86_64-unknown-linux-gnu,,not_started,not_started,not_started,not_started,not_started,,,review contract and runtime dependencies
44b70a46365a1a1c,function,chunk_mut,"{""for"": {""resolved_path"": {""args"": {""angle_bracketed"": {""args"": [{""type"": {""generic"": ""T""}}], ""constraints"": []}}, ""id"": 399, ""path"": ""Limit""}}, ""trait"": {""args"": null, ""id"": 403, ""path"": ""BufMut""}}","""default""",src/buf/limit.rs,63:5-67:6,fcee408f0f5e5db4dec4db349bff4a6f23a6c07345f8b3102b7eb7f3746766c5,std;x86_64-unknown-linux-gnu,,not_started,not_started,not_started,not_started,not_started,,,review contract and runtime dependencies
499567a93026e6cc,function,advance_mut,"{""for"": {""resolved_path"": {""args"": {""angle_bracketed"": {""args"": [{""type"": {""generic"": ""T""}}], ""constraints"": []}}, ""id"": 399, ""path"": ""Limit""}}, ""trait"": {""args"": null, ""id"": 403, ""path"": ""BufMut""}}","""default""",src/buf/limit.rs,69:5-73:6,fcee408f0f5e5db4dec4db349bff4a6f23a6c07345f8b3102b7eb7f3746766c5,std;x86_64-unknown-linux-gnu,,not_started,not_started,not_started,not_started,not_started,,,review contract and runtime dependencies
1beac3fb292d4228,impl,impl,,"""default""",src/buf/limit.rs,7:10-7:15,fcee408f0f5e5db4dec4db349bff4a6f23a6c07345f8b3102b7eb7f3746766c5,std;x86_64-unknown-linux-gnu,,not_started,not_started,not_started,not_started,not_started,,,review contract and runtime dependencies
942a6dbbc8d05dfb,function,fmt,"{""for"": {""resolved_path"": {""args"": {""angle_bracketed"": {""args"": [{""type"": {""generic"": ""T""}}], ""constraints"": []}}, ""id"": 399, ""path"": ""Limit""}}, ""trait"": {""args"": null, ""id"": 548, ""path"": ""Debug""}}","""default""",src/buf/limit.rs,7:10-7:15,fcee408f0f5e5db4dec4db349bff4a6f23a6c07345f8b3102b7eb7f3746766c5,std;x86_64-unknown-linux-gnu,,not_started,not_started,not_started,not_started,not_started,,,review contract and runtime dependencies
43e3f6963707803d,function,fmt,"{""for"": {""resolved_path"": {""args"": {""angle_bracketed"": {""args"": [{""type"": {""generic"": ""B""}}], ""constraints"": []}}, ""id"": 99, ""path"": ""Reader""}}, ""trait"": {""args"": null, ""id"": 548, ""path"": ""Debug""}}","""default""",src/buf/reader.rs,10:10-10:15,2ba7ec615029f6fe5d73e98662cf5868b26cc5ac5dc9d4b731a638196d39b643,std;x86_64-unknown-linux-gnu,,not_started,not_started,not_started,not_started,not_started,,,review contract and runtime dependencies
5f12f1ae2aa13e3f,impl,impl,,"""default""",src/buf/reader.rs,10:10-10:15,2ba7ec615029f6fe5d73e98662cf5868b26cc5ac5dc9d4b731a638196d39b643,std;x86_64-unknown-linux-gnu,,not_started,not_started,not_started,not_started,not_started,,,review contract and runtime dependencies
04a4c001305f8423,function,new,,"""public""",src/buf/reader.rs,15:1-17:2,2ba7ec615029f6fe5d73e98662cf5868b26cc5ac5dc9d4b731a638196d39b643,std;x86_64-unknown-linux-gnu,,not_started,not_started,not_started,not_started,not_started,,,review contract and runtime dependencies
100a2d85c51aa644,impl,impl,,"""default""",src/buf/reader.rs,19:1-63:2,2ba7ec615029f6fe5d73e98662cf5868b26cc5ac5dc9d4b731a638196d39b643,std;x86_64-unknown-linux-gnu,,not_started,not_started,not_started,not_started,not_started,,,review contract and runtime dependencies
b382be1ab4c4a4f8,function,get_ref,"{""for"": {""resolved_path"": {""args"": {""angle_bracketed"": {""args"": [{""type"": {""generic"": ""B""}}], ""constraints"": []}}, ""id"": 99, ""path"": ""Reader""}}, ""trait"": null}","""public""",src/buf/reader.rs,33:5-35:6,2ba7ec615029f6fe5d73e98662cf5868b26cc5ac5dc9d4b731a638196d39b643,std;x86_64-unknown-linux-gnu,,not_started,not_started,not_started,not_started,not_started,,,review contract and runtime dependencies
355b6b7e507cda19,function,get_mut,"{""for"": {""resolved_path"": {""args"": {""angle_bracketed"": {""args"": [{""type"": {""generic"": ""B""}}], ""constraints"": []}}, ""id"": 99, ""path"": ""Reader""}}, ""trait"": null}","""public""",src/buf/reader.rs,40:5-42:6,2ba7ec615029f6fe5d73e98662cf5868b26cc5ac5dc9d4b731a638196d39b643,std;x86_64-unknown-linux-gnu,,not_started,not_started,not_started,not_started,not_started,,,review contract and runtime dependencies
c09b0b7fe6ccca54,function,into_inner,"{""for"": {""resolved_path"": {""args"": {""angle_bracketed"": {""args"": [{""type"": {""generic"": ""B""}}], ""constraints"": []}}, ""id"": 99, ""path"": ""Reader""}}, ""trait"": null}","""public""",src/buf/reader.rs,60:5-62:6,2ba7ec615029f6fe5d73e98662cf5868b26cc5ac5dc9d4b731a638196d39b643,std;x86_64-unknown-linux-gnu,,not_started,not_started,not_started,not_started,not_started,,,review contract and runtime dependencies
0f40c369d360b4c2,impl,impl,,"""default""",src/buf/reader.rs,65:1-72:2,2ba7ec615029f6fe5d73e98662cf5868b26cc5ac5dc9d4b731a638196d39b643,std;x86_64-unknown-linux-gnu,,not_started,not_started,not_started,not_started,not_started,,,review contract and runtime dependencies
463c2bc5093fd1fb,function,read,"{""for"": {""resolved_path"": {""args"": {""angle_bracketed"": {""args"": [{""type"": {""generic"": ""B""}}], ""constraints"": []}}, ""id"": 99, ""path"": ""Reader""}}, ""trait"": {""args"": null, ""id"": 644, ""path"": ""Read""}}","""default""",src/buf/reader.rs,66:5-71:6,2ba7ec615029f6fe5d73e98662cf5868b26cc5ac5dc9d4b731a638196d39b643,std;x86_64-unknown-linux-gnu,,not_started,not_started,not_started,not_started,not_started,,,review contract and runtime dependencies
26cba1f9e57c981b,impl,impl,,"""default""",src/buf/reader.rs,74:1-81:2,2ba7ec615029f6fe5d73e98662cf5868b26cc5ac5dc9d4b731a638196d39b643,std;x86_64-unknown-linux-gnu,,not_started,not_started,not_started,not_started,not_started,,,review contract and runtime dependencies
c1f5744157ea934a,function,fill_buf,"{""for"": {""resolved_path"": {""args"": {""angle_bracketed"": {""args"": [{""type"": {""generic"": ""B""}}], ""constraints"": []}}, ""id"": 99, ""path"": ""Reader""}}, ""trait"": {""args"": null, ""id"": 648, ""path"": ""BufRead""}}","""default""",src/buf/reader.rs,75:5-77:6,2ba7ec615029f6fe5d73e98662cf5868b26cc5ac5dc9d4b731a638196d39b643,std;x86_64-unknown-linux-gnu,,not_started,not_started,not_started,not_started,not_started,,,review contract and runtime dependencies
8e6927923c7d59b2,function,consume,"{""for"": {""resolved_path"": {""args"": {""angle_bracketed"": {""args"": [{""type"": {""generic"": ""B""}}], ""constraints"": []}}, ""id"": 99, ""path"": ""Reader""}}, ""trait"": {""args"": null, ""id"": 648, ""path"": ""BufRead""}}","""default""",src/buf/reader.rs,78:5-80:6,2ba7ec615029f6fe5d73e98662cf5868b26cc5ac5dc9d4b731a638196d39b643,std;x86_64-unknown-linux-gnu,,not_started,not_started,not_started,not_started,not_started,,,review contract and runtime dependencies
b5ddc84ddd5864e0,function,limit,"{""for"": {""resolved_path"": {""args"": {""angle_bracketed"": {""args"": [{""type"": {""generic"": ""T""}}], ""constraints"": []}}, ""id"": 93, ""path"": ""Take""}}, ""trait"": null}","""public""",src/buf/take.rs,101:5-103:6,5c03a079acb88187761d50511e259749e62b260740a05a0fd4fcc0145791c4cd,std;x86_64-unknown-linux-gnu,,not_started,not_started,not_started,not_started,not_started,,,review contract and runtime dependencies
2cca2900b5a1a180,function,fmt,"{""for"": {""resolved_path"": {""args"": {""angle_bracketed"": {""args"": [{""type"": {""generic"": ""T""}}], ""constraints"": []}}, ""id"": 93, ""path"": ""Take""}}, ""trait"": {""args"": null, ""id"": 548, ""path"": ""Debug""}}","""default""",src/buf/take.rs,11:10-11:15,5c03a079acb88187761d50511e259749e62b260740a05a0fd4fcc0145791c4cd,std;x86_64-unknown-linux-gnu,,not_started,not_started,not_started,not_started,not_started,,,review contract and runtime dependencies
4746725e48e506d2,impl,impl,,"""default""",src/buf/take.rs,11:10-11:15,5c03a079acb88187761d50511e259749e62b260740a05a0fd4fcc0145791c4cd,std;x86_64-unknown-linux-gnu,,not_started,not_started,not_started,not_started,not_started,,,review contract and runtime dependencies
2a96ffce3abb5357,function,set_limit,"{""for"": {""resolved_path"": {""args"": {""angle_bracketed"": {""args"": [{""type"": {""generic"": ""T""}}], ""constraints"": []}}, ""id"": 93, ""path"": ""Take""}}, ""trait"": null}","""public""",src/buf/take.rs,129:5-131:6,5c03a079acb88187761d50511e259749e62b260740a05a0fd4fcc0145791c4cd,std;x86_64-unknown-linux-gnu,,not_started,not_started,not_started,not_started,not_started,,,review contract and runtime dependencies
38153fd422d049e1,impl,impl,,"""default""",src/buf/take.rs,134:1-186:2,5c03a079acb88187761d50511e259749e62b260740a05a0fd4fcc0145791c4cd,std;x86_64-unknown-linux-gnu,,not_started,not_started,not_started,not_started,not_started,,,review contract and runtime dependencies
e26af77160ed86cd,function,remaining,"{""for"": {""resolved_path"": {""args"": {""angle_bracketed"": {""args"": [{""type"": {""generic"": ""T""}}], ""constraints"": []}}, ""id"": 93, ""path"": ""Take""}}, ""trait"": {""args"": null, ""id"": 97, ""path"": ""Buf""}}","""default""",src/buf/take.rs,135:5-137:6,5c03a079acb88187761d50511e259749e62b260740a05a0fd4fcc0145791c4cd,std;x86_64-unknown-linux-gnu,,not_started,not_started,not_started,not_started,not_started,,,review contract and runtime dependencies
706c9ced1b34edb5,function,chunk,"{""for"": {""resolved_path"": {""args"": {""angle_bracketed"": {""args"": [{""type"": {""generic"": ""T""}}], ""constraints"": []}}, ""id"": 93, ""path"": ""Take""}}, ""trait"": {""args"": null, ""id"": 97, ""path"": ""Buf""}}","""default""",src/buf/take.rs,139:5-142:6,5c03a079acb88187761d50511e259749e62b260740a05a0fd4fcc0145791c4cd,std;x86_64-unknown-linux-gnu,,not_started,not_started,not_started,not_started,not_started,,,review contract and runtime dependencies
4370145c7299d97b,function,advance,"{""for"": {""resolved_path"": {""args"": {""angle_bracketed"": {""args"": [{""type"": {""generic"": ""T""}}], ""constraints"": []}}, ""id"": 93, ""path"": ""Take""}}, ""trait"": {""args"": null, ""id"": 97, ""path"": ""Buf""}}","""default""",src/buf/take.rs,144:5-148:6,5c03a079acb88187761d50511e259749e62b260740a05a0fd4fcc0145791c4cd,std;x86_64-unknown-linux-gnu,,not_started,not_started,not_started,not_started,not_started,,,review contract and runtime dependencies
479f88316b1e4cfb,function,copy_to_bytes,"{""for"": {""resolved_path"": {""args"": {""angle_bracketed"": {""args"": [{""type"": {""generic"": ""T""}}], ""constraints"": []}}, ""id"": 93, ""path"": ""Take""}}, ""trait"": {""args"": null, ""id"": 97, ""path"": ""Buf""}}","""default""",src/buf/take.rs,150:5-156:6,5c03a079acb88187761d50511e259749e62b260740a05a0fd4fcc0145791c4cd,std;x86_64-unknown-linux-gnu,,not_started,not_started,not_started,not_started,not_started,,,review contract and runtime dependencies
4b653249ce78b3e9,function,chunks_vectored,"{""for"": {""resolved_path"": {""args"": {""angle_bracketed"": {""args"": [{""type"": {""generic"": ""T""}}], ""constraints"": []}}, ""id"": 93, ""path"": ""Take""}}, ""trait"": {""args"": null, ""id"": 97, ""path"": ""Buf""}}","""default""",src/buf/take.rs,159:5-185:6,5c03a079acb88187761d50511e259749e62b260740a05a0fd4fcc0145791c4cd,std;x86_64-unknown-linux-gnu,,not_started,not_started,not_started,not_started,not_started,,,review contract and runtime dependencies
bcd958acf04097bb,function,new,,"""public""",src/buf/take.rs,17:1-19:2,5c03a079acb88187761d50511e259749e62b260740a05a0fd4fcc0145791c4cd,std;x86_64-unknown-linux-gnu,,not_started,not_started,not_started,not_started,not_started,,,review contract and runtime dependencies
bb63d47a47a6b596,impl,impl,,"""default""",src/buf/take.rs,21:1-132:2,5c03a079acb88187761d50511e259749e62b260740a05a0fd4fcc0145791c4cd,std;x86_64-unknown-linux-gnu,,not_started,not_started,not_started,not_started,not_started,,,review contract and runtime dependencies
5e829d0db51b89df,function,into_inner,"{""for"": {""resolved_path"": {""args"": {""angle_bracketed"": {""args"": [{""type"": {""generic"": ""T""}}], ""constraints"": []}}, ""id"": 93, ""path"": ""Take""}}, ""trait"": null}","""public""",src/buf/take.rs,41:5-43:6,5c03a079acb88187761d50511e259749e62b260740a05a0fd4fcc0145791c4cd,std;x86_64-unknown-linux-gnu,,not_started,not_started,not_started,not_started,not_started,,,review contract and runtime dependencies
07faae4d21c3b24f,function,get_ref,"{""for"": {""resolved_path"": {""args"": {""angle_bracketed"": {""args"": [{""type"": {""generic"": ""T""}}], ""constraints"": []}}, ""id"": 93, ""path"": ""Take""}}, ""trait"": null}","""public""",src/buf/take.rs,58:5-60:6,5c03a079acb88187761d50511e259749e62b260740a05a0fd4fcc0145791c4cd,std;x86_64-unknown-linux-gnu,,not_started,not_started,not_started,not_started,not_started,,,review contract and runtime dependencies
df04fa316fdbaa74,function,get_mut,"{""for"": {""resolved_path"": {""args"": {""angle_bracketed"": {""args"": [{""type"": {""generic"": ""T""}}], ""constraints"": []}}, ""id"": 93, ""path"": ""Take""}}, ""trait"": null}","""public""",src/buf/take.rs,79:5-81:6,5c03a079acb88187761d50511e259749e62b260740a05a0fd4fcc0145791c4cd,std;x86_64-unknown-linux-gnu,,not_started,not_started,not_started,not_started,not_started,,,review contract and runtime dependencies
4bdf135e65ce8190,function,write_byte,"{""for"": {""resolved_path"": {""args"": null, ""id"": 356, ""path"": ""UninitSlice""}}, ""trait"": null}","""public""",src/buf/uninit_slice.rs,107:5-111:6,52629b93ff7a08db45fc69395580b34fa3609fd9309ea01f86e58488b02b08a3,std;x86_64-unknown-linux-gnu,,not_started,not_started,not_started,not_started,not_started,,,review contract and runtime dependencies
3e7d5da8de965733,function,copy_from_slice,"{""for"": {""resolved_path"": {""args"": null, ""id"": 356, ""path"": ""UninitSlice""}}, ""trait"": null}","""public""",src/buf/uninit_slice.rs,134:5-142:6,52629b93ff7a08db45fc69395580b34fa3609fd9309ea01f86e58488b02b08a3,std;x86_64-unknown-linux-gnu,,not_started,not_started,not_started,not_started,not_started,,,review contract and runtime dependencies
eb98930d9310215d,function,as_mut_ptr,"{""for"": {""resolved_path"": {""args"": null, ""id"": 356, ""path"": ""UninitSlice""}}, ""trait"": null}","""public""",src/buf/uninit_slice.rs,161:5-163:6,52629b93ff7a08db45fc69395580b34fa3609fd9309ea01f86e58488b02b08a3,std;x86_64-unknown-linux-gnu,,not_started,not_started,not_started,not_started,not_started,,,review contract and runtime dependencies
602df5ec458cb516,function,as_uninit_slice_mut,"{""for"": {""resolved_path"": {""args"": null, ""id"": 356, ""path"": ""UninitSlice""}}, ""trait"": null}","""public""",src/buf/uninit_slice.rs,187:5-189:6,52629b93ff7a08db45fc69395580b34fa3609fd9309ea01f86e58488b02b08a3,std;x86_64-unknown-linux-gnu,,not_started,not_started,not_started,not_started,not_started,,,review contract and runtime dependencies
d1784a003cf14b01,function,len,"{""for"": {""resolved_path"": {""args"": null, ""id"": 356, ""path"": ""UninitSlice""}}, ""trait"": null}","""public""",src/buf/uninit_slice.rs,205:5-207:6,52629b93ff7a08db45fc69395580b34fa3609fd9309ea01f86e58488b02b08a3,std;x86_64-unknown-linux-gnu,,not_started,not_started,not_started,not_started,not_started,,,review contract and runtime dependencies
a05e0b2e8b362c57,impl,impl,,"""default""",src/buf/uninit_slice.rs,210:1-214:2,52629b93ff7a08db45fc69395580b34fa3609fd9309ea01f86e58488b02b08a3,std;x86_64-unknown-linux-gnu,,not_started,not_started,not_started,not_started,not_started,,,review contract and runtime dependencies
1e5e4f027357ae01,function,fmt,"{""for"": {""resolved_path"": {""args"": null, ""id"": 356, ""path"": ""UninitSlice""}}, ""trait"": {""args"": null, ""id"": 548, ""path"": ""Debug""}}","""default""",src/buf/uninit_slice.rs,211:5-213:6,52629b93ff7a08db45fc69395580b34fa3609fd9309ea01f86e58488b02b08a3,std;x86_64-unknown-linux-gnu,,not_started,not_started,not_started,not_started,not_started,,,review contract and runtime dependencies
204f811dc66c3954,impl,impl,,"""default""",src/buf/uninit_slice.rs,216:1-220:2,52629b93ff7a08db45fc69395580b34fa3609fd9309ea01f86e58488b02b08a3,std;x86_64-unknown-linux-gnu,,not_started,not_started,not_started,not_started,not_started,,,review contract and runtime dependencies
17d4d32522eb5b96,function,from,"{""for"": {""borrowed_ref"": {""is_mutable"": true, ""lifetime"": ""'a"", ""type"": {""resolved_path"": {""args"": null, ""id"": 356, ""path"": ""UninitSlice""}}}}, ""trait"": {""args"": {""angle_bracketed"": {""args"": [{""type"": {""borrowed_ref"": {""is_mutable"": true, ""lifetime"": ""'a"", ""type"": {""slice"": {""primitive"": ""u8""}}}}}], ""constraints"": []}}, ""id"": 523, ""path"": ""From""}}","""default""",src/buf/uninit_slice.rs,217:5-219:6,52629b93ff7a08db45fc69395580b34fa3609fd9309ea01f86e58488b02b08a3,std;x86_64-unknown-linux-gnu,,not_started,not_started,not_started,not_started,not_started,,,review contract and runtime dependencies
9e03bedd786cbd5d,impl,impl,,"""default""",src/buf/uninit_slice.rs,222:1-226:2,52629b93ff7a08db45fc69395580b34fa3609fd9309ea01f86e58488b02b08a3,std;x86_64-unknown-linux-gnu,,not_started,not_started,not_started,not_started,not_started,,,review contract and runtime dependencies
1e2de5107b6a4c12,function,from,"{""for"": {""borrowed_ref"": {""is_mutable"": true, ""lifetime"": ""'a"", ""type"": {""resolved_path"": {""args"": null, ""id"": 356, ""path"": ""UninitSlice""}}}}, ""trait"": {""args"": {""angle_bracketed"": {""args"": [{""type"": {""borrowed_ref"": {""is_mutable"": true, ""lifetime"": ""'a"", ""type"": {""slice"": {""resolved_path"": {""args"": {""angle_bracketed"": {""args"": [{""type"": {""primitive"": ""u8""}}], ""constraints"": []}}, ""id"": 466, ""path"": ""MaybeUninit""}}}}}}], ""constraints"": []}}, ""id"": 523, ""path"": ""From""}}","""default""",src/buf/uninit_slice.rs,223:5-225:6,52629b93ff7a08db45fc69395580b34fa3609fd9309ea01f86e58488b02b08a3,std;x86_64-unknown-linux-gnu,,not_started,not_started,not_started,not_started,not_started,,,review contract and runtime dependencies
9f6af4984f8ac499,macro,impl_index,,"""crate""",src/buf/uninit_slice.rs,228:1-248:2,52629b93ff7a08db45fc69395580b34fa3609fd9309ea01f86e58488b02b08a3,std;x86_64-unknown-linux-gnu,,not_started,not_started,not_started,not_started,not_started,,,review contract and runtime dependencies
379ba69ef64cfc59,impl,impl,,"""default""",src/buf/uninit_slice.rs,24:1-208:2,52629b93ff7a08db45fc69395580b34fa3609fd9309ea01f86e58488b02b08a3,std;x86_64-unknown-linux-gnu,,not_started,not_started,not_started,not_started,not_started,,,review contract and runtime dependencies
09186f38bac609d7,function,index_mut,"{""for"": {""resolved_path"": {""args"": null, ""id"": 356, ""path"": ""UninitSlice""}}, ""trait"": {""args"": {""angle_bracketed"": {""args"": [{""type"": {""resolved_path"": {""args"": null, ""id"": 722, ""path"": ""RangeFull""}}}], ""constraints"": []}}, ""id"": 713, ""path"": ""IndexMut""}}","""default""",src/buf/uninit_slice.rs,250:1-257:2,52629b93ff7a08db45fc69395580b34fa3609fd9309ea01f86e58488b02b08a3,std;x86_64-unknown-linux-gnu,,not_started,not_started,not_started,not_started,not_started,,,review contract and runtime dependencies
366cd4e80ebc9bd9,function,index,"{""for"": {""resolved_path"": {""args"": null, ""id"": 356, ""path"": ""UninitSlice""}}, ""trait"": {""args"": {""angle_bracketed"": {""args"": [{""type"": {""resolved_path"": {""args"": {""angle_bracketed"": {""args"": [{""type"": {""primitive"": ""usize""}}], ""constraints"": []}}, ""id"": 728, ""path"": ""RangeInclusive""}}}], ""constraints"": []}}, ""id"": 710, ""path"": ""Index""}}","""default""",src/buf/uninit_slice.rs,250:1-257:2,52629b93ff7a08db45fc69395580b34fa3609fd9309ea01f86e58488b02b08a3,std;x86_64-unknown-linux-gnu,,not_started,not_started,not_started,not_started,not_started,,,review contract and runtime dependencies
36b18a1f9cc6fc34,function,index_mut,"{""for"": {""resolved_path"": {""args"": null, ""id"": 356, ""path"": ""UninitSlice""}}, ""trait"": {""args"": {""angle_bracketed"": {""args"": [{""type"": {""resolved_path"": {""args"": {""angle_bracketed"": {""args"": [{""type"": {""primitive"": ""usize""}}], ""constraints"": []}}, ""id"": 740, ""path"": ""RangeToInclusive""}}}], ""constraints"": []}}, ""id"": 713, ""path"": ""IndexMut""}}","""default""",src/buf/uninit_slice.rs,250:1-257:2,52629b93ff7a08db45fc69395580b34fa3609fd9309ea01f86e58488b02b08a3,std;x86_64-unknown-linux-gnu,,not_started,not_started,not_started,not_started,not_started,,,review contract and runtime dependencies
51a90980aa59d32a,function,index_mut,"{""for"": {""resolved_path"": {""args"": null, ""id"": 356, ""path"": ""UninitSlice""}}, ""trait"": {""args"": {""angle_bracketed"": {""args"": [{""type"": {""resolved_path"": {""args"": {""angle_bracketed"": {""args"": [{""type"": {""primitive"": ""usize""}}], ""constraints"": []}}, ""id"": 708, ""path"": ""Range""}}}], ""constraints"": []}}, ""id"": 713, ""path"": ""IndexMut""}}","""default""",src/buf/uninit_slice.rs,250:1-257:2,52629b93ff7a08db45fc69395580b34fa3609fd9309ea01f86e58488b02b08a3,std;x86_64-unknown-linux-gnu,,not_started,not_started,not_started,not_started,not_started,,,review contract and runtime dependencies
6857bbd022580c6a,function,index,"{""for"": {""resolved_path"": {""args"": null, ""id"": 356, ""path"": ""UninitSlice""}}, ""trait"": {""args"": {""angle_bracketed"": {""args"": [{""type"": {""resolved_path"": {""args"": {""angle_bracketed"": {""args"": [{""type"": {""primitive"": ""usize""}}], ""constraints"": []}}, ""id"": 708, ""path"": ""Range""}}}], ""constraints"": []}}, ""id"": 710, ""path"": ""Index""}}","""default""",src/buf/uninit_slice.rs,250:1-257:2,52629b93ff7a08db45fc69395580b34fa3609fd9309ea01f86e58488b02b08a3,std;x86_64-unknown-linux-gnu,,not_started,not_started,not_started,not_started,not_started,,,review contract and runtime dependencies
7d1f24205156c41d,function,index_mut,"{""for"": {""resolved_path"": {""args"": null, ""id"": 356, ""path"": ""UninitSlice""}}, ""trait"": {""args"": {""angle_bracketed"": {""args"": [{""type"": {""resolved_path"": {""args"": {""angle_bracketed"": {""args"": [{""type"": {""primitive"": ""usize""}}], ""constraints"": []}}, ""id"": 728, ""path"": ""RangeInclusive""}}}], ""constraints"": []}}, ""id"": 713, ""path"": ""IndexMut""}}","""default""",src/buf/uninit_slice.rs,250:1-257:2,52629b93ff7a08db45fc69395580b34fa3609fd9309ea01f86e58488b02b08a3,std;x86_64-unknown-linux-gnu,,not_started,not_started,not_started,not_started,not_started,,,review contract and runtime dependencies
8babf02851ece11e,function,index_mut,"{""for"": {""resolved_path"": {""args"": null, ""id"": 356, ""path"": ""UninitSlice""}}, ""trait"": {""args"": {""angle_bracketed"": {""args"": [{""type"": {""resolved_path"": {""args"": {""angle_bracketed"": {""args"": [{""type"": {""primitive"": ""usize""}}], ""constraints"": []}}, ""id"": 716, ""path"": ""RangeFrom""}}}], ""constraints"": []}}, ""id"": 713, ""path"": ""IndexMut""}}","""default""",src/buf/uninit_slice.rs,250:1-257:2,52629b93ff7a08db45fc69395580b34fa3609fd9309ea01f86e58488b02b08a3,std;x86_64-unknown-linux-gnu,,not_started,not_started,not_started,not_started,not_started,,,review contract and runtime dependencies
93f5611443710b12,impl,impl,,"""default""",src/buf/uninit_slice.rs,250:1-257:2,52629b93ff7a08db45fc69395580b34fa3609fd9309ea01f86e58488b02b08a3,std;x86_64-unknown-linux-gnu,,not_started,not_started,not_started,not_started,not_started,,,review contract and runtime dependencies
93f5611443710b12,impl,impl,,"""default""",src/buf/uninit_slice.rs,250:1-257:2,52629b93ff7a08db45fc69395580b34fa3609fd9309ea01f86e58488b02b08a3,std;x86_64-unknown-linux-gnu,,not_started,not_started,not_started,not_started,not_started,,,review contract and runtime dependencies
93f5611443710b12,impl,impl,,"""default""",src/buf/uninit_slice.rs,250:1-257:2,52629b93ff7a08db45fc69395580b34fa3609fd9309ea01f86e58488b02b08a3,std;x86_64-unknown-linux-gnu,,not_started,not_started,not_started,not_started,not_started,,,review contract and runtime dependencies
93f5611443710b12,impl,impl,,"""default""",src/buf/uninit_slice.rs,250:1-257:2,52629b93ff7a08db45fc69395580b34fa3609fd9309ea01f86e58488b02b08a3,std;x86_64-unknown-linux-gnu,,not_started,not_started,not_started,not_started,not_started,,,review contract and runtime dependencies
93f5611443710b12,impl,impl,,"""default""",src/buf/uninit_slice.rs,250:1-257:2,52629b93ff7a08db45fc69395580b34fa3609fd9309ea01f86e58488b02b08a3,std;x86_64-unknown-linux-gnu,,not_started,not_started,not_started,not_started,not_started,,,review contract and runtime dependencies
93f5611443710b12,impl,impl,,"""default""",src/buf/uninit_slice.rs,250:1-257:2,52629b93ff7a08db45fc69395580b34fa3609fd9309ea01f86e58488b02b08a3,std;x86_64-unknown-linux-gnu,,not_started,not_started,not_started,not_started,not_started,,,review contract and runtime dependencies
93f5611443710b12,impl,impl,,"""default""",src/buf/uninit_slice.rs,250:1-257:2,52629b93ff7a08db45fc69395580b34fa3609fd9309ea01f86e58488b02b08a3,std;x86_64-unknown-linux-gnu,,not_started,not_started,not_started,not_started,not_started,,,review contract and runtime dependencies
93f5611443710b12,impl,impl,,"""default""",src/buf/uninit_slice.rs,250:1-257:2,52629b93ff7a08db45fc69395580b34fa3609fd9309ea01f86e58488b02b08a3,std;x86_64-unknown-linux-gnu,,not_started,not_started,not_started,not_started,not_started,,,review contract and runtime dependencies
93f5611443710b12,impl,impl,,"""default""",src/buf/uninit_slice.rs,250:1-257:2,52629b93ff7a08db45fc69395580b34fa3609fd9309ea01f86e58488b02b08a3,std;x86_64-unknown-linux-gnu,,not_started,not_started,not_started,not_started,not_started,,,review contract and runtime dependencies
93f5611443710b12,impl,impl,,"""default""",src/buf/uninit_slice.rs,250:1-257:2,52629b93ff7a08db45fc69395580b34fa3609fd9309ea01f86e58488b02b08a3,std;x86_64-unknown-linux-gnu,,not_started,not_started,not_started,not_started,not_started,,,review contract and runtime dependencies
93f5611443710b12,impl,impl,,"""default""",src/buf/uninit_slice.rs,250:1-257:2,52629b93ff7a08db45fc69395580b34fa3609fd9309ea01f86e58488b02b08a3,std;x86_64-unknown-linux-gnu,,not_started,not_started,not_started,not_started,not_started,,,review contract and runtime dependencies
93f5611443710b12,impl,impl,,"""default""",src/buf/uninit_slice.rs,250:1-257:2,52629b93ff7a08db45fc69395580b34fa3609fd9309ea01f86e58488b02b08a3,std;x86_64-unknown-linux-gnu,,not_started,not_started,not_started,not_started,not_started,,,review contract and runtime dependencies
9c3f558b7d45e39e,function,index,"{""for"": {""resolved_path"": {""args"": null, ""id"": 356, ""path"": ""UninitSlice""}}, ""trait"": {""args"": {""angle_bracketed"": {""args"": [{""type"": {""resolved_path"": {""args"": {""angle_bracketed"": {""args"": [{""type"": {""primitive"": ""usize""}}], ""constraints"": []}}, ""id"": 734, ""path"": ""RangeTo""}}}], ""constraints"": []}}, ""id"": 710, ""path"": ""Index""}}","""default""",src/buf/uninit_slice.rs,250:1-257:2,52629b93ff7a08db45fc69395580b34fa3609fd9309ea01f86e58488b02b08a3,std;x86_64-unknown-linux-gnu,,not_started,not_started,not_started,not_started,not_started,,,review contract and runtime dependencies
9c645c9603f6b5ad,function,index,"{""for"": {""resolved_path"": {""args"": null, ""id"": 356, ""path"": ""UninitSlice""}}, ""trait"": {""args"": {""angle_bracketed"": {""args"": [{""type"": {""resolved_path"": {""args"": {""angle_bracketed"": {""args"": [{""type"": {""primitive"": ""usize""}}], ""constraints"": []}}, ""id"": 740, ""path"": ""RangeToInclusive""}}}], ""constraints"": []}}, ""id"": 710, ""path"": ""Index""}}","""default""",src/buf/uninit_slice.rs,250:1-257:2,52629b93ff7a08db45fc69395580b34fa3609fd9309ea01f86e58488b02b08a3,std;x86_64-unknown-linux-gnu,,not_started,not_started,not_started,not_started,not_started,,,review contract and runtime dependencies
cf5f1348ab1686cc,function,index,"{""for"": {""resolved_path"": {""args"": null, ""id"": 356, ""path"": ""UninitSlice""}}, ""trait"": {""args"": {""angle_bracketed"": {""args"": [{""type"": {""resolved_path"": {""args"": null, ""id"": 722, ""path"": ""RangeFull""}}}], ""constraints"": []}}, ""id"": 710, ""path"": ""Index""}}","""default""",src/buf/uninit_slice.rs,250:1-257:2,52629b93ff7a08db45fc69395580b34fa3609fd9309ea01f86e58488b02b08a3,std;x86_64-unknown-linux-gnu,,not_started,not_started,not_started,not_started,not_started,,,review contract and runtime dependencies
e61e26a9029e53f3,function,index_mut,"{""for"": {""resolved_path"": {""args"": null, ""id"": 356, ""path"": ""UninitSlice""}}, ""trait"": {""args"": {""angle_bracketed"": {""args"": [{""type"": {""resolved_path"": {""args"": {""angle_bracketed"": {""args"": [{""type"": {""primitive"": ""usize""}}], ""constraints"": []}}, ""id"": 734, ""path"": ""RangeTo""}}}], ""constraints"": []}}, ""id"": 713, ""path"": ""IndexMut""}}","""default""",src/buf/uninit_slice.rs,250:1-257:2,52629b93ff7a08db45fc69395580b34fa3609fd9309ea01f86e58488b02b08a3,std;x86_64-unknown-linux-gnu,,not_started,not_started,not_started,not_started,not_started,,,review contract and runtime dependencies
f0ebf01fc2dcd1bc,function,index,"{""for"": {""resolved_path"": {""args"": null, ""id"": 356, ""path"": ""UninitSlice""}}, ""trait"": {""args"": {""angle_bracketed"": {""args"": [{""type"": {""resolved_path"": {""args"": {""angle_bracketed"": {""args"": [{""type"": {""primitive"": ""usize""}}], ""constraints"": []}}, ""id"": 716, ""path"": ""RangeFrom""}}}], ""constraints"": []}}, ""id"": 710, ""path"": ""Index""}}","""default""",src/buf/uninit_slice.rs,250:1-257:2,52629b93ff7a08db45fc69395580b34fa3609fd9309ea01f86e58488b02b08a3,std;x86_64-unknown-linux-gnu,,not_started,not_started,not_started,not_started,not_started,,,review contract and runtime dependencies
06f0e411984e4a5d,function,new,"{""for"": {""resolved_path"": {""args"": null, ""id"": 356, ""path"": ""UninitSlice""}}, ""trait"": null}","""public""",src/buf/uninit_slice.rs,36:5-38:6,52629b93ff7a08db45fc69395580b34fa3609fd9309ea01f86e58488b02b08a3,std;x86_64-unknown-linux-gnu,,not_started,not_started,not_started,not_started,not_started,,,review contract and runtime dependencies
77a84e7b32ed638f,function,uninit,"{""for"": {""resolved_path"": {""args"": null, ""id"": 356, ""path"": ""UninitSlice""}}, ""trait"": null}","""public""",src/buf/uninit_slice.rs,55:5-57:6,52629b93ff7a08db45fc69395580b34fa3609fd9309ea01f86e58488b02b08a3,std;x86_64-unknown-linux-gnu,,not_started,not_started,not_started,not_started,not_started,,,review contract and runtime dependencies
141b5a3f997923ee,function,uninit_ref,"{""for"": {""resolved_path"": {""args"": null, ""id"": 356, ""path"": ""UninitSlice""}}, ""trait"": null}","{""restricted"": {""parent"": 678, ""path"": ""::buf::uninit_slice""}}",src/buf/uninit_slice.rs,59:5-61:6,52629b93ff7a08db45fc69395580b34fa3609fd9309ea01f86e58488b02b08a3,std;x86_64-unknown-linux-gnu,,not_started,not_started,not_started,not_started,not_started,,,review contract and runtime dependencies
ee44196f46834865,function,from_raw_parts_mut,"{""for"": {""resolved_path"": {""args"": null, ""id"": 356, ""path"": ""UninitSlice""}}, ""trait"": null}","""public""",src/buf/uninit_slice.rs,82:5-86:6,52629b93ff7a08db45fc69395580b34fa3609fd9309ea01f86e58488b02b08a3,std;x86_64-unknown-linux-gnu,,not_started,not_started,not_started,not_started,not_started,,,review contract and runtime dependencies
dea424a21b93a3fd,function,chunk,"{""for"": {""resolved_path"": {""args"": {""angle_bracketed"": {""args"": [{""type"": {""primitive"": ""u8""}}], ""constraints"": []}}, ""id"": 337, ""path"": ""alloc::collections::VecDeque""}}, ""trait"": {""args"": null, ""id"": 97, ""path"": ""Buf""}}","""default""",src/buf/vec_deque.rs,12:5-19:6,baac165527d1bdfc3bb259380bb4722e70c3f11e8a901e8bab6e4f951b060711,std;x86_64-unknown-linux-gnu,,not_started,not_started,not_started,not_started,not_started,,,review contract and runtime dependencies
5b30c444d31f2d2d,function,chunks_vectored,"{""for"": {""resolved_path"": {""args"": {""angle_bracketed"": {""args"": [{""type"": {""primitive"": ""u8""}}], ""constraints"": []}}, ""id"": 337, ""path"": ""alloc::collections::VecDeque""}}, ""trait"": {""args"": null, ""id"": 97, ""path"": ""Buf""}}","""default""",src/buf/vec_deque.rs,22:5-35:6,baac165527d1bdfc3bb259380bb4722e70c3f11e8a901e8bab6e4f951b060711,std;x86_64-unknown-linux-gnu,,not_started,not_started,not_started,not_started,not_started,,,review contract and runtime dependencies
be6600f68646e0de,function,advance,"{""for"": {""resolved_path"": {""args"": {""angle_bracketed"": {""args"": [{""type"": {""primitive"": ""u8""}}], ""constraints"": []}}, ""id"": 337, ""path"": ""alloc::collections::VecDeque""}}, ""trait"": {""args"": null, ""id"": 97, ""path"": ""Buf""}}","""default""",src/buf/vec_deque.rs,37:5-39:6,baac165527d1bdfc3bb259380bb4722e70c3f11e8a901e8bab6e4f951b060711,std;x86_64-unknown-linux-gnu,,not_started,not_started,not_started,not_started,not_started,,,review contract and runtime dependencies
dd3cd4271ce2b773,impl,impl,,"""default""",src/buf/vec_deque.rs,7:1-40:2,baac165527d1bdfc3bb259380bb4722e70c3f11e8a901e8bab6e4f951b060711,std;x86_64-unknown-linux-gnu,,not_started,not_started,not_started,not_started,not_started,,,review contract and runtime dependencies
5b185449ccadff74,function,remaining,"{""for"": {""resolved_path"": {""args"": {""angle_bracketed"": {""args"": [{""type"": {""primitive"": ""u8""}}], ""constraints"": []}}, ""id"": 337, ""path"": ""alloc::collections::VecDeque""}}, ""trait"": {""args"": null, ""id"": 97, ""path"": ""Buf""}}","""default""",src/buf/vec_deque.rs,8:5-10:6,baac165527d1bdfc3bb259380bb4722e70c3f11e8a901e8bab6e4f951b060711,std;x86_64-unknown-linux-gnu,,not_started,not_started,not_started,not_started,not_started,,,review contract and runtime dependencies
33e7d9b87b985aea,function,fmt,"{""for"": {""resolved_path"": {""args"": {""angle_bracketed"": {""args"": [{""type"": {""generic"": ""B""}}], ""constraints"": []}}, ""id"": 401, ""path"": ""Writer""}}, ""trait"": {""args"": null, ""id"": 548, ""path"": ""Debug""}}","""default""",src/buf/writer.rs,10:10-10:15,e3d37dbf1b7580644b4f31ca904b98aa0e9d23885cd05f56ce61cb7f25d546db,std;x86_64-unknown-linux-gnu,,not_started,not_started,not_started,not_started,not_started,,,review contract and runtime dependencies
d1ae1b39382ba827,impl,impl,,"""default""",src/buf/writer.rs,10:10-10:15,e3d37dbf1b7580644b4f31ca904b98aa0e9d23885cd05f56ce61cb7f25d546db,std;x86_64-unknown-linux-gnu,,not_started,not_started,not_started,not_started,not_started,,,review contract and runtime dependencies
66102a9ad91ed62e,function,new,,"""public""",src/buf/writer.rs,15:1-17:2,e3d37dbf1b7580644b4f31ca904b98aa0e9d23885cd05f56ce61cb7f25d546db,std;x86_64-unknown-linux-gnu,,not_started,not_started,not_started,not_started,not_started,,,review contract and runtime dependencies
d462a39573fabdbc,impl,impl,,"""default""",src/buf/writer.rs,19:1-75:2,e3d37dbf1b7580644b4f31ca904b98aa0e9d23885cd05f56ce61cb7f25d546db,std;x86_64-unknown-linux-gnu,,not_started,not_started,not_started,not_started,not_started,,,review contract and runtime dependencies
28076f01d5167a1e,function,get_ref,"{""for"": {""resolved_path"": {""args"": {""angle_bracketed"": {""args"": [{""type"": {""generic"": ""B""}}], ""constraints"": []}}, ""id"": 401, ""path"": ""Writer""}}, ""trait"": null}","""public""",src/buf/writer.rs,33:5-35:6,e3d37dbf1b7580644b4f31ca904b98aa0e9d23885cd05f56ce61cb7f25d546db,std;x86_64-unknown-linux-gnu,,not_started,not_started,not_started,not_started,not_started,,,review contract and runtime dependencies
3acc3c4cee9ed7c4,function,get_mut,"{""for"": {""resolved_path"": {""args"": {""angle_bracketed"": {""args"": [{""type"": {""generic"": ""B""}}], ""constraints"": []}}, ""id"": 401, ""path"": ""Writer""}}, ""trait"": null}","""public""",src/buf/writer.rs,52:5-54:6,e3d37dbf1b7580644b4f31ca904b98aa0e9d23885cd05f56ce61cb7f25d546db,std;x86_64-unknown-linux-gnu,,not_started,not_started,not_started,not_started,not_started,,,review contract and runtime dependencies
ce092b4d94e26dfe,function,into_inner,"{""for"": {""resolved_path"": {""args"": {""angle_bracketed"": {""args"": [{""type"": {""generic"": ""B""}}], ""constraints"": []}}, ""id"": 401, ""path"": ""Writer""}}, ""trait"": null}","""public""",src/buf/writer.rs,72:5-74:6,e3d37dbf1b7580644b4f31ca904b98aa0e9d23885cd05f56ce61cb7f25d546db,std;x86_64-unknown-linux-gnu,,not_started,not_started,not_started,not_started,not_started,,,review contract and runtime dependencies
fd4f9298ecce52c0,impl,impl,,"""default""",src/buf/writer.rs,77:1-88:2,e3d37dbf1b7580644b4f31ca904b98aa0e9d23885cd05f56ce61cb7f25d546db,std;x86_64-unknown-linux-gnu,,not_started,not_started,not_started,not_started,not_started,,,review contract and runtime dependencies
abbda2c5025477bd,function,write,"{""for"": {""resolved_path"": {""args"": {""angle_bracketed"": {""args"": [{""type"": {""generic"": ""B""}}], ""constraints"": []}}, ""id"": 401, ""path"": ""Writer""}}, ""trait"": {""args"": null, ""id"": 772, ""path"": ""Write""}}","""default""",src/buf/writer.rs,78:5-83:6,e3d37dbf1b7580644b4f31ca904b98aa0e9d23885cd05f56ce61cb7f25d546db,std;x86_64-unknown-linux-gnu,,not_started,not_started,not_started,not_started,not_started,,,review contract and runtime dependencies
016f623630243cbf,function,flush,"{""for"": {""resolved_path"": {""args"": {""angle_bracketed"": {""args"": [{""type"": {""generic"": ""B""}}], ""constraints"": []}}, ""id"": 401, ""path"": ""Writer""}}, ""trait"": {""args"": null, ""id"": 772, ""path"": ""Write""}}","""default""",src/buf/writer.rs,85:5-87:6,e3d37dbf1b7580644b4f31ca904b98aa0e9d23885cd05f56ce61cb7f25d546db,std;x86_64-unknown-linux-gnu,,not_started,not_started,not_started,not_started,not_started,,,review contract and runtime dependencies
7b5b3488638bdb05,function,decode_be_u16,,"""crate""",src/byte_codec_ops.rs,13:1-15:2,7f639cd39e38ad82a0cc3bc32b51790fed48869590ce255f21c5a9efc6fd17e6,std;x86_64-unknown-linux-gnu,byte-codecs::decode_be_u16,body_proved_under_contract,body_proved_under_contract,not_applicable_to_this_helper,body_proved_under_contract,isolated_exact_source_body_proved,Creusot-0.13-standard-contracts;reviewed-standard-extensions-in-TRUSTED_BASE.md,verification/artifacts/component-evidence/byte-codecs/component.json,prove actual handle/trait callers and their resource premises; full runtime remains unproved
1f6bccb98977dc53,function,encode_be_u16,,"""crate""",src/byte_codec_ops.rs,21:1-23:2,7f639cd39e38ad82a0cc3bc32b51790fed48869590ce255f21c5a9efc6fd17e6,std;x86_64-unknown-linux-gnu,byte-codecs::encode_be_u16,body_proved_under_contract,body_proved_under_contract,not_applicable_to_this_helper,body_proved_under_contract,isolated_exact_source_body_proved,Creusot-0.13-standard-contracts;reviewed-standard-extensions-in-TRUSTED_BASE.md,verification/artifacts/component-evidence/byte-codecs/component.json,prove actual handle/trait callers and their resource premises; full runtime remains unproved
a32c0911788a0ce9,function,decode_be_u32,,"""crate""",src/byte_codec_ops.rs,28:1-33:2,7f639cd39e38ad82a0cc3bc32b51790fed48869590ce255f21c5a9efc6fd17e6,std;x86_64-unknown-linux-gnu,byte-codecs::decode_be_u32,body_proved_under_contract,body_proved_under_contract,not_applicable_to_this_helper,body_proved_under_contract,isolated_exact_source_body_proved,Creusot-0.13-standard-contracts;reviewed-standard-extensions-in-TRUSTED_BASE.md,verification/artifacts/component-evidence/byte-codecs/component.json,prove actual handle/trait callers and their resource premises; full runtime remains unproved
cb14a3b1d6661b5f,function,encode_be_u32,,"""crate""",src/byte_codec_ops.rs,41:1-48:2,7f639cd39e38ad82a0cc3bc32b51790fed48869590ce255f21c5a9efc6fd17e6,std;x86_64-unknown-linux-gnu,byte-codecs::encode_be_u32,body_proved_under_contract,body_proved_under_contract,not_applicable_to_this_helper,body_proved_under_contract,isolated_exact_source_body_proved,Creusot-0.13-standard-contracts;reviewed-standard-extensions-in-TRUSTED_BASE.md,verification/artifacts/component-evidence/byte-codecs/component.json,prove actual handle/trait callers and their resource premises; full runtime remains unproved
b0505bf038239670,function,encode_be_u128,,"""crate""",src/byte_codec_wide_ops.rs,130:1-149:2,113eaf4adee00d3f5817166ef4b8b6b56a569ab692afeef71756873d0d5b0188,std;x86_64-unknown-linux-gnu,slice-wide-read-ops::encode_be_u128,body_proved_under_contract,body_proved_under_contract,not_applicable_to_this_helper,body_proved_under_contract,isolated_exact_source_body_proved,Creusot-0.13-standard-contracts;reviewed-standard-extensions-in-TRUSTED_BASE.md,verification/artifacts/component-evidence/slice-wide-read-ops/component.json,prove actual handle/trait callers and their resource premises; full runtime remains unproved
baacc84af9915d5e,function,decode_be_u64,,"""crate""",src/byte_codec_wide_ops.rs,13:1-22:2,113eaf4adee00d3f5817166ef4b8b6b56a569ab692afeef71756873d0d5b0188,std;x86_64-unknown-linux-gnu,slice-wide-read-ops::decode_be_u64,body_proved_under_contract,body_proved_under_contract,not_applicable_to_this_helper,body_proved_under_contract,isolated_exact_source_body_proved,Creusot-0.13-standard-contracts;reviewed-standard-extensions-in-TRUSTED_BASE.md,verification/artifacts/component-evidence/slice-wide-read-ops/component.json,prove actual handle/trait callers and their resource premises; full runtime remains unproved
1316afd73df02d37,function,decode_le_u128,,"""crate""",src/byte_codec_wide_ops.rs,154:1-171:2,113eaf4adee00d3f5817166ef4b8b6b56a569ab692afeef71756873d0d5b0188,std;x86_64-unknown-linux-gnu,slice-wide-read-ops::decode_le_u128,body_proved_under_contract,body_proved_under_contract,not_applicable_to_this_helper,body_proved_under_contract,isolated_exact_source_body_proved,Creusot-0.13-standard-contracts;reviewed-standard-extensions-in-TRUSTED_BASE.md,verification/artifacts/component-evidence/slice-wide-read-ops/component.json,prove actual handle/trait callers and their resource premises; full runtime remains unproved
590e2c51b1dfeecd,function,encode_le_u128,,"""crate""",src/byte_codec_wide_ops.rs,193:1-212:2,113eaf4adee00d3f5817166ef4b8b6b56a569ab692afeef71756873d0d5b0188,std;x86_64-unknown-linux-gnu,slice-wide-read-ops::encode_le_u128,body_proved_under_contract,body_proved_under_contract,not_applicable_to_this_helper,body_proved_under_contract,isolated_exact_source_body_proved,Creusot-0.13-standard-contracts;reviewed-standard-extensions-in-TRUSTED_BASE.md,verification/artifacts/component-evidence/slice-wide-read-ops/component.json,prove actual handle/trait callers and their resource premises; full runtime remains unproved
42190f840141b245,function,encode_be_u64,,"""crate""",src/byte_codec_wide_ops.rs,36:1-47:2,113eaf4adee00d3f5817166ef4b8b6b56a569ab692afeef71756873d0d5b0188,std;x86_64-unknown-linux-gnu,slice-wide-read-ops::encode_be_u64,body_proved_under_contract,body_proved_under_contract,not_applicable_to_this_helper,body_proved_under_contract,isolated_exact_source_body_proved,Creusot-0.13-standard-contracts;reviewed-standard-extensions-in-TRUSTED_BASE.md,verification/artifacts/component-evidence/slice-wide-read-ops/component.json,prove actual handle/trait callers and their resource premises; full runtime remains unproved
152297cd5cc7ac69,function,decode_le_u64,,"""crate""",src/byte_codec_wide_ops.rs,52:1-61:2,113eaf4adee00d3f5817166ef4b8b6b56a569ab692afeef71756873d0d5b0188,std;x86_64-unknown-linux-gnu,slice-wide-read-ops::decode_le_u64,body_proved_under_contract,body_proved_under_contract,not_applicable_to_this_helper,body_proved_under_contract,isolated_exact_source_body_proved,Creusot-0.13-standard-contracts;reviewed-standard-extensions-in-TRUSTED_BASE.md,verification/artifacts/component-evidence/slice-wide-read-ops/component.json,prove actual handle/trait callers and their resource premises; full runtime remains unproved
46e7298aaeb9cb58,function,encode_le_u64,,"""crate""",src/byte_codec_wide_ops.rs,75:1-86:2,113eaf4adee00d3f5817166ef4b8b6b56a569ab692afeef71756873d0d5b0188,std;x86_64-unknown-linux-gnu,slice-wide-read-ops::encode_le_u64,body_proved_under_contract,body_proved_under_contract,not_applicable_to_this_helper,body_proved_under_contract,isolated_exact_source_body_proved,Creusot-0.13-standard-contracts;reviewed-standard-extensions-in-TRUSTED_BASE.md,verification/artifacts/component-evidence/slice-wide-read-ops/component.json,prove actual handle/trait callers and their resource premises; full runtime remains unproved
70ac5aeaba2d629b,function,decode_be_u128,,"""crate""",src/byte_codec_wide_ops.rs,91:1-108:2,113eaf4adee00d3f5817166ef4b8b6b56a569ab692afeef71756873d0d5b0188,std;x86_64-unknown-linux-gnu,slice-wide-read-ops::decode_be_u128,body_proved_under_contract,body_proved_under_contract,not_applicable_to_this_helper,body_proved_under_contract,isolated_exact_source_body_proved,Creusot-0.13-standard-contracts;reviewed-standard-extensions-in-TRUSTED_BASE.md,verification/artifacts/component-evidence/slice-wide-read-ops/component.json,prove actual handle/trait callers and their resource premises; full runtime remains unproved
dcc5662ecc930156,impl,impl,,"""default""",src/bytes.rs,1026:1-1046:2,2a297100e74b06bf41621836bdc8b83ed5f59a879b5ad6dab57df8c228810922,std;x86_64-unknown-linux-gnu,,not_started,not_started,not_started,not_started,not_started,,,review contract and runtime dependencies
6f23f722ff9ba094,function,from,"{""for"": {""resolved_path"": {""args"": null, ""id"": 348, ""path"": ""crate::BytesMut""}}, ""trait"": {""args"": {""angle_bracketed"": {""args"": [{""type"": {""resolved_path"": {""args"": null, ""id"": 91, ""path"": ""Bytes""}}}], ""constraints"": []}}, ""id"": 523, ""path"": ""From""}}","""default""",src/bytes.rs,1042:5-1045:6,2a297100e74b06bf41621836bdc8b83ed5f59a879b5ad6dab57df8c228810922,std;x86_64-unknown-linux-gnu,,not_started,not_started,not_started,not_started,not_started,,,review contract and runtime dependencies
712e69281d838efc,impl,impl,,"""default""",src/bytes.rs,1048:1-1052:2,2a297100e74b06bf41621836bdc8b83ed5f59a879b5ad6dab57df8c228810922,std;x86_64-unknown-linux-gnu,,not_started,not_started,not_started,not_started,not_started,,,review contract and runtime dependencies
1f026e9171db5cde,function,from,"{""for"": {""resolved_path"": {""args"": null, ""id"": 91, ""path"": ""Bytes""}}, ""trait"": {""args"": {""angle_bracketed"": {""args"": [{""type"": {""resolved_path"": {""args"": null, ""id"": 921, ""path"": ""String""}}}], ""constraints"": []}}, ""id"": 523, ""path"": ""From""}}","""default""",src/bytes.rs,1049:5-1051:6,2a297100e74b06bf41621836bdc8b83ed5f59a879b5ad6dab57df8c228810922,std;x86_64-unknown-linux-gnu,,not_started,not_started,not_started,not_started,not_started,,,review contract and runtime dependencies
d35c53961eab903d,impl,impl,,"""default""",src/bytes.rs,1054:1-1059:2,2a297100e74b06bf41621836bdc8b83ed5f59a879b5ad6dab57df8c228810922,std;x86_64-unknown-linux-gnu,,not_started,not_started,not_started,not_started,not_started,,,review contract and runtime dependencies
6c578c7687042146,function,from,"{""for"": {""resolved_path"": {""args"": {""angle_bracketed"": {""args"": [{""type"": {""primitive"": ""u8""}}], ""constraints"": []}}, ""id"": 474, ""path"": ""alloc::vec::Vec""}}, ""trait"": {""args"": {""angle_bracketed"": {""args"": [{""type"": {""resolved_path"": {""args"": null, ""id"": 91, ""path"": ""Bytes""}}}], ""constraints"": []}}, ""id"": 523, ""path"": ""From""}}","""default""",src/bytes.rs,1055:5-1058:6,2a297100e74b06bf41621836bdc8b83ed5f59a879b5ad6dab57df8c228810922,std;x86_64-unknown-linux-gnu,,not_started,not_started,not_started,not_started,not_started,,,review contract and runtime dependencies
f083f42ba05440b0,impl,impl,,"""default""",src/bytes.rs,1063:1-1070:2,2a297100e74b06bf41621836bdc8b83ed5f59a879b5ad6dab57df8c228810922,std;x86_64-unknown-linux-gnu,,not_started,not_started,not_started,not_started,not_started,,,review contract and runtime dependencies
a7d5521c3f8cf9e3,function,fmt,"{""for"": {""resolved_path"": {""args"": null, ""id"": 807, ""path"": ""Vtable""}}, ""trait"": {""args"": null, ""id"": 548, ""path"": ""Debug""}}","""default""",src/bytes.rs,1064:5-1069:6,2a297100e74b06bf41621836bdc8b83ed5f59a879b5ad6dab57df8c228810922,std;x86_64-unknown-linux-gnu,,not_started,not_started,not_started,not_started,not_started,,,review contract and runtime dependencies
888b1804e8c46c1a,constant,STATIC_VTABLE,,"{""restricted"": {""parent"": 802, ""path"": ""::bytes""}}",src/bytes.rs,1074:1-1080:3,2a297100e74b06bf41621836bdc8b83ed5f59a879b5ad6dab57df8c228810922,std;x86_64-unknown-linux-gnu,,not_started,not_started,not_started,not_started,not_started,,,review contract and runtime dependencies
c4e9b9550685174f,function,static_clone,,"{""restricted"": {""parent"": 802, ""path"": ""::bytes""}}",src/bytes.rs,1082:1-1085:2,2a297100e74b06bf41621836bdc8b83ed5f59a879b5ad6dab57df8c228810922,std;x86_64-unknown-linux-gnu,,not_started,not_started,not_started,not_started,not_started,,,review contract and runtime dependencies
b1e70e1158809221,function,static_to_vec,,"{""restricted"": {""parent"": 802, ""path"": ""::bytes""}}",src/bytes.rs,1087:1-1090:2,2a297100e74b06bf41621836bdc8b83ed5f59a879b5ad6dab57df8c228810922,std;x86_64-unknown-linux-gnu,,not_started,not_started,not_started,not_started,not_started,,,review contract and runtime dependencies
bb73a9753405b829,function,static_to_mut,,"{""restricted"": {""parent"": 802, ""path"": ""::bytes""}}",src/bytes.rs,1092:1-1095:2,2a297100e74b06bf41621836bdc8b83ed5f59a879b5ad6dab57df8c228810922,std;x86_64-unknown-linux-gnu,,not_started,not_started,not_started,not_started,not_started,,,review contract and runtime dependencies
fb8a644387ec58c6,function,static_is_unique,,"{""restricted"": {""parent"": 802, ""path"": ""::bytes""}}",src/bytes.rs,1097:1-1099:2,2a297100e74b06bf41621836bdc8b83ed5f59a879b5ad6dab57df8c228810922,std;x86_64-unknown-linux-gnu,,not_started,not_started,not_started,not_started,not_started,,,review contract and runtime dependencies
db12fca3792bb094,function,static_drop,,"{""restricted"": {""parent"": 802, ""path"": ""::bytes""}}",src/bytes.rs,1101:1-1103:2,2a297100e74b06bf41621836bdc8b83ed5f59a879b5ad6dab57df8c228810922,std;x86_64-unknown-linux-gnu,,not_started,not_started,not_started,not_started,not_started,,,review contract and runtime dependencies
a69ac9e42ffaf375,impl,impl,,"""default""",src/bytes.rs,1113:1-1121:2,2a297100e74b06bf41621836bdc8b83ed5f59a879b5ad6dab57df8c228810922,std;x86_64-unknown-linux-gnu,,not_started,not_started,not_started,not_started,not_started,,,review contract and runtime dependencies
8eeaec9663cd5383,function,owned_clone,,"{""restricted"": {""parent"": 802, ""path"": ""::bytes""}}",src/bytes.rs,1123:1-1136:2,2a297100e74b06bf41621836bdc8b83ed5f59a879b5ad6dab57df8c228810922,std;x86_64-unknown-linux-gnu,,not_started,not_started,not_started,not_started,not_started,,,review contract and runtime dependencies
ff60e1a859781d2d,function,owned_to_vec,,"{""restricted"": {""parent"": 802, ""path"": ""::bytes""}}",src/bytes.rs,1138:1-1143:2,2a297100e74b06bf41621836bdc8b83ed5f59a879b5ad6dab57df8c228810922,std;x86_64-unknown-linux-gnu,,not_started,not_started,not_started,not_started,not_started,,,review contract and runtime dependencies
ace0f7a10a6d01ab,function,owned_to_mut,,"{""restricted"": {""parent"": 802, ""path"": ""::bytes""}}",src/bytes.rs,1145:1-1147:2,2a297100e74b06bf41621836bdc8b83ed5f59a879b5ad6dab57df8c228810922,std;x86_64-unknown-linux-gnu,,not_started,not_started,not_started,not_started,not_started,,,review contract and runtime dependencies
25ac9db82a6a2689,function,owned_is_unique,,"{""restricted"": {""parent"": 802, ""path"": ""::bytes""}}",src/bytes.rs,1149:1-1151:2,2a297100e74b06bf41621836bdc8b83ed5f59a879b5ad6dab57df8c228810922,std;x86_64-unknown-linux-gnu,,not_started,not_started,not_started,not_started,not_started,,,review contract and runtime dependencies
62b05fd25abe490a,function,owned_drop_impl,,"{""restricted"": {""parent"": 802, ""path"": ""::bytes""}}",src/bytes.rs,1153:1-1169:2,2a297100e74b06bf41621836bdc8b83ed5f59a879b5ad6dab57df8c228810922,std;x86_64-unknown-linux-gnu,,not_started,not_started,not_started,not_started,not_started,,,review contract and runtime dependencies
7e2b14708363e78a,function,owned_drop,,"{""restricted"": {""parent"": 802, ""path"": ""::bytes""}}",src/bytes.rs,1171:1-1174:2,2a297100e74b06bf41621836bdc8b83ed5f59a879b5ad6dab57df8c228810922,std;x86_64-unknown-linux-gnu,,not_started,not_started,not_started,not_started,not_started,,,review contract and runtime dependencies
35a40874dbd5752a,static,PROMOTABLE_EVEN_VTABLE,,"{""restricted"": {""parent"": 802, ""path"": ""::bytes""}}",src/bytes.rs,1178:1-1184:3,2a297100e74b06bf41621836bdc8b83ed5f59a879b5ad6dab57df8c228810922,std;x86_64-unknown-linux-gnu,,not_started,not_started,not_started,not_started,not_started,,,review contract and runtime dependencies
8560f7657a62f977,static,PROMOTABLE_ODD_VTABLE,,"{""restricted"": {""parent"": 802, ""path"": ""::bytes""}}",src/bytes.rs,1186:1-1192:3,2a297100e74b06bf41621836bdc8b83ed5f59a879b5ad6dab57df8c228810922,std;x86_64-unknown-linux-gnu,,not_started,not_started,not_started,not_started,not_started,,,review contract and runtime dependencies
81d11dde5b9b4875,function,promotable_even_clone,,"{""restricted"": {""parent"": 802, ""path"": ""::bytes""}}",src/bytes.rs,1194:1-1205:2,2a297100e74b06bf41621836bdc8b83ed5f59a879b5ad6dab57df8c228810922,std;x86_64-unknown-linux-gnu,,not_started,not_started,not_started,not_started,not_started,,,review contract and runtime dependencies
52117a84311f256e,function,promotable_to_vec,,"{""restricted"": {""parent"": 802, ""path"": ""::bytes""}}",src/bytes.rs,1207:1-1231:2,2a297100e74b06bf41621836bdc8b83ed5f59a879b5ad6dab57df8c228810922,std;x86_64-unknown-linux-gnu,,not_started,not_started,not_started,not_started,not_started,,,review contract and runtime dependencies
28b7dd1b869523d1,function,promotable_to_mut,,"{""restricted"": {""parent"": 802, ""path"": ""::bytes""}}",src/bytes.rs,1233:1-1260:2,2a297100e74b06bf41621836bdc8b83ed5f59a879b5ad6dab57df8c228810922,std;x86_64-unknown-linux-gnu,,not_started,not_started,not_started,not_started,not_started,,,review contract and runtime dependencies
abfebfed1fb7bbef,impl,impl,,"""default""",src/bytes.rs,123:1-674:2,2a297100e74b06bf41621836bdc8b83ed5f59a879b5ad6dab57df8c228810922,std;x86_64-unknown-linux-gnu,,not_started,not_started,not_started,not_started,not_started,,,review contract and runtime dependencies
26547eeb8404d42d,function,promotable_even_to_vec,,"{""restricted"": {""parent"": 802, ""path"": ""::bytes""}}",src/bytes.rs,1262:1-1266:2,2a297100e74b06bf41621836bdc8b83ed5f59a879b5ad6dab57df8c228810922,std;x86_64-unknown-linux-gnu,,not_started,not_started,not_started,not_started,not_started,,,review contract and runtime dependencies
5175c402e54b87a1,function,promotable_even_to_mut,,"{""restricted"": {""parent"": 802, ""path"": ""::bytes""}}",src/bytes.rs,1268:1-1272:2,2a297100e74b06bf41621836bdc8b83ed5f59a879b5ad6dab57df8c228810922,std;x86_64-unknown-linux-gnu,,not_started,not_started,not_started,not_started,not_started,,,review contract and runtime dependencies
7b8222cf342e10ff,function,promotable_even_drop,,"{""restricted"": {""parent"": 802, ""path"": ""::bytes""}}",src/bytes.rs,1274:1-1287:2,2a297100e74b06bf41621836bdc8b83ed5f59a879b5ad6dab57df8c228810922,std;x86_64-unknown-linux-gnu,,not_started,not_started,not_started,not_started,not_started,,,review contract and runtime dependencies
ad452da935dd93cf,function,promotable_odd_clone,,"{""restricted"": {""parent"": 802, ""path"": ""::bytes""}}",src/bytes.rs,1289:1-1299:2,2a297100e74b06bf41621836bdc8b83ed5f59a879b5ad6dab57df8c228810922,std;x86_64-unknown-linux-gnu,,not_started,not_started,not_started,not_started,not_started,,,review contract and runtime dependencies
eaa09e383f928cec,function,promotable_odd_to_vec,,"{""restricted"": {""parent"": 802, ""path"": ""::bytes""}}",src/bytes.rs,1301:1-1303:2,2a297100e74b06bf41621836bdc8b83ed5f59a879b5ad6dab57df8c228810922,std;x86_64-unknown-linux-gnu,,not_started,not_started,not_started,not_started,not_started,,,review contract and runtime dependencies
0415b6b0a095bb78,function,promotable_odd_to_mut,,"{""restricted"": {""parent"": 802, ""path"": ""::bytes""}}",src/bytes.rs,1305:1-1307:2,2a297100e74b06bf41621836bdc8b83ed5f59a879b5ad6dab57df8c228810922,std;x86_64-unknown-linux-gnu,,not_started,not_started,not_started,not_started,not_started,,,review contract and runtime dependencies
e6fd73ed6f41ec29,function,promotable_odd_drop,,"{""restricted"": {""parent"": 802, ""path"": ""::bytes""}}",src/bytes.rs,1309:1-1322:2,2a297100e74b06bf41621836bdc8b83ed5f59a879b5ad6dab57df8c228810922,std;x86_64-unknown-linux-gnu,,not_started,not_started,not_started,not_started,not_started,,,review contract and runtime dependencies
d3533e25b9a17c42,function,promotable_is_unique,,"{""restricted"": {""parent"": 802, ""path"": ""::bytes""}}",src/bytes.rs,1324:1-1334:2,2a297100e74b06bf41621836bdc8b83ed5f59a879b5ad6dab57df8c228810922,std;x86_64-unknown-linux-gnu,,not_started,not_started,not_started,not_started,not_started,,,review contract and runtime dependencies
37fc3dda9748b580,function,free_boxed_slice,,"{""restricted"": {""parent"": 802, ""path"": ""::bytes""}}",src/bytes.rs,1336:1-1339:2,2a297100e74b06bf41621836bdc8b83ed5f59a879b5ad6dab57df8c228810922,std;x86_64-unknown-linux-gnu,,not_started,not_started,not_started,not_started,not_started,,,review contract and runtime dependencies
e90a428fe95de5e8,impl,impl,,"""default""",src/bytes.rs,1350:1-1354:2,2a297100e74b06bf41621836bdc8b83ed5f59a879b5ad6dab57df8c228810922,std;x86_64-unknown-linux-gnu,,not_started,not_started,not_started,not_started,not_started,,,review contract and runtime dependencies
57825604f459403a,function,drop,"{""for"": {""resolved_path"": {""args"": null, ""id"": 1047, ""path"": ""Shared""}}, ""trait"": {""args"": null, ""id"": 811, ""path"": ""Drop""}}","""default""",src/bytes.rs,1351:5-1353:6,2a297100e74b06bf41621836bdc8b83ed5f59a879b5ad6dab57df8c228810922,std;x86_64-unknown-linux-gnu,,not_started,not_started,not_started,not_started,not_started,,,review contract and runtime dependencies
bbaa5cd5bbb69401,static,SHARED_VTABLE,,"{""restricted"": {""parent"": 802, ""path"": ""::bytes""}}",src/bytes.rs,1362:1-1368:3,2a297100e74b06bf41621836bdc8b83ed5f59a879b5ad6dab57df8c228810922,std;x86_64-unknown-linux-gnu,,not_started,not_started,not_started,not_started,not_started,,,review contract and runtime dependencies
4e2b9d4dcf097618,constant,KIND_ARC,,"{""restricted"": {""parent"": 802, ""path"": ""::bytes""}}",src/bytes.rs,1370:1-1370:29,2a297100e74b06bf41621836bdc8b83ed5f59a879b5ad6dab57df8c228810922,std;x86_64-unknown-linux-gnu,,not_started,not_started,not_started,not_started,not_started,,,review contract and runtime dependencies
1d130ccf18da9045,constant,KIND_VEC,,"{""restricted"": {""parent"": 802, ""path"": ""::bytes""}}",src/bytes.rs,1371:1-1371:29,2a297100e74b06bf41621836bdc8b83ed5f59a879b5ad6dab57df8c228810922,std;x86_64-unknown-linux-gnu,,not_started,not_started,not_started,not_started,not_started,,,review contract and runtime dependencies
4e4f2202784813eb,constant,KIND_MASK,,"{""restricted"": {""parent"": 802, ""path"": ""::bytes""}}",src/bytes.rs,1372:1-1372:30,2a297100e74b06bf41621836bdc8b83ed5f59a879b5ad6dab57df8c228810922,std;x86_64-unknown-linux-gnu,,not_started,not_started,not_started,not_started,not_started,,,review contract and runtime dependencies
686a15eb77817525,function,shared_clone,,"{""restricted"": {""parent"": 802, ""path"": ""::bytes""}}",src/bytes.rs,1374:1-1377:2,2a297100e74b06bf41621836bdc8b83ed5f59a879b5ad6dab57df8c228810922,std;x86_64-unknown-linux-gnu,,not_started,not_started,not_started,not_started,not_started,,,review contract and runtime dependencies
2534fb281e1f1b4c,function,shared_to_vec_impl,,"{""restricted"": {""parent"": 802, ""path"": ""::bytes""}}",src/bytes.rs,1379:1-1406:2,2a297100e74b06bf41621836bdc8b83ed5f59a879b5ad6dab57df8c228810922,std;x86_64-unknown-linux-gnu,,not_started,not_started,not_started,not_started,not_started,,,review contract and runtime dependencies
be93be8af8d4f7a1,function,new,"{""for"": {""resolved_path"": {""args"": null, ""id"": 91, ""path"": ""Bytes""}}, ""trait"": null}","""public""",src/bytes.rs,138:5-143:6,2a297100e74b06bf41621836bdc8b83ed5f59a879b5ad6dab57df8c228810922,std;x86_64-unknown-linux-gnu,,not_started,not_started,not_started,not_started,not_started,,,review contract and runtime dependencies
fc31c91b7e32d1b5,function,shared_to_vec,,"{""restricted"": {""parent"": 802, ""path"": ""::bytes""}}",src/bytes.rs,1408:1-1410:2,2a297100e74b06bf41621836bdc8b83ed5f59a879b5ad6dab57df8c228810922,std;x86_64-unknown-linux-gnu,,not_started,not_started,not_started,not_started,not_started,,,review contract and runtime dependencies
8fd90a6b3cd3b1bb,function,shared_to_mut_impl,,"{""restricted"": {""parent"": 802, ""path"": ""::bytes""}}",src/bytes.rs,1412:1-1445:2,2a297100e74b06bf41621836bdc8b83ed5f59a879b5ad6dab57df8c228810922,std;x86_64-unknown-linux-gnu,,not_started,not_started,not_started,not_started,not_started,,,review contract and runtime dependencies
12ba077565ade52d,function,shared_to_mut,,"{""restricted"": {""parent"": 802, ""path"": ""::bytes""}}",src/bytes.rs,1447:1-1449:2,2a297100e74b06bf41621836bdc8b83ed5f59a879b5ad6dab57df8c228810922,std;x86_64-unknown-linux-gnu,,not_started,not_started,not_started,not_started,not_started,,,review contract and runtime dependencies
2e5404adf36d3ac3,function,shared_is_unique,,"""crate""",src/bytes.rs,1451:1-1455:2,2a297100e74b06bf41621836bdc8b83ed5f59a879b5ad6dab57df8c228810922,std;x86_64-unknown-linux-gnu,,not_started,not_started,not_started,not_started,not_started,,,review contract and runtime dependencies
8a097bc45c791592,function,shared_drop,,"{""restricted"": {""parent"": 802, ""path"": ""::bytes""}}",src/bytes.rs,1457:1-1461:2,2a297100e74b06bf41621836bdc8b83ed5f59a879b5ad6dab57df8c228810922,std;x86_64-unknown-linux-gnu,,not_started,not_started,not_started,not_started,not_started,,,review contract and runtime dependencies
4eebf0436d776857,function,shallow_clone_arc,,"{""restricted"": {""parent"": 802, ""path"": ""::bytes""}}",src/bytes.rs,1463:1-1476:2,2a297100e74b06bf41621836bdc8b83ed5f59a879b5ad6dab57df8c228810922,std;x86_64-unknown-linux-gnu,,not_started,not_started,not_started,not_started,not_started,,,review contract and runtime dependencies
df35e9ba4596d22e,function,shallow_clone_vec,,"{""restricted"": {""parent"": 802, ""path"": ""::bytes""}}",src/bytes.rs,1479:1-1548:2,2a297100e74b06bf41621836bdc8b83ed5f59a879b5ad6dab57df8c228810922,std;x86_64-unknown-linux-gnu,,not_started,not_started,not_started,not_started,not_started,,,review contract and runtime dependencies
9806dc7bf85e835d,function,release_shared,,"{""restricted"": {""parent"": 802, ""path"": ""::bytes""}}",src/bytes.rs,1550:1-1580:2,2a297100e74b06bf41621836bdc8b83ed5f59a879b5ad6dab57df8c228810922,std;x86_64-unknown-linux-gnu,,not_started,not_started,not_started,not_started,not_started,,,review contract and runtime dependencies
540eb569109096a1,function,ptr_map,,"{""restricted"": {""parent"": 802, ""path"": ""::bytes""}}",src/bytes.rs,1600:1-1607:2,2a297100e74b06bf41621836bdc8b83ed5f59a879b5ad6dab57df8c228810922,std;x86_64-unknown-linux-gnu,,not_started,not_started,not_started,not_started,not_started,,,review contract and runtime dependencies
3cfa9e8297a1d56f,function,without_provenance,,"{""restricted"": {""parent"": 802, ""path"": ""::bytes""}}",src/bytes.rs,1609:1-1611:2,2a297100e74b06bf41621836bdc8b83ed5f59a879b5ad6dab57df8c228810922,std;x86_64-unknown-linux-gnu,,not_started,not_started,not_started,not_started,not_started,,,review contract and runtime dependencies
b844d98af5682a43,function,_split_to_must_use,,"{""restricted"": {""parent"": 802, ""path"": ""::bytes""}}",src/bytes.rs,1623:1-1623:27,2a297100e74b06bf41621836bdc8b83ed5f59a879b5ad6dab57df8c228810922,std;x86_64-unknown-linux-gnu,,not_started,not_started,not_started,not_started,not_started,,,review contract and runtime dependencies
fb170eecbafca228,function,_split_off_must_use,,"{""restricted"": {""parent"": 802, ""path"": ""::bytes""}}",src/bytes.rs,1633:1-1633:28,2a297100e74b06bf41621836bdc8b83ed5f59a879b5ad6dab57df8c228810922,std;x86_64-unknown-linux-gnu,,not_started,not_started,not_started,not_started,not_started,,,review contract and runtime dependencies
7a96bdc7e6336587,function,from_static,"{""for"": {""resolved_path"": {""args"": null, ""id"": 91, ""path"": ""Bytes""}}, ""trait"": null}","""public""",src/bytes.rs,167:5-174:6,2a297100e74b06bf41621836bdc8b83ed5f59a879b5ad6dab57df8c228810922,std;x86_64-unknown-linux-gnu,,not_started,not_started,not_started,not_started,not_started,,,review contract and runtime dependencies
42da88b27f86f939,function,new_empty_with_ptr,"{""for"": {""resolved_path"": {""args"": null, ""id"": 91, ""path"": ""Bytes""}}, ""trait"": null}","{""restricted"": {""parent"": 802, ""path"": ""::bytes""}}",src/bytes.rs,188:5-201:6,2a297100e74b06bf41621836bdc8b83ed5f59a879b5ad6dab57df8c228810922,std;x86_64-unknown-linux-gnu,,not_started,not_started,not_started,not_started,not_started,,,review contract and runtime dependencies
bbe52c8b22fc3d3a,function,from_owner,"{""for"": {""resolved_path"": {""args"": null, ""id"": 91, ""path"": ""Bytes""}}, ""trait"": null}","""public""",src/bytes.rs,250:5-286:6,2a297100e74b06bf41621836bdc8b83ed5f59a879b5ad6dab57df8c228810922,std;x86_64-unknown-linux-gnu,,not_started,not_started,not_started,not_started,not_started,,,review contract and runtime dependencies
0b34ce19df75a8c6,function,len,"{""for"": {""resolved_path"": {""args"": null, ""id"": 91, ""path"": ""Bytes""}}, ""trait"": null}","""public""",src/bytes.rs,299:5-301:6,2a297100e74b06bf41621836bdc8b83ed5f59a879b5ad6dab57df8c228810922,std;x86_64-unknown-linux-gnu,,not_started,not_started,not_started,not_started,not_started,,,review contract and runtime dependencies
3c5b02650f550861,function,is_empty,"{""for"": {""resolved_path"": {""args"": null, ""id"": 91, ""path"": ""Bytes""}}, ""trait"": null}","""public""",src/bytes.rs,314:5-316:6,2a297100e74b06bf41621836bdc8b83ed5f59a879b5ad6dab57df8c228810922,std;x86_64-unknown-linux-gnu,,not_started,not_started,not_started,not_started,not_started,,,review contract and runtime dependencies
e322fc4e64f35fbe,function,is_unique,"{""for"": {""resolved_path"": {""args"": null, ""id"": 91, ""path"": ""Bytes""}}, ""trait"": null}","""public""",src/bytes.rs,338:5-340:6,2a297100e74b06bf41621836bdc8b83ed5f59a879b5ad6dab57df8c228810922,std;x86_64-unknown-linux-gnu,,not_started,not_started,not_started,not_started,not_started,,,review contract and runtime dependencies
a31b7625574863b7,function,copy_from_slice,"{""for"": {""resolved_path"": {""args"": null, ""id"": 91, ""path"": ""Bytes""}}, ""trait"": null}","""public""",src/bytes.rs,343:5-345:6,2a297100e74b06bf41621836bdc8b83ed5f59a879b5ad6dab57df8c228810922,std;x86_64-unknown-linux-gnu,,not_started,not_started,not_started,not_started,not_started,,,review contract and runtime dependencies
14ca1fc59f5a5302,function,slice,"{""for"": {""resolved_path"": {""args"": null, ""id"": 91, ""path"": ""Bytes""}}, ""trait"": null}","""public""",src/bytes.rs,369:5-409:6,2a297100e74b06bf41621836bdc8b83ed5f59a879b5ad6dab57df8c228810922,std;x86_64-unknown-linux-gnu,,not_started,not_started,not_started,not_started,not_started,,,review contract and runtime dependencies
225fb69b36d41d59,function,slice_ref,"{""for"": {""resolved_path"": {""args"": null, ""id"": 91, ""path"": ""Bytes""}}, ""trait"": null}","""public""",src/bytes.rs,436:5-467:6,2a297100e74b06bf41621836bdc8b83ed5f59a879b5ad6dab57df8c228810922,std;x86_64-unknown-linux-gnu,,not_started,not_started,not_started,not_started,not_started,,,review contract and runtime dependencies
eece889b2b7a8882,function,split_off,"{""for"": {""resolved_path"": {""args"": null, ""id"": 91, ""path"": ""Bytes""}}, ""trait"": null}","""public""",src/bytes.rs,495:5-518:6,2a297100e74b06bf41621836bdc8b83ed5f59a879b5ad6dab57df8c228810922,std;x86_64-unknown-linux-gnu,,not_started,not_started,not_started,not_started,not_started,,,review contract and runtime dependencies
eccccb19dec9d2b7,function,split_to,"{""for"": {""resolved_path"": {""args"": null, ""id"": 91, ""path"": ""Bytes""}}, ""trait"": null}","""public""",src/bytes.rs,544:5-567:6,2a297100e74b06bf41621836bdc8b83ed5f59a879b5ad6dab57df8c228810922,std;x86_64-unknown-linux-gnu,,not_started,not_started,not_started,not_started,not_started,,,review contract and runtime dependencies
4b9712f5df3c5124,function,truncate,"{""for"": {""resolved_path"": {""args"": null, ""id"": 91, ""path"": ""Bytes""}}, ""trait"": null}","""public""",src/bytes.rs,588:5-601:6,2a297100e74b06bf41621836bdc8b83ed5f59a879b5ad6dab57df8c228810922,std;x86_64-unknown-linux-gnu,,not_started,not_started,not_started,not_started,not_started,,,review contract and runtime dependencies
cc59f4e8085ad840,function,clear,"{""for"": {""resolved_path"": {""args"": null, ""id"": 91, ""path"": ""Bytes""}}, ""trait"": null}","""public""",src/bytes.rs,615:5-617:6,2a297100e74b06bf41621836bdc8b83ed5f59a879b5ad6dab57df8c228810922,std;x86_64-unknown-linux-gnu,,not_started,not_started,not_started,not_started,not_started,,,review contract and runtime dependencies
749b36865f2f466a,function,try_into_mut,"{""for"": {""resolved_path"": {""args"": null, ""id"": 91, ""path"": ""Bytes""}}, ""trait"": null}","""public""",src/bytes.rs,637:5-643:6,2a297100e74b06bf41621836bdc8b83ed5f59a879b5ad6dab57df8c228810922,std;x86_64-unknown-linux-gnu,,not_started,not_started,not_started,not_started,not_started,,,review contract and runtime dependencies
a14bf23e782c1c57,function,with_vtable,"{""for"": {""resolved_path"": {""args"": null, ""id"": 91, ""path"": ""Bytes""}}, ""trait"": null}","""crate""",src/bytes.rs,646:5-658:6,2a297100e74b06bf41621836bdc8b83ed5f59a879b5ad6dab57df8c228810922,std;x86_64-unknown-linux-gnu,,not_started,not_started,not_started,not_started,not_started,,,review contract and runtime dependencies
6cfae4c034a9a6a9,function,as_slice,"{""for"": {""resolved_path"": {""args"": null, ""id"": 91, ""path"": ""Bytes""}}, ""trait"": null}","{""restricted"": {""parent"": 802, ""path"": ""::bytes""}}",src/bytes.rs,663:5-665:6,2a297100e74b06bf41621836bdc8b83ed5f59a879b5ad6dab57df8c228810922,std;x86_64-unknown-linux-gnu,,not_started,not_started,not_started,not_started,not_started,,,review contract and runtime dependencies
763590e85299ab1e,function,inc_start,"{""for"": {""resolved_path"": {""args"": null, ""id"": 91, ""path"": ""Bytes""}}, ""trait"": null}","{""restricted"": {""parent"": 802, ""path"": ""::bytes""}}",src/bytes.rs,668:5-673:6,2a297100e74b06bf41621836bdc8b83ed5f59a879b5ad6dab57df8c228810922,std;x86_64-unknown-linux-gnu,,not_started,not_started,not_started,not_started,not_started,,,review contract and runtime dependencies
9ff4539e592c7061,impl,impl,,"""default""",src/bytes.rs,677:1-677:30,2a297100e74b06bf41621836bdc8b83ed5f59a879b5ad6dab57df8c228810922,std;x86_64-unknown-linux-gnu,,not_started,not_started,not_started,not_started,not_started,,,review contract and runtime dependencies
1b20c4433c84af1a,impl,impl,,"""default""",src/bytes.rs,678:1-678:30,2a297100e74b06bf41621836bdc8b83ed5f59a879b5ad6dab57df8c228810922,std;x86_64-unknown-linux-gnu,,not_started,not_started,not_started,not_started,not_started,,,review contract and runtime dependencies
b3e7191044aa2f64,impl,impl,,"""default""",src/bytes.rs,680:1-685:2,2a297100e74b06bf41621836bdc8b83ed5f59a879b5ad6dab57df8c228810922,std;x86_64-unknown-linux-gnu,,not_started,not_started,not_started,not_started,not_started,,,review contract and runtime dependencies
1c60884786149239,function,drop,"{""for"": {""resolved_path"": {""args"": null, ""id"": 91, ""path"": ""Bytes""}}, ""trait"": {""args"": null, ""id"": 811, ""path"": ""Drop""}}","""default""",src/bytes.rs,682:5-684:6,2a297100e74b06bf41621836bdc8b83ed5f59a879b5ad6dab57df8c228810922,std;x86_64-unknown-linux-gnu,,not_started,not_started,not_started,not_started,not_started,,,review contract and runtime dependencies
3aad46cad344901b,impl,impl,,"""default""",src/bytes.rs,687:1-692:2,2a297100e74b06bf41621836bdc8b83ed5f59a879b5ad6dab57df8c228810922,std;x86_64-unknown-linux-gnu,,not_started,not_started,not_started,not_started,not_started,,,review contract and runtime dependencies
b068f3c05f8417db,function,clone,"{""for"": {""resolved_path"": {""args"": null, ""id"": 91, ""path"": ""Bytes""}}, ""trait"": {""args"": null, ""id"": 838, ""path"": ""Clone""}}","""default""",src/bytes.rs,689:5-691:6,2a297100e74b06bf41621836bdc8b83ed5f59a879b5ad6dab57df8c228810922,std;x86_64-unknown-linux-gnu,,not_started,not_started,not_started,not_started,not_started,,,review contract and runtime dependencies
377ddaa8b136fbe8,impl,impl,,"""default""",src/bytes.rs,694:1-722:2,2a297100e74b06bf41621836bdc8b83ed5f59a879b5ad6dab57df8c228810922,std;x86_64-unknown-linux-gnu,,not_started,not_started,not_started,not_started,not_started,,,review contract and runtime dependencies
8bde89be660e965e,function,remaining,"{""for"": {""resolved_path"": {""args"": null, ""id"": 91, ""path"": ""Bytes""}}, ""trait"": {""args"": null, ""id"": 97, ""path"": ""Buf""}}","""default""",src/bytes.rs,696:5-698:6,2a297100e74b06bf41621836bdc8b83ed5f59a879b5ad6dab57df8c228810922,std;x86_64-unknown-linux-gnu,,not_started,not_started,not_started,not_started,not_started,,,review contract and runtime dependencies
d70adf1d3a08832c,function,chunk,"{""for"": {""resolved_path"": {""args"": null, ""id"": 91, ""path"": ""Bytes""}}, ""trait"": {""args"": null, ""id"": 97, ""path"": ""Buf""}}","""default""",src/bytes.rs,701:5-703:6,2a297100e74b06bf41621836bdc8b83ed5f59a879b5ad6dab57df8c228810922,std;x86_64-unknown-linux-gnu,,not_started,not_started,not_started,not_started,not_started,,,review contract and runtime dependencies
b588f596754539e8,function,advance,"{""for"": {""resolved_path"": {""args"": null, ""id"": 91, ""path"": ""Bytes""}}, ""trait"": {""args"": null, ""id"": 97, ""path"": ""Buf""}}","""default""",src/bytes.rs,706:5-717:6,2a297100e74b06bf41621836bdc8b83ed5f59a879b5ad6dab57df8c228810922,std;x86_64-unknown-linux-gnu,,not_started,not_started,not_started,not_started,not_started,,,review contract and runtime dependencies
6cb757be2114af0c,function,copy_to_bytes,"{""for"": {""resolved_path"": {""args"": null, ""id"": 91, ""path"": ""Bytes""}}, ""trait"": {""args"": null, ""id"": 97, ""path"": ""Buf""}}","""default""",src/bytes.rs,719:5-721:6,2a297100e74b06bf41621836bdc8b83ed5f59a879b5ad6dab57df8c228810922,std;x86_64-unknown-linux-gnu,,not_started,not_started,not_started,not_started,not_started,,,review contract and runtime dependencies
a98d7bd35fd8fdfd,impl,impl,,"""default""",src/bytes.rs,724:1-731:2,2a297100e74b06bf41621836bdc8b83ed5f59a879b5ad6dab57df8c228810922,std;x86_64-unknown-linux-gnu,,not_started,not_started,not_started,not_started,not_started,,,review contract and runtime dependencies
1e74d2e9f1e91cce,function,deref,"{""for"": {""resolved_path"": {""args"": null, ""id"": 91, ""path"": ""Bytes""}}, ""trait"": {""args"": null, ""id"": 846, ""path"": ""Deref""}}","""default""",src/bytes.rs,728:5-730:6,2a297100e74b06bf41621836bdc8b83ed5f59a879b5ad6dab57df8c228810922,std;x86_64-unknown-linux-gnu,,not_started,not_started,not_started,not_started,not_started,,,review contract and runtime dependencies
cb76b0804bb123c4,impl,impl,,"""default""",src/bytes.rs,733:1-738:2,2a297100e74b06bf41621836bdc8b83ed5f59a879b5ad6dab57df8c228810922,std;x86_64-unknown-linux-gnu,,not_started,not_started,not_started,not_started,not_started,,,review contract and runtime dependencies
2a804441956ab64b,function,as_ref,"{""for"": {""resolved_path"": {""args"": null, ""id"": 91, ""path"": ""Bytes""}}, ""trait"": {""args"": {""angle_bracketed"": {""args"": [{""type"": {""slice"": {""primitive"": ""u8""}}}], ""constraints"": []}}, ""id"": 318, ""path"": ""AsRef""}}","""default""",src/bytes.rs,735:5-737:6,2a297100e74b06bf41621836bdc8b83ed5f59a879b5ad6dab57df8c228810922,std;x86_64-unknown-linux-gnu,,not_started,not_started,not_started,not_started,not_started,,,review contract and runtime dependencies
86bea4ef0c9707c9,impl,impl,,"""default""",src/bytes.rs,740:1-747:2,2a297100e74b06bf41621836bdc8b83ed5f59a879b5ad6dab57df8c228810922,std;x86_64-unknown-linux-gnu,,not_started,not_started,not_started,not_started,not_started,,,review contract and runtime dependencies
d3fc40947e6d06e7,function,hash,"{""for"": {""resolved_path"": {""args"": null, ""id"": 91, ""path"": ""Bytes""}}, ""trait"": {""args"": null, ""id"": 869, ""path"": ""Hash""}}","""default""",src/bytes.rs,741:5-746:6,2a297100e74b06bf41621836bdc8b83ed5f59a879b5ad6dab57df8c228810922,std;x86_64-unknown-linux-gnu,,not_started,not_started,not_started,not_started,not_started,,,review contract and runtime dependencies
9c2ba1b64aa1315c,impl,impl,,"""default""",src/bytes.rs,749:1-753:2,2a297100e74b06bf41621836bdc8b83ed5f59a879b5ad6dab57df8c228810922,std;x86_64-unknown-linux-gnu,,not_started,not_started,not_started,not_started,not_started,,,review contract and runtime dependencies
6ce2af55ed0a4290,function,borrow,"{""for"": {""resolved_path"": {""args"": null, ""id"": 91, ""path"": ""Bytes""}}, ""trait"": {""args"": {""angle_bracketed"": {""args"": [{""type"": {""slice"": {""primitive"": ""u8""}}}], ""constraints"": []}}, ""id"": 519, ""path"": ""Borrow""}}","""default""",src/bytes.rs,750:5-752:6,2a297100e74b06bf41621836bdc8b83ed5f59a879b5ad6dab57df8c228810922,std;x86_64-unknown-linux-gnu,,not_started,not_started,not_started,not_started,not_started,,,review contract and runtime dependencies
a1528b86351cc688,impl,impl,,"""default""",src/bytes.rs,755:1-762:2,2a297100e74b06bf41621836bdc8b83ed5f59a879b5ad6dab57df8c228810922,std;x86_64-unknown-linux-gnu,,not_started,not_started,not_started,not_started,not_started,,,review contract and runtime dependencies
4969bc6626b82931,function,into_iter,"{""for"": {""resolved_path"": {""args"": null, ""id"": 91, ""path"": ""Bytes""}}, ""trait"": {""args"": null, ""id"": 553, ""path"": ""IntoIterator""}}","""default""",src/bytes.rs,759:5-761:6,2a297100e74b06bf41621836bdc8b83ed5f59a879b5ad6dab57df8c228810922,std;x86_64-unknown-linux-gnu,,not_started,not_started,not_started,not_started,not_started,,,review contract and runtime dependencies
57dd2de5e128007c,impl,impl,,"""default""",src/bytes.rs,764:1-771:2,2a297100e74b06bf41621836bdc8b83ed5f59a879b5ad6dab57df8c228810922,std;x86_64-unknown-linux-gnu,,not_started,not_started,not_started,not_started,not_started,,,review contract and runtime dependencies
4d1570da7ce10b5a,function,into_iter,"{""for"": {""borrowed_ref"": {""is_mutable"": false, ""lifetime"": ""'a"", ""type"": {""resolved_path"": {""args"": null, ""id"": 91, ""path"": ""Bytes""}}}}, ""trait"": {""args"": null, ""id"": 553, ""path"": ""IntoIterator""}}","""default""",src/bytes.rs,768:5-770:6,2a297100e74b06bf41621836bdc8b83ed5f59a879b5ad6dab57df8c228810922,std;x86_64-unknown-linux-gnu,,not_started,not_started,not_started,not_started,not_started,,,review contract and runtime dependencies
33aec3e00c8432d2,impl,impl,,"""default""",src/bytes.rs,773:1-777:2,2a297100e74b06bf41621836bdc8b83ed5f59a879b5ad6dab57df8c228810922,std;x86_64-unknown-linux-gnu,,not_started,not_started,not_started,not_started,not_started,,,review contract and runtime dependencies
c76cc906ad307fa9,function,from_iter,"{""for"": {""resolved_path"": {""args"": null, ""id"": 91, ""path"": ""Bytes""}}, ""trait"": {""args"": {""angle_bracketed"": {""args"": [{""type"": {""primitive"": ""u8""}}], ""constraints"": []}}, ""id"": 883, ""path"": ""FromIterator""}}","""default""",src/bytes.rs,774:5-776:6,2a297100e74b06bf41621836bdc8b83ed5f59a879b5ad6dab57df8c228810922,std;x86_64-unknown-linux-gnu,,not_started,not_started,not_started,not_started,not_started,,,review contract and runtime dependencies
b8de346c259238b2,impl,impl,,"""default""",src/bytes.rs,781:1-785:2,2a297100e74b06bf41621836bdc8b83ed5f59a879b5ad6dab57df8c228810922,std;x86_64-unknown-linux-gnu,,not_started,not_started,not_started,not_started,not_started,,,review contract and runtime dependencies
8b5084a0a9b711b6,function,eq,"{""for"": {""resolved_path"": {""args"": null, ""id"": 91, ""path"": ""Bytes""}}, ""trait"": {""args"": null, ""id"": 886, ""path"": ""PartialEq""}}","""default""",src/bytes.rs,782:5-784:6,2a297100e74b06bf41621836bdc8b83ed5f59a879b5ad6dab57df8c228810922,std;x86_64-unknown-linux-gnu,,not_started,not_started,not_started,not_started,not_started,,,review contract and runtime dependencies
5c619eb372eb6773,impl,impl,,"""default""",src/bytes.rs,787:1-791:2,2a297100e74b06bf41621836bdc8b83ed5f59a879b5ad6dab57df8c228810922,std;x86_64-unknown-linux-gnu,,not_started,not_started,not_started,not_started,not_started,,,review contract and runtime dependencies
a4aef080a6df8a39,function,partial_cmp,"{""for"": {""resolved_path"": {""args"": null, ""id"": 91, ""path"": ""Bytes""}}, ""trait"": {""args"": null, ""id"": 890, ""path"": ""PartialOrd""}}","""default""",src/bytes.rs,788:5-790:6,2a297100e74b06bf41621836bdc8b83ed5f59a879b5ad6dab57df8c228810922,std;x86_64-unknown-linux-gnu,,not_started,not_started,not_started,not_started,not_started,,,review contract and runtime dependencies
e5fb8e4e1b44b74a,impl,impl,,"""default""",src/bytes.rs,793:1-797:2,2a297100e74b06bf41621836bdc8b83ed5f59a879b5ad6dab57df8c228810922,std;x86_64-unknown-linux-gnu,,not_started,not_started,not_started,not_started,not_started,,,review contract and runtime dependencies
207653503aa954cc,function,cmp,"{""for"": {""resolved_path"": {""args"": null, ""id"": 91, ""path"": ""Bytes""}}, ""trait"": {""args"": null, ""id"": 893, ""path"": ""Ord""}}","""default""",src/bytes.rs,794:5-796:6,2a297100e74b06bf41621836bdc8b83ed5f59a879b5ad6dab57df8c228810922,std;x86_64-unknown-linux-gnu,,not_started,not_started,not_started,not_started,not_started,,,review contract and runtime dependencies
dcaaa844a1b9b3c9,impl,impl,,"""default""",src/bytes.rs,799:1-799:21,2a297100e74b06bf41621836bdc8b83ed5f59a879b5ad6dab57df8c228810922,std;x86_64-unknown-linux-gnu,,not_started,not_started,not_started,not_started,not_started,,,review contract and runtime dependencies
23e3d1ad86546936,impl,impl,,"""default""",src/bytes.rs,801:1-805:2,2a297100e74b06bf41621836bdc8b83ed5f59a879b5ad6dab57df8c228810922,std;x86_64-unknown-linux-gnu,,not_started,not_started,not_started,not_started,not_started,,,review contract and runtime dependencies
9168aaf25d1e236d,function,eq,"{""for"": {""resolved_path"": {""args"": null, ""id"": 91, ""path"": ""Bytes""}}, ""trait"": {""args"": {""angle_bracketed"": {""args"": [{""type"": {""slice"": {""primitive"": ""u8""}}}], ""constraints"": []}}, ""id"": 886, ""path"": ""PartialEq""}}","""default""",src/bytes.rs,802:5-804:6,2a297100e74b06bf41621836bdc8b83ed5f59a879b5ad6dab57df8c228810922,std;x86_64-unknown-linux-gnu,,not_started,not_started,not_started,not_started,not_started,,,review contract and runtime dependencies
136c704b3cfae87d,impl,impl,,"""default""",src/bytes.rs,807:1-811:2,2a297100e74b06bf41621836bdc8b83ed5f59a879b5ad6dab57df8c228810922,std;x86_64-unknown-linux-gnu,,not_started,not_started,not_started,not_started,not_started,,,review contract and runtime dependencies
27d4c7cf7f49a5cc,function,partial_cmp,"{""for"": {""resolved_path"": {""args"": null, ""id"": 91, ""path"": ""Bytes""}}, ""trait"": {""args"": {""angle_bracketed"": {""args"": [{""type"": {""slice"": {""primitive"": ""u8""}}}], ""constraints"": []}}, ""id"": 890, ""path"": ""PartialOrd""}}","""default""",src/bytes.rs,808:5-810:6,2a297100e74b06bf41621836bdc8b83ed5f59a879b5ad6dab57df8c228810922,std;x86_64-unknown-linux-gnu,,not_started,not_started,not_started,not_started,not_started,,,review contract and runtime dependencies
2ef855af576c9b33,impl,impl,,"""default""",src/bytes.rs,813:1-817:2,2a297100e74b06bf41621836bdc8b83ed5f59a879b5ad6dab57df8c228810922,std;x86_64-unknown-linux-gnu,,not_started,not_started,not_started,not_started,not_started,,,review contract and runtime dependencies
d1649254844db439,function,eq,"{""for"": {""slice"": {""primitive"": ""u8""}}, ""trait"": {""args"": {""angle_bracketed"": {""args"": [{""type"": {""resolved_path"": {""args"": null, ""id"": 91, ""path"": ""Bytes""}}}], ""constraints"": []}}, ""id"": 886, ""path"": ""PartialEq""}}","""default""",src/bytes.rs,814:5-816:6,2a297100e74b06bf41621836bdc8b83ed5f59a879b5ad6dab57df8c228810922,std;x86_64-unknown-linux-gnu,,not_started,not_started,not_started,not_started,not_started,,,review contract and runtime dependencies
fd4e315376504210,impl,impl,,"""default""",src/bytes.rs,819:1-823:2,2a297100e74b06bf41621836bdc8b83ed5f59a879b5ad6dab57df8c228810922,std;x86_64-unknown-linux-gnu,,not_started,not_started,not_started,not_started,not_started,,,review contract and runtime dependencies
b6dd6ae4776bb606,function,partial_cmp,"{""for"": {""slice"": {""primitive"": ""u8""}}, ""trait"": {""args"": {""angle_bracketed"": {""args"": [{""type"": {""resolved_path"": {""args"": null, ""id"": 91, ""path"": ""Bytes""}}}], ""constraints"": []}}, ""id"": 890, ""path"": ""PartialOrd""}}","""default""",src/bytes.rs,820:5-822:6,2a297100e74b06bf41621836bdc8b83ed5f59a879b5ad6dab57df8c228810922,std;x86_64-unknown-linux-gnu,,not_started,not_started,not_started,not_started,not_started,,,review contract and runtime dependencies
8239548644d2317d,impl,impl,,"""default""",src/bytes.rs,825:1-829:2,2a297100e74b06bf41621836bdc8b83ed5f59a879b5ad6dab57df8c228810922,std;x86_64-unknown-linux-gnu,,not_started,not_started,not_started,not_started,not_started,,,review contract and runtime dependencies
b4cb02600e8a5c3d,function,eq,"{""for"": {""resolved_path"": {""args"": null, ""id"": 91, ""path"": ""Bytes""}}, ""trait"": {""args"": {""angle_bracketed"": {""args"": [{""type"": {""primitive"": ""str""}}], ""constraints"": []}}, ""id"": 886, ""path"": ""PartialEq""}}","""default""",src/bytes.rs,826:5-828:6,2a297100e74b06bf41621836bdc8b83ed5f59a879b5ad6dab57df8c228810922,std;x86_64-unknown-linux-gnu,,not_started,not_started,not_started,not_started,not_started,,,review contract and runtime dependencies
b1af952bb12bcb7e,impl,impl,,"""default""",src/bytes.rs,831:1-835:2,2a297100e74b06bf41621836bdc8b83ed5f59a879b5ad6dab57df8c228810922,std;x86_64-unknown-linux-gnu,,not_started,not_started,not_started,not_started,not_started,,,review contract and runtime dependencies
c1d9a2d7839bb185,function,partial_cmp,"{""for"": {""resolved_path"": {""args"": null, ""id"": 91, ""path"": ""Bytes""}}, ""trait"": {""args"": {""angle_bracketed"": {""args"": [{""type"": {""primitive"": ""str""}}], ""constraints"": []}}, ""id"": 890, ""path"": ""PartialOrd""}}","""default""",src/bytes.rs,832:5-834:6,2a297100e74b06bf41621836bdc8b83ed5f59a879b5ad6dab57df8c228810922,std;x86_64-unknown-linux-gnu,,not_started,not_started,not_started,not_started,not_started,,,review contract and runtime dependencies
2d0cbbcdc5ab25e3,impl,impl,,"""default""",src/bytes.rs,837:1-841:2,2a297100e74b06bf41621836bdc8b83ed5f59a879b5ad6dab57df8c228810922,std;x86_64-unknown-linux-gnu,,not_started,not_started,not_started,not_started,not_started,,,review contract and runtime dependencies
b4ae481aadf106c5,function,eq,"{""for"": {""primitive"": ""str""}, ""trait"": {""args"": {""angle_bracketed"": {""args"": [{""type"": {""resolved_path"": {""args"": null, ""id"": 91, ""path"": ""Bytes""}}}], ""constraints"": []}}, ""id"": 886, ""path"": ""PartialEq""}}","""default""",src/bytes.rs,838:5-840:6,2a297100e74b06bf41621836bdc8b83ed5f59a879b5ad6dab57df8c228810922,std;x86_64-unknown-linux-gnu,,not_started,not_started,not_started,not_started,not_started,,,review contract and runtime dependencies
24f979a113791938,impl,impl,,"""default""",src/bytes.rs,843:1-847:2,2a297100e74b06bf41621836bdc8b83ed5f59a879b5ad6dab57df8c228810922,std;x86_64-unknown-linux-gnu,,not_started,not_started,not_started,not_started,not_started,,,review contract and runtime dependencies
fa114229aa3a0bb8,function,partial_cmp,"{""for"": {""primitive"": ""str""}, ""trait"": {""args"": {""angle_bracketed"": {""args"": [{""type"": {""resolved_path"": {""args"": null, ""id"": 91, ""path"": ""Bytes""}}}], ""constraints"": []}}, ""id"": 890, ""path"": ""PartialOrd""}}","""default""",src/bytes.rs,844:5-846:6,2a297100e74b06bf41621836bdc8b83ed5f59a879b5ad6dab57df8c228810922,std;x86_64-unknown-linux-gnu,,not_started,not_started,not_started,not_started,not_started,,,review contract and runtime dependencies
e61146b2505eca1c,impl,impl,,"""default""",src/bytes.rs,849:1-853:2,2a297100e74b06bf41621836bdc8b83ed5f59a879b5ad6dab57df8c228810922,std;x86_64-unknown-linux-gnu,,not_started,not_started,not_started,not_started,not_started,,,review contract and runtime dependencies
343d1ebb87101f0b,function,eq,"{""for"": {""resolved_path"": {""args"": null, ""id"": 91, ""path"": ""Bytes""}}, ""trait"": {""args"": {""angle_bracketed"": {""args"": [{""type"": {""resolved_path"": {""args"": {""angle_bracketed"": {""args"": [{""type"": {""primitive"": ""u8""}}], ""constraints"": []}}, ""id"": 474, ""path"": ""Vec""}}}], ""constraints"": []}}, ""id"": 886, ""path"": ""PartialEq""}}","""default""",src/bytes.rs,850:5-852:6,2a297100e74b06bf41621836bdc8b83ed5f59a879b5ad6dab57df8c228810922,std;x86_64-unknown-linux-gnu,,not_started,not_started,not_started,not_started,not_started,,,review contract and runtime dependencies
f233118b1609b3af,impl,impl,,"""default""",src/bytes.rs,855:1-859:2,2a297100e74b06bf41621836bdc8b83ed5f59a879b5ad6dab57df8c228810922,std;x86_64-unknown-linux-gnu,,not_started,not_started,not_started,not_started,not_started,,,review contract and runtime dependencies
0ecd64d3bf45cd1e,function,partial_cmp,"{""for"": {""resolved_path"": {""args"": null, ""id"": 91, ""path"": ""Bytes""}}, ""trait"": {""args"": {""angle_bracketed"": {""args"": [{""type"": {""resolved_path"": {""args"": {""angle_bracketed"": {""args"": [{""type"": {""primitive"": ""u8""}}], ""constraints"": []}}, ""id"": 474, ""path"": ""Vec""}}}], ""constraints"": []}}, ""id"": 890, ""path"": ""PartialOrd""}}","""default""",src/bytes.rs,856:5-858:6,2a297100e74b06bf41621836bdc8b83ed5f59a879b5ad6dab57df8c228810922,std;x86_64-unknown-linux-gnu,,not_started,not_started,not_started,not_started,not_started,,,review contract and runtime dependencies
1842a555f8325490,impl,impl,,"""default""",src/bytes.rs,861:1-865:2,2a297100e74b06bf41621836bdc8b83ed5f59a879b5ad6dab57df8c228810922,std;x86_64-unknown-linux-gnu,,not_started,not_started,not_started,not_started,not_started,,,review contract and runtime dependencies
f5d0cd818884898a,function,eq,"{""for"": {""resolved_path"": {""args"": {""angle_bracketed"": {""args"": [{""type"": {""primitive"": ""u8""}}], ""constraints"": []}}, ""id"": 474, ""path"": ""alloc::vec::Vec""}}, ""trait"": {""args"": {""angle_bracketed"": {""args"": [{""type"": {""resolved_path"": {""args"": null, ""id"": 91, ""path"": ""Bytes""}}}], ""constraints"": []}}, ""id"": 886, ""path"": ""PartialEq""}}","""default""",src/bytes.rs,862:5-864:6,2a297100e74b06bf41621836bdc8b83ed5f59a879b5ad6dab57df8c228810922,std;x86_64-unknown-linux-gnu,,not_started,not_started,not_started,not_started,not_started,,,review contract and runtime dependencies
5ec4aea5b67132c4,impl,impl,,"""default""",src/bytes.rs,867:1-871:2,2a297100e74b06bf41621836bdc8b83ed5f59a879b5ad6dab57df8c228810922,std;x86_64-unknown-linux-gnu,,not_started,not_started,not_started,not_started,not_started,,,review contract and runtime dependencies
dcc1c9fd5b0ecfa2,function,partial_cmp,"{""for"": {""resolved_path"": {""args"": {""angle_bracketed"": {""args"": [{""type"": {""primitive"": ""u8""}}], ""constraints"": []}}, ""id"": 474, ""path"": ""alloc::vec::Vec""}}, ""trait"": {""args"": {""angle_bracketed"": {""args"": [{""type"": {""resolved_path"": {""args"": null, ""id"": 91, ""path"": ""Bytes""}}}], ""constraints"": []}}, ""id"": 890, ""path"": ""PartialOrd""}}","""default""",src/bytes.rs,868:5-870:6,2a297100e74b06bf41621836bdc8b83ed5f59a879b5ad6dab57df8c228810922,std;x86_64-unknown-linux-gnu,,not_started,not_started,not_started,not_started,not_started,,,review contract and runtime dependencies
bd78ea5f1eae1251,impl,impl,,"""default""",src/bytes.rs,873:1-877:2,2a297100e74b06bf41621836bdc8b83ed5f59a879b5ad6dab57df8c228810922,std;x86_64-unknown-linux-gnu,,not_started,not_started,not_started,not_started,not_started,,,review contract and runtime dependencies
f76fcb3f4638c1d1,function,eq,"{""for"": {""resolved_path"": {""args"": null, ""id"": 91, ""path"": ""Bytes""}}, ""trait"": {""args"": {""angle_bracketed"": {""args"": [{""type"": {""resolved_path"": {""args"": null, ""id"": 921, ""path"": ""String""}}}], ""constraints"": []}}, ""id"": 886, ""path"": ""PartialEq""}}","""default""",src/bytes.rs,874:5-876:6,2a297100e74b06bf41621836bdc8b83ed5f59a879b5ad6dab57df8c228810922,std;x86_64-unknown-linux-gnu,,not_started,not_started,not_started,not_started,not_started,,,review contract and runtime dependencies
fa4b574dbcc32d02,impl,impl,,"""default""",src/bytes.rs,879:1-883:2,2a297100e74b06bf41621836bdc8b83ed5f59a879b5ad6dab57df8c228810922,std;x86_64-unknown-linux-gnu,,not_started,not_started,not_started,not_started,not_started,,,review contract and runtime dependencies
7aeff5dd2d4a7b56,function,partial_cmp,"{""for"": {""resolved_path"": {""args"": null, ""id"": 91, ""path"": ""Bytes""}}, ""trait"": {""args"": {""angle_bracketed"": {""args"": [{""type"": {""resolved_path"": {""args"": null, ""id"": 921, ""path"": ""String""}}}], ""constraints"": []}}, ""id"": 890, ""path"": ""PartialOrd""}}","""default""",src/bytes.rs,880:5-882:6,2a297100e74b06bf41621836bdc8b83ed5f59a879b5ad6dab57df8c228810922,std;x86_64-unknown-linux-gnu,,not_started,not_started,not_started,not_started,not_started,,,review contract and runtime dependencies
bde712204e62979a,impl,impl,,"""default""",src/bytes.rs,885:1-889:2,2a297100e74b06bf41621836bdc8b83ed5f59a879b5ad6dab57df8c228810922,std;x86_64-unknown-linux-gnu,,not_started,not_started,not_started,not_started,not_started,,,review contract and runtime dependencies
35edaa2f3f9c7252,function,eq,"{""for"": {""resolved_path"": {""args"": null, ""id"": 921, ""path"": ""alloc::string::String""}}, ""trait"": {""args"": {""angle_bracketed"": {""args"": [{""type"": {""resolved_path"": {""args"": null, ""id"": 91, ""path"": ""Bytes""}}}], ""constraints"": []}}, ""id"": 886, ""path"": ""PartialEq""}}","""default""",src/bytes.rs,886:5-888:6,2a297100e74b06bf41621836bdc8b83ed5f59a879b5ad6dab57df8c228810922,std;x86_64-unknown-linux-gnu,,not_started,not_started,not_started,not_started,not_started,,,review contract and runtime dependencies
de274a8243c37bf8,impl,impl,,"""default""",src/bytes.rs,891:1-895:2,2a297100e74b06bf41621836bdc8b83ed5f59a879b5ad6dab57df8c228810922,std;x86_64-unknown-linux-gnu,,not_started,not_started,not_started,not_started,not_started,,,review contract and runtime dependencies
898528ef565774b1,function,partial_cmp,"{""for"": {""resolved_path"": {""args"": null, ""id"": 921, ""path"": ""alloc::string::String""}}, ""trait"": {""args"": {""angle_bracketed"": {""args"": [{""type"": {""resolved_path"": {""args"": null, ""id"": 91, ""path"": ""Bytes""}}}], ""constraints"": []}}, ""id"": 890, ""path"": ""PartialOrd""}}","""default""",src/bytes.rs,892:5-894:6,2a297100e74b06bf41621836bdc8b83ed5f59a879b5ad6dab57df8c228810922,std;x86_64-unknown-linux-gnu,,not_started,not_started,not_started,not_started,not_started,,,review contract and runtime dependencies
47335245af3d0d5d,impl,impl,,"""default""",src/bytes.rs,897:1-901:2,2a297100e74b06bf41621836bdc8b83ed5f59a879b5ad6dab57df8c228810922,std;x86_64-unknown-linux-gnu,,not_started,not_started,not_started,not_started,not_started,,,review contract and runtime dependencies
52bc54cb14d1891f,function,eq,"{""for"": {""borrowed_ref"": {""is_mutable"": false, ""lifetime"": null, ""type"": {""slice"": {""primitive"": ""u8""}}}}, ""trait"": {""args"": {""angle_bracketed"": {""args"": [{""type"": {""resolved_path"": {""args"": null, ""id"": 91, ""path"": ""Bytes""}}}], ""constraints"": []}}, ""id"": 886, ""path"": ""PartialEq""}}","""default""",src/bytes.rs,898:5-900:6,2a297100e74b06bf41621836bdc8b83ed5f59a879b5ad6dab57df8c228810922,std;x86_64-unknown-linux-gnu,,not_started,not_started,not_started,not_started,not_started,,,review contract and runtime dependencies
73624c82777349d1,impl,impl,,"""default""",src/bytes.rs,903:1-907:2,2a297100e74b06bf41621836bdc8b83ed5f59a879b5ad6dab57df8c228810922,std;x86_64-unknown-linux-gnu,,not_started,not_started,not_started,not_started,not_started,,,review contract and runtime dependencies
19478a018516264b,function,partial_cmp,"{""for"": {""borrowed_ref"": {""is_mutable"": false, ""lifetime"": null, ""type"": {""slice"": {""primitive"": ""u8""}}}}, ""trait"": {""args"": {""angle_bracketed"": {""args"": [{""type"": {""resolved_path"": {""args"": null, ""id"": 91, ""path"": ""Bytes""}}}], ""constraints"": []}}, ""id"": 890, ""path"": ""PartialOrd""}}","""default""",src/bytes.rs,904:5-906:6,2a297100e74b06bf41621836bdc8b83ed5f59a879b5ad6dab57df8c228810922,std;x86_64-unknown-linux-gnu,,not_started,not_started,not_started,not_started,not_started,,,review contract and runtime dependencies
0d1416dbe21456c0,impl,impl,,"""default""",src/bytes.rs,909:1-913:2,2a297100e74b06bf41621836bdc8b83ed5f59a879b5ad6dab57df8c228810922,std;x86_64-unknown-linux-gnu,,not_started,not_started,not_started,not_started,not_started,,,review contract and runtime dependencies
075c507ab2d88b7e,function,eq,"{""for"": {""borrowed_ref"": {""is_mutable"": false, ""lifetime"": null, ""type"": {""primitive"": ""str""}}}, ""trait"": {""args"": {""angle_bracketed"": {""args"": [{""type"": {""resolved_path"": {""args"": null, ""id"": 91, ""path"": ""Bytes""}}}], ""constraints"": []}}, ""id"": 886, ""path"": ""PartialEq""}}","""default""",src/bytes.rs,910:5-912:6,2a297100e74b06bf41621836bdc8b83ed5f59a879b5ad6dab57df8c228810922,std;x86_64-unknown-linux-gnu,,not_started,not_started,not_started,not_started,not_started,,,review contract and runtime dependencies
29640a8d5214855c,impl,impl,,"""default""",src/bytes.rs,915:1-919:2,2a297100e74b06bf41621836bdc8b83ed5f59a879b5ad6dab57df8c228810922,std;x86_64-unknown-linux-gnu,,not_started,not_started,not_started,not_started,not_started,,,review contract and runtime dependencies
f284091bbca43156,function,partial_cmp,"{""for"": {""borrowed_ref"": {""is_mutable"": false, ""lifetime"": null, ""type"": {""primitive"": ""str""}}}, ""trait"": {""args"": {""angle_bracketed"": {""args"": [{""type"": {""resolved_path"": {""args"": null, ""id"": 91, ""path"": ""Bytes""}}}], ""constraints"": []}}, ""id"": 890, ""path"": ""PartialOrd""}}","""default""",src/bytes.rs,916:5-918:6,2a297100e74b06bf41621836bdc8b83ed5f59a879b5ad6dab57df8c228810922,std;x86_64-unknown-linux-gnu,,not_started,not_started,not_started,not_started,not_started,,,review contract and runtime dependencies
cfc977e107777cc0,impl,impl,,"""default""",src/bytes.rs,921:1-928:2,2a297100e74b06bf41621836bdc8b83ed5f59a879b5ad6dab57df8c228810922,std;x86_64-unknown-linux-gnu,,not_started,not_started,not_started,not_started,not_started,,,review contract and runtime dependencies
3bbe4550b2f6dafc,function,eq,"{""for"": {""resolved_path"": {""args"": null, ""id"": 91, ""path"": ""Bytes""}}, ""trait"": {""args"": {""angle_bracketed"": {""args"": [{""type"": {""borrowed_ref"": {""is_mutable"": false, ""lifetime"": ""'a"", ""type"": {""generic"": ""T""}}}}], ""constraints"": []}}, ""id"": 886, ""path"": ""PartialEq""}}","""default""",src/bytes.rs,925:5-927:6,2a297100e74b06bf41621836bdc8b83ed5f59a879b5ad6dab57df8c228810922,std;x86_64-unknown-linux-gnu,,not_started,not_started,not_started,not_started,not_started,,,review contract and runtime dependencies
7f007752815933a7,impl,impl,,"""default""",src/bytes.rs,930:1-937:2,2a297100e74b06bf41621836bdc8b83ed5f59a879b5ad6dab57df8c228810922,std;x86_64-unknown-linux-gnu,,not_started,not_started,not_started,not_started,not_started,,,review contract and runtime dependencies
5a4dec449151cd06,function,partial_cmp,"{""for"": {""resolved_path"": {""args"": null, ""id"": 91, ""path"": ""Bytes""}}, ""trait"": {""args"": {""angle_bracketed"": {""args"": [{""type"": {""borrowed_ref"": {""is_mutable"": false, ""lifetime"": ""'a"", ""type"": {""generic"": ""T""}}}}], ""constraints"": []}}, ""id"": 890, ""path"": ""PartialOrd""}}","""default""",src/bytes.rs,934:5-936:6,2a297100e74b06bf41621836bdc8b83ed5f59a879b5ad6dab57df8c228810922,std;x86_64-unknown-linux-gnu,,not_started,not_started,not_started,not_started,not_started,,,review contract and runtime dependencies
f06cbbc78e88b33d,impl,impl,,"""default""",src/bytes.rs,941:1-946:2,2a297100e74b06bf41621836bdc8b83ed5f59a879b5ad6dab57df8c228810922,std;x86_64-unknown-linux-gnu,,not_started,not_started,not_started,not_started,not_started,,,review contract and runtime dependencies
eae4d6d539389663,function,default,"{""for"": {""resolved_path"": {""args"": null, ""id"": 91, ""path"": ""Bytes""}}, ""trait"": {""args"": null, ""id"": 943, ""path"": ""Default""}}","""default""",src/bytes.rs,943:5-945:6,2a297100e74b06bf41621836bdc8b83ed5f59a879b5ad6dab57df8c228810922,std;x86_64-unknown-linux-gnu,,not_started,not_started,not_started,not_started,not_started,,,review contract and runtime dependencies
b4d3648ba800089b,impl,impl,,"""default""",src/bytes.rs,948:1-952:2,2a297100e74b06bf41621836bdc8b83ed5f59a879b5ad6dab57df8c228810922,std;x86_64-unknown-linux-gnu,,not_started,not_started,not_started,not_started,not_started,,,review contract and runtime dependencies
f98d6ce76602d544,function,from,"{""for"": {""resolved_path"": {""args"": null, ""id"": 91, ""path"": ""Bytes""}}, ""trait"": {""args"": {""angle_bracketed"": {""args"": [{""type"": {""borrowed_ref"": {""is_mutable"": false, ""lifetime"": ""'static"", ""type"": {""slice"": {""primitive"": ""u8""}}}}}], ""constraints"": []}}, ""id"": 523, ""path"": ""From""}}","""default""",src/bytes.rs,949:5-951:6,2a297100e74b06bf41621836bdc8b83ed5f59a879b5ad6dab57df8c228810922,std;x86_64-unknown-linux-gnu,,not_started,not_started,not_started,not_started,not_started,,,review contract and runtime dependencies
faeeffca8b3ce441,impl,impl,,"""default""",src/bytes.rs,954:1-958:2,2a297100e74b06bf41621836bdc8b83ed5f59a879b5ad6dab57df8c228810922,std;x86_64-unknown-linux-gnu,,not_started,not_started,not_started,not_started,not_started,,,review contract and runtime dependencies
30e12da2017d5d5e,function,from,"{""for"": {""resolved_path"": {""args"": null, ""id"": 91, ""path"": ""Bytes""}}, ""trait"": {""args"": {""angle_bracketed"": {""args"": [{""type"": {""borrowed_ref"": {""is_mutable"": false, ""lifetime"": ""'static"", ""type"": {""primitive"": ""str""}}}}], ""constraints"": []}}, ""id"": 523, ""path"": ""From""}}","""default""",src/bytes.rs,955:5-957:6,2a297100e74b06bf41621836bdc8b83ed5f59a879b5ad6dab57df8c228810922,std;x86_64-unknown-linux-gnu,,not_started,not_started,not_started,not_started,not_started,,,review contract and runtime dependencies
178bf11662475215,impl,impl,,"""default""",src/bytes.rs,960:1-993:2,2a297100e74b06bf41621836bdc8b83ed5f59a879b5ad6dab57df8c228810922,std;x86_64-unknown-linux-gnu,,not_started,not_started,not_started,not_started,not_started,,,review contract and runtime dependencies
6fb4270e71a4fe1b,function,from,"{""for"": {""resolved_path"": {""args"": null, ""id"": 91, ""path"": ""Bytes""}}, ""trait"": {""args"": {""angle_bracketed"": {""args"": [{""type"": {""resolved_path"": {""args"": {""angle_bracketed"": {""args"": [{""type"": {""primitive"": ""u8""}}], ""constraints"": []}}, ""id"": 474, ""path"": ""Vec""}}}], ""constraints"": []}}, ""id"": 523, ""path"": ""From""}}","""default""",src/bytes.rs,961:5-992:6,2a297100e74b06bf41621836bdc8b83ed5f59a879b5ad6dab57df8c228810922,std;x86_64-unknown-linux-gnu,,not_started,not_started,not_started,not_started,not_started,,,review contract and runtime dependencies
ada3da81032da3b1,impl,impl,,"""default""",src/bytes.rs,995:1-1024:2,2a297100e74b06bf41621836bdc8b83ed5f59a879b5ad6dab57df8c228810922,std;x86_64-unknown-linux-gnu,,not_started,not_started,not_started,not_started,not_started,,,review contract and runtime dependencies
4a390d314b80a5cb,function,from,"{""for"": {""resolved_path"": {""args"": null, ""id"": 91, ""path"": ""Bytes""}}, ""trait"": {""args"": {""angle_bracketed"": {""args"": [{""type"": {""resolved_path"": {""args"": {""angle_bracketed"": {""args"": [{""type"": {""slice"": {""primitive"": ""u8""}}}], ""constraints"": []}}, ""id"": 270, ""path"": ""Box""}}}], ""constraints"": []}}, ""id"": 523, ""path"": ""From""}}","""default""",src/bytes.rs,996:5-1023:6,2a297100e74b06bf41621836bdc8b83ed5f59a879b5ad6dab57df8c228810922,std;x86_64-unknown-linux-gnu,,not_started,not_started,not_started,not_started,not_started,,,review contract and runtime dependencies
9c6b41f4e212c8dd,function,promote_to_shared,"{""for"": {""resolved_path"": {""args"": null, ""id"": 348, ""path"": ""BytesMut""}}, ""trait"": null}","{""restricted"": {""parent"": 1086, ""path"": ""::bytes_mut""}}",src/bytes_mut.rs,1001:5-1032:6,03120c0954d9cba20bb5002f14201075396f19e4ecaca4234e6e47eb26b7a2b5,std;x86_64-unknown-linux-gnu,,not_started,not_started,not_started,not_started,not_started,,,review contract and runtime dependencies
29f53c91e32f2e1b,impl,impl,,"""default""",src/bytes_mut.rs,103:1-1104:2,03120c0954d9cba20bb5002f14201075396f19e4ecaca4234e6e47eb26b7a2b5,std;x86_64-unknown-linux-gnu,,not_started,not_started,not_started,not_started,not_started,,,review contract and runtime dependencies
8861b498e08bf575,function,shallow_clone,"{""for"": {""resolved_path"": {""args"": null, ""id"": 348, ""path"": ""BytesMut""}}, ""trait"": null}","{""restricted"": {""parent"": 1086, ""path"": ""::bytes_mut""}}",src/bytes_mut.rs,1041:5-1049:6,03120c0954d9cba20bb5002f14201075396f19e4ecaca4234e6e47eb26b7a2b5,std;x86_64-unknown-linux-gnu,,not_started,not_started,not_started,not_started,not_started,,,review contract and runtime dependencies
fbb23e08d17f9f19,function,get_vec_pos,"{""for"": {""resolved_path"": {""args"": null, ""id"": 348, ""path"": ""BytesMut""}}, ""trait"": null}","{""restricted"": {""parent"": 1086, ""path"": ""::bytes_mut""}}",src/bytes_mut.rs,1052:5-1056:6,03120c0954d9cba20bb5002f14201075396f19e4ecaca4234e6e47eb26b7a2b5,std;x86_64-unknown-linux-gnu,,not_started,not_started,not_started,not_started,not_started,,,review contract and runtime dependencies
4a6dd93899147da0,function,set_vec_pos,"{""for"": {""resolved_path"": {""args"": null, ""id"": 348, ""path"": ""BytesMut""}}, ""trait"": null}","{""restricted"": {""parent"": 1086, ""path"": ""::bytes_mut""}}",src/bytes_mut.rs,1059:5-1064:6,03120c0954d9cba20bb5002f14201075396f19e4ecaca4234e6e47eb26b7a2b5,std;x86_64-unknown-linux-gnu,,not_started,not_started,not_started,not_started,not_started,,,review contract and runtime dependencies
6a0793465408cbb6,function,spare_capacity_mut,"{""for"": {""resolved_path"": {""args"": null, ""id"": 348, ""path"": ""BytesMut""}}, ""trait"": null}","""public""",src/bytes_mut.rs,1096:5-1103:6,03120c0954d9cba20bb5002f14201075396f19e4ecaca4234e6e47eb26b7a2b5,std;x86_64-unknown-linux-gnu,,not_started,not_started,not_started,not_started,not_started,,,review contract and runtime dependencies
1c449f45180de4dd,impl,impl,,"""default""",src/bytes_mut.rs,1106:1-1121:2,03120c0954d9cba20bb5002f14201075396f19e4ecaca4234e6e47eb26b7a2b5,std;x86_64-unknown-linux-gnu,,not_started,not_started,not_started,not_started,not_started,,,review contract and runtime dependencies
0e7ea2ecf5de2fe3,function,drop,"{""for"": {""resolved_path"": {""args"": null, ""id"": 348, ""path"": ""BytesMut""}}, ""trait"": {""args"": null, ""id"": 811, ""path"": ""Drop""}}","""default""",src/bytes_mut.rs,1107:5-1120:6,03120c0954d9cba20bb5002f14201075396f19e4ecaca4234e6e47eb26b7a2b5,std;x86_64-unknown-linux-gnu,,not_started,not_started,not_started,not_started,not_started,,,review contract and runtime dependencies
54e3730c5ba9c2d6,impl,impl,,"""default""",src/bytes_mut.rs,1123:1-1152:2,03120c0954d9cba20bb5002f14201075396f19e4ecaca4234e6e47eb26b7a2b5,std;x86_64-unknown-linux-gnu,,not_started,not_started,not_started,not_started,not_started,,,review contract and runtime dependencies
587234c3fa8d49c4,function,remaining,"{""for"": {""resolved_path"": {""args"": null, ""id"": 348, ""path"": ""BytesMut""}}, ""trait"": {""args"": null, ""id"": 97, ""path"": ""Buf""}}","""default""",src/bytes_mut.rs,1125:5-1127:6,03120c0954d9cba20bb5002f14201075396f19e4ecaca4234e6e47eb26b7a2b5,std;x86_64-unknown-linux-gnu,,not_started,not_started,not_started,not_started,not_started,,,review contract and runtime dependencies
5b9a1143674195e5,function,chunk,"{""for"": {""resolved_path"": {""args"": null, ""id"": 348, ""path"": ""BytesMut""}}, ""trait"": {""args"": null, ""id"": 97, ""path"": ""Buf""}}","""default""",src/bytes_mut.rs,1130:5-1132:6,03120c0954d9cba20bb5002f14201075396f19e4ecaca4234e6e47eb26b7a2b5,std;x86_64-unknown-linux-gnu,,not_started,not_started,not_started,not_started,not_started,,,review contract and runtime dependencies
5c94c32060ec7f2a,function,advance,"{""for"": {""resolved_path"": {""args"": null, ""id"": 348, ""path"": ""BytesMut""}}, ""trait"": {""args"": null, ""id"": 97, ""path"": ""Buf""}}","""default""",src/bytes_mut.rs,1135:5-1147:6,03120c0954d9cba20bb5002f14201075396f19e4ecaca4234e6e47eb26b7a2b5,std;x86_64-unknown-linux-gnu,,not_started,not_started,not_started,not_started,not_started,,,review contract and runtime dependencies
d7baee130461a57c,function,copy_to_bytes,"{""for"": {""resolved_path"": {""args"": null, ""id"": 348, ""path"": ""BytesMut""}}, ""trait"": {""args"": null, ""id"": 97, ""path"": ""Buf""}}","""default""",src/bytes_mut.rs,1149:5-1151:6,03120c0954d9cba20bb5002f14201075396f19e4ecaca4234e6e47eb26b7a2b5,std;x86_64-unknown-linux-gnu,,not_started,not_started,not_started,not_started,not_started,,,review contract and runtime dependencies
700d371a3312b3fc,impl,impl,,"""default""",src/bytes_mut.rs,1154:1-1229:2,03120c0954d9cba20bb5002f14201075396f19e4ecaca4234e6e47eb26b7a2b5,std;x86_64-unknown-linux-gnu,,not_started,not_started,not_started,not_started,not_started,,,review contract and runtime dependencies
95328ba7271518c4,function,remaining_mut,"{""for"": {""resolved_path"": {""args"": null, ""id"": 348, ""path"": ""BytesMut""}}, ""trait"": {""args"": null, ""id"": 403, ""path"": ""BufMut""}}","""default""",src/bytes_mut.rs,1156:5-1159:6,03120c0954d9cba20bb5002f14201075396f19e4ecaca4234e6e47eb26b7a2b5,std;x86_64-unknown-linux-gnu,,not_started,not_started,not_started,not_started,not_started,,,review contract and runtime dependencies
c2d850ca4a30c121,function,advance_mut,"{""for"": {""resolved_path"": {""args"": null, ""id"": 348, ""path"": ""BytesMut""}}, ""trait"": {""args"": null, ""id"": 403, ""path"": ""BufMut""}}","""default""",src/bytes_mut.rs,1162:5-1172:6,03120c0954d9cba20bb5002f14201075396f19e4ecaca4234e6e47eb26b7a2b5,std;x86_64-unknown-linux-gnu,,not_started,not_started,not_started,not_started,not_started,,,review contract and runtime dependencies
2bcf0eccb92bea0f,function,chunk_mut,"{""for"": {""resolved_path"": {""args"": null, ""id"": 348, ""path"": ""BytesMut""}}, ""trait"": {""args"": null, ""id"": 403, ""path"": ""BufMut""}}","""default""",src/bytes_mut.rs,1175:5-1180:6,03120c0954d9cba20bb5002f14201075396f19e4ecaca4234e6e47eb26b7a2b5,std;x86_64-unknown-linux-gnu,,not_started,not_started,not_started,not_started,not_started,,,review contract and runtime dependencies
b1cc4b4085070e03,function,put,"{""for"": {""resolved_path"": {""args"": null, ""id"": 348, ""path"": ""BytesMut""}}, ""trait"": {""args"": null, ""id"": 403, ""path"": ""BufMut""}}","""default""",src/bytes_mut.rs,1185:5-1211:6,03120c0954d9cba20bb5002f14201075396f19e4ecaca4234e6e47eb26b7a2b5,std;x86_64-unknown-linux-gnu,,not_started,not_started,not_started,not_started,not_started,,,review contract and runtime dependencies
d9a5b315ffddcdb4,function,put_slice,"{""for"": {""resolved_path"": {""args"": null, ""id"": 348, ""path"": ""BytesMut""}}, ""trait"": {""args"": null, ""id"": 403, ""path"": ""BufMut""}}","""default""",src/bytes_mut.rs,1213:5-1215:6,03120c0954d9cba20bb5002f14201075396f19e4ecaca4234e6e47eb26b7a2b5,std;x86_64-unknown-linux-gnu,,not_started,not_started,not_started,not_started,not_started,,,review contract and runtime dependencies
6212c81b847b7b87,function,put_bytes,"{""for"": {""resolved_path"": {""args"": null, ""id"": 348, ""path"": ""BytesMut""}}, ""trait"": {""args"": null, ""id"": 403, ""path"": ""BufMut""}}","""default""",src/bytes_mut.rs,1217:5-1228:6,03120c0954d9cba20bb5002f14201075396f19e4ecaca4234e6e47eb26b7a2b5,std;x86_64-unknown-linux-gnu,,not_started,not_started,not_started,not_started,not_started,,,review contract and runtime dependencies
4dda2555330e373f,impl,impl,,"""default""",src/bytes_mut.rs,1231:1-1236:2,03120c0954d9cba20bb5002f14201075396f19e4ecaca4234e6e47eb26b7a2b5,std;x86_64-unknown-linux-gnu,,not_started,not_started,not_started,not_started,not_started,,,review contract and runtime dependencies
d5a75e58de7bdf13,function,as_ref,"{""for"": {""resolved_path"": {""args"": null, ""id"": 348, ""path"": ""BytesMut""}}, ""trait"": {""args"": {""angle_bracketed"": {""args"": [{""type"": {""slice"": {""primitive"": ""u8""}}}], ""constraints"": []}}, ""id"": 318, ""path"": ""AsRef""}}","""default""",src/bytes_mut.rs,1233:5-1235:6,03120c0954d9cba20bb5002f14201075396f19e4ecaca4234e6e47eb26b7a2b5,std;x86_64-unknown-linux-gnu,,not_started,not_started,not_started,not_started,not_started,,,review contract and runtime dependencies
c4a75e8c68083101,impl,impl,,"""default""",src/bytes_mut.rs,1238:1-1245:2,03120c0954d9cba20bb5002f14201075396f19e4ecaca4234e6e47eb26b7a2b5,std;x86_64-unknown-linux-gnu,,not_started,not_started,not_started,not_started,not_started,,,review contract and runtime dependencies
ef85fd6669e9b25e,function,deref,"{""for"": {""resolved_path"": {""args"": null, ""id"": 348, ""path"": ""BytesMut""}}, ""trait"": {""args"": null, ""id"": 846, ""path"": ""Deref""}}","""default""",src/bytes_mut.rs,1242:5-1244:6,03120c0954d9cba20bb5002f14201075396f19e4ecaca4234e6e47eb26b7a2b5,std;x86_64-unknown-linux-gnu,,not_started,not_started,not_started,not_started,not_started,,,review contract and runtime dependencies
e88a193b3c568788,impl,impl,,"""default""",src/bytes_mut.rs,1247:1-1252:2,03120c0954d9cba20bb5002f14201075396f19e4ecaca4234e6e47eb26b7a2b5,std;x86_64-unknown-linux-gnu,,not_started,not_started,not_started,not_started,not_started,,,review contract and runtime dependencies
70a2d45823d64139,function,as_mut,"{""for"": {""resolved_path"": {""args"": null, ""id"": 348, ""path"": ""BytesMut""}}, ""trait"": {""args"": {""angle_bracketed"": {""args"": [{""type"": {""slice"": {""primitive"": ""u8""}}}], ""constraints"": []}}, ""id"": 1147, ""path"": ""AsMut""}}","""default""",src/bytes_mut.rs,1249:5-1251:6,03120c0954d9cba20bb5002f14201075396f19e4ecaca4234e6e47eb26b7a2b5,std;x86_64-unknown-linux-gnu,,not_started,not_started,not_started,not_started,not_started,,,review contract and runtime dependencies
efb9e2df5172ab69,impl,impl,,"""default""",src/bytes_mut.rs,1254:1-1259:2,03120c0954d9cba20bb5002f14201075396f19e4ecaca4234e6e47eb26b7a2b5,std;x86_64-unknown-linux-gnu,,not_started,not_started,not_started,not_started,not_started,,,review contract and runtime dependencies
76521bea5eb518f0,function,deref_mut,"{""for"": {""resolved_path"": {""args"": null, ""id"": 348, ""path"": ""BytesMut""}}, ""trait"": {""args"": null, ""id"": 1150, ""path"": ""DerefMut""}}","""default""",src/bytes_mut.rs,1256:5-1258:6,03120c0954d9cba20bb5002f14201075396f19e4ecaca4234e6e47eb26b7a2b5,std;x86_64-unknown-linux-gnu,,not_started,not_started,not_started,not_started,not_started,,,review contract and runtime dependencies
b1506decc815b174,impl,impl,,"""default""",src/bytes_mut.rs,1261:1-1265:2,03120c0954d9cba20bb5002f14201075396f19e4ecaca4234e6e47eb26b7a2b5,std;x86_64-unknown-linux-gnu,,not_started,not_started,not_started,not_started,not_started,,,review contract and runtime dependencies
31f8df47191353c8,function,from,"{""for"": {""resolved_path"": {""args"": null, ""id"": 348, ""path"": ""BytesMut""}}, ""trait"": {""args"": {""angle_bracketed"": {""args"": [{""type"": {""borrowed_ref"": {""is_mutable"": false, ""lifetime"": ""'a"", ""type"": {""slice"": {""primitive"": ""u8""}}}}}], ""constraints"": []}}, ""id"": 523, ""path"": ""From""}}","""default""",src/bytes_mut.rs,1262:5-1264:6,03120c0954d9cba20bb5002f14201075396f19e4ecaca4234e6e47eb26b7a2b5,std;x86_64-unknown-linux-gnu,,not_started,not_started,not_started,not_started,not_started,,,review contract and runtime dependencies
8167d0196562cd7a,impl,impl,,"""default""",src/bytes_mut.rs,1267:1-1271:2,03120c0954d9cba20bb5002f14201075396f19e4ecaca4234e6e47eb26b7a2b5,std;x86_64-unknown-linux-gnu,,not_started,not_started,not_started,not_started,not_started,,,review contract and runtime dependencies
2093333eb513a005,function,from,"{""for"": {""resolved_path"": {""args"": null, ""id"": 348, ""path"": ""BytesMut""}}, ""trait"": {""args"": {""angle_bracketed"": {""args"": [{""type"": {""borrowed_ref"": {""is_mutable"": false, ""lifetime"": ""'a"", ""type"": {""primitive"": ""str""}}}}], ""constraints"": []}}, ""id"": 523, ""path"": ""From""}}","""default""",src/bytes_mut.rs,1268:5-1270:6,03120c0954d9cba20bb5002f14201075396f19e4ecaca4234e6e47eb26b7a2b5,std;x86_64-unknown-linux-gnu,,not_started,not_started,not_started,not_started,not_started,,,review contract and runtime dependencies
7ed78d52b7875d3e,impl,impl,,"""default""",src/bytes_mut.rs,1273:1-1277:2,03120c0954d9cba20bb5002f14201075396f19e4ecaca4234e6e47eb26b7a2b5,std;x86_64-unknown-linux-gnu,,not_started,not_started,not_started,not_started,not_started,,,review contract and runtime dependencies
fad20564412af3df,function,from,"{""for"": {""resolved_path"": {""args"": null, ""id"": 91, ""path"": ""crate::Bytes""}}, ""trait"": {""args"": {""angle_bracketed"": {""args"": [{""type"": {""resolved_path"": {""args"": null, ""id"": 348, ""path"": ""BytesMut""}}}], ""constraints"": []}}, ""id"": 523, ""path"": ""From""}}","""default""",src/bytes_mut.rs,1274:5-1276:6,03120c0954d9cba20bb5002f14201075396f19e4ecaca4234e6e47eb26b7a2b5,std;x86_64-unknown-linux-gnu,,not_started,not_started,not_started,not_started,not_started,,,review contract and runtime dependencies
c81614c07800d59d,impl,impl,,"""default""",src/bytes_mut.rs,1279:1-1283:2,03120c0954d9cba20bb5002f14201075396f19e4ecaca4234e6e47eb26b7a2b5,std;x86_64-unknown-linux-gnu,,not_started,not_started,not_started,not_started,not_started,,,review contract and runtime dependencies
4db47f007eaf0314,function,with_capacity,"{""for"": {""resolved_path"": {""args"": null, ""id"": 348, ""path"": ""BytesMut""}}, ""trait"": null}","""public""",src/bytes_mut.rs,127:5-129:6,03120c0954d9cba20bb5002f14201075396f19e4ecaca4234e6e47eb26b7a2b5,std;x86_64-unknown-linux-gnu,,not_started,not_started,not_started,not_started,not_started,,,review contract and runtime dependencies
1e936b16e076455c,function,eq,"{""for"": {""resolved_path"": {""args"": null, ""id"": 348, ""path"": ""BytesMut""}}, ""trait"": {""args"": null, ""id"": 886, ""path"": ""PartialEq""}}","""default""",src/bytes_mut.rs,1280:5-1282:6,03120c0954d9cba20bb5002f14201075396f19e4ecaca4234e6e47eb26b7a2b5,std;x86_64-unknown-linux-gnu,,not_started,not_started,not_started,not_started,not_started,,,review contract and runtime dependencies
835d934be5801234,impl,impl,,"""default""",src/bytes_mut.rs,1285:1-1289:2,03120c0954d9cba20bb5002f14201075396f19e4ecaca4234e6e47eb26b7a2b5,std;x86_64-unknown-linux-gnu,,not_started,not_started,not_started,not_started,not_started,,,review contract and runtime dependencies
acba40f98214e6e3,function,partial_cmp,"{""for"": {""resolved_path"": {""args"": null, ""id"": 348, ""path"": ""BytesMut""}}, ""trait"": {""args"": null, ""id"": 890, ""path"": ""PartialOrd""}}","""default""",src/bytes_mut.rs,1286:5-1288:6,03120c0954d9cba20bb5002f14201075396f19e4ecaca4234e6e47eb26b7a2b5,std;x86_64-unknown-linux-gnu,,not_started,not_started,not_started,not_started,not_started,,,review contract and runtime dependencies
3b4f25c918034a17,impl,impl,,"""default""",src/bytes_mut.rs,1291:1-1295:2,03120c0954d9cba20bb5002f14201075396f19e4ecaca4234e6e47eb26b7a2b5,std;x86_64-unknown-linux-gnu,,not_started,not_started,not_started,not_started,not_started,,,review contract and runtime dependencies
c24eb11b08ee38c4,function,cmp,"{""for"": {""resolved_path"": {""args"": null, ""id"": 348, ""path"": ""BytesMut""}}, ""trait"": {""args"": null, ""id"": 893, ""path"": ""Ord""}}","""default""",src/bytes_mut.rs,1292:5-1294:6,03120c0954d9cba20bb5002f14201075396f19e4ecaca4234e6e47eb26b7a2b5,std;x86_64-unknown-linux-gnu,,not_started,not_started,not_started,not_started,not_started,,,review contract and runtime dependencies
9d97c8490a2ebfe0,impl,impl,,"""default""",src/bytes_mut.rs,1297:1-1297:24,03120c0954d9cba20bb5002f14201075396f19e4ecaca4234e6e47eb26b7a2b5,std;x86_64-unknown-linux-gnu,,not_started,not_started,not_started,not_started,not_started,,,review contract and runtime dependencies
fcf84f37b0d55e23,impl,impl,,"""default""",src/bytes_mut.rs,1299:1-1304:2,03120c0954d9cba20bb5002f14201075396f19e4ecaca4234e6e47eb26b7a2b5,std;x86_64-unknown-linux-gnu,,not_started,not_started,not_started,not_started,not_started,,,review contract and runtime dependencies
360d517756f33aca,function,default,"{""for"": {""resolved_path"": {""args"": null, ""id"": 348, ""path"": ""BytesMut""}}, ""trait"": {""args"": null, ""id"": 943, ""path"": ""Default""}}","""default""",src/bytes_mut.rs,1301:5-1303:6,03120c0954d9cba20bb5002f14201075396f19e4ecaca4234e6e47eb26b7a2b5,std;x86_64-unknown-linux-gnu,,not_started,not_started,not_started,not_started,not_started,,,review contract and runtime dependencies
a0d8299e28926314,impl,impl,,"""default""",src/bytes_mut.rs,1306:1-1314:2,03120c0954d9cba20bb5002f14201075396f19e4ecaca4234e6e47eb26b7a2b5,std;x86_64-unknown-linux-gnu,,not_started,not_started,not_started,not_started,not_started,,,review contract and runtime dependencies
b020c0e2d65b9996,function,hash,"{""for"": {""resolved_path"": {""args"": null, ""id"": 348, ""path"": ""BytesMut""}}, ""trait"": {""args"": null, ""id"": 869, ""path"": ""Hash""}}","""default""",src/bytes_mut.rs,1307:5-1313:6,03120c0954d9cba20bb5002f14201075396f19e4ecaca4234e6e47eb26b7a2b5,std;x86_64-unknown-linux-gnu,,not_started,not_started,not_started,not_started,not_started,,,review contract and runtime dependencies
f78636802b9adcb0,impl,impl,,"""default""",src/bytes_mut.rs,1316:1-1320:2,03120c0954d9cba20bb5002f14201075396f19e4ecaca4234e6e47eb26b7a2b5,std;x86_64-unknown-linux-gnu,,not_started,not_started,not_started,not_started,not_started,,,review contract and runtime dependencies
978ed5c2271a8acc,function,borrow,"{""for"": {""resolved_path"": {""args"": null, ""id"": 348, ""path"": ""BytesMut""}}, ""trait"": {""args"": {""angle_bracketed"": {""args"": [{""type"": {""slice"": {""primitive"": ""u8""}}}], ""constraints"": []}}, ""id"": 519, ""path"": ""Borrow""}}","""default""",src/bytes_mut.rs,1317:5-1319:6,03120c0954d9cba20bb5002f14201075396f19e4ecaca4234e6e47eb26b7a2b5,std;x86_64-unknown-linux-gnu,,not_started,not_started,not_started,not_started,not_started,,,review contract and runtime dependencies
d1532e6f714ba957,impl,impl,,"""default""",src/bytes_mut.rs,1322:1-1326:2,03120c0954d9cba20bb5002f14201075396f19e4ecaca4234e6e47eb26b7a2b5,std;x86_64-unknown-linux-gnu,,not_started,not_started,not_started,not_started,not_started,,,review contract and runtime dependencies
2ea6536ce7d6ece9,function,borrow_mut,"{""for"": {""resolved_path"": {""args"": null, ""id"": 348, ""path"": ""BytesMut""}}, ""trait"": {""args"": {""angle_bracketed"": {""args"": [{""type"": {""slice"": {""primitive"": ""u8""}}}], ""constraints"": []}}, ""id"": 522, ""path"": ""BorrowMut""}}","""default""",src/bytes_mut.rs,1323:5-1325:6,03120c0954d9cba20bb5002f14201075396f19e4ecaca4234e6e47eb26b7a2b5,std;x86_64-unknown-linux-gnu,,not_started,not_started,not_started,not_started,not_started,,,review contract and runtime dependencies
edfd75d01fdf978c,impl,impl,,"""default""",src/bytes_mut.rs,1328:1-1343:2,03120c0954d9cba20bb5002f14201075396f19e4ecaca4234e6e47eb26b7a2b5,std;x86_64-unknown-linux-gnu,,not_started,not_started,not_started,not_started,not_started,,,review contract and runtime dependencies
e4414dc2ebaf3fdf,function,write_str,"{""for"": {""resolved_path"": {""args"": null, ""id"": 348, ""path"": ""BytesMut""}}, ""trait"": {""args"": null, ""id"": 1174, ""path"": ""Write""}}","""default""",src/bytes_mut.rs,1330:5-1337:6,03120c0954d9cba20bb5002f14201075396f19e4ecaca4234e6e47eb26b7a2b5,std;x86_64-unknown-linux-gnu,,not_started,not_started,not_started,not_started,not_started,,,review contract and runtime dependencies
48efe1c487aa588f,function,write_fmt,"{""for"": {""resolved_path"": {""args"": null, ""id"": 348, ""path"": ""BytesMut""}}, ""trait"": {""args"": null, ""id"": 1174, ""path"": ""Write""}}","""default""",src/bytes_mut.rs,1340:5-1342:6,03120c0954d9cba20bb5002f14201075396f19e4ecaca4234e6e47eb26b7a2b5,std;x86_64-unknown-linux-gnu,,not_started,not_started,not_started,not_started,not_started,,,review contract and runtime dependencies
66cc5bc76bf33a91,impl,impl,,"""default""",src/bytes_mut.rs,1345:1-1349:2,03120c0954d9cba20bb5002f14201075396f19e4ecaca4234e6e47eb26b7a2b5,std;x86_64-unknown-linux-gnu,,not_started,not_started,not_started,not_started,not_started,,,review contract and runtime dependencies
db47fbd9fc01c5fe,function,clone,"{""for"": {""resolved_path"": {""args"": null, ""id"": 348, ""path"": ""BytesMut""}}, ""trait"": {""args"": null, ""id"": 838, ""path"": ""Clone""}}","""default""",src/bytes_mut.rs,1346:5-1348:6,03120c0954d9cba20bb5002f14201075396f19e4ecaca4234e6e47eb26b7a2b5,std;x86_64-unknown-linux-gnu,,not_started,not_started,not_started,not_started,not_started,,,review contract and runtime dependencies
2efd7bb5d89d1060,impl,impl,,"""default""",src/bytes_mut.rs,1351:1-1358:2,03120c0954d9cba20bb5002f14201075396f19e4ecaca4234e6e47eb26b7a2b5,std;x86_64-unknown-linux-gnu,,not_started,not_started,not_started,not_started,not_started,,,review contract and runtime dependencies
f88d988b2ec3dc9e,function,into_iter,"{""for"": {""resolved_path"": {""args"": null, ""id"": 348, ""path"": ""BytesMut""}}, ""trait"": {""args"": null, ""id"": 553, ""path"": ""IntoIterator""}}","""default""",src/bytes_mut.rs,1355:5-1357:6,03120c0954d9cba20bb5002f14201075396f19e4ecaca4234e6e47eb26b7a2b5,std;x86_64-unknown-linux-gnu,,not_started,not_started,not_started,not_started,not_started,,,review contract and runtime dependencies
eb3afe22eb73461e,impl,impl,,"""default""",src/bytes_mut.rs,1360:1-1367:2,03120c0954d9cba20bb5002f14201075396f19e4ecaca4234e6e47eb26b7a2b5,std;x86_64-unknown-linux-gnu,,not_started,not_started,not_started,not_started,not_started,,,review contract and runtime dependencies
10882d0792243d74,function,into_iter,"{""for"": {""borrowed_ref"": {""is_mutable"": false, ""lifetime"": ""'a"", ""type"": {""resolved_path"": {""args"": null, ""id"": 348, ""path"": ""BytesMut""}}}}, ""trait"": {""args"": null, ""id"": 553, ""path"": ""IntoIterator""}}","""default""",src/bytes_mut.rs,1364:5-1366:6,03120c0954d9cba20bb5002f14201075396f19e4ecaca4234e6e47eb26b7a2b5,std;x86_64-unknown-linux-gnu,,not_started,not_started,not_started,not_started,not_started,,,review contract and runtime dependencies
0940fc8b3d993994,impl,impl,,"""default""",src/bytes_mut.rs,1369:1-1385:2,03120c0954d9cba20bb5002f14201075396f19e4ecaca4234e6e47eb26b7a2b5,std;x86_64-unknown-linux-gnu,,not_started,not_started,not_started,not_started,not_started,,,review contract and runtime dependencies
bedaca0e52ea4f35,function,extend,"{""for"": {""resolved_path"": {""args"": null, ""id"": 348, ""path"": ""BytesMut""}}, ""trait"": {""args"": {""angle_bracketed"": {""args"": [{""type"": {""primitive"": ""u8""}}], ""constraints"": []}}, ""id"": 962, ""path"": ""Extend""}}","""default""",src/bytes_mut.rs,1370:5-1384:6,03120c0954d9cba20bb5002f14201075396f19e4ecaca4234e6e47eb26b7a2b5,std;x86_64-unknown-linux-gnu,,not_started,not_started,not_started,not_started,not_started,,,review contract and runtime dependencies
4a5f5836a0e456f3,impl,impl,,"""default""",src/bytes_mut.rs,1387:1-1394:2,03120c0954d9cba20bb5002f14201075396f19e4ecaca4234e6e47eb26b7a2b5,std;x86_64-unknown-linux-gnu,,not_started,not_started,not_started,not_started,not_started,,,review contract and runtime dependencies
0a3bc62c9223c31c,function,extend,"{""for"": {""resolved_path"": {""args"": null, ""id"": 348, ""path"": ""BytesMut""}}, ""trait"": {""args"": {""angle_bracketed"": {""args"": [{""type"": {""borrowed_ref"": {""is_mutable"": false, ""lifetime"": ""'a"", ""type"": {""primitive"": ""u8""}}}}], ""constraints"": []}}, ""id"": 962, ""path"": ""Extend""}}","""default""",src/bytes_mut.rs,1388:5-1393:6,03120c0954d9cba20bb5002f14201075396f19e4ecaca4234e6e47eb26b7a2b5,std;x86_64-unknown-linux-gnu,,not_started,not_started,not_started,not_started,not_started,,,review contract and runtime dependencies
83a6d04a0472d500,impl,impl,,"""default""",src/bytes_mut.rs,1396:1-1405:2,03120c0954d9cba20bb5002f14201075396f19e4ecaca4234e6e47eb26b7a2b5,std;x86_64-unknown-linux-gnu,,not_started,not_started,not_started,not_started,not_started,,,review contract and runtime dependencies
720bb2c4b7a0c618,function,extend,"{""for"": {""resolved_path"": {""args"": null, ""id"": 348, ""path"": ""BytesMut""}}, ""trait"": {""args"": {""angle_bracketed"": {""args"": [{""type"": {""resolved_path"": {""args"": null, ""id"": 91, ""path"": ""Bytes""}}}], ""constraints"": []}}, ""id"": 962, ""path"": ""Extend""}}","""default""",src/bytes_mut.rs,1397:5-1404:6,03120c0954d9cba20bb5002f14201075396f19e4ecaca4234e6e47eb26b7a2b5,std;x86_64-unknown-linux-gnu,,not_started,not_started,not_started,not_started,not_started,,,review contract and runtime dependencies
96546547bd30f49d,impl,impl,,"""default""",src/bytes_mut.rs,1407:1-1411:2,03120c0954d9cba20bb5002f14201075396f19e4ecaca4234e6e47eb26b7a2b5,std;x86_64-unknown-linux-gnu,,not_started,not_started,not_started,not_started,not_started,,,review contract and runtime dependencies
985b218cb6f624e9,function,from_iter,"{""for"": {""resolved_path"": {""args"": null, ""id"": 348, ""path"": ""BytesMut""}}, ""trait"": {""args"": {""angle_bracketed"": {""args"": [{""type"": {""primitive"": ""u8""}}], ""constraints"": []}}, ""id"": 883, ""path"": ""FromIterator""}}","""default""",src/bytes_mut.rs,1408:5-1410:6,03120c0954d9cba20bb5002f14201075396f19e4ecaca4234e6e47eb26b7a2b5,std;x86_64-unknown-linux-gnu,,not_started,not_started,not_started,not_started,not_started,,,review contract and runtime dependencies
7ba9f97cb302f5d9,impl,impl,,"""default""",src/bytes_mut.rs,1413:1-1417:2,03120c0954d9cba20bb5002f14201075396f19e4ecaca4234e6e47eb26b7a2b5,std;x86_64-unknown-linux-gnu,,not_started,not_started,not_started,not_started,not_started,,,review contract and runtime dependencies
38a42828530000d6,function,from_iter,"{""for"": {""resolved_path"": {""args"": null, ""id"": 348, ""path"": ""BytesMut""}}, ""trait"": {""args"": {""angle_bracketed"": {""args"": [{""type"": {""borrowed_ref"": {""is_mutable"": false, ""lifetime"": ""'a"", ""type"": {""primitive"": ""u8""}}}}], ""constraints"": []}}, ""id"": 883, ""path"": ""FromIterator""}}","""default""",src/bytes_mut.rs,1414:5-1416:6,03120c0954d9cba20bb5002f14201075396f19e4ecaca4234e6e47eb26b7a2b5,std;x86_64-unknown-linux-gnu,,not_started,not_started,not_started,not_started,not_started,,,review contract and runtime dependencies
6ecbc931eef418b8,function,increment_shared,,"{""restricted"": {""parent"": 1086, ""path"": ""::bytes_mut""}}",src/bytes_mut.rs,1425:1-1431:2,03120c0954d9cba20bb5002f14201075396f19e4ecaca4234e6e47eb26b7a2b5,std;x86_64-unknown-linux-gnu,,not_started,not_started,not_started,not_started,not_started,,,review contract and runtime dependencies
7f9497eaf07508f2,function,release_shared,,"{""restricted"": {""parent"": 1086, ""path"": ""::bytes_mut""}}",src/bytes_mut.rs,1433:1-1463:2,03120c0954d9cba20bb5002f14201075396f19e4ecaca4234e6e47eb26b7a2b5,std;x86_64-unknown-linux-gnu,,not_started,not_started,not_started,not_started,not_started,,,review contract and runtime dependencies
d9174be9ee9f001a,impl,impl,,"""default""",src/bytes_mut.rs,1465:1-1479:2,03120c0954d9cba20bb5002f14201075396f19e4ecaca4234e6e47eb26b7a2b5,std;x86_64-unknown-linux-gnu,,not_started,not_started,not_started,not_started,not_started,,,review contract and runtime dependencies
37cd924b7ae8e945,function,is_unique,"{""for"": {""resolved_path"": {""args"": null, ""id"": 1090, ""path"": ""Shared""}}, ""trait"": null}","{""restricted"": {""parent"": 1086, ""path"": ""::bytes_mut""}}",src/bytes_mut.rs,1466:5-1478:6,03120c0954d9cba20bb5002f14201075396f19e4ecaca4234e6e47eb26b7a2b5,std;x86_64-unknown-linux-gnu,,not_started,not_started,not_started,not_started,not_started,,,review contract and runtime dependencies
530c43c60110f528,function,new,"{""for"": {""resolved_path"": {""args"": null, ""id"": 348, ""path"": ""BytesMut""}}, ""trait"": null}","""public""",src/bytes_mut.rs,151:5-153:6,03120c0954d9cba20bb5002f14201075396f19e4ecaca4234e6e47eb26b7a2b5,std;x86_64-unknown-linux-gnu,,not_started,not_started,not_started,not_started,not_started,,,review contract and runtime dependencies
bfe742bc69433036,impl,impl,,"""default""",src/bytes_mut.rs,1535:1-1535:33,03120c0954d9cba20bb5002f14201075396f19e4ecaca4234e6e47eb26b7a2b5,std;x86_64-unknown-linux-gnu,,not_started,not_started,not_started,not_started,not_started,,,review contract and runtime dependencies
af92950d2d6c731a,impl,impl,,"""default""",src/bytes_mut.rs,1536:1-1536:33,03120c0954d9cba20bb5002f14201075396f19e4ecaca4234e6e47eb26b7a2b5,std;x86_64-unknown-linux-gnu,,not_started,not_started,not_started,not_started,not_started,,,review contract and runtime dependencies
3b5dcc945221b3ae,impl,impl,,"""default""",src/bytes_mut.rs,1544:1-1548:2,03120c0954d9cba20bb5002f14201075396f19e4ecaca4234e6e47eb26b7a2b5,std;x86_64-unknown-linux-gnu,,not_started,not_started,not_started,not_started,not_started,,,review contract and runtime dependencies
8f6c9661ee79062a,function,eq,"{""for"": {""resolved_path"": {""args"": null, ""id"": 348, ""path"": ""BytesMut""}}, ""trait"": {""args"": {""angle_bracketed"": {""args"": [{""type"": {""slice"": {""primitive"": ""u8""}}}], ""constraints"": []}}, ""id"": 886, ""path"": ""PartialEq""}}","""default""",src/bytes_mut.rs,1545:5-1547:6,03120c0954d9cba20bb5002f14201075396f19e4ecaca4234e6e47eb26b7a2b5,std;x86_64-unknown-linux-gnu,,not_started,not_started,not_started,not_started,not_started,,,review contract and runtime dependencies
71551e702ff1f57e,impl,impl,,"""default""",src/bytes_mut.rs,1550:1-1554:2,03120c0954d9cba20bb5002f14201075396f19e4ecaca4234e6e47eb26b7a2b5,std;x86_64-unknown-linux-gnu,,not_started,not_started,not_started,not_started,not_started,,,review contract and runtime dependencies
5ece6fc9aac7d382,function,partial_cmp,"{""for"": {""resolved_path"": {""args"": null, ""id"": 348, ""path"": ""BytesMut""}}, ""trait"": {""args"": {""angle_bracketed"": {""args"": [{""type"": {""slice"": {""primitive"": ""u8""}}}], ""constraints"": []}}, ""id"": 890, ""path"": ""PartialOrd""}}","""default""",src/bytes_mut.rs,1551:5-1553:6,03120c0954d9cba20bb5002f14201075396f19e4ecaca4234e6e47eb26b7a2b5,std;x86_64-unknown-linux-gnu,,not_started,not_started,not_started,not_started,not_started,,,review contract and runtime dependencies
2b15f6c3b2766529,impl,impl,,"""default""",src/bytes_mut.rs,1556:1-1560:2,03120c0954d9cba20bb5002f14201075396f19e4ecaca4234e6e47eb26b7a2b5,std;x86_64-unknown-linux-gnu,,not_started,not_started,not_started,not_started,not_started,,,review contract and runtime dependencies
16e27a54538a3a35,function,eq,"{""for"": {""slice"": {""primitive"": ""u8""}}, ""trait"": {""args"": {""angle_bracketed"": {""args"": [{""type"": {""resolved_path"": {""args"": null, ""id"": 348, ""path"": ""BytesMut""}}}], ""constraints"": []}}, ""id"": 886, ""path"": ""PartialEq""}}","""default""",src/bytes_mut.rs,1557:5-1559:6,03120c0954d9cba20bb5002f14201075396f19e4ecaca4234e6e47eb26b7a2b5,std;x86_64-unknown-linux-gnu,,not_started,not_started,not_started,not_started,not_started,,,review contract and runtime dependencies
f765ebd9811c0f96,impl,impl,,"""default""",src/bytes_mut.rs,1562:1-1566:2,03120c0954d9cba20bb5002f14201075396f19e4ecaca4234e6e47eb26b7a2b5,std;x86_64-unknown-linux-gnu,,not_started,not_started,not_started,not_started,not_started,,,review contract and runtime dependencies
56be8d7b1e9e5b87,function,partial_cmp,"{""for"": {""slice"": {""primitive"": ""u8""}}, ""trait"": {""args"": {""angle_bracketed"": {""args"": [{""type"": {""resolved_path"": {""args"": null, ""id"": 348, ""path"": ""BytesMut""}}}], ""constraints"": []}}, ""id"": 890, ""path"": ""PartialOrd""}}","""default""",src/bytes_mut.rs,1563:5-1565:6,03120c0954d9cba20bb5002f14201075396f19e4ecaca4234e6e47eb26b7a2b5,std;x86_64-unknown-linux-gnu,,not_started,not_started,not_started,not_started,not_started,,,review contract and runtime dependencies
8d156f2ec0f919d7,impl,impl,,"""default""",src/bytes_mut.rs,1568:1-1572:2,03120c0954d9cba20bb5002f14201075396f19e4ecaca4234e6e47eb26b7a2b5,std;x86_64-unknown-linux-gnu,,not_started,not_started,not_started,not_started,not_started,,,review contract and runtime dependencies
f6d1695de11b047b,function,eq,"{""for"": {""resolved_path"": {""args"": null, ""id"": 348, ""path"": ""BytesMut""}}, ""trait"": {""args"": {""angle_bracketed"": {""args"": [{""type"": {""primitive"": ""str""}}], ""constraints"": []}}, ""id"": 886, ""path"": ""PartialEq""}}","""default""",src/bytes_mut.rs,1569:5-1571:6,03120c0954d9cba20bb5002f14201075396f19e4ecaca4234e6e47eb26b7a2b5,std;x86_64-unknown-linux-gnu,,not_started,not_started,not_started,not_started,not_started,,,review contract and runtime dependencies
303566fb30a36f89,impl,impl,,"""default""",src/bytes_mut.rs,1574:1-1578:2,03120c0954d9cba20bb5002f14201075396f19e4ecaca4234e6e47eb26b7a2b5,std;x86_64-unknown-linux-gnu,,not_started,not_started,not_started,not_started,not_started,,,review contract and runtime dependencies
a4e2c5d9d0c4dd23,function,partial_cmp,"{""for"": {""resolved_path"": {""args"": null, ""id"": 348, ""path"": ""BytesMut""}}, ""trait"": {""args"": {""angle_bracketed"": {""args"": [{""type"": {""primitive"": ""str""}}], ""constraints"": []}}, ""id"": 890, ""path"": ""PartialOrd""}}","""default""",src/bytes_mut.rs,1575:5-1577:6,03120c0954d9cba20bb5002f14201075396f19e4ecaca4234e6e47eb26b7a2b5,std;x86_64-unknown-linux-gnu,,not_started,not_started,not_started,not_started,not_started,,,review contract and runtime dependencies
2354362a6f344908,impl,impl,,"""default""",src/bytes_mut.rs,1580:1-1584:2,03120c0954d9cba20bb5002f14201075396f19e4ecaca4234e6e47eb26b7a2b5,std;x86_64-unknown-linux-gnu,,not_started,not_started,not_started,not_started,not_started,,,review contract and runtime dependencies
08c1b16ab93fa29f,function,eq,"{""for"": {""primitive"": ""str""}, ""trait"": {""args"": {""angle_bracketed"": {""args"": [{""type"": {""resolved_path"": {""args"": null, ""id"": 348, ""path"": ""BytesMut""}}}], ""constraints"": []}}, ""id"": 886, ""path"": ""PartialEq""}}","""default""",src/bytes_mut.rs,1581:5-1583:6,03120c0954d9cba20bb5002f14201075396f19e4ecaca4234e6e47eb26b7a2b5,std;x86_64-unknown-linux-gnu,,not_started,not_started,not_started,not_started,not_started,,,review contract and runtime dependencies
1b6ebb35afc6bca0,impl,impl,,"""default""",src/bytes_mut.rs,1586:1-1590:2,03120c0954d9cba20bb5002f14201075396f19e4ecaca4234e6e47eb26b7a2b5,std;x86_64-unknown-linux-gnu,,not_started,not_started,not_started,not_started,not_started,,,review contract and runtime dependencies
2d07ecd1edf94a52,function,partial_cmp,"{""for"": {""primitive"": ""str""}, ""trait"": {""args"": {""angle_bracketed"": {""args"": [{""type"": {""resolved_path"": {""args"": null, ""id"": 348, ""path"": ""BytesMut""}}}], ""constraints"": []}}, ""id"": 890, ""path"": ""PartialOrd""}}","""default""",src/bytes_mut.rs,1587:5-1589:6,03120c0954d9cba20bb5002f14201075396f19e4ecaca4234e6e47eb26b7a2b5,std;x86_64-unknown-linux-gnu,,not_started,not_started,not_started,not_started,not_started,,,review contract and runtime dependencies
ea1d18b0f09b8a8f,impl,impl,,"""default""",src/bytes_mut.rs,1592:1-1596:2,03120c0954d9cba20bb5002f14201075396f19e4ecaca4234e6e47eb26b7a2b5,std;x86_64-unknown-linux-gnu,,not_started,not_started,not_started,not_started,not_started,,,review contract and runtime dependencies
42da55515aa146ef,function,eq,"{""for"": {""resolved_path"": {""args"": null, ""id"": 348, ""path"": ""BytesMut""}}, ""trait"": {""args"": {""angle_bracketed"": {""args"": [{""type"": {""resolved_path"": {""args"": {""angle_bracketed"": {""args"": [{""type"": {""primitive"": ""u8""}}], ""constraints"": []}}, ""id"": 474, ""path"": ""Vec""}}}], ""constraints"": []}}, ""id"": 886, ""path"": ""PartialEq""}}","""default""",src/bytes_mut.rs,1593:5-1595:6,03120c0954d9cba20bb5002f14201075396f19e4ecaca4234e6e47eb26b7a2b5,std;x86_64-unknown-linux-gnu,,not_started,not_started,not_started,not_started,not_started,,,review contract and runtime dependencies
1cf4ca2f627a3a47,impl,impl,,"""default""",src/bytes_mut.rs,1598:1-1602:2,03120c0954d9cba20bb5002f14201075396f19e4ecaca4234e6e47eb26b7a2b5,std;x86_64-unknown-linux-gnu,,not_started,not_started,not_started,not_started,not_started,,,review contract and runtime dependencies
94fc849585cd2ce7,function,partial_cmp,"{""for"": {""resolved_path"": {""args"": null, ""id"": 348, ""path"": ""BytesMut""}}, ""trait"": {""args"": {""angle_bracketed"": {""args"": [{""type"": {""resolved_path"": {""args"": {""angle_bracketed"": {""args"": [{""type"": {""primitive"": ""u8""}}], ""constraints"": []}}, ""id"": 474, ""path"": ""Vec""}}}], ""constraints"": []}}, ""id"": 890, ""path"": ""PartialOrd""}}","""default""",src/bytes_mut.rs,1599:5-1601:6,03120c0954d9cba20bb5002f14201075396f19e4ecaca4234e6e47eb26b7a2b5,std;x86_64-unknown-linux-gnu,,not_started,not_started,not_started,not_started,not_started,,,review contract and runtime dependencies
8c16f7d4ab11bafb,impl,impl,,"""default""",src/bytes_mut.rs,1604:1-1608:2,03120c0954d9cba20bb5002f14201075396f19e4ecaca4234e6e47eb26b7a2b5,std;x86_64-unknown-linux-gnu,,not_started,not_started,not_started,not_started,not_started,,,review contract and runtime dependencies
c7d020d67885e660,function,eq,"{""for"": {""resolved_path"": {""args"": {""angle_bracketed"": {""args"": [{""type"": {""primitive"": ""u8""}}], ""constraints"": []}}, ""id"": 474, ""path"": ""alloc::vec::Vec""}}, ""trait"": {""args"": {""angle_bracketed"": {""args"": [{""type"": {""resolved_path"": {""args"": null, ""id"": 348, ""path"": ""BytesMut""}}}], ""constraints"": []}}, ""id"": 886, ""path"": ""PartialEq""}}","""default""",src/bytes_mut.rs,1605:5-1607:6,03120c0954d9cba20bb5002f14201075396f19e4ecaca4234e6e47eb26b7a2b5,std;x86_64-unknown-linux-gnu,,not_started,not_started,not_started,not_started,not_started,,,review contract and runtime dependencies
64dd2f07d812ca0f,impl,impl,,"""default""",src/bytes_mut.rs,1610:1-1614:2,03120c0954d9cba20bb5002f14201075396f19e4ecaca4234e6e47eb26b7a2b5,std;x86_64-unknown-linux-gnu,,not_started,not_started,not_started,not_started,not_started,,,review contract and runtime dependencies
7398eb4c177e494b,function,partial_cmp,"{""for"": {""resolved_path"": {""args"": {""angle_bracketed"": {""args"": [{""type"": {""primitive"": ""u8""}}], ""constraints"": []}}, ""id"": 474, ""path"": ""alloc::vec::Vec""}}, ""trait"": {""args"": {""angle_bracketed"": {""args"": [{""type"": {""resolved_path"": {""args"": null, ""id"": 348, ""path"": ""BytesMut""}}}], ""constraints"": []}}, ""id"": 890, ""path"": ""PartialOrd""}}","""default""",src/bytes_mut.rs,1611:5-1613:6,03120c0954d9cba20bb5002f14201075396f19e4ecaca4234e6e47eb26b7a2b5,std;x86_64-unknown-linux-gnu,,not_started,not_started,not_started,not_started,not_started,,,review contract and runtime dependencies
775382f5252ed7ee,impl,impl,,"""default""",src/bytes_mut.rs,1616:1-1620:2,03120c0954d9cba20bb5002f14201075396f19e4ecaca4234e6e47eb26b7a2b5,std;x86_64-unknown-linux-gnu,,not_started,not_started,not_started,not_started,not_started,,,review contract and runtime dependencies
b8b0a631e3915777,function,eq,"{""for"": {""resolved_path"": {""args"": null, ""id"": 348, ""path"": ""BytesMut""}}, ""trait"": {""args"": {""angle_bracketed"": {""args"": [{""type"": {""resolved_path"": {""args"": null, ""id"": 921, ""path"": ""String""}}}], ""constraints"": []}}, ""id"": 886, ""path"": ""PartialEq""}}","""default""",src/bytes_mut.rs,1617:5-1619:6,03120c0954d9cba20bb5002f14201075396f19e4ecaca4234e6e47eb26b7a2b5,std;x86_64-unknown-linux-gnu,,not_started,not_started,not_started,not_started,not_started,,,review contract and runtime dependencies
0f951b82e7cad2b1,impl,impl,,"""default""",src/bytes_mut.rs,1622:1-1626:2,03120c0954d9cba20bb5002f14201075396f19e4ecaca4234e6e47eb26b7a2b5,std;x86_64-unknown-linux-gnu,,not_started,not_started,not_started,not_started,not_started,,,review contract and runtime dependencies
72d20d8a95052b2f,function,partial_cmp,"{""for"": {""resolved_path"": {""args"": null, ""id"": 348, ""path"": ""BytesMut""}}, ""trait"": {""args"": {""angle_bracketed"": {""args"": [{""type"": {""resolved_path"": {""args"": null, ""id"": 921, ""path"": ""String""}}}], ""constraints"": []}}, ""id"": 890, ""path"": ""PartialOrd""}}","""default""",src/bytes_mut.rs,1623:5-1625:6,03120c0954d9cba20bb5002f14201075396f19e4ecaca4234e6e47eb26b7a2b5,std;x86_64-unknown-linux-gnu,,not_started,not_started,not_started,not_started,not_started,,,review contract and runtime dependencies
7841da3b8660190c,impl,impl,,"""default""",src/bytes_mut.rs,1628:1-1632:2,03120c0954d9cba20bb5002f14201075396f19e4ecaca4234e6e47eb26b7a2b5,std;x86_64-unknown-linux-gnu,,not_started,not_started,not_started,not_started,not_started,,,review contract and runtime dependencies
06b22ecdd4a02d79,function,eq,"{""for"": {""resolved_path"": {""args"": null, ""id"": 921, ""path"": ""alloc::string::String""}}, ""trait"": {""args"": {""angle_bracketed"": {""args"": [{""type"": {""resolved_path"": {""args"": null, ""id"": 348, ""path"": ""BytesMut""}}}], ""constraints"": []}}, ""id"": 886, ""path"": ""PartialEq""}}","""default""",src/bytes_mut.rs,1629:5-1631:6,03120c0954d9cba20bb5002f14201075396f19e4ecaca4234e6e47eb26b7a2b5,std;x86_64-unknown-linux-gnu,,not_started,not_started,not_started,not_started,not_started,,,review contract and runtime dependencies
ecd946b479645fb5,impl,impl,,"""default""",src/bytes_mut.rs,1634:1-1638:2,03120c0954d9cba20bb5002f14201075396f19e4ecaca4234e6e47eb26b7a2b5,std;x86_64-unknown-linux-gnu,,not_started,not_started,not_started,not_started,not_started,,,review contract and runtime dependencies
a833538a8eb50f2d,function,partial_cmp,"{""for"": {""resolved_path"": {""args"": null, ""id"": 921, ""path"": ""alloc::string::String""}}, ""trait"": {""args"": {""angle_bracketed"": {""args"": [{""type"": {""resolved_path"": {""args"": null, ""id"": 348, ""path"": ""BytesMut""}}}], ""constraints"": []}}, ""id"": 890, ""path"": ""PartialOrd""}}","""default""",src/bytes_mut.rs,1635:5-1637:6,03120c0954d9cba20bb5002f14201075396f19e4ecaca4234e6e47eb26b7a2b5,std;x86_64-unknown-linux-gnu,,not_started,not_started,not_started,not_started,not_started,,,review contract and runtime dependencies
44005e61bef01449,impl,impl,,"""default""",src/bytes_mut.rs,1640:1-1647:2,03120c0954d9cba20bb5002f14201075396f19e4ecaca4234e6e47eb26b7a2b5,std;x86_64-unknown-linux-gnu,,not_started,not_started,not_started,not_started,not_started,,,review contract and runtime dependencies
624e0a548f89c2e3,function,eq,"{""for"": {""resolved_path"": {""args"": null, ""id"": 348, ""path"": ""BytesMut""}}, ""trait"": {""args"": {""angle_bracketed"": {""args"": [{""type"": {""borrowed_ref"": {""is_mutable"": false, ""lifetime"": ""'a"", ""type"": {""generic"": ""T""}}}}], ""constraints"": []}}, ""id"": 886, ""path"": ""PartialEq""}}","""default""",src/bytes_mut.rs,1644:5-1646:6,03120c0954d9cba20bb5002f14201075396f19e4ecaca4234e6e47eb26b7a2b5,std;x86_64-unknown-linux-gnu,,not_started,not_started,not_started,not_started,not_started,,,review contract and runtime dependencies
94280b68a47f5e43,impl,impl,,"""default""",src/bytes_mut.rs,1649:1-1656:2,03120c0954d9cba20bb5002f14201075396f19e4ecaca4234e6e47eb26b7a2b5,std;x86_64-unknown-linux-gnu,,not_started,not_started,not_started,not_started,not_started,,,review contract and runtime dependencies
c3eac08f2ce7b6fd,function,partial_cmp,"{""for"": {""resolved_path"": {""args"": null, ""id"": 348, ""path"": ""BytesMut""}}, ""trait"": {""args"": {""angle_bracketed"": {""args"": [{""type"": {""borrowed_ref"": {""is_mutable"": false, ""lifetime"": ""'a"", ""type"": {""generic"": ""T""}}}}], ""constraints"": []}}, ""id"": 890, ""path"": ""PartialOrd""}}","""default""",src/bytes_mut.rs,1653:5-1655:6,03120c0954d9cba20bb5002f14201075396f19e4ecaca4234e6e47eb26b7a2b5,std;x86_64-unknown-linux-gnu,,not_started,not_started,not_started,not_started,not_started,,,review contract and runtime dependencies
9eeb2eda5adc616b,impl,impl,,"""default""",src/bytes_mut.rs,1658:1-1662:2,03120c0954d9cba20bb5002f14201075396f19e4ecaca4234e6e47eb26b7a2b5,std;x86_64-unknown-linux-gnu,,not_started,not_started,not_started,not_started,not_started,,,review contract and runtime dependencies
d7945f6dd6173ab2,function,eq,"{""for"": {""borrowed_ref"": {""is_mutable"": false, ""lifetime"": null, ""type"": {""slice"": {""primitive"": ""u8""}}}}, ""trait"": {""args"": {""angle_bracketed"": {""args"": [{""type"": {""resolved_path"": {""args"": null, ""id"": 348, ""path"": ""BytesMut""}}}], ""constraints"": []}}, ""id"": 886, ""path"": ""PartialEq""}}","""default""",src/bytes_mut.rs,1659:5-1661:6,03120c0954d9cba20bb5002f14201075396f19e4ecaca4234e6e47eb26b7a2b5,std;x86_64-unknown-linux-gnu,,not_started,not_started,not_started,not_started,not_started,,,review contract and runtime dependencies
b2183389e2a65cab,impl,impl,,"""default""",src/bytes_mut.rs,1664:1-1668:2,03120c0954d9cba20bb5002f14201075396f19e4ecaca4234e6e47eb26b7a2b5,std;x86_64-unknown-linux-gnu,,not_started,not_started,not_started,not_started,not_started,,,review contract and runtime dependencies
56b720ea13b4bc14,function,partial_cmp,"{""for"": {""borrowed_ref"": {""is_mutable"": false, ""lifetime"": null, ""type"": {""slice"": {""primitive"": ""u8""}}}}, ""trait"": {""args"": {""angle_bracketed"": {""args"": [{""type"": {""resolved_path"": {""args"": null, ""id"": 348, ""path"": ""BytesMut""}}}], ""constraints"": []}}, ""id"": 890, ""path"": ""PartialOrd""}}","""default""",src/bytes_mut.rs,1665:5-1667:6,03120c0954d9cba20bb5002f14201075396f19e4ecaca4234e6e47eb26b7a2b5,std;x86_64-unknown-linux-gnu,,not_started,not_started,not_started,not_started,not_started,,,review contract and runtime dependencies
adedc284663f9992,function,len,"{""for"": {""resolved_path"": {""args"": null, ""id"": 348, ""path"": ""BytesMut""}}, ""trait"": null}","""public""",src/bytes_mut.rs,166:5-168:6,03120c0954d9cba20bb5002f14201075396f19e4ecaca4234e6e47eb26b7a2b5,std;x86_64-unknown-linux-gnu,,not_started,not_started,not_started,not_started,not_started,,,review contract and runtime dependencies
f2a2c072bbc95940,impl,impl,,"""default""",src/bytes_mut.rs,1670:1-1674:2,03120c0954d9cba20bb5002f14201075396f19e4ecaca4234e6e47eb26b7a2b5,std;x86_64-unknown-linux-gnu,,not_started,not_started,not_started,not_started,not_started,,,review contract and runtime dependencies
1318a23f1deb93ca,function,eq,"{""for"": {""borrowed_ref"": {""is_mutable"": false, ""lifetime"": null, ""type"": {""primitive"": ""str""}}}, ""trait"": {""args"": {""angle_bracketed"": {""args"": [{""type"": {""resolved_path"": {""args"": null, ""id"": 348, ""path"": ""BytesMut""}}}], ""constraints"": []}}, ""id"": 886, ""path"": ""PartialEq""}}","""default""",src/bytes_mut.rs,1671:5-1673:6,03120c0954d9cba20bb5002f14201075396f19e4ecaca4234e6e47eb26b7a2b5,std;x86_64-unknown-linux-gnu,,not_started,not_started,not_started,not_started,not_started,,,review contract and runtime dependencies
d2d99a1699092970,impl,impl,,"""default""",src/bytes_mut.rs,1676:1-1680:2,03120c0954d9cba20bb5002f14201075396f19e4ecaca4234e6e47eb26b7a2b5,std;x86_64-unknown-linux-gnu,,not_started,not_started,not_started,not_started,not_started,,,review contract and runtime dependencies
bcdb528507d94b23,function,partial_cmp,"{""for"": {""borrowed_ref"": {""is_mutable"": false, ""lifetime"": null, ""type"": {""primitive"": ""str""}}}, ""trait"": {""args"": {""angle_bracketed"": {""args"": [{""type"": {""resolved_path"": {""args"": null, ""id"": 348, ""path"": ""BytesMut""}}}], ""constraints"": []}}, ""id"": 890, ""path"": ""PartialOrd""}}","""default""",src/bytes_mut.rs,1677:5-1679:6,03120c0954d9cba20bb5002f14201075396f19e4ecaca4234e6e47eb26b7a2b5,std;x86_64-unknown-linux-gnu,,not_started,not_started,not_started,not_started,not_started,,,review contract and runtime dependencies
fd3c53e7ff3eb5fb,impl,impl,,"""default""",src/bytes_mut.rs,1682:1-1686:2,03120c0954d9cba20bb5002f14201075396f19e4ecaca4234e6e47eb26b7a2b5,std;x86_64-unknown-linux-gnu,,not_started,not_started,not_started,not_started,not_started,,,review contract and runtime dependencies
2325d480338db535,function,eq,"{""for"": {""resolved_path"": {""args"": null, ""id"": 91, ""path"": ""crate::Bytes""}}, ""trait"": {""args"": {""angle_bracketed"": {""args"": [{""type"": {""resolved_path"": {""args"": null, ""id"": 348, ""path"": ""BytesMut""}}}], ""constraints"": []}}, ""id"": 886, ""path"": ""PartialEq""}}","""default""",src/bytes_mut.rs,1683:5-1685:6,03120c0954d9cba20bb5002f14201075396f19e4ecaca4234e6e47eb26b7a2b5,std;x86_64-unknown-linux-gnu,,not_started,not_started,not_started,not_started,not_started,,,review contract and runtime dependencies
cecd53c2406a9a6e,impl,impl,,"""default""",src/bytes_mut.rs,1688:1-1692:2,03120c0954d9cba20bb5002f14201075396f19e4ecaca4234e6e47eb26b7a2b5,std;x86_64-unknown-linux-gnu,,not_started,not_started,not_started,not_started,not_started,,,review contract and runtime dependencies
5ad5274473a86231,function,eq,"{""for"": {""resolved_path"": {""args"": null, ""id"": 348, ""path"": ""BytesMut""}}, ""trait"": {""args"": {""angle_bracketed"": {""args"": [{""type"": {""resolved_path"": {""args"": null, ""id"": 91, ""path"": ""Bytes""}}}], ""constraints"": []}}, ""id"": 886, ""path"": ""PartialEq""}}","""default""",src/bytes_mut.rs,1689:5-1691:6,03120c0954d9cba20bb5002f14201075396f19e4ecaca4234e6e47eb26b7a2b5,std;x86_64-unknown-linux-gnu,,not_started,not_started,not_started,not_started,not_started,,,review contract and runtime dependencies
d5d98c6df69c6fa5,impl,impl,,"""default""",src/bytes_mut.rs,1694:1-1727:2,03120c0954d9cba20bb5002f14201075396f19e4ecaca4234e6e47eb26b7a2b5,std;x86_64-unknown-linux-gnu,,not_started,not_started,not_started,not_started,not_started,,,review contract and runtime dependencies
9005e741c49493e0,function,from,"{""for"": {""resolved_path"": {""args"": {""angle_bracketed"": {""args"": [{""type"": {""primitive"": ""u8""}}], ""constraints"": []}}, ""id"": 474, ""path"": ""alloc::vec::Vec""}}, ""trait"": {""args"": {""angle_bracketed"": {""args"": [{""type"": {""resolved_path"": {""args"": null, ""id"": 348, ""path"": ""BytesMut""}}}], ""constraints"": []}}, ""id"": 523, ""path"": ""From""}}","""default""",src/bytes_mut.rs,1695:5-1726:6,03120c0954d9cba20bb5002f14201075396f19e4ecaca4234e6e47eb26b7a2b5,std;x86_64-unknown-linux-gnu,,not_started,not_started,not_started,not_started,not_started,,,review contract and runtime dependencies
fb593e133368a09e,function,vptr,,"{""restricted"": {""parent"": 1086, ""path"": ""::bytes_mut""}}",src/bytes_mut.rs,1730:1-1736:2,03120c0954d9cba20bb5002f14201075396f19e4ecaca4234e6e47eb26b7a2b5,std;x86_64-unknown-linux-gnu,,not_started,not_started,not_started,not_started,not_started,,,review contract and runtime dependencies
43d64f41df2f1eab,function,invalid_ptr,,"{""restricted"": {""parent"": 1086, ""path"": ""::bytes_mut""}}",src/bytes_mut.rs,1744:1-1748:2,03120c0954d9cba20bb5002f14201075396f19e4ecaca4234e6e47eb26b7a2b5,std;x86_64-unknown-linux-gnu,,not_started,not_started,not_started,not_started,not_started,,,review contract and runtime dependencies
175f79bf0b7297bb,function,rebuild_vec,,"{""restricted"": {""parent"": 1086, ""path"": ""::bytes_mut""}}",src/bytes_mut.rs,1750:1-1756:2,03120c0954d9cba20bb5002f14201075396f19e4ecaca4234e6e47eb26b7a2b5,std;x86_64-unknown-linux-gnu,,not_started,not_started,not_started,not_started,not_started,,,review contract and runtime dependencies
8dd24673de09235a,static,SHARED_VTABLE,,"{""restricted"": {""parent"": 1086, ""path"": ""::bytes_mut""}}",src/bytes_mut.rs,1760:1-1766:3,03120c0954d9cba20bb5002f14201075396f19e4ecaca4234e6e47eb26b7a2b5,std;x86_64-unknown-linux-gnu,,not_started,not_started,not_started,not_started,not_started,,,review contract and runtime dependencies
55759692ede909da,function,shared_v_clone,,"{""restricted"": {""parent"": 1086, ""path"": ""::bytes_mut""}}",src/bytes_mut.rs,1768:1-1774:2,03120c0954d9cba20bb5002f14201075396f19e4ecaca4234e6e47eb26b7a2b5,std;x86_64-unknown-linux-gnu,,not_started,not_started,not_started,not_started,not_started,,,review contract and runtime dependencies
6509109ad5716d3e,function,shared_v_to_vec,,"{""restricted"": {""parent"": 1086, ""path"": ""::bytes_mut""}}",src/bytes_mut.rs,1776:1-1796:2,03120c0954d9cba20bb5002f14201075396f19e4ecaca4234e6e47eb26b7a2b5,std;x86_64-unknown-linux-gnu,,not_started,not_started,not_started,not_started,not_started,,,review contract and runtime dependencies
3aa4aa8f0814ea87,function,shared_v_to_mut,,"{""restricted"": {""parent"": 1086, ""path"": ""::bytes_mut""}}",src/bytes_mut.rs,1798:1-1825:2,03120c0954d9cba20bb5002f14201075396f19e4ecaca4234e6e47eb26b7a2b5,std;x86_64-unknown-linux-gnu,,not_started,not_started,not_started,not_started,not_started,,,review contract and runtime dependencies
bf94aaf5bf0e8a21,function,is_empty,"{""for"": {""resolved_path"": {""args"": null, ""id"": 348, ""path"": ""BytesMut""}}, ""trait"": null}","""public""",src/bytes_mut.rs,181:5-183:6,03120c0954d9cba20bb5002f14201075396f19e4ecaca4234e6e47eb26b7a2b5,std;x86_64-unknown-linux-gnu,,not_started,not_started,not_started,not_started,not_started,,,review contract and runtime dependencies
15075cd81b230e7b,function,shared_v_is_unique,,"{""restricted"": {""parent"": 1086, ""path"": ""::bytes_mut""}}",src/bytes_mut.rs,1827:1-1831:2,03120c0954d9cba20bb5002f14201075396f19e4ecaca4234e6e47eb26b7a2b5,std;x86_64-unknown-linux-gnu,,not_started,not_started,not_started,not_started,not_started,,,review contract and runtime dependencies
dfc129385ded3271,function,shared_v_drop,,"{""restricted"": {""parent"": 1086, ""path"": ""::bytes_mut""}}",src/bytes_mut.rs,1833:1-1837:2,03120c0954d9cba20bb5002f14201075396f19e4ecaca4234e6e47eb26b7a2b5,std;x86_64-unknown-linux-gnu,,not_started,not_started,not_started,not_started,not_started,,,review contract and runtime dependencies
bf8f14fb01238683,function,_split_to_must_use,,"{""restricted"": {""parent"": 1086, ""path"": ""::bytes_mut""}}",src/bytes_mut.rs,1849:1-1849:27,03120c0954d9cba20bb5002f14201075396f19e4ecaca4234e6e47eb26b7a2b5,std;x86_64-unknown-linux-gnu,,not_started,not_started,not_started,not_started,not_started,,,review contract and runtime dependencies
5e84e92bbe9d81e5,function,_split_off_must_use,,"{""restricted"": {""parent"": 1086, ""path"": ""::bytes_mut""}}",src/bytes_mut.rs,1859:1-1859:28,03120c0954d9cba20bb5002f14201075396f19e4ecaca4234e6e47eb26b7a2b5,std;x86_64-unknown-linux-gnu,,not_started,not_started,not_started,not_started,not_started,,,review contract and runtime dependencies
4363c54dc1672533,function,_split_must_use,,"{""restricted"": {""parent"": 1086, ""path"": ""::bytes_mut""}}",src/bytes_mut.rs,1869:1-1869:24,03120c0954d9cba20bb5002f14201075396f19e4ecaca4234e6e47eb26b7a2b5,std;x86_64-unknown-linux-gnu,,not_started,not_started,not_started,not_started,not_started,,,review contract and runtime dependencies
6f551ab79dcff336,function,capacity,"{""for"": {""resolved_path"": {""args"": null, ""id"": 348, ""path"": ""BytesMut""}}, ""trait"": null}","""public""",src/bytes_mut.rs,196:5-198:6,03120c0954d9cba20bb5002f14201075396f19e4ecaca4234e6e47eb26b7a2b5,std;x86_64-unknown-linux-gnu,,not_started,not_started,not_started,not_started,not_started,,,review contract and runtime dependencies
f9aa97190079aa61,function,freeze,"{""for"": {""resolved_path"": {""args"": null, ""id"": 348, ""path"": ""BytesMut""}}, ""trait"": null}","""public""",src/bytes_mut.rs,225:5-244:6,03120c0954d9cba20bb5002f14201075396f19e4ecaca4234e6e47eb26b7a2b5,std;x86_64-unknown-linux-gnu,,not_started,not_started,not_started,not_started,not_started,,,review contract and runtime dependencies
3a2f2840a2a75655,function,zeroed,"{""for"": {""resolved_path"": {""args"": null, ""id"": 348, ""path"": ""BytesMut""}}, ""trait"": null}","""public""",src/bytes_mut.rs,266:5-268:6,03120c0954d9cba20bb5002f14201075396f19e4ecaca4234e6e47eb26b7a2b5,std;x86_64-unknown-linux-gnu,,not_started,not_started,not_started,not_started,not_started,,,review contract and runtime dependencies
0b4b52f026069680,function,split_off,"{""for"": {""resolved_path"": {""args"": null, ""id"": 348, ""path"": ""BytesMut""}}, ""trait"": null}","""public""",src/bytes_mut.rs,299:5-314:6,03120c0954d9cba20bb5002f14201075396f19e4ecaca4234e6e47eb26b7a2b5,std;x86_64-unknown-linux-gnu,,not_started,not_started,not_started,not_started,not_started,,,review contract and runtime dependencies
e4164b68cf4face7,function,split,"{""for"": {""resolved_path"": {""args"": null, ""id"": 348, ""path"": ""BytesMut""}}, ""trait"": null}","""public""",src/bytes_mut.rs,342:5-345:6,03120c0954d9cba20bb5002f14201075396f19e4ecaca4234e6e47eb26b7a2b5,std;x86_64-unknown-linux-gnu,,not_started,not_started,not_started,not_started,not_started,,,review contract and runtime dependencies
7b25f301b6b92489,function,split_to,"{""for"": {""resolved_path"": {""args"": null, ""id"": 348, ""path"": ""BytesMut""}}, ""trait"": null}","""public""",src/bytes_mut.rs,374:5-391:6,03120c0954d9cba20bb5002f14201075396f19e4ecaca4234e6e47eb26b7a2b5,std;x86_64-unknown-linux-gnu,,not_started,not_started,not_started,not_started,not_started,,,review contract and runtime dependencies
416050dcb3922437,function,truncate,"{""for"": {""resolved_path"": {""args"": null, ""id"": 348, ""path"": ""BytesMut""}}, ""trait"": null}","""public""",src/bytes_mut.rs,413:5-418:6,03120c0954d9cba20bb5002f14201075396f19e4ecaca4234e6e47eb26b7a2b5,std;x86_64-unknown-linux-gnu,,not_started,not_started,not_started,not_started,not_started,,,review contract and runtime dependencies
0cad3018a47c461b,function,clear,"{""for"": {""resolved_path"": {""args"": null, ""id"": 348, ""path"": ""BytesMut""}}, ""trait"": null}","""public""",src/bytes_mut.rs,431:5-434:6,03120c0954d9cba20bb5002f14201075396f19e4ecaca4234e6e47eb26b7a2b5,std;x86_64-unknown-linux-gnu,,not_started,not_started,not_started,not_started,not_started,,,review contract and runtime dependencies
3e152b0fd7bc151a,function,resize,"{""for"": {""resolved_path"": {""args"": null, ""id"": 348, ""path"": ""BytesMut""}}, ""trait"": null}","""public""",src/bytes_mut.rs,458:5-479:6,03120c0954d9cba20bb5002f14201075396f19e4ecaca4234e6e47eb26b7a2b5,std;x86_64-unknown-linux-gnu,,not_started,not_started,not_started,not_started,not_started,,,review contract and runtime dependencies
44f6dac3647cc6ca,function,set_len,"{""for"": {""resolved_path"": {""args"": null, ""id"": 348, ""path"": ""BytesMut""}}, ""trait"": null}","""public""",src/bytes_mut.rs,507:5-510:6,03120c0954d9cba20bb5002f14201075396f19e4ecaca4234e6e47eb26b7a2b5,std;x86_64-unknown-linux-gnu,,not_started,not_started,not_started,not_started,not_started,,,review contract and runtime dependencies
d1dcb28043aba168,function,reserve,"{""for"": {""resolved_path"": {""args"": null, ""id"": 348, ""path"": ""BytesMut""}}, ""trait"": null}","""public""",src/bytes_mut.rs,571:5-583:6,03120c0954d9cba20bb5002f14201075396f19e4ecaca4234e6e47eb26b7a2b5,std;x86_64-unknown-linux-gnu,,not_started,not_started,not_started,not_started,not_started,,,review contract and runtime dependencies
6872aa78bbb64267,function,reserve_inner,"{""for"": {""resolved_path"": {""args"": null, ""id"": 348, ""path"": ""BytesMut""}}, ""trait"": null}","{""restricted"": {""parent"": 1086, ""path"": ""::bytes_mut""}}",src/bytes_mut.rs,587:5-767:6,03120c0954d9cba20bb5002f14201075396f19e4ecaca4234e6e47eb26b7a2b5,std;x86_64-unknown-linux-gnu,,not_started,not_started,not_started,not_started,not_started,,,review contract and runtime dependencies
9ddde7bde7d04229,function,try_reclaim,"{""for"": {""resolved_path"": {""args"": null, ""id"": 348, ""path"": ""BytesMut""}}, ""trait"": null}","""public""",src/bytes_mut.rs,816:5-827:6,03120c0954d9cba20bb5002f14201075396f19e4ecaca4234e6e47eb26b7a2b5,std;x86_64-unknown-linux-gnu,,not_started,not_started,not_started,not_started,not_started,,,review contract and runtime dependencies
ba841e705d7bed8d,function,extend_from_slice,"{""for"": {""resolved_path"": {""args"": null, ""id"": 348, ""path"": ""BytesMut""}}, ""trait"": null}","""public""",src/bytes_mut.rs,846:5-861:6,03120c0954d9cba20bb5002f14201075396f19e4ecaca4234e6e47eb26b7a2b5,std;x86_64-unknown-linux-gnu,,not_started,not_started,not_started,not_started,not_started,,,review contract and runtime dependencies
a829fad8d6e655a7,function,unsplit,"{""for"": {""resolved_path"": {""args"": null, ""id"": 348, ""path"": ""BytesMut""}}, ""trait"": null}","""public""",src/bytes_mut.rs,887:5-896:6,03120c0954d9cba20bb5002f14201075396f19e4ecaca4234e6e47eb26b7a2b5,std;x86_64-unknown-linux-gnu,,not_started,not_started,not_started,not_started,not_started,,,review contract and runtime dependencies
42aba2187d768ce8,constant,KIND_ARC,,"{""restricted"": {""parent"": 1086, ""path"": ""::bytes_mut""}}",src/bytes_mut.rs,89:1-89:29,03120c0954d9cba20bb5002f14201075396f19e4ecaca4234e6e47eb26b7a2b5,std;x86_64-unknown-linux-gnu,,not_started,not_started,not_started,not_started,not_started,,,review contract and runtime dependencies
67b348415c891868,function,from_vec,"{""for"": {""resolved_path"": {""args"": null, ""id"": 348, ""path"": ""BytesMut""}}, ""trait"": null}","""crate""",src/bytes_mut.rs,907:5-922:6,03120c0954d9cba20bb5002f14201075396f19e4ecaca4234e6e47eb26b7a2b5,std;x86_64-unknown-linux-gnu,,not_started,not_started,not_started,not_started,not_started,,,review contract and runtime dependencies
e484cace6376806a,constant,KIND_VEC,,"{""restricted"": {""parent"": 1086, ""path"": ""::bytes_mut""}}",src/bytes_mut.rs,90:1-90:29,03120c0954d9cba20bb5002f14201075396f19e4ecaca4234e6e47eb26b7a2b5,std;x86_64-unknown-linux-gnu,,not_started,not_started,not_started,not_started,not_started,,,review contract and runtime dependencies
9067738a3da25fc9,constant,KIND_MASK,,"{""restricted"": {""parent"": 1086, ""path"": ""::bytes_mut""}}",src/bytes_mut.rs,91:1-91:30,03120c0954d9cba20bb5002f14201075396f19e4ecaca4234e6e47eb26b7a2b5,std;x86_64-unknown-linux-gnu,,not_started,not_started,not_started,not_started,not_started,,,review contract and runtime dependencies
8d460b689c7be964,function,as_slice,"{""for"": {""resolved_path"": {""args"": null, ""id"": 348, ""path"": ""BytesMut""}}, ""trait"": null}","{""restricted"": {""parent"": 1086, ""path"": ""::bytes_mut""}}",src/bytes_mut.rs,925:5-927:6,03120c0954d9cba20bb5002f14201075396f19e4ecaca4234e6e47eb26b7a2b5,std;x86_64-unknown-linux-gnu,,not_started,not_started,not_started,not_started,not_started,,,review contract and runtime dependencies
ed65f6908edc49d4,function,as_slice_mut,"{""for"": {""resolved_path"": {""args"": null, ""id"": 348, ""path"": ""BytesMut""}}, ""trait"": null}","{""restricted"": {""parent"": 1086, ""path"": ""::bytes_mut""}}",src/bytes_mut.rs,930:5-932:6,03120c0954d9cba20bb5002f14201075396f19e4ecaca4234e6e47eb26b7a2b5,std;x86_64-unknown-linux-gnu,,not_started,not_started,not_started,not_started,not_started,,,review contract and runtime dependencies
7e33d415312257bb,function,advance_unchecked,"{""for"": {""resolved_path"": {""args"": null, ""id"": 348, ""path"": ""BytesMut""}}, ""trait"": null}","""crate""",src/bytes_mut.rs,939:5-974:6,03120c0954d9cba20bb5002f14201075396f19e4ecaca4234e6e47eb26b7a2b5,std;x86_64-unknown-linux-gnu,,not_started,not_started,not_started,not_started,not_started,,,review contract and runtime dependencies
b581287f56fa36db,function,try_unsplit,"{""for"": {""resolved_path"": {""args"": null, ""id"": 348, ""path"": ""BytesMut""}}, ""trait"": null}","{""restricted"": {""parent"": 1086, ""path"": ""::bytes_mut""}}",src/bytes_mut.rs,976:5-994:6,03120c0954d9cba20bb5002f14201075396f19e4ecaca4234e6e47eb26b7a2b5,std;x86_64-unknown-linux-gnu,,not_started,not_started,not_started,not_started,not_started,,,review contract and runtime dependencies
64477a921686a489,function,kind,"{""for"": {""resolved_path"": {""args"": null, ""id"": 348, ""path"": ""BytesMut""}}, ""trait"": null}","{""restricted"": {""parent"": 1086, ""path"": ""::bytes_mut""}}",src/bytes_mut.rs,997:5-999:6,03120c0954d9cba20bb5002f14201075396f19e4ecaca4234e6e47eb26b7a2b5,std;x86_64-unknown-linux-gnu,,not_started,not_started,not_started,not_started,not_started,,,review contract and runtime dependencies
28e9293dd85b789c,function,original_capacity_repr_from_data,,"""crate""",src/capacity_ops.rs,105:1-107:2,1b5b6cf39907b2b4676c83a9ede16e54d52368339e87697b3f8969b12af6437b,std;x86_64-unknown-linux-gnu,capacity-ops::original_capacity_repr_from_data,body_proved_under_contract,body_proved_under_contract,not_applicable_to_this_helper,body_proved_under_contract,isolated_exact_source_body_proved,Creusot-0.13-standard-contracts;reviewed-standard-extensions-in-TRUSTED_BASE.md,verification/artifacts/component-evidence/capacity-ops/component.json,prove actual handle/trait callers and their resource premises; full runtime remains unproved
82a4779b0356efb4,function,vec_pos_from_data,,"""crate""",src/capacity_ops.rs,112:1-114:2,1b5b6cf39907b2b4676c83a9ede16e54d52368339e87697b3f8969b12af6437b,std;x86_64-unknown-linux-gnu,capacity-ops::vec_pos_from_data,body_proved_under_contract,body_proved_under_contract,not_applicable_to_this_helper,body_proved_under_contract,isolated_exact_source_body_proved,Creusot-0.13-standard-contracts;reviewed-standard-extensions-in-TRUSTED_BASE.md,verification/artifacts/component-evidence/capacity-ops/component.json,prove actual handle/trait callers and their resource premises; full runtime remains unproved
2c408f1460f36ad0,function,set_vec_pos_in_data,,"""crate""",src/capacity_ops.rs,123:1-125:2,1b5b6cf39907b2b4676c83a9ede16e54d52368339e87697b3f8969b12af6437b,std;x86_64-unknown-linux-gnu,capacity-ops::set_vec_pos_in_data,body_proved_under_contract,body_proved_under_contract,not_applicable_to_this_helper,body_proved_under_contract,isolated_exact_source_body_proved,Creusot-0.13-standard-contracts;reviewed-standard-extensions-in-TRUSTED_BASE.md,verification/artifacts/component-evidence/capacity-ops/component.json,prove actual handle/trait callers and their resource premises; full runtime remains unproved
662dba7653083993,constant,MAX_ORIGINAL_CAPACITY_WIDTH,,"""crate""",src/capacity_ops.rs,15:1-15:58,1b5b6cf39907b2b4676c83a9ede16e54d52368339e87697b3f8969b12af6437b,std;x86_64-unknown-linux-gnu,,not_started,not_started,not_started,not_started,not_started,,,review contract and runtime dependencies
e3b4dacb60ebea91,constant,MIN_ORIGINAL_CAPACITY_WIDTH,,"""crate""",src/capacity_ops.rs,17:1-17:58,1b5b6cf39907b2b4676c83a9ede16e54d52368339e87697b3f8969b12af6437b,std;x86_64-unknown-linux-gnu,,not_started,not_started,not_started,not_started,not_started,,,review contract and runtime dependencies
0b77944ea0094b1f,constant,ORIGINAL_CAPACITY_MASK,,"""crate""",src/capacity_ops.rs,21:1-21:58,1b5b6cf39907b2b4676c83a9ede16e54d52368339e87697b3f8969b12af6437b,std;x86_64-unknown-linux-gnu,,not_started,not_started,not_started,not_started,not_started,,,review contract and runtime dependencies
62d57775dee22d17,constant,ORIGINAL_CAPACITY_OFFSET,,"""crate""",src/capacity_ops.rs,23:1-23:54,1b5b6cf39907b2b4676c83a9ede16e54d52368339e87697b3f8969b12af6437b,std;x86_64-unknown-linux-gnu,,not_started,not_started,not_started,not_started,not_started,,,review contract and runtime dependencies
ac50124bb9a7653f,constant,KIND_VEC,,"""crate""",src/capacity_ops.rs,25:1-25:40,1b5b6cf39907b2b4676c83a9ede16e54d52368339e87697b3f8969b12af6437b,std;x86_64-unknown-linux-gnu,,not_started,not_started,not_started,not_started,not_started,,,review contract and runtime dependencies
2d59f814800bf52d,constant,KIND_MASK,,"""crate""",src/capacity_ops.rs,27:1-27:41,1b5b6cf39907b2b4676c83a9ede16e54d52368339e87697b3f8969b12af6437b,std;x86_64-unknown-linux-gnu,,not_started,not_started,not_started,not_started,not_started,,,review contract and runtime dependencies
aea76ce3cdde59c2,constant,VEC_POS_OFFSET,,"""crate""",src/capacity_ops.rs,28:1-28:44,1b5b6cf39907b2b4676c83a9ede16e54d52368339e87697b3f8969b12af6437b,std;x86_64-unknown-linux-gnu,,not_started,not_started,not_started,not_started,not_started,,,review contract and runtime dependencies
14007068c8d8fb2b,constant,NOT_VEC_POS_MASK,,"""crate""",src/capacity_ops.rs,29:1-29:52,1b5b6cf39907b2b4676c83a9ede16e54d52368339e87697b3f8969b12af6437b,std;x86_64-unknown-linux-gnu,,not_started,not_started,not_started,not_started,not_started,,,review contract and runtime dependencies
1ddd9365e7d92c87,constant,MAX_VEC_POS,,"""crate""",src/capacity_ops.rs,30:1-30:68,1b5b6cf39907b2b4676c83a9ede16e54d52368339e87697b3f8969b12af6437b,std;x86_64-unknown-linux-gnu,,not_started,not_started,not_started,not_started,not_started,,,review contract and runtime dependencies
8cc61f1d9d1cbe09,constant,PTR_WIDTH,,"{""restricted"": {""parent"": 1294, ""path"": ""::capacity_ops""}}",src/capacity_ops.rs,33:1-33:29,1b5b6cf39907b2b4676c83a9ede16e54d52368339e87697b3f8969b12af6437b,std;x86_64-unknown-linux-gnu,,not_started,not_started,not_started,not_started,not_started,,,review contract and runtime dependencies
32cbcb864348a2c2,function,original_capacity_to_repr,,"""crate""",src/capacity_ops.rs,53:1-59:2,1b5b6cf39907b2b4676c83a9ede16e54d52368339e87697b3f8969b12af6437b,std;x86_64-unknown-linux-gnu,capacity-ops::original_capacity_to_repr,body_proved_under_contract,body_proved_under_contract,not_applicable_to_this_helper,body_proved_under_contract,isolated_exact_source_body_proved,Creusot-0.13-standard-contracts;reviewed-standard-extensions-in-TRUSTED_BASE.md,verification/artifacts/component-evidence/capacity-ops/component.json,prove actual handle/trait callers and their resource premises; full runtime remains unproved
b3d62ebb6a6ba465,function,original_capacity_from_repr,,"""crate""",src/capacity_ops.rs,70:1-76:2,1b5b6cf39907b2b4676c83a9ede16e54d52368339e87697b3f8969b12af6437b,std;x86_64-unknown-linux-gnu,capacity-ops::original_capacity_from_repr,body_proved_under_contract,body_proved_under_contract,not_applicable_to_this_helper,body_proved_under_contract,isolated_exact_source_body_proved,Creusot-0.13-standard-contracts;reviewed-standard-extensions-in-TRUSTED_BASE.md,verification/artifacts/component-evidence/capacity-ops/component.json,prove actual handle/trait callers and their resource premises; full runtime remains unproved
57b8968c9446bd7f,function,reconstructed_original_capacity,,"""crate""",src/capacity_ops.rs,85:1-87:2,1b5b6cf39907b2b4676c83a9ede16e54d52368339e87697b3f8969b12af6437b,std;x86_64-unknown-linux-gnu,capacity-ops::reconstructed_original_capacity,body_proved_under_contract,body_proved_under_contract,not_applicable_to_this_helper,body_proved_under_contract,isolated_exact_source_body_proved,Creusot-0.13-standard-contracts;reviewed-standard-extensions-in-TRUSTED_BASE.md,verification/artifacts/component-evidence/capacity-ops/component.json,prove actual handle/trait callers and their resource premises; full runtime remains unproved
7df1908e383c051a,function,pack_vec_metadata,,"""crate""",src/capacity_ops.rs,97:1-99:2,1b5b6cf39907b2b4676c83a9ede16e54d52368339e87697b3f8969b12af6437b,std;x86_64-unknown-linux-gnu,capacity-ops::pack_vec_metadata,body_proved_under_contract,body_proved_under_contract,not_applicable_to_this_helper,body_proved_under_contract,isolated_exact_source_body_proved,Creusot-0.13-standard-contracts;reviewed-standard-extensions-in-TRUSTED_BASE.md,verification/artifacts/component-evidence/capacity-ops/component.json,prove actual handle/trait callers and their resource premises; full runtime remains unproved
afe61e6e0668a2e7,function,split_count,,"""crate""",src/chain_ops.rs,21:1-29:2,8191d7997109b14a2c46ef368dd8b2cd39295190ec04c5af09b4db2eba5b5d0b,std;x86_64-unknown-linux-gnu,chain-ops::split_count,body_proved_under_contract,body_proved_under_contract,not_applicable_to_this_helper,body_proved_under_contract,isolated_exact_source_body_proved,Creusot-0.13-standard-contracts;reviewed-standard-extensions-in-TRUSTED_BASE.md,verification/artifacts/component-evidence/chain-ops/component.json,prove actual handle/trait callers and their resource premises; full runtime remains unproved
f20b827c3c309857,function,saturating_sum,,"""crate""",src/chain_ops.rs,8:1-10:2,8191d7997109b14a2c46ef368dd8b2cd39295190ec04c5af09b4db2eba5b5d0b,std;x86_64-unknown-linux-gnu,chain-ops::saturating_sum,body_proved_under_contract,body_proved_under_contract,not_applicable_to_this_helper,body_proved_under_contract,isolated_exact_source_body_proved,Creusot-0.13-standard-contracts;reviewed-standard-extensions-in-TRUSTED_BASE.md,verification/artifacts/component-evidence/chain-ops/component.json,prove actual handle/trait callers and their resource premises; full runtime remains unproved
07bd531d22fc494c,function,compare,,"""crate""",src/comparison_ops.rs,13:1-15:2,dcc16cfccf4cea32735f0245342ff319ffb863347fb5c880bd9a33531ed9ac5f,std;x86_64-unknown-linux-gnu,comparison-ops::compare,body_proved_under_contract,body_proved_under_contract,not_applicable_to_this_helper,body_proved_under_contract,isolated_exact_source_body_proved,Creusot-0.13-standard-contracts;reviewed-standard-extensions-in-TRUSTED_BASE.md,verification/artifacts/component-evidence/comparison-ops/component.json,prove actual handle/trait callers and their resource premises; full runtime remains unproved
7ab36092b1fe7931,function,equal,,"""crate""",src/comparison_ops.rs,7:1-9:2,dcc16cfccf4cea32735f0245342ff319ffb863347fb5c880bd9a33531ed9ac5f,std;x86_64-unknown-linux-gnu,comparison-ops::equal,body_proved_under_contract,body_proved_under_contract,not_applicable_to_this_helper,body_proved_under_contract,isolated_exact_source_body_proved,Creusot-0.13-standard-contracts;reviewed-standard-extensions-in-TRUSTED_BASE.md,verification/artifacts/component-evidence/comparison-ops/component.json,prove actual handle/trait callers and their resource premises; full runtime remains unproved
dea09294c3010d5c,function,cursor_remaining,,"""crate""",src/cursor_ops.rs,12:1-14:2,5f01fbc581adcfcdd42a7ff4e113897b00eca6212fdc90185167b1009a9149ff,std;x86_64-unknown-linux-gnu,cursor-ops::cursor_remaining,body_proved_under_contract,body_proved_under_contract,not_applicable_to_this_helper,body_proved_under_contract,isolated_exact_source_body_proved,Creusot-0.13-standard-contracts;reviewed-standard-extensions-in-TRUSTED_BASE.md,verification/artifacts/component-evidence/cursor-ops/component.json,prove actual handle/trait callers and their resource premises; full runtime remains unproved
5c57f99a4879a88c,function,cursor_chunk_start,,"""crate""",src/cursor_ops.rs,19:1-21:2,5f01fbc581adcfcdd42a7ff4e113897b00eca6212fdc90185167b1009a9149ff,std;x86_64-unknown-linux-gnu,cursor-ops::cursor_chunk_start,body_proved_under_contract,body_proved_under_contract,not_applicable_to_this_helper,body_proved_under_contract,isolated_exact_source_body_proved,Creusot-0.13-standard-contracts;reviewed-standard-extensions-in-TRUSTED_BASE.md,verification/artifacts/component-evidence/cursor-ops/component.json,prove actual handle/trait callers and their resource premises; full runtime remains unproved
7f5a31785344ea7e,function,cursor_chunk,,"""crate""",src/cursor_ops.rs,29:1-32:2,5f01fbc581adcfcdd42a7ff4e113897b00eca6212fdc90185167b1009a9149ff,std;x86_64-unknown-linux-gnu,cursor-ops::cursor_chunk,body_proved_under_contract,body_proved_under_contract,not_applicable_to_this_helper,body_proved_under_contract,isolated_exact_source_body_proved,Creusot-0.13-standard-contracts;reviewed-standard-extensions-in-TRUSTED_BASE.md,verification/artifacts/component-evidence/cursor-ops/component.json,prove actual handle/trait callers and their resource premises; full runtime remains unproved
5554359651484404,function,cursor_position_after_advance,,"""crate""",src/cursor_ops.rs,44:1-46:2,5f01fbc581adcfcdd42a7ff4e113897b00eca6212fdc90185167b1009a9149ff,std;x86_64-unknown-linux-gnu,cursor-ops::cursor_position_after_advance,body_proved_under_contract,body_proved_under_contract,not_applicable_to_this_helper,body_proved_under_contract,isolated_exact_source_body_proved,Creusot-0.13-standard-contracts;reviewed-standard-extensions-in-TRUSTED_BASE.md,verification/artifacts/component-evidence/cursor-ops/component.json,prove actual handle/trait callers and their resource premises; full runtime remains unproved
510b069eb72d261b,function,read_be_i16,,"""crate""",src/endian_ops.rs,116:1-121:2,58f49c3b4956a701000b41ca9b9c4af4f873b254dda3e0a5ea6e74e03a74354c,std;x86_64-unknown-linux-gnu,endian-ops::read_be_i16,body_proved_under_contract,body_proved_under_contract,not_applicable_to_this_helper,body_proved_under_contract,isolated_exact_source_body_proved,Creusot-0.13-standard-contracts;reviewed-standard-extensions-in-TRUSTED_BASE.md,verification/artifacts/component-evidence/endian-ops/component.json,prove actual handle/trait callers and their resource premises; full runtime remains unproved
2f8467f023b0e5d3,function,read_le_i16,,"""crate""",src/endian_ops.rs,131:1-136:2,58f49c3b4956a701000b41ca9b9c4af4f873b254dda3e0a5ea6e74e03a74354c,std;x86_64-unknown-linux-gnu,endian-ops::read_le_i16,body_proved_under_contract,body_proved_under_contract,not_applicable_to_this_helper,body_proved_under_contract,isolated_exact_source_body_proved,Creusot-0.13-standard-contracts;reviewed-standard-extensions-in-TRUSTED_BASE.md,verification/artifacts/component-evidence/endian-ops/component.json,prove actual handle/trait callers and their resource premises; full runtime remains unproved
5b9624a8f010b96f,function,read_be_i32,,"""crate""",src/endian_ops.rs,151:1-156:2,58f49c3b4956a701000b41ca9b9c4af4f873b254dda3e0a5ea6e74e03a74354c,std;x86_64-unknown-linux-gnu,endian-ops::read_be_i32,body_proved_under_contract,body_proved_under_contract,not_applicable_to_this_helper,body_proved_under_contract,isolated_exact_source_body_proved,Creusot-0.13-standard-contracts;reviewed-standard-extensions-in-TRUSTED_BASE.md,verification/artifacts/component-evidence/endian-ops/component.json,prove actual handle/trait callers and their resource premises; full runtime remains unproved
f19e5a2e2445ce77,function,read_le_i32,,"""crate""",src/endian_ops.rs,171:1-176:2,58f49c3b4956a701000b41ca9b9c4af4f873b254dda3e0a5ea6e74e03a74354c,std;x86_64-unknown-linux-gnu,endian-ops::read_le_i32,body_proved_under_contract,body_proved_under_contract,not_applicable_to_this_helper,body_proved_under_contract,isolated_exact_source_body_proved,Creusot-0.13-standard-contracts;reviewed-standard-extensions-in-TRUSTED_BASE.md,verification/artifacts/component-evidence/endian-ops/component.json,prove actual handle/trait callers and their resource premises; full runtime remains unproved
072bd7e5f6c6a148,function,signed_from_u16,,"{""restricted"": {""parent"": 1309, ""path"": ""::endian_ops""}}",src/endian_ops.rs,28:1-34:2,58f49c3b4956a701000b41ca9b9c4af4f873b254dda3e0a5ea6e74e03a74354c,std;x86_64-unknown-linux-gnu,endian-ops::signed_from_u16,body_proved_under_contract,body_proved_under_contract,not_applicable_to_this_helper,body_proved_under_contract,isolated_exact_source_body_proved,Creusot-0.13-standard-contracts;reviewed-standard-extensions-in-TRUSTED_BASE.md,verification/artifacts/component-evidence/endian-ops/component.json,prove actual handle/trait callers and their resource premises; full runtime remains unproved
9bfbbe4d30b69af8,function,signed_from_u32,,"{""restricted"": {""parent"": 1309, ""path"": ""::endian_ops""}}",src/endian_ops.rs,38:1-44:2,58f49c3b4956a701000b41ca9b9c4af4f873b254dda3e0a5ea6e74e03a74354c,std;x86_64-unknown-linux-gnu,endian-ops::signed_from_u32,body_proved_under_contract,body_proved_under_contract,not_applicable_to_this_helper,body_proved_under_contract,isolated_exact_source_body_proved,Creusot-0.13-standard-contracts;reviewed-standard-extensions-in-TRUSTED_BASE.md,verification/artifacts/component-evidence/endian-ops/component.json,prove actual handle/trait callers and their resource premises; full runtime remains unproved
34b6c2672430e16f,function,encode_le_u16,,"""crate""",src/endian_ops.rs,50:1-53:2,58f49c3b4956a701000b41ca9b9c4af4f873b254dda3e0a5ea6e74e03a74354c,std;x86_64-unknown-linux-gnu,endian-ops::encode_le_u16,body_proved_under_contract,body_proved_under_contract,not_applicable_to_this_helper,body_proved_under_contract,isolated_exact_source_body_proved,Creusot-0.13-standard-contracts;reviewed-standard-extensions-in-TRUSTED_BASE.md,verification/artifacts/component-evidence/endian-ops/component.json,prove actual handle/trait callers and their resource premises; full runtime remains unproved
6060718f8e5eba04,function,encode_le_u32,,"""crate""",src/endian_ops.rs,61:1-64:2,58f49c3b4956a701000b41ca9b9c4af4f873b254dda3e0a5ea6e74e03a74354c,std;x86_64-unknown-linux-gnu,endian-ops::encode_le_u32,body_proved_under_contract,body_proved_under_contract,not_applicable_to_this_helper,body_proved_under_contract,isolated_exact_source_body_proved,Creusot-0.13-standard-contracts;reviewed-standard-extensions-in-TRUSTED_BASE.md,verification/artifacts/component-evidence/endian-ops/component.json,prove actual handle/trait callers and their resource premises; full runtime remains unproved
5e3c6e47d192ed5b,function,read_le_u16,,"""crate""",src/endian_ops.rs,74:1-84:2,58f49c3b4956a701000b41ca9b9c4af4f873b254dda3e0a5ea6e74e03a74354c,std;x86_64-unknown-linux-gnu,endian-ops::read_le_u16,body_proved_under_contract,body_proved_under_contract,not_applicable_to_this_helper,body_proved_under_contract,isolated_exact_source_body_proved,Creusot-0.13-standard-contracts;reviewed-standard-extensions-in-TRUSTED_BASE.md,verification/artifacts/component-evidence/endian-ops/component.json,prove actual handle/trait callers and their resource premises; full runtime remains unproved
150c309da7fceba5,function,read_le_u32,,"""crate""",src/endian_ops.rs,96:1-106:2,58f49c3b4956a701000b41ca9b9c4af4f873b254dda3e0a5ea6e74e03a74354c,std;x86_64-unknown-linux-gnu,endian-ops::read_le_u32,body_proved_under_contract,body_proved_under_contract,not_applicable_to_this_helper,body_proved_under_contract,isolated_exact_source_body_proved,Creusot-0.13-standard-contracts;reviewed-standard-extensions-in-TRUSTED_BASE.md,verification/artifacts/component-evidence/endian-ops/component.json,prove actual handle/trait callers and their resource premises; full runtime remains unproved
6099b4100435fcd0,impl,impl,,"""default""",src/fmt/debug.rs,12:1-37:2,4d217b8f43e489925bb6904010df617efc63b50a3cc1ab126eec54b43b66eb3e,std;x86_64-unknown-linux-gnu,,not_started,not_started,not_started,not_started,not_started,,,review contract and runtime dependencies
333b2ed1a02d8cdf,function,fmt,"{""for"": {""resolved_path"": {""args"": {""angle_bracketed"": {""args"": [{""lifetime"": ""'_""}], ""constraints"": []}}, ""id"": 1324, ""path"": ""super::BytesRef""}}, ""trait"": {""args"": null, ""id"": 548, ""path"": ""Debug""}}","""default""",src/fmt/debug.rs,13:5-36:6,4d217b8f43e489925bb6904010df617efc63b50a3cc1ab126eec54b43b66eb3e,std;x86_64-unknown-linux-gnu,,not_started,not_started,not_started,not_started,not_started,,,review contract and runtime dependencies
06486c6ca9b39f35,impl,impl,,"""default""",src/fmt/debug.rs,39:1-39:24,4d217b8f43e489925bb6904010df617efc63b50a3cc1ab126eec54b43b66eb3e,std;x86_64-unknown-linux-gnu,,not_started,not_started,not_started,not_started,not_started,,,review contract and runtime dependencies
c6c29eeb76eac5bf,function,fmt,"{""for"": {""resolved_path"": {""args"": null, ""id"": 91, ""path"": ""crate::Bytes""}}, ""trait"": {""args"": null, ""id"": 548, ""path"": ""Debug""}}","""default""",src/fmt/debug.rs,39:1-39:24,4d217b8f43e489925bb6904010df617efc63b50a3cc1ab126eec54b43b66eb3e,std;x86_64-unknown-linux-gnu,,not_started,not_started,not_started,not_started,not_started,,,review contract and runtime dependencies
549b78ecc3a3eab3,impl,impl,,"""default""",src/fmt/debug.rs,40:1-40:27,4d217b8f43e489925bb6904010df617efc63b50a3cc1ab126eec54b43b66eb3e,std;x86_64-unknown-linux-gnu,,not_started,not_started,not_started,not_started,not_started,,,review contract and runtime dependencies
8a73321ab9cf9f7b,function,fmt,"{""for"": {""resolved_path"": {""args"": null, ""id"": 348, ""path"": ""crate::BytesMut""}}, ""trait"": {""args"": null, ""id"": 548, ""path"": ""Debug""}}","""default""",src/fmt/debug.rs,40:1-40:27,4d217b8f43e489925bb6904010df617efc63b50a3cc1ab126eec54b43b66eb3e,std;x86_64-unknown-linux-gnu,,not_started,not_started,not_started,not_started,not_started,,,review contract and runtime dependencies
394cbbd4fd31ebce,impl,impl,,"""default""",src/fmt/hex.rs,15:1-22:2,54c05ab7d95d7381e499079d63773fabd2672f3c4929b56b02ab87d4495902b5,std;x86_64-unknown-linux-gnu,,not_started,not_started,not_started,not_started,not_started,,,review contract and runtime dependencies
e5fb3530e01fcf8c,function,fmt,"{""for"": {""resolved_path"": {""args"": {""angle_bracketed"": {""args"": [{""lifetime"": ""'_""}], ""constraints"": []}}, ""id"": 1324, ""path"": ""super::BytesRef""}}, ""trait"": {""args"": null, ""id"": 974, ""path"": ""UpperHex""}}","""default""",src/fmt/hex.rs,16:5-21:6,54c05ab7d95d7381e499079d63773fabd2672f3c4929b56b02ab87d4495902b5,std;x86_64-unknown-linux-gnu,,not_started,not_started,not_started,not_started,not_started,,,review contract and runtime dependencies
dfe87144cf09667b,impl,impl,,"""default""",src/fmt/hex.rs,24:1-24:27,54c05ab7d95d7381e499079d63773fabd2672f3c4929b56b02ab87d4495902b5,std;x86_64-unknown-linux-gnu,,not_started,not_started,not_started,not_started,not_started,,,review contract and runtime dependencies
ff1f8011d3a54556,function,fmt,"{""for"": {""resolved_path"": {""args"": null, ""id"": 91, ""path"": ""crate::Bytes""}}, ""trait"": {""args"": null, ""id"": 971, ""path"": ""LowerHex""}}","""default""",src/fmt/hex.rs,24:1-24:27,54c05ab7d95d7381e499079d63773fabd2672f3c4929b56b02ab87d4495902b5,std;x86_64-unknown-linux-gnu,,not_started,not_started,not_started,not_started,not_started,,,review contract and runtime dependencies
8a2719a307898b8d,function,fmt,"{""for"": {""resolved_path"": {""args"": null, ""id"": 348, ""path"": ""crate::BytesMut""}}, ""trait"": {""args"": null, ""id"": 971, ""path"": ""LowerHex""}}","""default""",src/fmt/hex.rs,25:1-25:30,54c05ab7d95d7381e499079d63773fabd2672f3c4929b56b02ab87d4495902b5,std;x86_64-unknown-linux-gnu,,not_started,not_started,not_started,not_started,not_started,,,review contract and runtime dependencies
a2cedef2bab4e4e4,impl,impl,,"""default""",src/fmt/hex.rs,25:1-25:30,54c05ab7d95d7381e499079d63773fabd2672f3c4929b56b02ab87d4495902b5,std;x86_64-unknown-linux-gnu,,not_started,not_started,not_started,not_started,not_started,,,review contract and runtime dependencies
4794d3061df9c8de,impl,impl,,"""default""",src/fmt/hex.rs,26:1-26:27,54c05ab7d95d7381e499079d63773fabd2672f3c4929b56b02ab87d4495902b5,std;x86_64-unknown-linux-gnu,,not_started,not_started,not_started,not_started,not_started,,,review contract and runtime dependencies
7c0b4d3dd415394d,function,fmt,"{""for"": {""resolved_path"": {""args"": null, ""id"": 91, ""path"": ""crate::Bytes""}}, ""trait"": {""args"": null, ""id"": 974, ""path"": ""UpperHex""}}","""default""",src/fmt/hex.rs,26:1-26:27,54c05ab7d95d7381e499079d63773fabd2672f3c4929b56b02ab87d4495902b5,std;x86_64-unknown-linux-gnu,,not_started,not_started,not_started,not_started,not_started,,,review contract and runtime dependencies
75356d33bf76903e,impl,impl,,"""default""",src/fmt/hex.rs,27:1-27:30,54c05ab7d95d7381e499079d63773fabd2672f3c4929b56b02ab87d4495902b5,std;x86_64-unknown-linux-gnu,,not_started,not_started,not_started,not_started,not_started,,,review contract and runtime dependencies
b2e08fe4b224da35,function,fmt,"{""for"": {""resolved_path"": {""args"": null, ""id"": 348, ""path"": ""crate::BytesMut""}}, ""trait"": {""args"": null, ""id"": 974, ""path"": ""UpperHex""}}","""default""",src/fmt/hex.rs,27:1-27:30,54c05ab7d95d7381e499079d63773fabd2672f3c4929b56b02ab87d4495902b5,std;x86_64-unknown-linux-gnu,,not_started,not_started,not_started,not_started,not_started,,,review contract and runtime dependencies
dbad7cac97a543fa,impl,impl,,"""default""",src/fmt/hex.rs,6:1-13:2,54c05ab7d95d7381e499079d63773fabd2672f3c4929b56b02ab87d4495902b5,std;x86_64-unknown-linux-gnu,,not_started,not_started,not_started,not_started,not_started,,,review contract and runtime dependencies
4cb7f790fa68fd26,function,fmt,"{""for"": {""resolved_path"": {""args"": {""angle_bracketed"": {""args"": [{""lifetime"": ""'_""}], ""constraints"": []}}, ""id"": 1324, ""path"": ""super::BytesRef""}}, ""trait"": {""args"": null, ""id"": 971, ""path"": ""LowerHex""}}","""default""",src/fmt/hex.rs,7:5-12:6,54c05ab7d95d7381e499079d63773fabd2672f3c4929b56b02ab87d4495902b5,std;x86_64-unknown-linux-gnu,,not_started,not_started,not_started,not_started,not_started,,,review contract and runtime dependencies
2c4dee05c25bae50,macro,fmt_impl,,"""crate""",src/fmt/mod.rs,1:1-9:2,b38222dcfff70eb3ffb6ce305b95f3fcfd9fa68cca85693eb2ed01d3da7ddb88,std;x86_64-unknown-linux-gnu,,not_started,not_started,not_started,not_started,not_started,,,review contract and runtime dependencies
512c7292e798bf0a,function,abort,,"""crate""",src/lib.rs,114:1-131:2,ddfcda69c290985391d8e3fe01e0ba164f7d84f5d479a33d758d6079f5ffa99d,std;x86_64-unknown-linux-gnu,,not_started,not_started,not_started,not_started,not_started,,,review contract and runtime dependencies
02087069d2a65b4f,impl,impl,,"""default""",src/lib.rs,146:10-146:15,ddfcda69c290985391d8e3fe01e0ba164f7d84f5d479a33d758d6079f5ffa99d,std;x86_64-unknown-linux-gnu,,not_started,not_started,not_started,not_started,not_started,,,review contract and runtime dependencies
03f3c0b33aca4180,function,fmt,"{""for"": {""resolved_path"": {""args"": null, ""id"": 51, ""path"": ""TryGetError""}}, ""trait"": {""args"": null, ""id"": 548, ""path"": ""Debug""}}","""default""",src/lib.rs,146:10-146:15,ddfcda69c290985391d8e3fe01e0ba164f7d84f5d479a33d758d6079f5ffa99d,std;x86_64-unknown-linux-gnu,,not_started,not_started,not_started,not_started,not_started,,,review contract and runtime dependencies
3bbacc7cb63ad327,impl,impl,,"""default""",src/lib.rs,146:17-146:26,ddfcda69c290985391d8e3fe01e0ba164f7d84f5d479a33d758d6079f5ffa99d,std;x86_64-unknown-linux-gnu,,not_started,not_started,not_started,not_started,not_started,,,review contract and runtime dependencies
3bbacc7cb63ad327,impl,impl,,"""default""",src/lib.rs,146:17-146:26,ddfcda69c290985391d8e3fe01e0ba164f7d84f5d479a33d758d6079f5ffa99d,std;x86_64-unknown-linux-gnu,,not_started,not_started,not_started,not_started,not_started,,,review contract and runtime dependencies
655fd0a51698d81b,function,eq,"{""for"": {""resolved_path"": {""args"": null, ""id"": 51, ""path"": ""TryGetError""}}, ""trait"": {""args"": null, ""id"": 886, ""path"": ""PartialEq""}}","""default""",src/lib.rs,146:17-146:26,ddfcda69c290985391d8e3fe01e0ba164f7d84f5d479a33d758d6079f5ffa99d,std;x86_64-unknown-linux-gnu,,not_started,not_started,not_started,not_started,not_started,,,review contract and runtime dependencies
c8973c128b51f1ec,impl,impl,,"""default""",src/lib.rs,146:28-146:30,ddfcda69c290985391d8e3fe01e0ba164f7d84f5d479a33d758d6079f5ffa99d,std;x86_64-unknown-linux-gnu,,not_started,not_started,not_started,not_started,not_started,,,review contract and runtime dependencies
4fe2b5f75d0a0421,impl,impl,,"""default""",src/lib.rs,155:1-164:2,ddfcda69c290985391d8e3fe01e0ba164f7d84f5d479a33d758d6079f5ffa99d,std;x86_64-unknown-linux-gnu,,not_started,not_started,not_started,not_started,not_started,,,review contract and runtime dependencies
aefdac3e704111cf,function,fmt,"{""for"": {""resolved_path"": {""args"": null, ""id"": 51, ""path"": ""TryGetError""}}, ""trait"": {""args"": null, ""id"": 1414, ""path"": ""Display""}}","""default""",src/lib.rs,156:5-163:6,ddfcda69c290985391d8e3fe01e0ba164f7d84f5d479a33d758d6079f5ffa99d,std;x86_64-unknown-linux-gnu,,not_started,not_started,not_started,not_started,not_started,,,review contract and runtime dependencies
8b81c76591d7ad5e,impl,impl,,"""default""",src/lib.rs,167:1-167:42,ddfcda69c290985391d8e3fe01e0ba164f7d84f5d479a33d758d6079f5ffa99d,std;x86_64-unknown-linux-gnu,,not_started,not_started,not_started,not_started,not_started,,,review contract and runtime dependencies
5c5c9681b320a1ed,impl,impl,,"""default""",src/lib.rs,170:1-174:2,ddfcda69c290985391d8e3fe01e0ba164f7d84f5d479a33d758d6079f5ffa99d,std;x86_64-unknown-linux-gnu,,not_started,not_started,not_started,not_started,not_started,,,review contract and runtime dependencies
2d0c176b4e9c9a8b,function,from,"{""for"": {""resolved_path"": {""args"": null, ""id"": 1430, ""path"": ""std::io::Error""}}, ""trait"": {""args"": {""angle_bracketed"": {""args"": [{""type"": {""resolved_path"": {""args"": null, ""id"": 51, ""path"": ""TryGetError""}}}], ""constraints"": []}}, ""id"": 523, ""path"": ""From""}}","""default""",src/lib.rs,171:5-173:6,ddfcda69c290985391d8e3fe01e0ba164f7d84f5d479a33d758d6079f5ffa99d,std;x86_64-unknown-linux-gnu,,not_started,not_started,not_started,not_started,not_started,,,review contract and runtime dependencies
9e7db75938a9178e,function,panic_advance,,"""crate""",src/lib.rs,178:1-183:2,ddfcda69c290985391d8e3fe01e0ba164f7d84f5d479a33d758d6079f5ffa99d,std;x86_64-unknown-linux-gnu,,not_started,not_started,not_started,not_started,not_started,,,review contract and runtime dependencies
ad72459d7049555c,function,panic_does_not_fit,,"""crate""",src/lib.rs,186:1-191:2,ddfcda69c290985391d8e3fe01e0ba164f7d84f5d479a33d758d6079f5ffa99d,std;x86_64-unknown-linux-gnu,,not_started,not_started,not_started,not_started,not_started,,,review contract and runtime dependencies
79303d676a1fe01a,function,with_mut,AtomicMut,"""default""",src/loom.rs,10:13-12:45,7c89f9f5f900d5b9b7c43d08d467957933eba90d5dcff1b38cf9a7e48494a577,std;x86_64-unknown-linux-gnu,,not_started,not_started,not_started,not_started,not_started,,,review contract and runtime dependencies
e6123ab438a65910,impl,impl,,"""default""",src/loom.rs,15:9-22:10,7c89f9f5f900d5b9b7c43d08d467957933eba90d5dcff1b38cf9a7e48494a577,std;x86_64-unknown-linux-gnu,,not_started,not_started,not_started,not_started,not_started,,,review contract and runtime dependencies
bc1ed9641ff56b5f,function,with_mut,"{""for"": {""resolved_path"": {""args"": {""angle_bracketed"": {""args"": [{""type"": {""generic"": ""T""}}], ""constraints"": []}}, ""id"": 805, ""path"": ""core::sync::atomic::AtomicPtr""}}, ""trait"": {""args"": {""angle_bracketed"": {""args"": [{""type"": {""generic"": ""T""}}], ""constraints"": []}}, ""id"": 1347, ""path"": ""AtomicMut""}}","""default""",src/loom.rs,16:13-21:14,7c89f9f5f900d5b9b7c43d08d467957933eba90d5dcff1b38cf9a7e48494a577,std;x86_64-unknown-linux-gnu,,not_started,not_started,not_started,not_started,not_started,,,review contract and runtime dependencies
0ae65ff89ed264b3,trait,AtomicMut,,"""crate""",src/loom.rs,9:9-13:10,7c89f9f5f900d5b9b7c43d08d467957933eba90d5dcff1b38cf9a7e48494a577,std;x86_64-unknown-linux-gnu,,not_started,not_started,not_started,not_started,not_started,,,review contract and runtime dependencies
c6d817067398c45f,function,read_be_i128,,"""crate""",src/signed_wide_ops.rs,120:1-125:2,12f4d41f7b64d420223d35d137659d0c313e662f494c6dc3b61e9736a4f5a8ae,std;x86_64-unknown-linux-gnu,signed-wide-ops::read_be_i128,body_proved_under_contract,body_proved_under_contract,not_applicable_to_this_helper,body_proved_under_contract,isolated_exact_source_body_proved,Creusot-0.13-standard-contracts;reviewed-standard-extensions-in-TRUSTED_BASE.md,verification/artifacts/component-evidence/signed-wide-ops/component.json,prove actual handle/trait callers and their resource premises; full runtime remains unproved
dc92db23029bb087,function,read_le_i128,,"""crate""",src/signed_wide_ops.rs,152:1-157:2,12f4d41f7b64d420223d35d137659d0c313e662f494c6dc3b61e9736a4f5a8ae,std;x86_64-unknown-linux-gnu,signed-wide-ops::read_le_i128,body_proved_under_contract,body_proved_under_contract,not_applicable_to_this_helper,body_proved_under_contract,isolated_exact_source_body_proved,Creusot-0.13-standard-contracts;reviewed-standard-extensions-in-TRUSTED_BASE.md,verification/artifacts/component-evidence/signed-wide-ops/component.json,prove actual handle/trait callers and their resource premises; full runtime remains unproved
ffbf01549301eb47,function,signed_from_u64,,"""crate""",src/signed_wide_ops.rs,28:1-34:2,12f4d41f7b64d420223d35d137659d0c313e662f494c6dc3b61e9736a4f5a8ae,std;x86_64-unknown-linux-gnu,signed-wide-ops::signed_from_u64,body_proved_under_contract,body_proved_under_contract,not_applicable_to_this_helper,body_proved_under_contract,isolated_exact_source_body_proved,Creusot-0.13-standard-contracts;reviewed-standard-extensions-in-TRUSTED_BASE.md,verification/artifacts/component-evidence/signed-wide-ops/component.json,prove actual handle/trait callers and their resource premises; full runtime remains unproved
fd95f0a18b29761e,function,signed_from_u128,,"""crate""",src/signed_wide_ops.rs,38:1-45:2,12f4d41f7b64d420223d35d137659d0c313e662f494c6dc3b61e9736a4f5a8ae,std;x86_64-unknown-linux-gnu,signed-wide-ops::signed_from_u128,body_proved_under_contract,body_proved_under_contract,not_applicable_to_this_helper,body_proved_under_contract,isolated_exact_source_body_proved,Creusot-0.13-standard-contracts;reviewed-standard-extensions-in-TRUSTED_BASE.md,verification/artifacts/component-evidence/signed-wide-ops/component.json,prove actual handle/trait callers and their resource premises; full runtime remains unproved
73067f5a260e5ba5,function,read_be_i64,,"""crate""",src/signed_wide_ops.rs,64:1-69:2,12f4d41f7b64d420223d35d137659d0c313e662f494c6dc3b61e9736a4f5a8ae,std;x86_64-unknown-linux-gnu,signed-wide-ops::read_be_i64,body_proved_under_contract,body_proved_under_contract,not_applicable_to_this_helper,body_proved_under_contract,isolated_exact_source_body_proved,Creusot-0.13-standard-contracts;reviewed-standard-extensions-in-TRUSTED_BASE.md,verification/artifacts/component-evidence/signed-wide-ops/component.json,prove actual handle/trait callers and their resource premises; full runtime remains unproved
fdabc7a0529811c0,function,read_le_i64,,"""crate""",src/signed_wide_ops.rs,88:1-93:2,12f4d41f7b64d420223d35d137659d0c313e662f494c6dc3b61e9736a4f5a8ae,std;x86_64-unknown-linux-gnu,signed-wide-ops::read_le_i64,body_proved_under_contract,body_proved_under_contract,not_applicable_to_this_helper,body_proved_under_contract,isolated_exact_source_body_proved,Creusot-0.13-standard-contracts;reviewed-standard-extensions-in-TRUSTED_BASE.md,verification/artifacts/component-evidence/signed-wide-ops/component.json,prove actual handle/trait callers and their resource premises; full runtime remains unproved
7bac85cbeef9db6c,function,advance_slice_mut,,"""crate""",src/slice_mut_ops.rs,15:1-19:2,77f37b197ee1c03cad05f3166bab7d83a149a53e53e732b36641981d12d2a89f,std;x86_64-unknown-linux-gnu,initialized-storage::advance_slice_mut,body_proved_under_contract,body_proved_under_contract,not_applicable_to_this_helper,body_proved_under_contract,isolated_exact_source_body_proved,Creusot-0.13-standard-contracts;reviewed-standard-extensions-in-TRUSTED_BASE.md,verification/artifacts/component-evidence/initialized-storage/component.json,prove actual handle/trait callers and their resource premises; full runtime remains unproved
18bd64df327c6fa7,function,copy_to_slice_mut,,"""crate""",src/slice_mut_ops.rs,29:1-34:2,77f37b197ee1c03cad05f3166bab7d83a149a53e53e732b36641981d12d2a89f,std;x86_64-unknown-linux-gnu,initialized-storage::copy_to_slice_mut,body_proved_under_contract,body_proved_under_contract,not_applicable_to_this_helper,body_proved_under_contract,isolated_exact_source_body_proved,Creusot-0.13-standard-contracts;reviewed-standard-extensions-in-TRUSTED_BASE.md,verification/artifacts/component-evidence/initialized-storage/component.json,prove actual handle/trait callers and their resource premises; full runtime remains unproved
ca11d0b36b81fcbc,function,fill_slice_mut,,"""crate""",src/slice_mut_ops.rs,44:1-62:2,77f37b197ee1c03cad05f3166bab7d83a149a53e53e732b36641981d12d2a89f,std;x86_64-unknown-linux-gnu,initialized-storage::fill_slice_mut,body_proved_under_contract,body_proved_under_contract,not_applicable_to_this_helper,body_proved_under_contract,isolated_exact_source_body_proved,Creusot-0.13-standard-contracts;reviewed-standard-extensions-in-TRUSTED_BASE.md,verification/artifacts/component-evidence/initialized-storage/component.json,prove actual handle/trait callers and their resource premises; full runtime remains unproved
5a3f4a254adefa93,function,advance_slice,,"""crate""",src/slice_ops.rs,15:1-17:2,6cf0320abacebf1640e887f1f741b50211944fe94021efb2e9ffcc191d70b023,std;x86_64-unknown-linux-gnu,slice-ops::advance_slice,body_proved_under_contract,body_proved_under_contract,not_applicable_to_this_helper,body_proved_under_contract,isolated_exact_source_body_proved,Creusot-0.13-standard-contracts;reviewed-standard-extensions-in-TRUSTED_BASE.md,verification/artifacts/component-evidence/slice-ops/component.json,prove actual handle/trait callers and their resource premises; full runtime remains unproved
f3c1e313d658b237,function,copy_to_slice,,"""crate""",src/slice_ops.rs,27:1-31:2,6cf0320abacebf1640e887f1f741b50211944fe94021efb2e9ffcc191d70b023,std;x86_64-unknown-linux-gnu,slice-ops::copy_to_slice,body_proved_under_contract,body_proved_under_contract,not_applicable_to_this_helper,body_proved_under_contract,isolated_exact_source_body_proved,Creusot-0.13-standard-contracts;reviewed-standard-extensions-in-TRUSTED_BASE.md,verification/artifacts/component-evidence/slice-ops/component.json,prove actual handle/trait callers and their resource premises; full runtime remains unproved
5ae8af90244e78f5,function,read_u8,,"""crate""",src/slice_read_ops.rs,16:1-24:2,2531f4dd2a08aba0aa7eb470b57768480d623afcc96f4dd4fa938ad6086500fc,std;x86_64-unknown-linux-gnu,slice-read-ops::read_u8,body_proved_under_contract,body_proved_under_contract,not_applicable_to_this_helper,body_proved_under_contract,isolated_exact_source_body_proved,Creusot-0.13-standard-contracts;reviewed-standard-extensions-in-TRUSTED_BASE.md,verification/artifacts/component-evidence/slice-read-ops/component.json,prove actual handle/trait callers and their resource premises; full runtime remains unproved
3164be73d7112067,function,read_be_u16,,"""crate""",src/slice_read_ops.rs,35:1-43:2,2531f4dd2a08aba0aa7eb470b57768480d623afcc96f4dd4fa938ad6086500fc,std;x86_64-unknown-linux-gnu,slice-read-ops::read_be_u16,body_proved_under_contract,body_proved_under_contract,not_applicable_to_this_helper,body_proved_under_contract,isolated_exact_source_body_proved,Creusot-0.13-standard-contracts;reviewed-standard-extensions-in-TRUSTED_BASE.md,verification/artifacts/component-evidence/slice-read-ops/component.json,prove actual handle/trait callers and their resource premises; full runtime remains unproved
43de09117e64d10b,function,read_be_u32,,"""crate""",src/slice_read_ops.rs,57:1-65:2,2531f4dd2a08aba0aa7eb470b57768480d623afcc96f4dd4fa938ad6086500fc,std;x86_64-unknown-linux-gnu,slice-read-ops::read_be_u32,body_proved_under_contract,body_proved_under_contract,not_applicable_to_this_helper,body_proved_under_contract,isolated_exact_source_body_proved,Creusot-0.13-standard-contracts;reviewed-standard-extensions-in-TRUSTED_BASE.md,verification/artifacts/component-evidence/slice-read-ops/component.json,prove actual handle/trait callers and their resource premises; full runtime remains unproved
a5d9b50834aa581f,function,read_be_u64,,"""crate""",src/slice_wide_read_ops.rs,15:1-24:2,6f2a7bfcbd1b49bdff27f09363d2d8502145c6fa42845a1ee3f8a0db92c99952,std;x86_64-unknown-linux-gnu,slice-wide-read-ops::read_be_u64,body_proved_under_contract,body_proved_under_contract,not_applicable_to_this_helper,body_proved_under_contract,isolated_exact_source_body_proved,Creusot-0.13-standard-contracts;reviewed-standard-extensions-in-TRUSTED_BASE.md,verification/artifacts/component-evidence/slice-wide-read-ops/component.json,prove actual handle/trait callers and their resource premises; full runtime remains unproved
4df1b7d17219e7ec,function,read_le_u64,,"""crate""",src/slice_wide_read_ops.rs,34:1-43:2,6f2a7bfcbd1b49bdff27f09363d2d8502145c6fa42845a1ee3f8a0db92c99952,std;x86_64-unknown-linux-gnu,slice-wide-read-ops::read_le_u64,body_proved_under_contract,body_proved_under_contract,not_applicable_to_this_helper,body_proved_under_contract,isolated_exact_source_body_proved,Creusot-0.13-standard-contracts;reviewed-standard-extensions-in-TRUSTED_BASE.md,verification/artifacts/component-evidence/slice-wide-read-ops/component.json,prove actual handle/trait callers and their resource premises; full runtime remains unproved
a93901ef0a7287d0,function,read_be_u128,,"""crate""",src/slice_wide_read_ops.rs,53:1-62:2,6f2a7bfcbd1b49bdff27f09363d2d8502145c6fa42845a1ee3f8a0db92c99952,std;x86_64-unknown-linux-gnu,slice-wide-read-ops::read_be_u128,body_proved_under_contract,body_proved_under_contract,not_applicable_to_this_helper,body_proved_under_contract,isolated_exact_source_body_proved,Creusot-0.13-standard-contracts;reviewed-standard-extensions-in-TRUSTED_BASE.md,verification/artifacts/component-evidence/slice-wide-read-ops/component.json,prove actual handle/trait callers and their resource premises; full runtime remains unproved
0772af3816ac69a8,function,read_le_u128,,"""crate""",src/slice_wide_read_ops.rs,72:1-81:2,6f2a7bfcbd1b49bdff27f09363d2d8502145c6fa42845a1ee3f8a0db92c99952,std;x86_64-unknown-linux-gnu,slice-wide-read-ops::read_le_u128,body_proved_under_contract,body_proved_under_contract,not_applicable_to_this_helper,body_proved_under_contract,isolated_exact_source_body_proved,Creusot-0.13-standard-contracts;reviewed-standard-extensions-in-TRUSTED_BASE.md,verification/artifacts/component-evidence/slice-wide-read-ops/component.json,prove actual handle/trait callers and their resource premises; full runtime remains unproved
e3e87e1b5d881ec6,function,initialize_prefix,,"""crate""",src/uninit_ops.rs,17:1-34:2,62f41998a8497446f901c610bc90abea819a856cb7b2a01ad7643f2fed2c8307,std;x86_64-unknown-linux-gnu,uninit-ops::initialize_prefix,body_proved_under_contract,body_proved_under_contract,not_applicable_to_this_helper,body_proved_under_contract,isolated_exact_source_body_proved,Creusot-0.13-standard-contracts;reviewed-standard-extensions-in-TRUSTED_BASE.md,verification/artifacts/component-evidence/uninit-ops/component.json,prove actual handle/trait callers and their resource premises; full runtime remains unproved
a9acd2e2606bd2c6,function,fill_prefix,,"""crate""",src/uninit_ops.rs,43:1-61:2,62f41998a8497446f901c610bc90abea819a856cb7b2a01ad7643f2fed2c8307,std;x86_64-unknown-linux-gnu,uninit-ops::fill_prefix,body_proved_under_contract,body_proved_under_contract,not_applicable_to_this_helper,body_proved_under_contract,isolated_exact_source_body_proved,Creusot-0.13-standard-contracts;reviewed-standard-extensions-in-TRUSTED_BASE.md,verification/artifacts/component-evidence/uninit-ops/component.json,prove actual handle/trait callers and their resource premises; full runtime remains unproved
39cb307268f88792,function,read_be_u64,,"""crate""",src/variable_read_ops.rs,45:1-69:2,997577f11d2f572b579f309c477fc1e2711dea6c0ab1c574a24b6335578931d0,std;x86_64-unknown-linux-gnu,variable-read-ops::read_be_u64,body_proved_under_contract,body_proved_under_contract,not_applicable_to_this_helper,body_proved_under_contract,isolated_exact_source_body_proved,Creusot-0.13-standard-contracts;reviewed-standard-extensions-in-TRUSTED_BASE.md,verification/artifacts/component-evidence/variable-read-ops/component.json,prove actual handle/trait callers and their resource premises; full runtime remains unproved
88241069d23fbddc,function,read_le_u64,,"""crate""",src/variable_read_ops.rs,80:1-104:2,997577f11d2f572b579f309c477fc1e2711dea6c0ab1c574a24b6335578931d0,std;x86_64-unknown-linux-gnu,variable-read-ops::read_le_u64,body_proved_under_contract,body_proved_under_contract,not_applicable_to_this_helper,body_proved_under_contract,isolated_exact_source_body_proved,Creusot-0.13-standard-contracts;reviewed-standard-extensions-in-TRUSTED_BASE.md,verification/artifacts/component-evidence/variable-read-ops/component.json,prove actual handle/trait callers and their resource premises; full runtime remains unproved
