modified bytes 1.11.1: features=verified,std; target=host; one prover; 1024 MiB; sc-drf disabled
     Removed 7 files, 1.2MiB total
    Checking bytes v1.11.1 (/tmp/bytes-portable-atomic-probe)
warning: unused imports: `Acquire` and `None as NoStore`
  --> src/verified/scoped.rs:10:65
   |
10 |     std::sync::{atomic::{AtomicUsize as ModelAtomic, ordering::{Acquire,Relaxed,Release,None as NoStore}},
   |                                                                 ^^^^^^^                 ^^^^^^^^^^^^^^^
   |
   = note: `#[warn(unused_imports)]` (part of `#[warn(unused)]`) on by default

warning: unnecessary parentheses around function argument
  --> src/verified/atomic.rs:27:9
   |
27 |         (if c.val_load() == 0usize { c.val_store() == usize::MAX } else { c.val_store()@ + 1 == c.val_load()@ }) ==>
   |         ^                                                                                                      ^
   |
   = note: `#[warn(unused_parens)]` (part of `#[warn(unused)]`) on by default
help: remove these parentheses
   |
27 -         (if c.val_load() == 0usize { c.val_store() == usize::MAX } else { c.val_store()@ + 1 == c.val_load()@ }) ==>
27 +         if c.val_load() == 0usize { c.val_store() == usize::MAX } else { c.val_store()@ + 1 == c.val_load()@ } ==>
   |

warning: hidden lifetime parameters in types are deprecated
   --> src/verified/retirement.rs:108:81
    |
108 |     pub fn retire(&self,ticket:Ghost<Ticket>,resource:Ghost<T>,mut tokens:Ghost<Tokens>)->(bool,Ghost<Option<(T,T)>>,Ghost<Receipt>) {
    |                                                                                 ^^^^^^ expected lifetime parameter
    |
note: the lint level is defined here
   --> src/lib.rs:1:54
    |
  1 | #![warn(missing_docs, missing_debug_implementations, rust_2018_idioms)]
    |                                                      ^^^^^^^^^^^^^^^^
    = note: `#[warn(elided_lifetimes_in_paths)]` implied by `#[warn(rust_2018_idioms)]`
help: indicate the anonymous lifetime
    |
108 |     pub fn retire(&self,ticket:Ghost<Ticket>,resource:Ghost<T>,mut tokens:Ghost<Tokens<'_>>)->(bool,Ghost<Option<(T,T)>>,Ghost<Receipt>) {
    |                                                                                       ++++

warning: hidden lifetime parameters in types are deprecated
  --> src/verified/tree.rs:85:67
   |
85 | fn worker(handle:ReadHandle<'_>,parent:&CloseContext,tokens:Ghost<Tokens>,index:usize,leaves:usize)
   |                                                                   ^^^^^^ expected lifetime parameter
   |
help: indicate the anonymous lifetime
   |
85 | fn worker(handle:ReadHandle<'_>,parent:&CloseContext,tokens:Ghost<Tokens<'_>>,index:usize,leaves:usize)
   |                                                                         ++++

warning: hidden lifetime parameters in types are deprecated
   --> src/verified/scoped.rs:260:58
    |
260 |     pub fn close(self,context:&CloseContext,tokens:Ghost<Tokens>)->Closed {
    |                                                          ^^^^^^ expected lifetime parameter
    |
help: indicate the anonymous lifetime
    |
260 |     pub fn close(self,context:&CloseContext,tokens:Ghost<Tokens<'_>>)->Closed {
    |                                                                ++++

warning: unused variable: `published`
   --> src/verified/retirement.rs:122:21
    |
122 |                 let published=primitive::release_rmw(c,&mut state.own,&mut current);
    |                     ^^^^^^^^^ help: if this is intentional, prefix it with an underscore: `_published`
    |
    = note: `#[warn(unused_variables)]` (part of `#[warn(unused)]`) on by default

warning: unused variable: `base`
   --> src/ownership_proof/raw_vec.rs:979:25
    |
979 |     let RawAllocation { base, capacity, namespace: _, _not_objective: _ } = raw;
    |                         ^^^^ help: try ignoring the field: `base: _`

warning: unused variable: `capacity`
   --> src/ownership_proof/raw_vec.rs:979:31
    |
979 |     let RawAllocation { base, capacity, namespace: _, _not_objective: _ } = raw;
    |                               ^^^^^^^^ help: try ignoring the field: `capacity: _`

warning: unused variable: `base`
    --> src/ownership_proof/raw_vec.rs:1015:9
     |
1015 |     let base = bound.as_ptr();
     |         ^^^^ help: if this is intentional, prefix it with an underscore: `_base`

warning: function `pointer_addr_eq` is never used
  --> src/provenance_specs.rs:19:15
   |
19 | pub(crate) fn pointer_addr_eq<T>(left: *const T, right: *const T) -> bool {
   |               ^^^^^^^^^^^^^^^
   |
   = note: `#[warn(dead_code)]` (part of `#[warn(unused)]`) on by default

warning: function `pointer_addr` is never used
  --> src/provenance_specs.rs:52:15
   |
52 | pub(crate) fn pointer_addr<T>(ptr: *const T) -> usize {
   |               ^^^^^^^^^^^^

warning: function `wrapping_offset` is never used
  --> src/provenance_specs.rs:77:15
   |
77 | pub(crate) fn wrapping_offset(ptr: *mut u8, offset: usize) -> *mut u8 {
   |               ^^^^^^^^^^^^^^^

warning: function `pointer_with_address` is never used
  --> src/provenance_specs.rs:88:15
   |
88 | pub(crate) fn pointer_with_address(ptr: *mut u8, new_addr: usize) -> *mut u8 {
   |               ^^^^^^^^^^^^^^^^^^^^

warning: function `metadata_pointer` is never used
  --> src/provenance_specs.rs:98:15
   |
98 | pub(crate) fn metadata_pointer(addr: usize) -> *mut u8 {
   |               ^^^^^^^^^^^^^^^^

warning: function `map_op_get` is never used
  --> src/ownership_proof/owned_region.rs:47:15
   |
47 | pub(crate) fn map_op_get(
   |               ^^^^^^^^^^

warning: associated items `into_parts`, `slots`, `slot`, `restrict`, `split_at`, and `join` are never used
   --> src/ownership_proof/owned_region.rs:125:19
    |
 95 | impl OwnedRegion {
    | ---------------- associated items in this implementation
...
125 |     pub(crate) fn into_parts(self) -> (Int, Int, Resource<KernelRA>) {
    |                   ^^^^^^^^^^
...
149 |     pub(crate) fn slots(self) -> FMap<Int, Excl<Option<u8>>> {
    |                   ^^^^^
...
156 |     pub(crate) fn slot(self, index: Int) -> Option<Option<u8>> {
    |                   ^^^^
...
167 |     fn restrict(
    |        ^^^^^^^^
...
192 |     pub(crate) fn split_at(self, at: Int) -> (Self, Self) {
    |                   ^^^^^^^^
...
243 |     pub(crate) fn join(self, other: Self) -> Self {
    |                   ^^^^

warning: function `slots_grown` is never used
  --> src/ownership_proof/raw_vec.rs:72:4
   |
72 | fn slots_grown(old: SlotMap, old_capacity: Int, capacity: Int) -> SlotMap {
   |    ^^^^^^^^^^^

warning: function `reallocate_bound` is never used
   --> src/ownership_proof/raw_vec.rs:103:22
    |
103 | pub(crate) unsafe fn reallocate_bound(base: BoundPtr, old_capacity: usize, capacity: usize,
    |                      ^^^^^^^^^^^^^^^^

warning: associated items `unbound`, `as_non_null`, `offset_from_bound_base`, `retreat_within`, and `advance_within` are never used
   --> src/ownership_proof/raw_vec.rs:301:19
    |
280 | impl BoundPtr {
    | ------------- associated items in this implementation
...
301 |     pub(crate) fn unbound(pointer: NonNull<u8>) -> Self {
    |                   ^^^^^^^
...
323 |     pub(crate) fn as_non_null(&self) -> NonNull<u8> {
    |                   ^^^^^^^^^^^
...
346 |     pub(crate) fn offset_from_bound_base(&self, base: Self) -> usize {
    |                   ^^^^^^^^^^^^^^^^^^^^^^
...
358 |     pub(crate) fn retreat_within(&self, count: usize) -> Self {
    |                   ^^^^^^^^^^^^^^
...
404 |     pub(crate) fn advance_within(&self, count: usize) -> Self {
    |                   ^^^^^^^^^^^^^^

warning: methods `split_at` and `join` are never used
   --> src/ownership_proof/raw_vec.rs:609:19
    |
553 | impl PhysicalRegion {
    | ------------------- methods in this implementation
...
609 |     pub(crate) fn split_at(self, at: Int) -> (Self, Self) {
    |                   ^^^^^^^^
...
639 |     pub(crate) fn join(self, other: Self) -> Self {
    |                   ^^^^

warning: struct `PhysicalPool` is never constructed
   --> src/ownership_proof/raw_vec.rs:653:19
    |
653 | pub(crate) struct PhysicalPool {
    |                   ^^^^^^^^^^^^

warning: multiple associated items are never used
   --> src/ownership_proof/raw_vec.rs:686:19
    |
684 | impl PhysicalPool {
    | ----------------- associated items in this implementation
685 |     #[logic(open)]
686 |     pub(crate) fn capacity(self) -> Int {
    |                   ^^^^^^^^
...
691 |     pub(crate) fn namespace(self) -> Id {
    |                   ^^^^^^^^^
...
696 |     pub(crate) fn resource_id(self) -> Id {
    |                   ^^^^^^^^^^^
...
701 |     pub(crate) fn contains(self, index: Int) -> bool {
    |                   ^^^^^^^^
...
706 |     pub(crate) fn slot(self, index: Int) -> Option<Option<u8>> {
    |                   ^^^^
...
720 |     fn kernel_unit_is_empty() {
    |        ^^^^^^^^^^^^^^^^^^^^
...
746 |     pub(crate) fn empty_from(region: &PhysicalRegion) -> Self {
    |                   ^^^^^^^^^^
...
779 |     pub(crate) fn retire(self, region: PhysicalRegion) -> Self {
    |                   ^^^^^^
...
815 |     pub(crate) fn finish(self, lo: Int) -> PhysicalRegion {
    |                   ^^^^^^

warning: function `borrow_mut` is never used
    --> src/ownership_proof/raw_vec.rs:1059:22
     |
1059 | pub(crate) unsafe fn borrow_mut<'a>(
     |                      ^^^^^^^^^^

warning: function `slot_known_equivalence` is never used
    --> src/ownership_proof/raw_vec.rs:1081:15
     |
1081 | pub(crate) fn slot_known_equivalence(slot: Option<Option<u8>>) {}
     |               ^^^^^^^^^^^^^^^^^^^^^^

warning: function `borrow_bound_mut` is never used
    --> src/ownership_proof/raw_vec.rs:1120:22
     |
1120 | pub(crate) unsafe fn borrow_bound_mut<'a>(
     |                      ^^^^^^^^^^^^^^^^

warning: function `borrow_bound_uninit_mut` is never used
    --> src/ownership_proof/raw_vec.rs:1160:22
     |
1160 | pub(crate) unsafe fn borrow_bound_uninit_mut<'a>(
     |                      ^^^^^^^^^^^^^^^^^^^^^^^

warning: function `borrow_spare_preserving_prefix` is never used
    --> src/ownership_proof/raw_vec.rs:1198:22
     |
1198 | pub(crate) unsafe fn borrow_spare_preserving_prefix<'a>(
     |                      ^^^^^^^^^^^^^^^^^^^^^^^^^^^^^^

warning: function `borrow_empty_bound` is never used
    --> src/ownership_proof/raw_vec.rs:1244:22
     |
1244 | pub(crate) unsafe fn borrow_empty_bound<'a>(bound: &'a BoundPtr) -> &'a [u8] {
     |                      ^^^^^^^^^^^^^^^^^^

warning: function `borrow_empty_bound_mut` is never used
    --> src/ownership_proof/raw_vec.rs:1253:22
     |
1253 | pub(crate) unsafe fn borrow_empty_bound_mut<'a>(bound: &'a BoundPtr) -> &'a mut [u8] {
     |                      ^^^^^^^^^^^^^^^^^^^^^^

warning: function `borrow_empty_bound_uninit_mut` is never used
    --> src/ownership_proof/raw_vec.rs:1261:22
     |
1261 | pub(crate) unsafe fn borrow_empty_bound_uninit_mut<'a>(
     |                      ^^^^^^^^^^^^^^^^^^^^^^^^^^^^^

warning: function `borrow_frozen` is never used
  --> src/ownership_proof/frozen_region.rs:28:15
   |
28 | pub(crate) fn borrow_frozen<'a>(
   |               ^^^^^^^^^^^^^

warning: struct `FrozenReader` is never constructed
  --> src/ownership_proof/frozen_region.rs:43:19
   |
43 | pub(crate) struct FrozenReader {
   |                   ^^^^^^^^^^^^

warning: method `valid` is never used
  --> src/ownership_proof/frozen_region.rs:50:19
   |
48 | impl FrozenReader {
   | ----------------- method in this implementation
49 |     #[logic(open(crate), prophetic)]
50 |     pub(crate) fn valid(self, bound: BoundPtr, len: usize) -> bool {
   |                   ^^^^^

warning: associated items `new` and `reclaim` are never used
   --> src/ownership_proof/frozen_region.rs:107:19
    |
 76 | impl FrozenOwner {
    | ---------------- associated items in this implementation
...
107 |     pub(crate) fn new(bound:BoundPtr, capacity:usize, len:usize,
    |                   ^^^
...
119 |     pub(crate) fn reclaim(self,ticket:LifetimeToken) {
    |                   ^^^^^^^

warning: missing documentation for a struct
 --> src/verified/adapters.rs:7:1
  |
7 | pub struct LimitedCursor<'a> {
  | ^^^^^^^^^^^^^^^^^^^^^^^^^^^^
  |
note: the lint level is defined here
 --> src/lib.rs:1:9
  |
1 | #![warn(missing_docs, missing_debug_implementations, rust_2018_idioms)]
  |         ^^^^^^^^^^^^

warning: missing documentation for a struct
   --> src/verified/adapters.rs:132:1
    |
132 | pub struct ChainedCursor<'a> {
    | ^^^^^^^^^^^^^^^^^^^^^^^^^^^^

warning: `bytes` (lib) generated 36 warnings (run `cargo fix --lib -p bytes` to apply 6 suggestions)
    Finished `dev` profile [unoptimized + debuginfo] target(s) in 3.63s
No dangling files found
Process Error (Connection error: client_connect: connection failed: Operation not permitted (connect,) (socket_name=/tmp/why3server74e3dasock)
)
Goal Coma.vc_from_u16: ✘
Process Error (File "utils/timer.ml", line 20, characters 2-8: Assertion failed)
Goal Coma.vc_decode_be_u16: ✘
Process Error (File "utils/timer.ml", line 20, characters 2-8: Assertion failed)
Goal Coma.vc_from_u32: ✘
Process Error (File "utils/timer.ml", line 20, characters 2-8: Assertion failed)
Goal Coma.vc_decode_be_u32: ✘
Process Error (File "utils/timer.ml", line 20, characters 2-8: Assertion failed)
Goal Coma.vc_encode_be_u16: ✘
Process Error (File "utils/timer.ml", line 20, characters 2-8: Assertion failed)
Goal Coma.vc_encode_be_u32: ✘
Process Error (File "utils/timer.ml", line 20, characters 2-8: Assertion failed)
Goal Coma.vc_from_u128: ✘
Process Error (File "utils/timer.ml", line 20, characters 2-8: Assertion failed)
Goal Coma.vc_decode_be_u128: ✘
Process Error (File "utils/timer.ml", line 20, characters 2-8: Assertion failed)
Goal Coma.vc_from_u64: ✘
Process Error (File "utils/timer.ml", line 20, characters 2-8: Assertion failed)
Goal Coma.vc_decode_be_u64: ✘
Process Error (File "utils/timer.ml", line 20, characters 2-8: Assertion failed)
Goal Coma.vc_from_u128: ✘
Process Error (File "utils/timer.ml", line 20, characters 2-8: Assertion failed)
Goal Coma.vc_decode_le_u128: ✘
Process Error (File "utils/timer.ml", line 20, characters 2-8: Assertion failed)
Goal Coma.vc_from_u64: ✘
Process Error (File "utils/timer.ml", line 20, characters 2-8: Assertion failed)
Goal Coma.vc_decode_le_u64: ✘
Process Error (File "utils/timer.ml", line 20, characters 2-8: Assertion failed)
Goal Coma.vc_encode_be_u128: ✘
Process Error (File "utils/timer.ml", line 20, characters 2-8: Assertion failed)
Goal Coma.vc_encode_be_u64: ✘
Process Error (File "utils/timer.ml", line 20, characters 2-8: Assertion failed)
Goal Coma.vc_encode_le_u128: ✘
Process Error (File "utils/timer.ml", line 20, characters 2-8: Assertion failed)
Goal Coma.vc_encode_le_u64: ✘
Process Error (File "utils/timer.ml", line 20, characters 2-8: Assertion failed)
Goal Coma.vc_encode_be_u16: ✘
Process Error (File "utils/timer.ml", line 20, characters 2-8: Assertion failed)
Goal Coma.vc_encode_le_u16: ✘
Process Error (File "utils/timer.ml", line 20, characters 2-8: Assertion failed)
Goal Coma.vc_encode_be_u32: ✘
Process Error (File "utils/timer.ml", line 20, characters 2-8: Assertion failed)
Goal Coma.vc_encode_le_u32: ✘
Process Error (File "utils/timer.ml", line 20, characters 2-8: Assertion failed)
Goal Coma.vc_read_be_u16: ✘
Process Error (File "utils/timer.ml", line 20, characters 2-8: Assertion failed)
Goal Coma.vc_elim_Some: ✘
Process Error (File "utils/timer.ml", line 20, characters 2-8: Assertion failed)
Goal Coma.vc_signed_from_u16: ✘
Process Error (File "utils/timer.ml", line 20, characters 2-8: Assertion failed)
Goal Coma.vc_read_be_i16: ✘
Process Error (File "utils/timer.ml", line 20, characters 2-8: Assertion failed)
Goal Coma.vc_read_be_u32: ✘
Process Error (File "utils/timer.ml", line 20, characters 2-8: Assertion failed)
Goal Coma.vc_elim_Some: ✘
Process Error (File "utils/timer.ml", line 20, characters 2-8: Assertion failed)
Goal Coma.vc_signed_from_u32: ✘
Process Error (File "utils/timer.ml", line 20, characters 2-8: Assertion failed)
Goal Coma.vc_read_be_i32: ✘
Process Error (File "utils/timer.ml", line 20, characters 2-8: Assertion failed)
Goal Coma.vc_read_le_u16: ✘
Process Error (File "utils/timer.ml", line 20, characters 2-8: Assertion failed)
Goal Coma.vc_elim_Some: ✘
Process Error (File "utils/timer.ml", line 20, characters 2-8: Assertion failed)
Goal Coma.vc_signed_from_u16: ✘
Process Error (File "utils/timer.ml", line 20, characters 2-8: Assertion failed)
Goal Coma.vc_read_le_i16: ✘
Process Error (File "utils/timer.ml", line 20, characters 2-8: Assertion failed)
Goal Coma.vc_read_le_u32: ✘
Process Error (File "utils/timer.ml", line 20, characters 2-8: Assertion failed)
Goal Coma.vc_elim_Some: ✘
Process Error (File "utils/timer.ml", line 20, characters 2-8: Assertion failed)
Goal Coma.vc_signed_from_u32: ✘
Process Error (File "utils/timer.ml", line 20, characters 2-8: Assertion failed)
Goal Coma.vc_read_le_i32: ✘
Process Error (File "utils/timer.ml", line 20, characters 2-8: Assertion failed)
Goal Coma.vc_len_u8: ✘
Process Error (File "utils/timer.ml", line 20, characters 2-8: Assertion failed)
Goal Coma.vc_read_be_u16: ✘
Process Error (File "utils/timer.ml", line 20, characters 2-8: Assertion failed)
Goal Coma.vc_branch_Option_u16: ✘
Process Error (File "utils/timer.ml", line 20, characters 2-8: Assertion failed)
Goal Coma.vc_elim_Break: ✘
Process Error (File "utils/timer.ml", line 20, characters 2-8: Assertion failed)
Goal Coma.vc_from_residual_Option_u16: ✘
Process Error (File "utils/timer.ml", line 20, characters 2-8: Assertion failed)
Goal Coma.vc_elim_Continue: ✘
Process Error (File "utils/timer.ml", line 20, characters 2-8: Assertion failed)
Goal Coma.vc_advance_slice: ✘
Process Error (File "utils/timer.ml", line 20, characters 2-8: Assertion failed)
Goal Coma.vc_read_le_u16: ✘
Process Error (File "utils/timer.ml", line 20, characters 2-8: Assertion failed)
Goal Coma.vc_len_u8: ✘
Process Error (File "utils/timer.ml", line 20, characters 2-8: Assertion failed)
Goal Coma.vc_read_be_u32: ✘
Process Error (File "utils/timer.ml", line 20, characters 2-8: Assertion failed)
Goal Coma.vc_branch_Option_u32: ✘
Process Error (File "utils/timer.ml", line 20, characters 2-8: Assertion failed)
Goal Coma.vc_elim_Break: ✘
Process Error (File "utils/timer.ml", line 20, characters 2-8: Assertion failed)
Goal Coma.vc_from_residual_Option_u32: ✘
Process Error (File "utils/timer.ml", line 20, characters 2-8: Assertion failed)
Goal Coma.vc_elim_Continue: ✘
Process Error (File "utils/timer.ml", line 20, characters 2-8: Assertion failed)
Goal Coma.vc_advance_slice: ✘
Process Error (File "utils/timer.ml", line 20, characters 2-8: Assertion failed)
Goal Coma.vc_read_le_u32: ✘
Process Error (File "utils/timer.ml", line 20, characters 2-8: Assertion failed)
Goal Coma.vc_signed_from_u16: ✘
Process Error (File "utils/timer.ml", line 20, characters 2-8: Assertion failed)
Goal Coma.vc_signed_from_u32: ✘
Process Error (File "utils/timer.ml", line 20, characters 2-8: Assertion failed)
Goal Coma.vc_detach_vec: ✘
Process Error (File "utils/timer.ml", line 20, characters 2-8: Assertion failed)
Goal Coma.vc_into_bound_ptr_at_zero: ✘
Process Error (File "utils/timer.ml", line 20, characters 2-8: Assertion failed)
Goal Coma.vc_detach_bound_vec: ✘
Process Error (File "utils/timer.ml", line 20, characters 2-8: Assertion failed)
Goal Coma.vc_deref_Ghost_GhostShared_FullBorrow_PhysicalRegion: ✘
Process Error (File "utils/timer.ml", line 20, characters 2-8: Assertion failed)
Goal Coma.vc_to_ref_FullBorrow_PhysicalRegion: ✘
Process Error (File "utils/timer.ml", line 20, characters 2-8: Assertion failed)
Goal Coma.vc_borrow_PhysicalRegion: ✘
Process Error (File "utils/timer.ml", line 20, characters 2-8: Assertion failed)
Goal Coma.vc_new_ref_PhysicalRegion: ✘
Process Error (File "utils/timer.ml", line 20, characters 2-8: Assertion failed)
Goal Coma.vc_borrow_bound: ✘
Process Error (File "utils/timer.ml", line 20, characters 2-8: Assertion failed)
Goal Coma.vc_borrow_frozen: ✘
Process Error (File "utils/timer.ml", line 20, characters 2-8: Assertion failed)
Goal Coma.vc_split_Recovery: ✘
Process Error (File "utils/timer.ml", line 20, characters 2-8: Assertion failed)
Goal Coma.vc_new'0: ✘
Process Error (File "utils/timer.ml", line 20, characters 2-8: Assertion failed)
Goal Coma.vc_new_PhysicalRegion: ✘
Process Error (File "utils/timer.ml", line 20, characters 2-8: Assertion failed)
Goal Coma.vc_new_FullBorrow_PhysicalRegion: ✘
Process Error (File "utils/timer.ml", line 20, characters 2-8: Assertion failed)
Goal Coma.vc_into_inner_GhostShared_FullBorrow_PhysicalRegion: ✘
Process Error (File "utils/timer.ml", line 20, characters 2-8: Assertion failed)
Goal Coma.vc_new_GhostShared_FullBorrow_PhysicalRegion: ✘
Process Error (File "utils/timer.ml", line 20, characters 2-8: Assertion failed)
Goal Coma.vc_new'1: ✘
Process Error (File "utils/timer.ml", line 20, characters 2-8: Assertion failed)
Goal Coma.vc_end': ✘
Process Error (File "utils/timer.ml", line 20, characters 2-8: Assertion failed)
Goal Coma.vc_into_inner_EndBorrow_PhysicalRegion: ✘
Process Error (File "utils/timer.ml", line 20, characters 2-8: Assertion failed)
Goal Coma.vc_get_PhysicalRegion: ✘
Process Error (File "utils/timer.ml", line 20, characters 2-8: Assertion failed)
Goal Coma.vc_new_PhysicalRegion: ✘
Process Error (File "utils/timer.ml", line 20, characters 2-8: Assertion failed)
Goal Coma.vc_into_inner_Recovery: ✘
Process Error (File "utils/timer.ml", line 20, characters 2-8: Assertion failed)
Goal Coma.vc_into_inner_PhysicalRegion: ✘
Process Error (File "utils/timer.ml", line 20, characters 2-8: Assertion failed)
Goal Coma.vc_new_tup2_Recovery_PhysicalRegion: ✘
Process Error (File "utils/timer.ml", line 20, characters 2-8: Assertion failed)
Goal Coma.vc_deallocate_bound_vec: ✘
Process Error (File "utils/timer.ml", line 20, characters 2-8: Assertion failed)
Goal Coma.vc_reclaim: ✘
Process Error (File "utils/timer.ml", line 20, characters 2-8: Assertion failed)
Goal Coma.vc_from_model_ledger: ✘
Process Error (File "utils/timer.ml", line 20, characters 2-8: Assertion failed)
Goal Coma.vc_into_parts: ✘
Process Error (File "utils/timer.ml", line 20, characters 2-8: Assertion failed)
Goal Coma.vc_join_tup2_Option_Excl_unit_FMap_Int_Excl_Option_u8: ✘
Process Error (File "utils/timer.ml", line 20, characters 2-8: Assertion failed)
Goal Coma.vc_join: ✘
Process Error (File "utils/timer.ml", line 20, characters 2-8: Assertion failed)
Goal Coma.vc_map_compose_eq: ✘
Process Error (File "utils/timer.ml", line 20, characters 2-8: Assertion failed)
Goal Coma.vc_new_unit: ✘
Process Error (File "utils/timer.ml", line 20, characters 2-8: Assertion failed)
Goal Coma.vc_split_tup2_Option_Excl_unit_FMap_Int_Excl_Option_u8: ✘
Process Error (File "utils/timer.ml", line 20, characters 2-8: Assertion failed)
Goal Coma.vc_split_at: ✘
Process Error (File "utils/timer.ml", line 20, characters 2-8: Assertion failed)
Goal Coma.vc_map_compose_eq: ✘
Process Error (File "utils/timer.ml", line 20, characters 2-8: Assertion failed)
Goal Coma.vc_map_op_get: ✘
Process Error (File "utils/timer.ml", line 20, characters 2-8: Assertion failed)
Goal Coma.vc_advance_within: ✘
Process Error (File "utils/timer.ml", line 20, characters 2-8: Assertion failed)
Goal Coma.vc_borrow_bound_uninit_mut: ✘
Process Error (File "utils/timer.ml", line 20, characters 2-8: Assertion failed)
Goal Coma.vc_borrow_spare_preserving_prefix: ✘
Process Error (File "utils/timer.ml", line 20, characters 2-8: Assertion failed)
Goal Coma.vc_as_ptr_u8: ✘
Process Error (File "utils/timer.ml", line 20, characters 2-8: Assertion failed)
Goal Coma.vc_wrapping_offset: ✘
Process Error (File "utils/timer.ml", line 20, characters 2-8: Assertion failed)
Goal Coma.vc_new_unchecked_u8: ✘
Process Error (File "utils/timer.ml", line 20, characters 2-8: Assertion failed)
Goal Coma.vc_new: ✘
Process Error (File "utils/timer.ml", line 20, characters 2-8: Assertion failed)
Goal Coma.vc_deref_Ghost_Int: ✘
Process Error (File "utils/timer.ml", line 20, characters 2-8: Assertion failed)
Goal Coma.vc_into_inner_Option_BoundPtrBinding: ✘
Process Error (File "utils/timer.ml", line 20, characters 2-8: Assertion failed)
Goal Coma.vc_elim_Some: ✘
Process Error (File "utils/timer.ml", line 20, characters 2-8: Assertion failed)
Goal Coma.vc_add_Int: ✘
Process Error (File "utils/timer.ml", line 20, characters 2-8: Assertion failed)
Goal Coma.vc_new_Option_BoundPtrBinding: ✘
Process Error (File "utils/timer.ml", line 20, characters 2-8: Assertion failed)
Goal Coma.vc_advance_within: ✘
Process Error (File "utils/timer.ml", line 20, characters 2-8: Assertion failed)
Goal Coma.vc_as_non_null: ✘
Process Error (File "utils/timer.ml", line 20, characters 2-8: Assertion failed)
Goal Coma.vc_as_ptr_u8: ✘
Process Error (File "utils/timer.ml", line 20, characters 2-8: Assertion failed)
Goal Coma.vc_as_ptr: ✘
Process Error (File "utils/timer.ml", line 20, characters 2-8: Assertion failed)
Goal Coma.vc_wrapping_sub: ✘
Process Error (File "utils/timer.ml", line 20, characters 2-8: Assertion failed)
Goal Coma.vc_as_ptr_u8: ✘
Process Error (File "utils/timer.ml", line 20, characters 2-8: Assertion failed)
Goal Coma.vc_wrapping_offset: ✘
Process Error (File "utils/timer.ml", line 20, characters 2-8: Assertion failed)
Goal Coma.vc_new_unchecked_u8: ✘
Process Error (File "utils/timer.ml", line 20, characters 2-8: Assertion failed)
Goal Coma.vc_new: ✘
Process Error (File "utils/timer.ml", line 20, characters 2-8: Assertion failed)
Goal Coma.vc_deref_Ghost_Int: ✘
Process Error (File "utils/timer.ml", line 20, characters 2-8: Assertion failed)
Goal Coma.vc_into_inner_Option_BoundPtrBinding: ✘
Process Error (File "utils/timer.ml", line 20, characters 2-8: Assertion failed)
Goal Coma.vc_elim_Some: ✘
Process Error (File "utils/timer.ml", line 20, characters 2-8: Assertion failed)
Goal Coma.vc_sub_Int: ✘
Process Error (File "utils/timer.ml", line 20, characters 2-8: Assertion failed)
Goal Coma.vc_new_Option_BoundPtrBinding: ✘
Process Error (File "utils/timer.ml", line 20, characters 2-8: Assertion failed)
Goal Coma.vc_retreat_within: ✘
Process Error (File "utils/timer.ml", line 20, characters 2-8: Assertion failed)
Goal Coma.vc_new_Option_BoundPtrBinding: ✘
Process Error (File "utils/timer.ml", line 20, characters 2-8: Assertion failed)
Goal Coma.vc_unbound: ✘
Process Error (File "utils/timer.ml", line 20, characters 2-8: Assertion failed)
Goal Coma.vc_clone_AllocationDesc: ✘
Process Error (File "utils/timer.ml", line 20, characters 2-8: Assertion failed)
Goal Coma.vc_clone_BoundPtr: ✘
Process Error (File "utils/timer.ml", line 20, characters 2-8: Assertion failed)
File "verif/bytes_rlib/ownership_proof/raw_vec/impl_Clone_for_BoundPtr/clone__refines.coma", line 96, characters 6-13: proof failed
Goal Coma.refines: ✘
Process Error (File "utils/timer.ml", line 20, characters 2-8: Assertion failed)
Goal Coma.vc_clone_BoundPtrBinding: ✘
Process Error (File "utils/timer.ml", line 20, characters 2-8: Assertion failed)
Goal Coma.vc_kernel_unit_is_empty: ✘
Process Error (File "utils/timer.ml", line 20, characters 2-8: Assertion failed)
Goal Coma.vc_new_unit: ✘
Process Error (File "utils/timer.ml", line 20, characters 2-8: Assertion failed)
Goal Coma.vc_new_unit_tup2_Option_Excl_unit_FMap_Int_Excl_Option_u8: ✘
Process Error (File "utils/timer.ml", line 20, characters 2-8: Assertion failed)
Goal Coma.vc_empty_from: ✘
Process Error (File "utils/timer.ml", line 20, characters 2-8: Assertion failed)
Goal Coma.vc_from_model_ledger: ✘
Process Error (File "utils/timer.ml", line 20, characters 2-8: Assertion failed)
Goal Coma.vc_finish: ✘
Process Error (File "utils/timer.ml", line 20, characters 2-8: Assertion failed)
Goal Coma.vc_map_compose_eq: ✘
Process Error (File "utils/timer.ml", line 20, characters 2-8: Assertion failed)
Goal Coma.vc_new_unit: ✘
Process Error (File "utils/timer.ml", line 20, characters 2-8: Assertion failed)
Goal Coma.vc_kernel_unit_is_empty: ✘
Process Error (File "utils/timer.ml", line 20, characters 2-8: Assertion failed)
Goal Coma.vc_into_parts: ✘
Process Error (File "utils/timer.ml", line 20, characters 2-8: Assertion failed)
Goal Coma.vc_valid_op_lemma_tup2_Option_Excl_unit_FMap_Int_Excl_Option_u8: ✘
Process Error (File "utils/timer.ml", line 20, characters 2-8: Assertion failed)
Goal Coma.vc_join_tup2_Option_Excl_unit_FMap_Int_Excl_Option_u8: ✘
Process Error (File "utils/timer.ml", line 20, characters 2-8: Assertion failed)
Goal Coma.vc_map_op_get: ✘
Process Error (File "utils/timer.ml", line 20, characters 2-8: Assertion failed)
Goal Coma.vc_new_unit: ✘
Process Error (File "utils/timer.ml", line 20, characters 2-8: Assertion failed)
Goal Coma.vc_retire: ✘
Process Error (File "utils/timer.ml", line 20, characters 2-8: Assertion failed)
Goal Coma.vc_join: ✘
Process Error (File "utils/timer.ml", line 20, characters 2-8: Assertion failed)
Goal Coma.vc_join'0: ✘
Process Error (File "utils/timer.ml", line 20, characters 2-8: Assertion failed)
Goal Coma.vc_split_at: ✘
Process Error (File "utils/timer.ml", line 20, characters 2-8: Assertion failed)
Goal Coma.vc_split_at'0: ✘
Process Error (File "utils/timer.ml", line 20, characters 2-8: Assertion failed)
Goal Coma.vc_into_inner_Id: ✘
Process Error (File "utils/timer.ml", line 20, characters 2-8: Assertion failed)
Goal Coma.vc_new: ✘
Process Error (File "utils/timer.ml", line 20, characters 2-8: Assertion failed)
Goal Coma.vc_deref_Ghost_Int: ✘
Process Error (File "utils/timer.ml", line 20, characters 2-8: Assertion failed)
Goal Coma.vc_new_Option_BoundPtrBinding: ✘
Process Error (File "utils/timer.ml", line 20, characters 2-8: Assertion failed)
Goal Coma.vc_bound_ptr_at_zero: ✘
Process Error (File "utils/timer.ml", line 20, characters 2-8: Assertion failed)
Goal Coma.vc_into_inner_Id: ✘
Process Error (File "utils/timer.ml", line 20, characters 2-8: Assertion failed)
Goal Coma.vc_new: ✘
Process Error (File "utils/timer.ml", line 20, characters 2-8: Assertion failed)
Goal Coma.vc_deref_Ghost_Int: ✘
Process Error (File "utils/timer.ml", line 20, characters 2-8: Assertion failed)
Goal Coma.vc_new_Option_BoundPtrBinding: ✘
Process Error (File "utils/timer.ml", line 20, characters 2-8: Assertion failed)
Goal Coma.vc_into_bound_ptr_at_zero: ✘
Process Error (File "utils/timer.ml", line 20, characters 2-8: Assertion failed)
Goal Coma.vc_slot_known_equivalence: ✘
Process Error (File "utils/timer.ml", line 20, characters 2-8: Assertion failed)
File "verif/bytes_rlib/ownership_proof/raw_vec/slots_from_vec.coma", line 91, characters 6-23: proof failed
Goal Coma.vc_slots_from_vec: ✘
Process Error (File "utils/timer.ml", line 20, characters 2-8: Assertion failed)
File "verif/bytes_rlib/ownership_proof/raw_vec/slots_grown.coma", line 83, characters 6-20: proof failed
Goal Coma.vc_slots_grown: ✘
Process Error (File "utils/timer.ml", line 20, characters 2-8: Assertion failed)
Goal Coma.vc_null_mut_u8: ✘
Process Error (File "utils/timer.ml", line 20, characters 2-8: Assertion failed)
Goal Coma.vc_wrapping_add_u8: ✘
Process Error (File "utils/timer.ml", line 20, characters 2-8: Assertion failed)
Goal Coma.vc_metadata_pointer: ✘
Process Error (File "utils/timer.ml", line 20, characters 2-8: Assertion failed)
Goal Coma.vc_addr_T: ✘
Process Error (File "utils/timer.ml", line 20, characters 2-8: Assertion failed)
Goal Coma.vc_pointer_addr_T: ✘
Process Error (File "utils/timer.ml", line 20, characters 2-8: Assertion failed)
Goal Coma.vc_addr_eq_T: ✘
Process Error (File "utils/timer.ml", line 20, characters 2-8: Assertion failed)
Goal Coma.vc_pointer_addr_eq_T: ✘
Process Error (File "utils/timer.ml", line 20, characters 2-8: Assertion failed)
Goal Coma.vc_pointer_addr_u8: ✘
Process Error (File "utils/timer.ml", line 20, characters 2-8: Assertion failed)
Goal Coma.vc_wrapping_sub: ✘
Process Error (File "utils/timer.ml", line 20, characters 2-8: Assertion failed)
Goal Coma.vc_wrapping_offset: ✘
Process Error (File "utils/timer.ml", line 20, characters 2-8: Assertion failed)
Goal Coma.vc_pointer_with_address: ✘
Process Error (File "utils/timer.ml", line 20, characters 2-8: Assertion failed)
Goal Coma.vc_wrapping_add_u8: ✘
Process Error (File "utils/timer.ml", line 20, characters 2-8: Assertion failed)
Goal Coma.vc_wrapping_offset: ✘
Process Error (File "utils/timer.ml", line 20, characters 2-8: Assertion failed)
Goal Coma.vc_read_be_u128: ✘
Process Error (File "utils/timer.ml", line 20, characters 2-8: Assertion failed)
Goal Coma.vc_elim_Some: ✘
Process Error (File "utils/timer.ml", line 20, characters 2-8: Assertion failed)
Goal Coma.vc_signed_from_u128: ✘
Process Error (File "utils/timer.ml", line 20, characters 2-8: Assertion failed)
Goal Coma.vc_read_be_i128: ✘
Process Error (File "utils/timer.ml", line 20, characters 2-8: Assertion failed)
Goal Coma.vc_read_be_u64: ✘
Process Error (File "utils/timer.ml", line 20, characters 2-8: Assertion failed)
Goal Coma.vc_elim_Some: ✘
Process Error (File "utils/timer.ml", line 20, characters 2-8: Assertion failed)
Goal Coma.vc_signed_from_u64: ✘
Process Error (File "utils/timer.ml", line 20, characters 2-8: Assertion failed)
Goal Coma.vc_read_be_i64: ✘
Process Error (File "utils/timer.ml", line 20, characters 2-8: Assertion failed)
Goal Coma.vc_read_le_u128: ✘
Process Error (File "utils/timer.ml", line 20, characters 2-8: Assertion failed)
Goal Coma.vc_elim_Some: ✘
Process Error (File "utils/timer.ml", line 20, characters 2-8: Assertion failed)
Goal Coma.vc_signed_from_u128: ✘
Process Error (File "utils/timer.ml", line 20, characters 2-8: Assertion failed)
Goal Coma.vc_read_le_i128: ✘
Process Error (File "utils/timer.ml", line 20, characters 2-8: Assertion failed)
Goal Coma.vc_read_le_u64: ✘
Process Error (File "utils/timer.ml", line 20, characters 2-8: Assertion failed)
Goal Coma.vc_elim_Some: ✘
Process Error (File "utils/timer.ml", line 20, characters 2-8: Assertion failed)
Goal Coma.vc_signed_from_u64: ✘
Process Error (File "utils/timer.ml", line 20, characters 2-8: Assertion failed)
Goal Coma.vc_read_le_i64: ✘
Process Error (File "utils/timer.ml", line 20, characters 2-8: Assertion failed)
Goal Coma.vc_signed_from_u128: ✘
Process Error (File "utils/timer.ml", line 20, characters 2-8: Assertion failed)
Goal Coma.vc_signed_from_u64: ✘
Process Error (File "utils/timer.ml", line 20, characters 2-8: Assertion failed)
Goal Coma.vc_index_slice_u8: ✘
Process Error (File "utils/timer.ml", line 20, characters 2-8: Assertion failed)
Goal Coma.vc_advance_slice: ✘
Process Error (File "utils/timer.ml", line 20, characters 2-8: Assertion failed)
Goal Coma.vc_len_u8: ✘
Process Error (File "utils/timer.ml", line 20, characters 2-8: Assertion failed)
Goal Coma.vc_index_slice_u8: ✘
Process Error (File "utils/timer.ml", line 20, characters 2-8: Assertion failed)
Goal Coma.vc_copy_from_slice_u8: ✘
Process Error (File "utils/timer.ml", line 20, characters 2-8: Assertion failed)
Goal Coma.vc_index_slice_u8'0: ✘
Process Error (File "utils/timer.ml", line 20, characters 2-8: Assertion failed)
Goal Coma.vc_copy_to_slice: ✘
Process Error (File "utils/timer.ml", line 20, characters 2-8: Assertion failed)
Goal Coma.vc_len_u8: ✘
Process Error (File "utils/timer.ml", line 20, characters 2-8: Assertion failed)
Goal Coma.vc_advance_slice: ✘
Process Error (File "utils/timer.ml", line 20, characters 2-8: Assertion failed)
Goal Coma.vc_decode_be_u16: ✘
Process Error (File "utils/timer.ml", line 20, characters 2-8: Assertion failed)
Goal Coma.vc_read_be_u16: ✘
Process Error (File "utils/timer.ml", line 20, characters 2-8: Assertion failed)
Goal Coma.vc_len_u8: ✘
Process Error (File "utils/timer.ml", line 20, characters 2-8: Assertion failed)
Goal Coma.vc_advance_slice: ✘
Process Error (File "utils/timer.ml", line 20, characters 2-8: Assertion failed)
Goal Coma.vc_decode_be_u32: ✘
Process Error (File "utils/timer.ml", line 20, characters 2-8: Assertion failed)
Goal Coma.vc_read_be_u32: ✘
Process Error (File "utils/timer.ml", line 20, characters 2-8: Assertion failed)
Goal Coma.vc_len_u8: ✘
Process Error (File "utils/timer.ml", line 20, characters 2-8: Assertion failed)
Goal Coma.vc_advance_slice: ✘
Process Error (File "utils/timer.ml", line 20, characters 2-8: Assertion failed)
Goal Coma.vc_read_u8: ✘
Process Error (File "utils/timer.ml", line 20, characters 2-8: Assertion failed)
Goal Coma.vc_len_u8: ✘
Process Error (File "utils/timer.ml", line 20, characters 2-8: Assertion failed)
Goal Coma.vc_index_slice_u8: ✘
Process Error (File "utils/timer.ml", line 20, characters 2-8: Assertion failed)
Goal Coma.vc_copy_from_slice_u8: ✘
Process Error (File "utils/timer.ml", line 20, characters 2-8: Assertion failed)
Goal Coma.vc_advance_slice: ✘
Process Error (File "utils/timer.ml", line 20, characters 2-8: Assertion failed)
Goal Coma.vc_decode_be_u128: ✘
Process Error (File "utils/timer.ml", line 20, characters 2-8: Assertion failed)
Goal Coma.vc_read_be_u128: ✘
Process Error (File "utils/timer.ml", line 20, characters 2-8: Assertion failed)
Goal Coma.vc_len_u8: ✘
Process Error (File "utils/timer.ml", line 20, characters 2-8: Assertion failed)
Goal Coma.vc_index_slice_u8: ✘
Process Error (File "utils/timer.ml", line 20, characters 2-8: Assertion failed)
Goal Coma.vc_copy_from_slice_u8: ✘
Process Error (File "utils/timer.ml", line 20, characters 2-8: Assertion failed)
Goal Coma.vc_advance_slice: ✘
Process Error (File "utils/timer.ml", line 20, characters 2-8: Assertion failed)
Goal Coma.vc_decode_be_u64: ✘
Process Error (File "utils/timer.ml", line 20, characters 2-8: Assertion failed)
Goal Coma.vc_read_be_u64: ✘
Process Error (File "utils/timer.ml", line 20, characters 2-8: Assertion failed)
Goal Coma.vc_len_u8: ✘
Process Error (File "utils/timer.ml", line 20, characters 2-8: Assertion failed)
Goal Coma.vc_index_slice_u8: ✘
Process Error (File "utils/timer.ml", line 20, characters 2-8: Assertion failed)
Goal Coma.vc_copy_from_slice_u8: ✘
Process Error (File "utils/timer.ml", line 20, characters 2-8: Assertion failed)
Goal Coma.vc_advance_slice: ✘
Process Error (File "utils/timer.ml", line 20, characters 2-8: Assertion failed)
Goal Coma.vc_decode_le_u128: ✘
Process Error (File "utils/timer.ml", line 20, characters 2-8: Assertion failed)
Goal Coma.vc_read_le_u128: ✘
Process Error (File "utils/timer.ml", line 20, characters 2-8: Assertion failed)
Goal Coma.vc_len_u8: ✘
Process Error (File "utils/timer.ml", line 20, characters 2-8: Assertion failed)
Goal Coma.vc_index_slice_u8: ✘
Process Error (File "utils/timer.ml", line 20, characters 2-8: Assertion failed)
Goal Coma.vc_copy_from_slice_u8: ✘
Process Error (File "utils/timer.ml", line 20, characters 2-8: Assertion failed)
Goal Coma.vc_advance_slice: ✘
Process Error (File "utils/timer.ml", line 20, characters 2-8: Assertion failed)
Goal Coma.vc_decode_le_u64: ✘
Process Error (File "utils/timer.ml", line 20, characters 2-8: Assertion failed)
Goal Coma.vc_read_le_u64: ✘
Process Error (File "utils/timer.ml", line 20, characters 2-8: Assertion failed)
Goal Coma.vc_len_u8: ✘
Process Error (File "utils/timer.ml", line 20, characters 2-8: Assertion failed)
Goal Coma.vc_advance_slice: ✘
Process Error (File "utils/timer.ml", line 20, characters 2-8: Assertion failed)
Goal Coma.vc_decode_be_u64: ✘
Process Error (File "utils/timer.ml", line 20, characters 2-8: Assertion failed)
Goal Coma.vc_read_be_u64: ✘
Process Error (File "utils/timer.ml", line 20, characters 2-8: Assertion failed)
Goal Coma.vc_len_u8: ✘
Process Error (File "utils/timer.ml", line 20, characters 2-8: Assertion failed)
Goal Coma.vc_advance_slice: ✘
Process Error (File "utils/timer.ml", line 20, characters 2-8: Assertion failed)
Goal Coma.vc_decode_le_u64: ✘
Process Error (File "utils/timer.ml", line 20, characters 2-8: Assertion failed)
Goal Coma.vc_read_le_u64: ✘
Process Error (File "utils/timer.ml", line 20, characters 2-8: Assertion failed)
Goal Coma.vc_remaining: ✘
Process Error (File "utils/timer.ml", line 20, characters 2-8: Assertion failed)
Goal Coma.vc_advance: ✘
Process Error (File "utils/timer.ml", line 20, characters 2-8: Assertion failed)
Goal Coma.vc_advance'0: ✘
Process Error (File "utils/timer.ml", line 20, characters 2-8: Assertion failed)
Goal Coma.vc_remaining: ✘
Process Error (File "utils/timer.ml", line 20, characters 2-8: Assertion failed)
Goal Coma.vc_chunk: ✘
Process Error (File "utils/timer.ml", line 20, characters 2-8: Assertion failed)
Goal Coma.vc_chunk'0: ✘
Process Error (File "utils/timer.ml", line 20, characters 2-8: Assertion failed)
Goal Coma.vc_remaining: ✘
Process Error (File "utils/timer.ml", line 20, characters 2-8: Assertion failed)
Goal Coma.vc_len_u8: ✘
Process Error (File "utils/timer.ml", line 20, characters 2-8: Assertion failed)
Goal Coma.vc_copy_to_slice: ✘
Process Error (File "utils/timer.ml", line 20, characters 2-8: Assertion failed)
Goal Coma.vc_split_at_mut_u8: ✘
Process Error (File "utils/timer.ml", line 20, characters 2-8: Assertion failed)
Goal Coma.vc_rejoin_prefix: ✘
Process Error (File "utils/timer.ml", line 20, characters 2-8: Assertion failed)
Goal Coma.vc_new_unit: ✘
Process Error (File "utils/timer.ml", line 20, characters 2-8: Assertion failed)
Goal Coma.vc_copy_to_slice'0: ✘
Process Error (File "utils/timer.ml", line 20, characters 2-8: Assertion failed)
Goal Coma.vc_into_inner: ✘
Process Error (File "utils/timer.ml", line 20, characters 2-8: Assertion failed)
Goal Coma.vc_new: ✘
Process Error (File "utils/timer.ml", line 20, characters 2-8: Assertion failed)
Goal Coma.vc_remaining: ✘
Process Error (File "utils/timer.ml", line 20, characters 2-8: Assertion failed)
Goal Coma.vc_remaining'0: ✘
Process Error (File "utils/timer.ml", line 20, characters 2-8: Assertion failed)
Goal Coma.vc_copy_to_slice: ✘
Process Error (File "utils/timer.ml", line 20, characters 2-8: Assertion failed)
Goal Coma.vc_decode_be_u16: ✘
Process Error (File "utils/timer.ml", line 20, characters 2-8: Assertion failed)
Goal Coma.vc_try_get_u16_be: ✘
Process Error (File "utils/timer.ml", line 20, characters 2-8: Assertion failed)
Goal Coma.vc_remaining: ✘
Process Error (File "utils/timer.ml", line 20, characters 2-8: Assertion failed)
Goal Coma.vc_advance: ✘
Process Error (File "utils/timer.ml", line 20, characters 2-8: Assertion failed)
Goal Coma.vc_advance'0: ✘
Process Error (File "utils/timer.ml", line 20, characters 2-8: Assertion failed)
Goal Coma.vc_chunk: ✘
Process Error (File "utils/timer.ml", line 20, characters 2-8: Assertion failed)
Goal Coma.vc_remaining: ✘
Process Error (File "utils/timer.ml", line 20, characters 2-8: Assertion failed)
Goal Coma.vc_index_slice_u8: ✘
Process Error (File "utils/timer.ml", line 20, characters 2-8: Assertion failed)
Goal Coma.vc_chunk'0: ✘
Process Error (File "utils/timer.ml", line 20, characters 2-8: Assertion failed)
Goal Coma.vc_len_u8: ✘
Process Error (File "utils/timer.ml", line 20, characters 2-8: Assertion failed)
Goal Coma.vc_remaining: ✘
Process Error (File "utils/timer.ml", line 20, characters 2-8: Assertion failed)
Goal Coma.vc_copy_to_slice: ✘
Process Error (File "utils/timer.ml", line 20, characters 2-8: Assertion failed)
Goal Coma.vc_copy_to_slice'0: ✘
Process Error (File "utils/timer.ml", line 20, characters 2-8: Assertion failed)
Goal Coma.vc_into_inner: ✘
Process Error (File "utils/timer.ml", line 20, characters 2-8: Assertion failed)
Goal Coma.vc_limit'0: ✘
Process Error (File "utils/timer.ml", line 20, characters 2-8: Assertion failed)
Goal Coma.vc_new: ✘
Process Error (File "utils/timer.ml", line 20, characters 2-8: Assertion failed)
Goal Coma.vc_remaining: ✘
Process Error (File "utils/timer.ml", line 20, characters 2-8: Assertion failed)
Goal Coma.vc_remaining'0: ✘
Process Error (File "utils/timer.ml", line 20, characters 2-8: Assertion failed)
Goal Coma.vc_set_limit: ✘
Process Error (File "utils/timer.ml", line 20, characters 2-8: Assertion failed)
Goal Coma.vc_remaining: ✘
Process Error (File "utils/timer.ml", line 20, characters 2-8: Assertion failed)
Goal Coma.vc_try_get_u16_be: ✘
Process Error (File "utils/timer.ml", line 20, characters 2-8: Assertion failed)
Goal Coma.vc_try_get_u16_be'0: ✘
Process Error (File "utils/timer.ml", line 20, characters 2-8: Assertion failed)
Goal Coma.vc_rejoin_prefix: ✘
Process Error (File "utils/timer.ml", line 20, characters 2-8: Assertion failed)
Goal Coma.vc_len_u8: ✘
Process Error (File "utils/timer.ml", line 20, characters 2-8: Assertion failed)
Goal Coma.vc_from_vec: ✘
Process Error (File "utils/timer.ml", line 20, characters 2-8: Assertion failed)
Goal Coma.vc_close: ✘
Process Error (File "utils/timer.ml", line 20, characters 2-8: Assertion failed)
Goal Coma.vc_index_slice_u8: ✘
Process Error (File "utils/timer.ml", line 20, characters 2-8: Assertion failed)
Goal Coma.vc_new: ✘
Process Error (File "utils/timer.ml", line 20, characters 2-8: Assertion failed)
Goal Coma.vc_index_slice_u8'0: ✘
Process Error (File "utils/timer.ml", line 20, characters 2-8: Assertion failed)
Goal Coma.vc_new'0: ✘
Process Error (File "utils/timer.ml", line 20, characters 2-8: Assertion failed)
Goal Coma.vc_try_get_u16_be: ✘
Process Error (File "utils/timer.ml", line 20, characters 2-8: Assertion failed)
Goal Coma.vc_remaining: ✘
Process Error (File "utils/timer.ml", line 20, characters 2-8: Assertion failed)
Goal Coma.vc_closure0: ✘
Process Error (File "utils/timer.ml", line 20, characters 2-8: Assertion failed)
Goal Coma.vc_closure1: ✘
Process Error (File "utils/timer.ml", line 20, characters 2-8: Assertion failed)
Goal Coma.vc_with_shared_read_closure0: ✘
Process Error (File "utils/timer.ml", line 20, characters 2-8: Assertion failed)
Goal Coma.vc_scoped_chained_read: ✘
Process Error (File "utils/timer.ml", line 20, characters 2-8: Assertion failed)
Goal Coma.vc_new: ✘
Process Error (File "utils/timer.ml", line 20, characters 2-8: Assertion failed)
Goal Coma.vc_new'0: ✘
Process Error (File "utils/timer.ml", line 20, characters 2-8: Assertion failed)
Goal Coma.vc_try_get_u16_be: ✘
Process Error (File "utils/timer.ml", line 20, characters 2-8: Assertion failed)
Goal Coma.vc_remaining: ✘
Process Error (File "utils/timer.ml", line 20, characters 2-8: Assertion failed)
Goal Coma.vc_closure0: ✘
Process Error (File "utils/timer.ml", line 20, characters 2-8: Assertion failed)
Goal Coma.vc_closure1: ✘
Process Error (File "utils/timer.ml", line 20, characters 2-8: Assertion failed)
Goal Coma.vc_with_shared_read_closure0: ✘
Process Error (File "utils/timer.ml", line 20, characters 2-8: Assertion failed)
Goal Coma.vc_scoped_limited_read: ✘
Process Error (File "utils/timer.ml", line 20, characters 2-8: Assertion failed)
Goal Coma.vc_copy_from_slice: ✘
Process Error (File "utils/timer.ml", line 20, characters 2-8: Assertion failed)
Goal Coma.vc_set: ✘
Process Error (File "utils/timer.ml", line 20, characters 2-8: Assertion failed)
Goal Coma.vc_into_vec: ✘
Process Error (File "utils/timer.ml", line 20, characters 2-8: Assertion failed)
Goal Coma.vc_scoped_tree: ✘
Process Error (File "utils/timer.ml", line 20, characters 2-8: Assertion failed)
Goal Coma.vc_copy_slice_then_set_and_share: ✘
Process Error (File "utils/timer.ml", line 20, characters 2-8: Assertion failed)
Goal Coma.vc_copy_from_str: ✘
Process Error (File "utils/timer.ml", line 20, characters 2-8: Assertion failed)
Goal Coma.vc_append_owner: ✘
Process Error (File "utils/timer.ml", line 20, characters 2-8: Assertion failed)
Goal Coma.vc_append_str: ✘
Process Error (File "utils/timer.ml", line 20, characters 2-8: Assertion failed)
Goal Coma.vc_clone_u8: ✘
Process Error (File "utils/timer.ml", line 20, characters 2-8: Assertion failed)
Goal Coma.vc_from_Vec_u8_Global: ✘
Process Error (File "utils/timer.ml", line 20, characters 2-8: Assertion failed)
Goal Coma.vc_from_vec: ✘
Process Error (File "utils/timer.ml", line 20, characters 2-8: Assertion failed)
Goal Coma.vc_copy_from_slice: ✘
Process Error (File "utils/timer.ml", line 20, characters 2-8: Assertion failed)
Goal Coma.vc_from_Vec_u8_Global: ✘
Process Error (File "utils/timer.ml", line 20, characters 2-8: Assertion failed)
Goal Coma.vc_from_vec: ✘
Process Error (File "utils/timer.ml", line 20, characters 2-8: Assertion failed)
Goal Coma.vc_copy_from_str: ✘
Process Error (File "utils/timer.ml", line 20, characters 2-8: Assertion failed)
Goal Coma.vc_from_Vec_u8_Global: ✘
Process Error (File "utils/timer.ml", line 20, characters 2-8: Assertion failed)
Goal Coma.vc_from_vec: ✘
Process Error (File "utils/timer.ml", line 20, characters 2-8: Assertion failed)
Goal Coma.vc_from_boxed_slice: ✘
Process Error (File "utils/timer.ml", line 20, characters 2-8: Assertion failed)
Goal Coma.vc_into_iter_I: ✘
Process Error (File "utils/timer.ml", line 20, characters 2-8: Assertion failed)
Goal Coma.vc_from_iter_Vec_u8_Global: ✘
Process Error (File "utils/timer.ml", line 20, characters 2-8: Assertion failed)
Goal Coma.vc_from_vec: ✘
Process Error (File "utils/timer.ml", line 20, characters 2-8: Assertion failed)
Goal Coma.vc_from_iter_I: ✘
Process Error (File "utils/timer.ml", line 20, characters 2-8: Assertion failed)
Goal Coma.vc_from_Vec_u8_Global: ✘
Process Error (File "utils/timer.ml", line 20, characters 2-8: Assertion failed)
Goal Coma.vc_from_vec: ✘
Process Error (File "utils/timer.ml", line 20, characters 2-8: Assertion failed)
Goal Coma.vc_from_string: ✘
Process Error (File "utils/timer.ml", line 20, characters 2-8: Assertion failed)
Goal Coma.vc_len_u8: ✘
Process Error (File "utils/timer.ml", line 20, characters 2-8: Assertion failed)
Goal Coma.vc_advance_slice: ✘
Process Error (File "utils/timer.ml", line 20, characters 2-8: Assertion failed)
Goal Coma.vc_advance: ✘
Process Error (File "utils/timer.ml", line 20, characters 2-8: Assertion failed)
Goal Coma.vc_chunk: ✘
Process Error (File "utils/timer.ml", line 20, characters 2-8: Assertion failed)
Goal Coma.vc_len_u8: ✘
Process Error (File "utils/timer.ml", line 20, characters 2-8: Assertion failed)
Goal Coma.vc_copy_to_slice: ✘
Process Error (File "utils/timer.ml", line 20, characters 2-8: Assertion failed)
Goal Coma.vc_copy_to_slice'0: ✘
Process Error (File "utils/timer.ml", line 20, characters 2-8: Assertion failed)
Goal Coma.vc_new: ✘
Process Error (File "utils/timer.ml", line 20, characters 2-8: Assertion failed)
Goal Coma.vc_len_u8: ✘
Process Error (File "utils/timer.ml", line 20, characters 2-8: Assertion failed)
Goal Coma.vc_min_usize: ✘
Process Error (File "utils/timer.ml", line 20, characters 2-8: Assertion failed)
Goal Coma.vc_index_mut_slice_u8: ✘
Process Error (File "utils/timer.ml", line 20, characters 2-8: Assertion failed)
Goal Coma.vc_copy_to_slice: ✘
Process Error (File "utils/timer.ml", line 20, characters 2-8: Assertion failed)
Goal Coma.vc_read_prefix: ✘
Process Error (File "utils/timer.ml", line 20, characters 2-8: Assertion failed)
Goal Coma.vc_len_u8: ✘
Process Error (File "utils/timer.ml", line 20, characters 2-8: Assertion failed)
Goal Coma.vc_remaining'0: ✘
Process Error (File "utils/timer.ml", line 20, characters 2-8: Assertion failed)
Goal Coma.vc_read_be_i128: ✘
Process Error (File "utils/timer.ml", line 20, characters 2-8: Assertion failed)
Goal Coma.vc_try_get_i128_be: ✘
Process Error (File "utils/timer.ml", line 20, characters 2-8: Assertion failed)
Goal Coma.vc_read_le_i128: ✘
Process Error (File "utils/timer.ml", line 20, characters 2-8: Assertion failed)
Goal Coma.vc_try_get_i128_le: ✘
Process Error (File "utils/timer.ml", line 20, characters 2-8: Assertion failed)
Goal Coma.vc_try_get_i128_le: ✘
Process Error (File "utils/timer.ml", line 20, characters 2-8: Assertion failed)
Goal Coma.vc_try_get_i128_ne: ✘
Process Error (File "utils/timer.ml", line 20, characters 2-8: Assertion failed)
Goal Coma.vc_read_be_i16: ✘
Process Error (File "utils/timer.ml", line 20, characters 2-8: Assertion failed)
Goal Coma.vc_try_get_i16_be: ✘
Process Error (File "utils/timer.ml", line 20, characters 2-8: Assertion failed)
Goal Coma.vc_read_le_i16: ✘
Process Error (File "utils/timer.ml", line 20, characters 2-8: Assertion failed)
Goal Coma.vc_try_get_i16_le: ✘
Process Error (File "utils/timer.ml", line 20, characters 2-8: Assertion failed)
Goal Coma.vc_try_get_i16_le: ✘
Process Error (File "utils/timer.ml", line 20, characters 2-8: Assertion failed)
Goal Coma.vc_try_get_i16_ne: ✘
Process Error (File "utils/timer.ml", line 20, characters 2-8: Assertion failed)
Goal Coma.vc_read_be_i32: ✘
Process Error (File "utils/timer.ml", line 20, characters 2-8: Assertion failed)
Goal Coma.vc_try_get_i32_be: ✘
Process Error (File "utils/timer.ml", line 20, characters 2-8: Assertion failed)
Goal Coma.vc_read_le_i32: ✘
Process Error (File "utils/timer.ml", line 20, characters 2-8: Assertion failed)
Goal Coma.vc_try_get_i32_le: ✘
Process Error (File "utils/timer.ml", line 20, characters 2-8: Assertion failed)
Goal Coma.vc_try_get_i32_le: ✘
Process Error (File "utils/timer.ml", line 20, characters 2-8: Assertion failed)
Goal Coma.vc_try_get_i32_ne: ✘
Process Error (File "utils/timer.ml", line 20, characters 2-8: Assertion failed)
Goal Coma.vc_read_be_i64: ✘
Process Error (File "utils/timer.ml", line 20, characters 2-8: Assertion failed)
Goal Coma.vc_try_get_i64_be: ✘
Process Error (File "utils/timer.ml", line 20, characters 2-8: Assertion failed)
Goal Coma.vc_read_le_i64: ✘
Process Error (File "utils/timer.ml", line 20, characters 2-8: Assertion failed)
Goal Coma.vc_try_get_i64_le: ✘
Process Error (File "utils/timer.ml", line 20, characters 2-8: Assertion failed)
Goal Coma.vc_try_get_i64_le: ✘
Process Error (File "utils/timer.ml", line 20, characters 2-8: Assertion failed)
Goal Coma.vc_try_get_i64_ne: ✘
Process Error (File "utils/timer.ml", line 20, characters 2-8: Assertion failed)
Goal Coma.vc_try_get_u8: ✘
Process Error (File "utils/timer.ml", line 20, characters 2-8: Assertion failed)
Goal Coma.vc_branch_Option_u8: ✘
Process Error (File "utils/timer.ml", line 20, characters 2-8: Assertion failed)
Goal Coma.vc_elim_Break: ✘
Process Error (File "utils/timer.ml", line 20, characters 2-8: Assertion failed)
Goal Coma.vc_from_residual_Option_i8: ✘
Process Error (File "utils/timer.ml", line 20, characters 2-8: Assertion failed)
Goal Coma.vc_elim_Continue: ✘
Process Error (File "utils/timer.ml", line 20, characters 2-8: Assertion failed)
Goal Coma.vc_try_get_i8: ✘
Process Error (File "utils/timer.ml", line 20, characters 2-8: Assertion failed)
Goal Coma.vc_try_get_uint_be: ✘
Process Error (File "utils/timer.ml", line 20, characters 2-8: Assertion failed)
Goal Coma.vc_branch_Option_u64: ✘
Process Error (File "utils/timer.ml", line 20, characters 2-8: Assertion failed)
Goal Coma.vc_elim_Break: ✘
Process Error (File "utils/timer.ml", line 20, characters 2-8: Assertion failed)
Goal Coma.vc_from_residual_Option_i64: ✘
Process Error (File "utils/timer.ml", line 20, characters 2-8: Assertion failed)
Goal Coma.vc_elim_Continue: ✘
Process Error (File "utils/timer.ml", line 20, characters 2-8: Assertion failed)
Goal Coma.vc_signed_from_variable_word: ✘
Process Error (File "utils/timer.ml", line 20, characters 2-8: Assertion failed)
Goal Coma.vc_try_get_int_be: ✘
Process Error (File "utils/timer.ml", line 20, characters 2-8: Assertion failed)
Goal Coma.vc_try_get_uint_le: ✘
Process Error (File "utils/timer.ml", line 20, characters 2-8: Assertion failed)
Goal Coma.vc_branch_Option_u64: ✘
Process Error (File "utils/timer.ml", line 20, characters 2-8: Assertion failed)
Goal Coma.vc_elim_Break: ✘
Process Error (File "utils/timer.ml", line 20, characters 2-8: Assertion failed)
Goal Coma.vc_from_residual_Option_i64: ✘
Process Error (File "utils/timer.ml", line 20, characters 2-8: Assertion failed)
Goal Coma.vc_elim_Continue: ✘
Process Error (File "utils/timer.ml", line 20, characters 2-8: Assertion failed)
Goal Coma.vc_signed_from_variable_word: ✘
Process Error (File "utils/timer.ml", line 20, characters 2-8: Assertion failed)
Goal Coma.vc_try_get_int_le: ✘
Process Error (File "utils/timer.ml", line 20, characters 2-8: Assertion failed)
Goal Coma.vc_try_get_int_le: ✘
Process Error (File "utils/timer.ml", line 20, characters 2-8: Assertion failed)
Goal Coma.vc_try_get_int_ne: ✘
Process Error (File "utils/timer.ml", line 20, characters 2-8: Assertion failed)
Goal Coma.vc_read_be_u128: ✘
Process Error (File "utils/timer.ml", line 20, characters 2-8: Assertion failed)
Goal Coma.vc_try_get_u128_be: ✘
Process Error (File "utils/timer.ml", line 20, characters 2-8: Assertion failed)
Goal Coma.vc_read_le_u128: ✘
Process Error (File "utils/timer.ml", line 20, characters 2-8: Assertion failed)
Goal Coma.vc_try_get_u128_le: ✘
Process Error (File "utils/timer.ml", line 20, characters 2-8: Assertion failed)
Goal Coma.vc_try_get_u128_le: ✘
Process Error (File "utils/timer.ml", line 20, characters 2-8: Assertion failed)
Goal Coma.vc_try_get_u128_ne: ✘
Process Error (File "utils/timer.ml", line 20, characters 2-8: Assertion failed)
Goal Coma.vc_read_be_u16: ✘
Process Error (File "utils/timer.ml", line 20, characters 2-8: Assertion failed)
Goal Coma.vc_try_get_u16_be: ✘
Process Error (File "utils/timer.ml", line 20, characters 2-8: Assertion failed)
Goal Coma.vc_read_le_u16: ✘
Process Error (File "utils/timer.ml", line 20, characters 2-8: Assertion failed)
Goal Coma.vc_try_get_u16_le: ✘
Process Error (File "utils/timer.ml", line 20, characters 2-8: Assertion failed)
Goal Coma.vc_try_get_u16_le: ✘
Process Error (File "utils/timer.ml", line 20, characters 2-8: Assertion failed)
Goal Coma.vc_try_get_u16_ne: ✘
Process Error (File "utils/timer.ml", line 20, characters 2-8: Assertion failed)
Goal Coma.vc_read_be_u32: ✘
Process Error (File "utils/timer.ml", line 20, characters 2-8: Assertion failed)
Goal Coma.vc_try_get_u32_be: ✘
Process Error (File "utils/timer.ml", line 20, characters 2-8: Assertion failed)
Goal Coma.vc_read_le_u32: ✘
Process Error (File "utils/timer.ml", line 20, characters 2-8: Assertion failed)
Goal Coma.vc_try_get_u32_le: ✘
Process Error (File "utils/timer.ml", line 20, characters 2-8: Assertion failed)
Goal Coma.vc_try_get_u32_le: ✘
Process Error (File "utils/timer.ml", line 20, characters 2-8: Assertion failed)
Goal Coma.vc_try_get_u32_ne: ✘
Process Error (File "utils/timer.ml", line 20, characters 2-8: Assertion failed)
Goal Coma.vc_read_be_u64: ✘
Process Error (File "utils/timer.ml", line 20, characters 2-8: Assertion failed)
Goal Coma.vc_try_get_u64_be: ✘
Process Error (File "utils/timer.ml", line 20, characters 2-8: Assertion failed)
Goal Coma.vc_read_le_u64: ✘
Process Error (File "utils/timer.ml", line 20, characters 2-8: Assertion failed)
Goal Coma.vc_try_get_u64_le: ✘
Process Error (File "utils/timer.ml", line 20, characters 2-8: Assertion failed)
Goal Coma.vc_try_get_u64_le: ✘
Process Error (File "utils/timer.ml", line 20, characters 2-8: Assertion failed)
Goal Coma.vc_try_get_u64_ne: ✘
Process Error (File "utils/timer.ml", line 20, characters 2-8: Assertion failed)
Goal Coma.vc_read_u8: ✘
Process Error (File "utils/timer.ml", line 20, characters 2-8: Assertion failed)
Goal Coma.vc_try_get_u8: ✘
Process Error (File "utils/timer.ml", line 20, characters 2-8: Assertion failed)
Goal Coma.vc_read_be_u64: ✘
Process Error (File "utils/timer.ml", line 20, characters 2-8: Assertion failed)
Goal Coma.vc_try_get_uint_be: ✘
Process Error (File "utils/timer.ml", line 20, characters 2-8: Assertion failed)
Goal Coma.vc_read_le_u64: ✘
Process Error (File "utils/timer.ml", line 20, characters 2-8: Assertion failed)
Goal Coma.vc_try_get_uint_le: ✘
Process Error (File "utils/timer.ml", line 20, characters 2-8: Assertion failed)
Goal Coma.vc_try_get_uint_le: ✘
Process Error (File "utils/timer.ml", line 20, characters 2-8: Assertion failed)
Goal Coma.vc_try_get_uint_ne: ✘
Process Error (File "utils/timer.ml", line 20, characters 2-8: Assertion failed)
Goal Coma.vc_read_prefix: ✘
Process Error (File "utils/timer.ml", line 20, characters 2-8: Assertion failed)
Goal Coma.vc_read_Cursor: ✘
Process Error (File "utils/timer.ml", line 20, characters 2-8: Assertion failed)
Goal Coma.vc_signed_from_u64: ✘
Process Error (File "utils/timer.ml", line 20, characters 2-8: Assertion failed)
Goal Coma.vc_signed_from_variable_word: ✘
Process Error (File "utils/timer.ml", line 20, characters 2-8: Assertion failed)
File "verif/bytes_rlib/verified/encoding_spec/model_be_bytes.coma", line 84, characters 6-23: proof failed
Goal Coma.vc_model_be_bytes: ✘
Process Error (File "utils/timer.ml", line 20, characters 2-8: Assertion failed)
File "verif/bytes_rlib/verified/encoding_spec/model_le_bytes.coma", line 84, characters 6-23: proof failed
Goal Coma.vc_model_le_bytes: ✘
Process Error (File "utils/timer.ml", line 20, characters 2-8: Assertion failed)
Goal Coma.vc_deref_Vec_u8_Global: ✘
Process Error (File "utils/timer.ml", line 20, characters 2-8: Assertion failed)
Goal Coma.vc_as_ref_ExclusiveBytes: ✘
Process Error (File "utils/timer.ml", line 20, characters 2-8: Assertion failed)
Goal Coma.vc_deref_mut_Vec_u8_Global: ✘
Process Error (File "utils/timer.ml", line 20, characters 2-8: Assertion failed)
Goal Coma.vc_deref_mut_ExclusiveBytes: ✘
Process Error (File "utils/timer.ml", line 20, characters 2-8: Assertion failed)
Goal Coma.vc_deref_Vec_u8_Global: ✘
Process Error (File "utils/timer.ml", line 20, characters 2-8: Assertion failed)
Goal Coma.vc_deref_ExclusiveBytes: ✘
Process Error (File "utils/timer.ml", line 20, characters 2-8: Assertion failed)
Goal Coma.vc_iter_u8: ✘
Process Error (File "utils/timer.ml", line 20, characters 2-8: Assertion failed)
Goal Coma.vc_copied_Iter_u8: ✘
Process Error (File "utils/timer.ml", line 20, characters 2-8: Assertion failed)
Goal Coma.vc_into_iter_Copied_Iter_u8: ✘
Process Error (File "utils/timer.ml", line 20, characters 2-8: Assertion failed)
Goal Coma.vc_extend_Vec_u8_Global: ✘
Process Error (File "utils/timer.ml", line 20, characters 2-8: Assertion failed)
Goal Coma.vc_append_initialized_slice: ✘
Process Error (File "utils/timer.ml", line 20, characters 2-8: Assertion failed)
Goal Coma.vc_as_slice: ✘
Process Error (File "utils/timer.ml", line 20, characters 2-8: Assertion failed)
Goal Coma.vc_extend_from_slice: ✘
Process Error (File "utils/timer.ml", line 20, characters 2-8: Assertion failed)
Goal Coma.vc_close: ✘
Process Error (File "utils/timer.ml", line 20, characters 2-8: Assertion failed)
Goal Coma.vc_append_owner: ✘
Process Error (File "utils/timer.ml", line 20, characters 2-8: Assertion failed)
Goal Coma.vc_deref_Vec_u8_Global: ✘
Process Error (File "utils/timer.ml", line 20, characters 2-8: Assertion failed)
Goal Coma.vc_as_slice: ✘
Process Error (File "utils/timer.ml", line 20, characters 2-8: Assertion failed)
Goal Coma.vc_truncate: ✘
Process Error (File "utils/timer.ml", line 20, characters 2-8: Assertion failed)
Goal Coma.vc_clear: ✘
Process Error (File "utils/timer.ml", line 20, characters 2-8: Assertion failed)
Goal Coma.vc_detach_bound_vec: ✘
Process Error (File "utils/timer.ml", line 20, characters 2-8: Assertion failed)
Goal Coma.vc_deallocate_bound_vec: ✘
Process Error (File "utils/timer.ml", line 20, characters 2-8: Assertion failed)
Goal Coma.vc_close: ✘
Process Error (File "utils/timer.ml", line 20, characters 2-8: Assertion failed)
Goal Coma.vc_from_vec: ✘
Process Error (File "utils/timer.ml", line 20, characters 2-8: Assertion failed)
Goal Coma.vc_len_u8: ✘
Process Error (File "utils/timer.ml", line 20, characters 2-8: Assertion failed)
Goal Coma.vc_index_Vec_u8_Global: ✘
Process Error (File "utils/timer.ml", line 20, characters 2-8: Assertion failed)
Goal Coma.vc_get: ✘
Process Error (File "utils/timer.ml", line 20, characters 2-8: Assertion failed)
Goal Coma.vc_into_vec: ✘
Process Error (File "utils/timer.ml", line 20, characters 2-8: Assertion failed)
Goal Coma.vc_len_u8: ✘
Process Error (File "utils/timer.ml", line 20, characters 2-8: Assertion failed)
Goal Coma.vc_is_empty: ✘
Process Error (File "utils/timer.ml", line 20, characters 2-8: Assertion failed)
Goal Coma.vc_len_u8: ✘
Process Error (File "utils/timer.ml", line 20, characters 2-8: Assertion failed)
Goal Coma.vc_len: ✘
Process Error (File "utils/timer.ml", line 20, characters 2-8: Assertion failed)
Goal Coma.vc_pop_u8: ✘
Process Error (File "utils/timer.ml", line 20, characters 2-8: Assertion failed)
Goal Coma.vc_pop: ✘
Process Error (File "utils/timer.ml", line 20, characters 2-8: Assertion failed)
Goal Coma.vc_push_u8: ✘
Process Error (File "utils/timer.ml", line 20, characters 2-8: Assertion failed)
Goal Coma.vc_push: ✘
Process Error (File "utils/timer.ml", line 20, characters 2-8: Assertion failed)
Goal Coma.vc_reserve_u8: ✘
Process Error (File "utils/timer.ml", line 20, characters 2-8: Assertion failed)
Goal Coma.vc_reserve: ✘
Process Error (File "utils/timer.ml", line 20, characters 2-8: Assertion failed)
Goal Coma.vc_reserve_exact_u8: ✘
Process Error (File "utils/timer.ml", line 20, characters 2-8: Assertion failed)
Goal Coma.vc_reserve_exact: ✘
Process Error (File "utils/timer.ml", line 20, characters 2-8: Assertion failed)
Goal Coma.vc_len_u8: ✘
Process Error (File "utils/timer.ml", line 20, characters 2-8: Assertion failed)
Goal Coma.vc_truncate: ✘
Process Error (File "utils/timer.ml", line 20, characters 2-8: Assertion failed)
Goal Coma.vc_push_u8: ✘
Process Error (File "utils/timer.ml", line 20, characters 2-8: Assertion failed)
Goal Coma.vc_resize: ✘
Process Error (File "utils/timer.ml", line 20, characters 2-8: Assertion failed)
Goal Coma.vc_len_u8: ✘
Process Error (File "utils/timer.ml", line 20, characters 2-8: Assertion failed)
Goal Coma.vc_index_mut_Vec_u8_Global: ✘
Process Error (File "utils/timer.ml", line 20, characters 2-8: Assertion failed)
Goal Coma.vc_set: ✘
Process Error (File "utils/timer.ml", line 20, characters 2-8: Assertion failed)
Goal Coma.vc_len_u8: ✘
Process Error (File "utils/timer.ml", line 20, characters 2-8: Assertion failed)
Goal Coma.vc_pop_u8: ✘
Process Error (File "utils/timer.ml", line 20, characters 2-8: Assertion failed)
Goal Coma.vc_truncate: ✘
Process Error (File "utils/timer.ml", line 20, characters 2-8: Assertion failed)
Goal Coma.vc_new_u8: ✘
Process Error (File "utils/timer.ml", line 20, characters 2-8: Assertion failed)
Goal Coma.vc_from_vec: ✘
Process Error (File "utils/timer.ml", line 20, characters 2-8: Assertion failed)
Goal Coma.vc_resize: ✘
Process Error (File "utils/timer.ml", line 20, characters 2-8: Assertion failed)
Goal Coma.vc_zeroed: ✘
Process Error (File "utils/timer.ml", line 20, characters 2-8: Assertion failed)
Goal Coma.vc_clone_u32: ✘
Process Error (File "utils/timer.ml", line 20, characters 2-8: Assertion failed)
Goal Coma.vc_clone_Float32Bits: ✘
Process Error (File "utils/timer.ml", line 20, characters 2-8: Assertion failed)
Goal Coma.vc_clone_u64: ✘
Process Error (File "utils/timer.ml", line 20, characters 2-8: Assertion failed)
Goal Coma.vc_clone_Float64Bits: ✘
Process Error (File "utils/timer.ml", line 20, characters 2-8: Assertion failed)
Goal Coma.vc_try_get_u32_be: ✘
Process Error (File "utils/timer.ml", line 20, characters 2-8: Assertion failed)
Goal Coma.vc_elim_Some: ✘
Process Error (File "utils/timer.ml", line 20, characters 2-8: Assertion failed)
Goal Coma.vc_from_bits: ✘
Process Error (File "utils/timer.ml", line 20, characters 2-8: Assertion failed)
Goal Coma.vc_try_get_f32_bits_be: ✘
Process Error (File "utils/timer.ml", line 20, characters 2-8: Assertion failed)
Goal Coma.vc_try_get_u32_le: ✘
Process Error (File "utils/timer.ml", line 20, characters 2-8: Assertion failed)
Goal Coma.vc_elim_Some: ✘
Process Error (File "utils/timer.ml", line 20, characters 2-8: Assertion failed)
Goal Coma.vc_from_bits: ✘
Process Error (File "utils/timer.ml", line 20, characters 2-8: Assertion failed)
Goal Coma.vc_try_get_f32_bits_le: ✘
Process Error (File "utils/timer.ml", line 20, characters 2-8: Assertion failed)
Goal Coma.vc_try_get_f32_bits_le: ✘
Process Error (File "utils/timer.ml", line 20, characters 2-8: Assertion failed)
Goal Coma.vc_try_get_f32_bits_ne: ✘
Process Error (File "utils/timer.ml", line 20, characters 2-8: Assertion failed)
Goal Coma.vc_try_get_u64_be: ✘
Process Error (File "utils/timer.ml", line 20, characters 2-8: Assertion failed)
Goal Coma.vc_elim_Some: ✘
Process Error (File "utils/timer.ml", line 20, characters 2-8: Assertion failed)
Goal Coma.vc_from_bits: ✘
Process Error (File "utils/timer.ml", line 20, characters 2-8: Assertion failed)
Goal Coma.vc_try_get_f64_bits_be: ✘
Process Error (File "utils/timer.ml", line 20, characters 2-8: Assertion failed)
Goal Coma.vc_try_get_u64_le: ✘
Process Error (File "utils/timer.ml", line 20, characters 2-8: Assertion failed)
Goal Coma.vc_elim_Some: ✘
Process Error (File "utils/timer.ml", line 20, characters 2-8: Assertion failed)
Goal Coma.vc_from_bits: ✘
Process Error (File "utils/timer.ml", line 20, characters 2-8: Assertion failed)
Goal Coma.vc_try_get_f64_bits_le: ✘
Process Error (File "utils/timer.ml", line 20, characters 2-8: Assertion failed)
Goal Coma.vc_try_get_f64_bits_le: ✘
Process Error (File "utils/timer.ml", line 20, characters 2-8: Assertion failed)
Goal Coma.vc_try_get_f64_bits_ne: ✘
Process Error (File "utils/timer.ml", line 20, characters 2-8: Assertion failed)
Goal Coma.vc_write_u32_be: ✘
Process Error (File "utils/timer.ml", line 20, characters 2-8: Assertion failed)
Goal Coma.vc_write_f32_bits_be: ✘
Process Error (File "utils/timer.ml", line 20, characters 2-8: Assertion failed)
Goal Coma.vc_write_u32_le: ✘
Process Error (File "utils/timer.ml", line 20, characters 2-8: Assertion failed)
Goal Coma.vc_write_f32_bits_le: ✘
Process Error (File "utils/timer.ml", line 20, characters 2-8: Assertion failed)
Goal Coma.vc_write_f32_bits_le: ✘
Process Error (File "utils/timer.ml", line 20, characters 2-8: Assertion failed)
Goal Coma.vc_write_f32_bits_ne: ✘
Process Error (File "utils/timer.ml", line 20, characters 2-8: Assertion failed)
Goal Coma.vc_write_u64_be: ✘
Process Error (File "utils/timer.ml", line 20, characters 2-8: Assertion failed)
Goal Coma.vc_write_f64_bits_be: ✘
Process Error (File "utils/timer.ml", line 20, characters 2-8: Assertion failed)
Goal Coma.vc_write_u64_le: ✘
Process Error (File "utils/timer.ml", line 20, characters 2-8: Assertion failed)
Goal Coma.vc_write_f64_bits_le: ✘
Process Error (File "utils/timer.ml", line 20, characters 2-8: Assertion failed)
Goal Coma.vc_write_f64_bits_le: ✘
Process Error (File "utils/timer.ml", line 20, characters 2-8: Assertion failed)
Goal Coma.vc_write_f64_bits_ne: ✘
Process Error (File "utils/timer.ml", line 20, characters 2-8: Assertion failed)
Goal Coma.vc_bits'0: ✘
Process Error (File "utils/timer.ml", line 20, characters 2-8: Assertion failed)
Goal Coma.vc_from_bits: ✘
Process Error (File "utils/timer.ml", line 20, characters 2-8: Assertion failed)
Goal Coma.vc_bits'0: ✘
Process Error (File "utils/timer.ml", line 20, characters 2-8: Assertion failed)
Goal Coma.vc_from_bits: ✘
Process Error (File "utils/timer.ml", line 20, characters 2-8: Assertion failed)
Goal Coma.vc_new_u8: ✘
Process Error (File "utils/timer.ml", line 20, characters 2-8: Assertion failed)
Goal Coma.vc_from_vec: ✘
Process Error (File "utils/timer.ml", line 20, characters 2-8: Assertion failed)
Goal Coma.vc_write_f32_bits_be: ✘
Process Error (File "utils/timer.ml", line 20, characters 2-8: Assertion failed)
Goal Coma.vc_into_vec: ✘
Process Error (File "utils/timer.ml", line 20, characters 2-8: Assertion failed)
Goal Coma.vc_new: ✘
Process Error (File "utils/timer.ml", line 20, characters 2-8: Assertion failed)
Goal Coma.vc_try_get_f32_bits_be: ✘
Process Error (File "utils/timer.ml", line 20, characters 2-8: Assertion failed)
Goal Coma.vc_unwrap_Float32Bits: ✘
Process Error (File "utils/timer.ml", line 20, characters 2-8: Assertion failed)
Goal Coma.vc_closure0: ✘
Process Error (File "utils/timer.ml", line 20, characters 2-8: Assertion failed)
Goal Coma.vc_closure1: ✘
Process Error (File "utils/timer.ml", line 20, characters 2-8: Assertion failed)
Goal Coma.vc_with_shared_read_closure0: ✘
Process Error (File "utils/timer.ml", line 20, characters 2-8: Assertion failed)
Goal Coma.vc_scoped_f32_bits_roundtrip: ✘
Process Error (File "utils/timer.ml", line 20, characters 2-8: Assertion failed)
Goal Coma.vc_iter: ✘
Process Error (File "utils/timer.ml", line 20, characters 2-8: Assertion failed)
Goal Coma.vc_copied_Iter_u8: ✘
Process Error (File "utils/timer.ml", line 20, characters 2-8: Assertion failed)
Goal Coma.vc_into_iter_Copied_Iter_u8: ✘
Process Error (File "utils/timer.ml", line 20, characters 2-8: Assertion failed)
Goal Coma.vc_from_iter_Copied_Iter_u8: ✘
Process Error (File "utils/timer.ml", line 20, characters 2-8: Assertion failed)
Goal Coma.vc_close: ✘
Process Error (File "utils/timer.ml", line 20, characters 2-8: Assertion failed)
Goal Coma.vc_copy_iter_then_close: ✘
Process Error (File "utils/timer.ml", line 20, characters 2-8: Assertion failed)
Goal Coma.vc_as_slice: ✘
Process Error (File "utils/timer.ml", line 20, characters 2-8: Assertion failed)
Goal Coma.vc_iter_u8: ✘
Process Error (File "utils/timer.ml", line 20, characters 2-8: Assertion failed)
Goal Coma.vc_iter: ✘
Process Error (File "utils/timer.ml", line 20, characters 2-8: Assertion failed)
Goal Coma.vc_close: ✘
Process Error (File "utils/timer.ml", line 20, characters 2-8: Assertion failed)
Goal Coma.vc_close'0: ✘
Process Error (File "utils/timer.ml", line 20, characters 2-8: Assertion failed)
Goal Coma.vc_new: ✘
Process Error (File "utils/timer.ml", line 20, characters 2-8: Assertion failed)
Goal Coma.vc_len: ✘
Process Error (File "utils/timer.ml", line 20, characters 2-8: Assertion failed)
Goal Coma.vc_sequence_drop_first: ✘
Process Error (File "utils/timer.ml", line 20, characters 2-8: Assertion failed)
Goal Coma.vc_get: ✘
Process Error (File "utils/timer.ml", line 20, characters 2-8: Assertion failed)
Goal Coma.vc_elim_Some: ✘
Process Error (File "utils/timer.ml", line 20, characters 2-8: Assertion failed)
Goal Coma.vc_next_byte: ✘
Process Error (File "utils/timer.ml", line 20, characters 2-8: Assertion failed)
Goal Coma.vc_len: ✘
Process Error (File "utils/timer.ml", line 20, characters 2-8: Assertion failed)
Goal Coma.vc_remaining_len: ✘
Process Error (File "utils/timer.ml", line 20, characters 2-8: Assertion failed)
Goal Coma.vc_sequence_drop_first: ✘
Process Error (File "utils/timer.ml", line 20, characters 2-8: Assertion failed)
Goal Coma.vc_cmp_ExclusiveBytes: ✘
Process Error (File "utils/timer.ml", line 20, characters 2-8: Assertion failed)
Goal Coma.vc_close: ✘
Process Error (File "utils/timer.ml", line 20, characters 2-8: Assertion failed)
Goal Coma.vc_cmp_then_close: ✘
Process Error (File "utils/timer.ml", line 20, characters 2-8: Assertion failed)
Goal Coma.vc_eq_ExclusiveBytes: ✘
Process Error (File "utils/timer.ml", line 20, characters 2-8: Assertion failed)
Goal Coma.vc_close: ✘
Process Error (File "utils/timer.ml", line 20, characters 2-8: Assertion failed)
Goal Coma.vc_equal_then_close: ✘
Process Error (File "utils/timer.ml", line 20, characters 2-8: Assertion failed)
Goal Coma.vc_as_ref_ExclusiveBytes: ✘
Process Error (File "utils/timer.ml", line 20, characters 2-8: Assertion failed)
Goal Coma.vc_cmp_slice_u8: ✘
Process Error (File "utils/timer.ml", line 20, characters 2-8: Assertion failed)
Goal Coma.vc_cmp_ExclusiveBytes: ✘
Process Error (File "utils/timer.ml", line 20, characters 2-8: Assertion failed)
File "verif/bytes_rlib/verified/observers/impl_Ord_for_ExclusiveBytes/cmp__refines.coma", line 114, characters 6-13: proof failed
Goal Coma.refines: ✘
Process Error (File "utils/timer.ml", line 20, characters 2-8: Assertion failed)
Goal Coma.vc_as_ref_ExclusiveBytes: ✘
Process Error (File "utils/timer.ml", line 20, characters 2-8: Assertion failed)
Goal Coma.vc_eq_ref_slice_u8: ✘
Process Error (File "utils/timer.ml", line 20, characters 2-8: Assertion failed)
Goal Coma.vc_eq_ExclusiveBytes: ✘
Process Error (File "utils/timer.ml", line 20, characters 2-8: Assertion failed)
File "verif/bytes_rlib/verified/observers/impl_PartialEq_for_ExclusiveBytes/eq__refines.coma", line 70, characters 6-13: proof failed
Goal Coma.refines: ✘
Process Error (File "utils/timer.ml", line 20, characters 2-8: Assertion failed)
Goal Coma.vc_cmp_ExclusiveBytes: ✘
Process Error (File "utils/timer.ml", line 20, characters 2-8: Assertion failed)
Goal Coma.vc_partial_cmp_ExclusiveBytes: ✘
Process Error (File "utils/timer.ml", line 20, characters 2-8: Assertion failed)
File "verif/bytes_rlib/verified/observers/impl_PartialOrd_for_ExclusiveBytes/partial_cmp__refines.coma", line 110, characters 6-13: proof failed
Goal Coma.refines: ✘
Process Error (File "utils/timer.ml", line 20, characters 2-8: Assertion failed)
Goal Coma.vc_deref_Ghost_GhostShared_FullBorrow_PhysicalRegion: ✘
Process Error (File "utils/timer.ml", line 20, characters 2-8: Assertion failed)
Goal Coma.vc_to_ref_FullBorrow_PhysicalRegion: ✘
Process Error (File "utils/timer.ml", line 20, characters 2-8: Assertion failed)
Goal Coma.vc_into_inner_ref_LifetimeToken: ✘
Process Error (File "utils/timer.ml", line 20, characters 2-8: Assertion failed)
Goal Coma.vc_borrow_PhysicalRegion: ✘
Process Error (File "utils/timer.ml", line 20, characters 2-8: Assertion failed)
Goal Coma.vc_new_ref_PhysicalRegion: ✘
Process Error (File "utils/timer.ml", line 20, characters 2-8: Assertion failed)
Goal Coma.vc_borrow_bound: ✘
Process Error (File "utils/timer.ml", line 20, characters 2-8: Assertion failed)
Goal Coma.vc_borrow_anchored: ✘
Process Error (File "utils/timer.ml", line 20, characters 2-8: Assertion failed)
Goal Coma.vc_len_u8: ✘
Process Error (File "utils/timer.ml", line 20, characters 2-8: Assertion failed)
Goal Coma.vc_closure0: ✘
Process Error (File "utils/timer.ml", line 20, characters 2-8: Assertion failed)
Goal Coma.vc_closure1: ✘
Process Error (File "utils/timer.ml", line 20, characters 2-8: Assertion failed)
Goal Coma.vc_with_shared_read_closure0: ✘
Process Error (File "utils/timer.ml", line 20, characters 2-8: Assertion failed)
Goal Coma.vc_callback_length_and_first: ✘
Process Error (File "utils/timer.ml", line 20, characters 2-8: Assertion failed)
Goal Coma.vc_len_u8: ✘
Process Error (File "utils/timer.ml", line 20, characters 2-8: Assertion failed)
Goal Coma.vc_closure0: ✘
Process Error (File "utils/timer.ml", line 20, characters 2-8: Assertion failed)
Goal Coma.vc_closure1: ✘
Process Error (File "utils/timer.ml", line 20, characters 2-8: Assertion failed)
Goal Coma.vc_with_shared_read_then_thaw_closure0: ✘
Process Error (File "utils/timer.ml", line 20, characters 2-8: Assertion failed)
Goal Coma.vc_scoped_set_and_read: ✘
Process Error (File "utils/timer.ml", line 20, characters 2-8: Assertion failed)
Goal Coma.vc_unwrap_tup4_Option_u8_usize_bool_bool: ✘
Process Error (File "utils/timer.ml", line 20, characters 2-8: Assertion failed)
Goal Coma.vc_share_thaw_set_and_read: ✘
Process Error (File "utils/timer.ml", line 20, characters 2-8: Assertion failed)
Goal Coma.vc_new'0: ✘
Process Error (File "utils/timer.ml", line 20, characters 2-8: Assertion failed)
Goal Coma.vc_share_pair: ✘
Process Error (File "utils/timer.ml", line 20, characters 2-8: Assertion failed)
Goal Coma.vc_call_once_F: ✘
Process Error (File "utils/timer.ml", line 20, characters 2-8: Assertion failed)
Goal Coma.vc_close: ✘
Process Error (File "utils/timer.ml", line 20, characters 2-8: Assertion failed)
Goal Coma.vc_closure0: ✘
Process Error (File "utils/timer.ml", line 20, characters 2-8: Assertion failed)
Goal Coma.vc_spawn_closure0: ✘
Process Error (File "utils/timer.ml", line 20, characters 2-8: Assertion failed)
Goal Coma.vc_call_once_G: ✘
Process Error (File "utils/timer.ml", line 20, characters 2-8: Assertion failed)
Goal Coma.vc_closure1: ✘
Process Error (File "utils/timer.ml", line 20, characters 2-8: Assertion failed)
Goal Coma.vc_spawn_closure1: ✘
Process Error (File "utils/timer.ml", line 20, characters 2-8: Assertion failed)
Goal Coma.vc_join_unwrap_ScopedJoinHandle_tup2_R_Closed: ✘
Process Error (File "utils/timer.ml", line 20, characters 2-8: Assertion failed)
Goal Coma.vc_join_unwrap_ScopedJoinHandle_tup2_S_Closed: ✘
Process Error (File "utils/timer.ml", line 20, characters 2-8: Assertion failed)
Goal Coma.vc_closure0'0: ✘
Process Error (File "utils/timer.ml", line 20, characters 2-8: Assertion failed)
Goal Coma.vc_scope_closure0: ✘
Process Error (File "utils/timer.ml", line 20, characters 2-8: Assertion failed)
Goal Coma.vc_close'0: ✘
Process Error (File "utils/timer.ml", line 20, characters 2-8: Assertion failed)
Goal Coma.vc_with_shared_read_F: ✘
Process Error (File "utils/timer.ml", line 20, characters 2-8: Assertion failed)
Goal Coma.vc_new'0: ✘
Process Error (File "utils/timer.ml", line 20, characters 2-8: Assertion failed)
Goal Coma.vc_share_pair: ✘
Process Error (File "utils/timer.ml", line 20, characters 2-8: Assertion failed)
Goal Coma.vc_call_once_F: ✘
Process Error (File "utils/timer.ml", line 20, characters 2-8: Assertion failed)
Goal Coma.vc_close: ✘
Process Error (File "utils/timer.ml", line 20, characters 2-8: Assertion failed)
Goal Coma.vc_closure0: ✘
Process Error (File "utils/timer.ml", line 20, characters 2-8: Assertion failed)
Goal Coma.vc_spawn_closure0: ✘
Process Error (File "utils/timer.ml", line 20, characters 2-8: Assertion failed)
Goal Coma.vc_call_once_G: ✘
Process Error (File "utils/timer.ml", line 20, characters 2-8: Assertion failed)
Goal Coma.vc_closure1: ✘
Process Error (File "utils/timer.ml", line 20, characters 2-8: Assertion failed)
Goal Coma.vc_spawn_closure1: ✘
Process Error (File "utils/timer.ml", line 20, characters 2-8: Assertion failed)
Goal Coma.vc_join_unwrap_ScopedJoinHandle_tup2_R_Closed: ✘
Process Error (File "utils/timer.ml", line 20, characters 2-8: Assertion failed)
Goal Coma.vc_join_unwrap_ScopedJoinHandle_tup2_S_Closed: ✘
Process Error (File "utils/timer.ml", line 20, characters 2-8: Assertion failed)
Goal Coma.vc_closure0'0: ✘
Process Error (File "utils/timer.ml", line 20, characters 2-8: Assertion failed)
Goal Coma.vc_scope_closure0: ✘
Process Error (File "utils/timer.ml", line 20, characters 2-8: Assertion failed)
Goal Coma.vc_thaw: ✘
Process Error (File "utils/timer.ml", line 20, characters 2-8: Assertion failed)
Goal Coma.vc_with_shared_read_then_thaw_F: ✘
Process Error (File "utils/timer.ml", line 20, characters 2-8: Assertion failed)
Goal Coma.vc_recover: ✘
Process Error (File "utils/timer.ml", line 20, characters 2-8: Assertion failed)
Goal Coma.vc_close: ✘
Process Error (File "utils/timer.ml", line 20, characters 2-8: Assertion failed)
Goal Coma.vc_close'0: ✘
Process Error (File "utils/timer.ml", line 20, characters 2-8: Assertion failed)
Goal Coma.vc_detach_vec: ✘
Process Error (File "utils/timer.ml", line 20, characters 2-8: Assertion failed)
Goal Coma.vc_bound_ptr_at_zero: ✘
Process Error (File "utils/timer.ml", line 20, characters 2-8: Assertion failed)
Goal Coma.vc_split_Recovery: ✘
Process Error (File "utils/timer.ml", line 20, characters 2-8: Assertion failed)
Goal Coma.vc_new'0: ✘
Process Error (File "utils/timer.ml", line 20, characters 2-8: Assertion failed)
Goal Coma.vc_new_LifetimeToken: ✘
Process Error (File "utils/timer.ml", line 20, characters 2-8: Assertion failed)
Goal Coma.vc_new_PhysicalRegion: ✘
Process Error (File "utils/timer.ml", line 20, characters 2-8: Assertion failed)
Goal Coma.vc_new_FullBorrow_PhysicalRegion: ✘
Process Error (File "utils/timer.ml", line 20, characters 2-8: Assertion failed)
Goal Coma.vc_into_inner_GhostShared_FullBorrow_PhysicalRegion: ✘
Process Error (File "utils/timer.ml", line 20, characters 2-8: Assertion failed)
Goal Coma.vc_new_GhostShared_FullBorrow_PhysicalRegion: ✘
Process Error (File "utils/timer.ml", line 20, characters 2-8: Assertion failed)
Goal Coma.vc_new'1: ✘
Process Error (File "utils/timer.ml", line 20, characters 2-8: Assertion failed)
Goal Coma.vc_finish_LifetimeToken: ✘
Process Error (File "utils/timer.ml", line 20, characters 2-8: Assertion failed)
Goal Coma.vc_into_inner_Option_tup2_LifetimeToken_LifetimeToken: ✘
Process Error (File "utils/timer.ml", line 20, characters 2-8: Assertion failed)
Goal Coma.vc_unwrap_tup2_LifetimeToken_LifetimeToken: ✘
Process Error (File "utils/timer.ml", line 20, characters 2-8: Assertion failed)
Goal Coma.vc_into_inner_LifetimeToken: ✘
Process Error (File "utils/timer.ml", line 20, characters 2-8: Assertion failed)
Goal Coma.vc_join: ✘
Process Error (File "utils/timer.ml", line 20, characters 2-8: Assertion failed)
Goal Coma.vc_into_inner_EndBorrow_PhysicalRegion: ✘
Process Error (File "utils/timer.ml", line 20, characters 2-8: Assertion failed)
Goal Coma.vc_end''0: ✘
Process Error (File "utils/timer.ml", line 20, characters 2-8: Assertion failed)
Goal Coma.vc_get_PhysicalRegion: ✘
Process Error (File "utils/timer.ml", line 20, characters 2-8: Assertion failed)
Goal Coma.vc_into_inner_Recovery: ✘
Process Error (File "utils/timer.ml", line 20, characters 2-8: Assertion failed)
Goal Coma.vc_new_tup2_Recovery_PhysicalRegion: ✘
Process Error (File "utils/timer.ml", line 20, characters 2-8: Assertion failed)
Goal Coma.vc_recover: ✘
Process Error (File "utils/timer.ml", line 20, characters 2-8: Assertion failed)
Goal Coma.vc_deref_mut_Ghost_LifetimeToken: ✘
Process Error (File "utils/timer.ml", line 20, characters 2-8: Assertion failed)
Goal Coma.vc_split_off: ✘
Process Error (File "utils/timer.ml", line 20, characters 2-8: Assertion failed)
Goal Coma.vc_split: ✘
Process Error (File "utils/timer.ml", line 20, characters 2-8: Assertion failed)
Goal Coma.vc_new_tup2_LifetimeToken_LifetimeToken: ✘
Process Error (File "utils/timer.ml", line 20, characters 2-8: Assertion failed)
Goal Coma.vc_split_LifetimeToken: ✘
Process Error (File "utils/timer.ml", line 20, characters 2-8: Assertion failed)
Goal Coma.vc_new_LifetimeToken: ✘
Process Error (File "utils/timer.ml", line 20, characters 2-8: Assertion failed)
Goal Coma.vc_deref_Ghost_LifetimeToken: ✘
Process Error (File "utils/timer.ml", line 20, characters 2-8: Assertion failed)
Goal Coma.vc_new_ref_LifetimeToken: ✘
Process Error (File "utils/timer.ml", line 20, characters 2-8: Assertion failed)
Goal Coma.vc_borrow_anchored: ✘
Process Error (File "utils/timer.ml", line 20, characters 2-8: Assertion failed)
Goal Coma.vc_share_pair: ✘
Process Error (File "utils/timer.ml", line 20, characters 2-8: Assertion failed)
Goal Coma.vc_recover: ✘
Process Error (File "utils/timer.ml", line 20, characters 2-8: Assertion failed)
Goal Coma.vc_into_vec: ✘
Process Error (File "utils/timer.ml", line 20, characters 2-8: Assertion failed)
Goal Coma.vc_thaw: ✘
Process Error (File "utils/timer.ml", line 20, characters 2-8: Assertion failed)
Goal Coma.vc_retire_LifetimeToken: ✘
Process Error (File "utils/timer.ml", line 20, characters 2-8: Assertion failed)
Goal Coma.vc_close: ✘
Process Error (File "utils/timer.ml", line 20, characters 2-8: Assertion failed)
Goal Coma.vc_len_u8: ✘
Process Error (File "utils/timer.ml", line 20, characters 2-8: Assertion failed)
Goal Coma.vc_len: ✘
Process Error (File "utils/timer.ml", line 20, characters 2-8: Assertion failed)
Goal Coma.vc_read: ✘
Process Error (File "utils/timer.ml", line 20, characters 2-8: Assertion failed)
Goal Coma.vc_deallocate_vec: ✘
Process Error (File "utils/timer.ml", line 20, characters 2-8: Assertion failed)
Goal Coma.vc_close: ✘
Process Error (File "utils/timer.ml", line 20, characters 2-8: Assertion failed)
Goal Coma.vc_resume_vec: ✘
Process Error (File "utils/timer.ml", line 20, characters 2-8: Assertion failed)
Goal Coma.vc_into_vec: ✘
Process Error (File "utils/timer.ml", line 20, characters 2-8: Assertion failed)
Goal Coma.vc_len_u8: ✘
Process Error (File "utils/timer.ml", line 20, characters 2-8: Assertion failed)
Goal Coma.vc_closure0: ✘
Process Error (File "utils/timer.ml", line 20, characters 2-8: Assertion failed)
Goal Coma.vc_closure1: ✘
Process Error (File "utils/timer.ml", line 20, characters 2-8: Assertion failed)
Goal Coma.vc_with_shared_ranges_closure0: ✘
Process Error (File "utils/timer.ml", line 20, characters 2-8: Assertion failed)
Goal Coma.vc_range_first_bytes: ✘
Process Error (File "utils/timer.ml", line 20, characters 2-8: Assertion failed)
Goal Coma.vc_len_u8: ✘
Process Error (File "utils/timer.ml", line 20, characters 2-8: Assertion failed)
Goal Coma.vc_from_vec: ✘
Process Error (File "utils/timer.ml", line 20, characters 2-8: Assertion failed)
Goal Coma.vc_close: ✘
Process Error (File "utils/timer.ml", line 20, characters 2-8: Assertion failed)
Goal Coma.vc_new'0: ✘
Process Error (File "utils/timer.ml", line 20, characters 2-8: Assertion failed)
Goal Coma.vc_share_pair: ✘
Process Error (File "utils/timer.ml", line 20, characters 2-8: Assertion failed)
Goal Coma.vc_index_slice_u8: ✘
Process Error (File "utils/timer.ml", line 20, characters 2-8: Assertion failed)
Goal Coma.vc_call_once_F: ✘
Process Error (File "utils/timer.ml", line 20, characters 2-8: Assertion failed)
Goal Coma.vc_close'0: ✘
Process Error (File "utils/timer.ml", line 20, characters 2-8: Assertion failed)
Goal Coma.vc_closure0: ✘
Process Error (File "utils/timer.ml", line 20, characters 2-8: Assertion failed)
Goal Coma.vc_spawn_closure0: ✘
Process Error (File "utils/timer.ml", line 20, characters 2-8: Assertion failed)
Goal Coma.vc_call_once_G: ✘
Process Error (File "utils/timer.ml", line 20, characters 2-8: Assertion failed)
Goal Coma.vc_closure1: ✘
Process Error (File "utils/timer.ml", line 20, characters 2-8: Assertion failed)
Goal Coma.vc_spawn_closure1: ✘
Process Error (File "utils/timer.ml", line 20, characters 2-8: Assertion failed)
Goal Coma.vc_join_unwrap_ScopedJoinHandle_tup2_R_Closed: ✘
Process Error (File "utils/timer.ml", line 20, characters 2-8: Assertion failed)
Goal Coma.vc_join_unwrap_ScopedJoinHandle_tup2_S_Closed: ✘
Process Error (File "utils/timer.ml", line 20, characters 2-8: Assertion failed)
Goal Coma.vc_closure0'0: ✘
Process Error (File "utils/timer.ml", line 20, characters 2-8: Assertion failed)
Goal Coma.vc_scope_closure0: ✘
Process Error (File "utils/timer.ml", line 20, characters 2-8: Assertion failed)
Goal Coma.vc_close'1: ✘
Process Error (File "utils/timer.ml", line 20, characters 2-8: Assertion failed)
Goal Coma.vc_with_shared_ranges_F: ✘
Process Error (File "utils/timer.ml", line 20, characters 2-8: Assertion failed)
Goal Coma.vc_into_inner_AtomicInvariant_State_T: ✘
Process Error (File "utils/timer.ml", line 20, characters 2-8: Assertion failed)
Goal Coma.vc_into_inner_State_T: ✘
Process Error (File "utils/timer.ml", line 20, characters 2-8: Assertion failed)
Goal Coma.vc_into_inner_Receipt: ✘
Process Error (File "utils/timer.ml", line 20, characters 2-8: Assertion failed)
Goal Coma.vc_frag_lemma_Option_Ag_bool: ✘
Process Error (File "utils/timer.ml", line 20, characters 2-8: Assertion failed)
Goal Coma.vc_new_unit: ✘
Process Error (File "utils/timer.ml", line 20, characters 2-8: Assertion failed)
Goal Coma.vc_finish_T: ✘
Process Error (File "utils/timer.ml", line 20, characters 2-8: Assertion failed)
Goal Coma.vc_new: ✘
Process Error (File "utils/timer.ml", line 20, characters 2-8: Assertion failed)
Goal Coma.vc_into_inner_SyncView: ✘
Process Error (File "utils/timer.ml", line 20, characters 2-8: Assertion failed)
Goal Coma.vc_new_SyncView: ✘
Process Error (File "utils/timer.ml", line 20, characters 2-8: Assertion failed)
Goal Coma.vc_borrow_mut_SyncView: ✘
Process Error (File "utils/timer.ml", line 20, characters 2-8: Assertion failed)
Goal Coma.vc_new'0: ✘
Process Error (File "utils/timer.ml", line 20, characters 2-8: Assertion failed)
Goal Coma.vc_alloc_tup2_Option_Excl_unit_Option_Excl_unit: ✘
Process Error (File "utils/timer.ml", line 20, characters 2-8: Assertion failed)
Goal Coma.vc_into_inner_Resource_tup2_Option_Excl_unit_Option_Excl_unit: ✘
Process Error (File "utils/timer.ml", line 20, characters 2-8: Assertion failed)
Goal Coma.vc_split_tup2_Option_Excl_unit_Option_Excl_unit: ✘
Process Error (File "utils/timer.ml", line 20, characters 2-8: Assertion failed)
Goal Coma.vc_new_tup3_Ticket_Ticket_Resource_tup2_Option_Excl_unit_Option_Excl_unit: ✘
Process Error (File "utils/timer.ml", line 20, characters 2-8: Assertion failed)
Goal Coma.vc_into_inner_tup3_Ticket_Ticket_Resource_tup2_Option_Excl_unit_Option_Excl_unit: ✘
Process Error (File "utils/timer.ml", line 20, characters 2-8: Assertion failed)
Goal Coma.vc_new_tup2_Ticket_tup2_Ticket_Resource_tup2_Option_Excl_unit_Option_Excl_unit: ✘
Process Error (File "utils/timer.ml", line 20, characters 2-8: Assertion failed)
Goal Coma.vc_split_Ticket: ✘
Process Error (File "utils/timer.ml", line 20, characters 2-8: Assertion failed)
Goal Coma.vc_split_Ticket'0: ✘
Process Error (File "utils/timer.ml", line 20, characters 2-8: Assertion failed)
Goal Coma.vc_into_inner_Perm_AtomicUsize: ✘
Process Error (File "utils/timer.ml", line 20, characters 2-8: Assertion failed)
Goal Coma.vc_into_ghost_Int: ✘
Process Error (File "utils/timer.ml", line 20, characters 2-8: Assertion failed)
Goal Coma.vc_into_inner_Int: ✘
Process Error (File "utils/timer.ml", line 20, characters 2-8: Assertion failed)
Goal Coma.vc_alloc_Option_Ag_bool: ✘
Process Error (File "utils/timer.ml", line 20, characters 2-8: Assertion failed)
Goal Coma.vc_into_inner_Authority_Option_Ag_bool: ✘
Process Error (File "utils/timer.ml", line 20, characters 2-8: Assertion failed)
Goal Coma.vc_new_State_T: ✘
Process Error (File "utils/timer.ml", line 20, characters 2-8: Assertion failed)
Goal Coma.vc_new_State_T'0: ✘
Process Error (File "utils/timer.ml", line 20, characters 2-8: Assertion failed)
Goal Coma.vc_into_inner_AtomicInvariant_State_T: ✘
Process Error (File "utils/timer.ml", line 20, characters 2-8: Assertion failed)
Goal Coma.vc_new_AtomicInvariant_State_T: ✘
Process Error (File "utils/timer.ml", line 20, characters 2-8: Assertion failed)
Goal Coma.vc_new_T: ✘
Process Error (File "utils/timer.ml", line 20, characters 2-8: Assertion failed)
Goal Coma.vc_new_T: ✘
Process Error (File "utils/timer.ml", line 20, characters 2-8: Assertion failed)
Goal Coma.vc_split_SyncView: ✘
Process Error (File "utils/timer.ml", line 20, characters 2-8: Assertion failed)
Goal Coma.vc_new_Option_tup3_T_AtView_T_bool: ✘
Process Error (File "utils/timer.ml", line 20, characters 2-8: Assertion failed)
Goal Coma.vc_new_Option_AcquireSyncView: ✘
Process Error (File "utils/timer.ml", line 20, characters 2-8: Assertion failed)
Goal Coma.vc_new_Option_Receipt: ✘
Process Error (File "utils/timer.ml", line 20, characters 2-8: Assertion failed)
Goal Coma.vc_deref_Ghost_AtomicInvariant_State_T: ✘
Process Error (File "utils/timer.ml", line 20, characters 2-8: Assertion failed)
Goal Coma.vc_deref_mut_Ghost_Tokens: ✘
Process Error (File "utils/timer.ml", line 20, characters 2-8: Assertion failed)
Goal Coma.vc_reborrow: ✘
Process Error (File "utils/timer.ml", line 20, characters 2-8: Assertion failed)
Goal Coma.vc_into_inner_Ticket: ✘
Process Error (File "utils/timer.ml", line 20, characters 2-8: Assertion failed)
Goal Coma.vc_join_in_tup2_Option_Excl_unit_Option_Excl_unit: ✘
Process Error (File "utils/timer.ml", line 20, characters 2-8: Assertion failed)
Goal Coma.vc_deref_mut_Ghost_SyncView: ✘
Process Error (File "utils/timer.ml", line 20, characters 2-8: Assertion failed)
Goal Coma.vc_shoot_load_AtomicUsize: ✘
Process Error (File "utils/timer.ml", line 20, characters 2-8: Assertion failed)
Goal Coma.vc_release_rmw: ✘
Process Error (File "utils/timer.ml", line 20, characters 2-8: Assertion failed)
Goal Coma.vc_into_ghost_Int: ✘
Process Error (File "utils/timer.ml", line 20, characters 2-8: Assertion failed)
Goal Coma.vc_into_inner_Int: ✘
Process Error (File "utils/timer.ml", line 20, characters 2-8: Assertion failed)
Goal Coma.vc_into_inner_AtView_T: ✘
Process Error (File "utils/timer.ml", line 20, characters 2-8: Assertion failed)
Goal Coma.vc_add_fragment_Option_Ag_bool: ✘
Process Error (File "utils/timer.ml", line 20, characters 2-8: Assertion failed)
Goal Coma.vc_deref_mut_Ghost_Option_Receipt: ✘
Process Error (File "utils/timer.ml", line 20, characters 2-8: Assertion failed)
Goal Coma.vc_into_ghost_bool: ✘
Process Error (File "utils/timer.ml", line 20, characters 2-8: Assertion failed)
Goal Coma.vc_into_inner_bool: ✘
Process Error (File "utils/timer.ml", line 20, characters 2-8: Assertion failed)
Goal Coma.vc_take_AtView_T: ✘
Process Error (File "utils/timer.ml", line 20, characters 2-8: Assertion failed)
Goal Coma.vc_unwrap_AtView_T: ✘
Process Error (File "utils/timer.ml", line 20, characters 2-8: Assertion failed)
Goal Coma.vc_deref_Ghost_SyncView: ✘
Process Error (File "utils/timer.ml", line 20, characters 2-8: Assertion failed)
Goal Coma.vc_sync_T: ✘
Process Error (File "utils/timer.ml", line 20, characters 2-8: Assertion failed)
Goal Coma.vc_deref_mut_Ghost_Option_tup3_T_AtView_T_bool: ✘
Process Error (File "utils/timer.ml", line 20, characters 2-8: Assertion failed)
Goal Coma.vc_deref_mut_Ghost_Option_AcquireSyncView: ✘
Process Error (File "utils/timer.ml", line 20, characters 2-8: Assertion failed)
Goal Coma.vc_closure0: ✘
Process Error (File "utils/timer.ml", line 20, characters 2-8: Assertion failed)
Goal Coma.vc___new_closure0: ✘
Process Error (File "utils/timer.ml", line 20, characters 2-8: Assertion failed)
Goal Coma.vc_open_State_T: ✘
Process Error (File "utils/timer.ml", line 20, characters 2-8: Assertion failed)
Goal Coma.vc_closure7: ✘
Process Error (File "utils/timer.ml", line 20, characters 2-8: Assertion failed)
Goal Coma.vc___new_closure7: ✘
Process Error (File "utils/timer.ml", line 20, characters 2-8: Assertion failed)
Goal Coma.vc_new_FnGhostWrapper_closure7: ✘
Process Error (File "utils/timer.ml", line 20, characters 2-8: Assertion failed)
Goal Coma.vc_decrement_FnGhostWrapper_closure7: ✘
Process Error (File "utils/timer.ml", line 20, characters 2-8: Assertion failed)
Goal Coma.vc_into_inner_Option_AcquireSyncView: ✘
Process Error (File "utils/timer.ml", line 20, characters 2-8: Assertion failed)
Goal Coma.vc_unwrap_AcquireSyncView: ✘
Process Error (File "utils/timer.ml", line 20, characters 2-8: Assertion failed)
Goal Coma.vc_new_AcquireSyncView: ✘
Process Error (File "utils/timer.ml", line 20, characters 2-8: Assertion failed)
Goal Coma.vc_fence_acquire: ✘
Process Error (File "utils/timer.ml", line 20, characters 2-8: Assertion failed)
Goal Coma.vc_into_inner_Option_tup3_T_AtView_T_bool: ✘
Process Error (File "utils/timer.ml", line 20, characters 2-8: Assertion failed)
Goal Coma.vc_unwrap_tup3_T_AtView_T_bool: ✘
Process Error (File "utils/timer.ml", line 20, characters 2-8: Assertion failed)
Goal Coma.vc_new_Option_tup2_T_T: ✘
Process Error (File "utils/timer.ml", line 20, characters 2-8: Assertion failed)
Goal Coma.vc_into_inner_Option_Receipt: ✘
Process Error (File "utils/timer.ml", line 20, characters 2-8: Assertion failed)
Goal Coma.vc_unwrap_Receipt: ✘
Process Error (File "utils/timer.ml", line 20, characters 2-8: Assertion failed)
Goal Coma.vc_new_Receipt: ✘
Process Error (File "utils/timer.ml", line 20, characters 2-8: Assertion failed)
Goal Coma.vc_retire_T: ✘
Process Error (File "utils/timer.ml", line 20, characters 2-8: Assertion failed)
Goal Coma.vc_new'0: ✘
Process Error (File "utils/timer.ml", line 20, characters 2-8: Assertion failed)
Goal Coma.vc_share_pair: ✘
Process Error (File "utils/timer.ml", line 20, characters 2-8: Assertion failed)
Goal Coma.vc_len'0: ✘
Process Error (File "utils/timer.ml", line 20, characters 2-8: Assertion failed)
Goal Coma.vc_read: ✘
Process Error (File "utils/timer.ml", line 20, characters 2-8: Assertion failed)
Goal Coma.vc_close: ✘
Process Error (File "utils/timer.ml", line 20, characters 2-8: Assertion failed)
Goal Coma.vc_closure0: ✘
Process Error (File "utils/timer.ml", line 20, characters 2-8: Assertion failed)
Goal Coma.vc_spawn_closure0: ✘
Process Error (File "utils/timer.ml", line 20, characters 2-8: Assertion failed)
Goal Coma.vc_join_unwrap_ScopedJoinHandle_tup2_Option_u8_Closed: ✘
Process Error (File "utils/timer.ml", line 20, characters 2-8: Assertion failed)
Goal Coma.vc_closure1: ✘
Process Error (File "utils/timer.ml", line 20, characters 2-8: Assertion failed)
Goal Coma.vc_spawn_closure1: ✘
Process Error (File "utils/timer.ml", line 20, characters 2-8: Assertion failed)
Goal Coma.vc_closure0'0: ✘
Process Error (File "utils/timer.ml", line 20, characters 2-8: Assertion failed)
Goal Coma.vc_scope_closure0: ✘
Process Error (File "utils/timer.ml", line 20, characters 2-8: Assertion failed)
Goal Coma.vc_close'0: ✘
Process Error (File "utils/timer.ml", line 20, characters 2-8: Assertion failed)
Goal Coma.vc_scoped_after_peer_close: ✘
Process Error (File "utils/timer.ml", line 20, characters 2-8: Assertion failed)
Goal Coma.vc_new'0: ✘
Process Error (File "utils/timer.ml", line 20, characters 2-8: Assertion failed)
Goal Coma.vc_share_pair: ✘
Process Error (File "utils/timer.ml", line 20, characters 2-8: Assertion failed)
Goal Coma.vc_new'1: ✘
Process Error (File "utils/timer.ml", line 20, characters 2-8: Assertion failed)
Goal Coma.vc_try_get_u16_be: ✘
Process Error (File "utils/timer.ml", line 20, characters 2-8: Assertion failed)
Goal Coma.vc_remaining: ✘
Process Error (File "utils/timer.ml", line 20, characters 2-8: Assertion failed)
Goal Coma.vc_close: ✘
Process Error (File "utils/timer.ml", line 20, characters 2-8: Assertion failed)
Goal Coma.vc_closure0: ✘
Process Error (File "utils/timer.ml", line 20, characters 2-8: Assertion failed)
Goal Coma.vc_spawn_closure0: ✘
Process Error (File "utils/timer.ml", line 20, characters 2-8: Assertion failed)
Goal Coma.vc_closure1: ✘
Process Error (File "utils/timer.ml", line 20, characters 2-8: Assertion failed)
Goal Coma.vc_spawn_closure1: ✘
Process Error (File "utils/timer.ml", line 20, characters 2-8: Assertion failed)
Goal Coma.vc_join_unwrap_ScopedJoinHandle_tup3_Option_u16_usize_Closed: ✘
Process Error (File "utils/timer.ml", line 20, characters 2-8: Assertion failed)
Goal Coma.vc_closure0'0: ✘
Process Error (File "utils/timer.ml", line 20, characters 2-8: Assertion failed)
Goal Coma.vc_scope_closure0: ✘
Process Error (File "utils/timer.ml", line 20, characters 2-8: Assertion failed)
Goal Coma.vc_close'0: ✘
Process Error (File "utils/timer.ml", line 20, characters 2-8: Assertion failed)
Goal Coma.vc_scoped_numeric_read: ✘
Process Error (File "utils/timer.ml", line 20, characters 2-8: Assertion failed)
Goal Coma.vc_new'0: ✘
Process Error (File "utils/timer.ml", line 20, characters 2-8: Assertion failed)
Goal Coma.vc_share_pair: ✘
Process Error (File "utils/timer.ml", line 20, characters 2-8: Assertion failed)
Goal Coma.vc_len'0: ✘
Process Error (File "utils/timer.ml", line 20, characters 2-8: Assertion failed)
Goal Coma.vc_read: ✘
Process Error (File "utils/timer.ml", line 20, characters 2-8: Assertion failed)
Goal Coma.vc_close: ✘
Process Error (File "utils/timer.ml", line 20, characters 2-8: Assertion failed)
Goal Coma.vc_closure0: ✘
Process Error (File "utils/timer.ml", line 20, characters 2-8: Assertion failed)
Goal Coma.vc_spawn_closure0: ✘
Process Error (File "utils/timer.ml", line 20, characters 2-8: Assertion failed)
Goal Coma.vc_closure1: ✘
Process Error (File "utils/timer.ml", line 20, characters 2-8: Assertion failed)
Goal Coma.vc_spawn_closure1: ✘
Process Error (File "utils/timer.ml", line 20, characters 2-8: Assertion failed)
Goal Coma.vc_join_unwrap_ScopedJoinHandle_tup2_Option_u8_Closed: ✘
Process Error (File "utils/timer.ml", line 20, characters 2-8: Assertion failed)
Goal Coma.vc_closure0'0: ✘
Process Error (File "utils/timer.ml", line 20, characters 2-8: Assertion failed)
Goal Coma.vc_scope_closure0: ✘
Process Error (File "utils/timer.ml", line 20, characters 2-8: Assertion failed)
Goal Coma.vc_close'0: ✘
Process Error (File "utils/timer.ml", line 20, characters 2-8: Assertion failed)
Goal Coma.vc_scoped_roundtrip: ✘
Process Error (File "utils/timer.ml", line 20, characters 2-8: Assertion failed)
Goal Coma.vc_from_vec: ✘
Process Error (File "utils/timer.ml", line 20, characters 2-8: Assertion failed)
Goal Coma.vc_set: ✘
Process Error (File "utils/timer.ml", line 20, characters 2-8: Assertion failed)
Goal Coma.vc_into_vec: ✘
Process Error (File "utils/timer.ml", line 20, characters 2-8: Assertion failed)
Goal Coma.vc_scoped_tree: ✘
Process Error (File "utils/timer.ml", line 20, characters 2-8: Assertion failed)
Goal Coma.vc_scoped_set_and_read: ✘
Process Error (File "utils/timer.ml", line 20, characters 2-8: Assertion failed)
Goal Coma.vc_detach_bound_vec: ✘
Process Error (File "utils/timer.ml", line 20, characters 2-8: Assertion failed)
Goal Coma.vc_deallocate_bound_vec: ✘
Process Error (File "utils/timer.ml", line 20, characters 2-8: Assertion failed)
Goal Coma.vc_cleanup_vec: ✘
Process Error (File "utils/timer.ml", line 20, characters 2-8: Assertion failed)
Goal Coma.vc_finish_LifetimeToken: ✘
Process Error (File "utils/timer.ml", line 20, characters 2-8: Assertion failed)
Goal Coma.vc_into_inner_Option_tup2_LifetimeToken_LifetimeToken: ✘
Process Error (File "utils/timer.ml", line 20, characters 2-8: Assertion failed)
Goal Coma.vc_unwrap_tup2_LifetimeToken_LifetimeToken: ✘
Process Error (File "utils/timer.ml", line 20, characters 2-8: Assertion failed)
Goal Coma.vc_into_inner_LifetimeToken: ✘
Process Error (File "utils/timer.ml", line 20, characters 2-8: Assertion failed)
Goal Coma.vc_join: ✘
Process Error (File "utils/timer.ml", line 20, characters 2-8: Assertion failed)
Goal Coma.vc_new_LifetimeToken: ✘
Process Error (File "utils/timer.ml", line 20, characters 2-8: Assertion failed)
Goal Coma.vc_finish: ✘
Process Error (File "utils/timer.ml", line 20, characters 2-8: Assertion failed)
Goal Coma.vc_into_inner_LifetimeToken: ✘
Process Error (File "utils/timer.ml", line 20, characters 2-8: Assertion failed)
Goal Coma.vc_split: ✘
Process Error (File "utils/timer.ml", line 20, characters 2-8: Assertion failed)
Goal Coma.vc_new_tup2_LifetimeToken_tup2_LifetimeToken_LifetimeToken: ✘
Process Error (File "utils/timer.ml", line 20, characters 2-8: Assertion failed)
Goal Coma.vc_split_LifetimeToken: ✘
Process Error (File "utils/timer.ml", line 20, characters 2-8: Assertion failed)
Goal Coma.vc_split_LifetimeToken'0: ✘
Process Error (File "utils/timer.ml", line 20, characters 2-8: Assertion failed)
Goal Coma.vc_new_LifetimeToken: ✘
Process Error (File "utils/timer.ml", line 20, characters 2-8: Assertion failed)
Goal Coma.vc_branch: ✘
Process Error (File "utils/timer.ml", line 20, characters 2-8: Assertion failed)
Goal Coma.vc_cleanup_vec: ✘
Process Error (File "utils/timer.ml", line 20, characters 2-8: Assertion failed)
Goal Coma.vc_new'0: ✘
Process Error (File "utils/timer.ml", line 20, characters 2-8: Assertion failed)
Goal Coma.vc_share_pair: ✘
Process Error (File "utils/timer.ml", line 20, characters 2-8: Assertion failed)
Goal Coma.vc_worker: ✘
Process Error (File "utils/timer.ml", line 20, characters 2-8: Assertion failed)
Goal Coma.vc_closure0: ✘
Process Error (File "utils/timer.ml", line 20, characters 2-8: Assertion failed)
Goal Coma.vc_spawn_closure0: ✘
Process Error (File "utils/timer.ml", line 20, characters 2-8: Assertion failed)
Goal Coma.vc_closure1: ✘
Process Error (File "utils/timer.ml", line 20, characters 2-8: Assertion failed)
Goal Coma.vc_spawn_closure1: ✘
Process Error (File "utils/timer.ml", line 20, characters 2-8: Assertion failed)
Goal Coma.vc_join_unwrap_ScopedJoinHandle_tup3_Option_u8_usize_Closed: ✘
Process Error (File "utils/timer.ml", line 20, characters 2-8: Assertion failed)
Goal Coma.vc_closure0'0: ✘
Process Error (File "utils/timer.ml", line 20, characters 2-8: Assertion failed)
Goal Coma.vc_scope_closure0: ✘
Process Error (File "utils/timer.ml", line 20, characters 2-8: Assertion failed)
Goal Coma.vc_close: ✘
Process Error (File "utils/timer.ml", line 20, characters 2-8: Assertion failed)
Goal Coma.vc_scoped_tree: ✘
Process Error (File "utils/timer.ml", line 20, characters 2-8: Assertion failed)
Goal Coma.vc_len: ✘
Process Error (File "utils/timer.ml", line 20, characters 2-8: Assertion failed)
Goal Coma.vc_read: ✘
Process Error (File "utils/timer.ml", line 20, characters 2-8: Assertion failed)
Goal Coma.vc_close: ✘
Process Error (File "utils/timer.ml", line 20, characters 2-8: Assertion failed)
Goal Coma.vc_branch: ✘
Process Error (File "utils/timer.ml", line 20, characters 2-8: Assertion failed)
Goal Coma.vc_worker: ✘
Process Error (File "utils/timer.ml", line 20, characters 2-8: Assertion failed)
Goal Coma.vc_closure0: ✘
Process Error (File "utils/timer.ml", line 20, characters 2-8: Assertion failed)
Goal Coma.vc_spawn_closure0: ✘
Process Error (File "utils/timer.ml", line 20, characters 2-8: Assertion failed)
Goal Coma.vc_closure1: ✘
Process Error (File "utils/timer.ml", line 20, characters 2-8: Assertion failed)
Goal Coma.vc_spawn_closure1: ✘
Process Error (File "utils/timer.ml", line 20, characters 2-8: Assertion failed)
Goal Coma.vc_join_unwrap_ScopedJoinHandle_tup3_Option_u8_usize_Closed: ✘
Process Error (File "utils/timer.ml", line 20, characters 2-8: Assertion failed)
Goal Coma.vc_closure0'0: ✘
Process Error (File "utils/timer.ml", line 20, characters 2-8: Assertion failed)
Goal Coma.vc_scope_closure0: ✘
Process Error (File "utils/timer.ml", line 20, characters 2-8: Assertion failed)
Goal Coma.vc_finish: ✘
Process Error (File "utils/timer.ml", line 20, characters 2-8: Assertion failed)
Goal Coma.vc_worker'0: ✘
Process Error (File "utils/timer.ml", line 20, characters 2-8: Assertion failed)
Goal Coma.vc_new_u8: ✘
Process Error (File "utils/timer.ml", line 20, characters 2-8: Assertion failed)
Goal Coma.vc_from_vec: ✘
Process Error (File "utils/timer.ml", line 20, characters 2-8: Assertion failed)
Goal Coma.vc_write_u16_be: ✘
Process Error (File "utils/timer.ml", line 20, characters 2-8: Assertion failed)
Goal Coma.vc_into_vec: ✘
Process Error (File "utils/timer.ml", line 20, characters 2-8: Assertion failed)
Goal Coma.vc_scoped_numeric_read: ✘
Process Error (File "utils/timer.ml", line 20, characters 2-8: Assertion failed)
Goal Coma.vc_scoped_write_read_u16_be: ✘
Process Error (File "utils/timer.ml", line 20, characters 2-8: Assertion failed)
Goal Coma.vc_append_initialized_slice: ✘
Process Error (File "utils/timer.ml", line 20, characters 2-8: Assertion failed)
Goal Coma.vc_extend_from_slice: ✘
Process Error (File "utils/timer.ml", line 20, characters 2-8: Assertion failed)
Goal Coma.vc_try_write_uint_be: ✘
Process Error (File "utils/timer.ml", line 20, characters 2-8: Assertion failed)
Goal Coma.vc_try_write_int_be: ✘
Process Error (File "utils/timer.ml", line 20, characters 2-8: Assertion failed)
Goal Coma.vc_try_write_uint_le: ✘
Process Error (File "utils/timer.ml", line 20, characters 2-8: Assertion failed)
Goal Coma.vc_try_write_int_le: ✘
Process Error (File "utils/timer.ml", line 20, characters 2-8: Assertion failed)
Goal Coma.vc_try_write_int_le: ✘
Process Error (File "utils/timer.ml", line 20, characters 2-8: Assertion failed)
Goal Coma.vc_try_write_int_ne: ✘
Process Error (File "utils/timer.ml", line 20, characters 2-8: Assertion failed)
Goal Coma.vc_encode_be_u64: ✘
Process Error (File "utils/timer.ml", line 20, characters 2-8: Assertion failed)
Goal Coma.vc_index_slice_u8: ✘
Process Error (File "utils/timer.ml", line 20, characters 2-8: Assertion failed)
Goal Coma.vc_append_initialized_slice: ✘
Process Error (File "utils/timer.ml", line 20, characters 2-8: Assertion failed)
Goal Coma.vc_try_write_uint_be: ✘
Process Error (File "utils/timer.ml", line 20, characters 2-8: Assertion failed)
Goal Coma.vc_encode_le_u64: ✘
Process Error (File "utils/timer.ml", line 20, characters 2-8: Assertion failed)
Goal Coma.vc_index_slice_u8: ✘
Process Error (File "utils/timer.ml", line 20, characters 2-8: Assertion failed)
Goal Coma.vc_append_initialized_slice: ✘
Process Error (File "utils/timer.ml", line 20, characters 2-8: Assertion failed)
Goal Coma.vc_try_write_uint_le: ✘
Process Error (File "utils/timer.ml", line 20, characters 2-8: Assertion failed)
Goal Coma.vc_try_write_uint_le: ✘
Process Error (File "utils/timer.ml", line 20, characters 2-8: Assertion failed)
Goal Coma.vc_try_write_uint_ne: ✘
Process Error (File "utils/timer.ml", line 20, characters 2-8: Assertion failed)
Goal Coma.vc_write_u128_be: ✘
Process Error (File "utils/timer.ml", line 20, characters 2-8: Assertion failed)
Goal Coma.vc_write_i128_be: ✘
Process Error (File "utils/timer.ml", line 20, characters 2-8: Assertion failed)
Goal Coma.vc_write_u128_le: ✘
Process Error (File "utils/timer.ml", line 20, characters 2-8: Assertion failed)
Goal Coma.vc_write_i128_le: ✘
Process Error (File "utils/timer.ml", line 20, characters 2-8: Assertion failed)
Goal Coma.vc_write_i128_le: ✘
Process Error (File "utils/timer.ml", line 20, characters 2-8: Assertion failed)
Goal Coma.vc_write_i128_ne: ✘
Process Error (File "utils/timer.ml", line 20, characters 2-8: Assertion failed)
Goal Coma.vc_write_u16_be: ✘
Process Error (File "utils/timer.ml", line 20, characters 2-8: Assertion failed)
Goal Coma.vc_write_i16_be: ✘
Process Error (File "utils/timer.ml", line 20, characters 2-8: Assertion failed)
Goal Coma.vc_write_u16_le: ✘
Process Error (File "utils/timer.ml", line 20, characters 2-8: Assertion failed)
Goal Coma.vc_write_i16_le: ✘
Process Error (File "utils/timer.ml", line 20, characters 2-8: Assertion failed)
Goal Coma.vc_write_i16_le: ✘
Process Error (File "utils/timer.ml", line 20, characters 2-8: Assertion failed)
Goal Coma.vc_write_i16_ne: ✘
Process Error (File "utils/timer.ml", line 20, characters 2-8: Assertion failed)
Goal Coma.vc_write_u32_be: ✘
Process Error (File "utils/timer.ml", line 20, characters 2-8: Assertion failed)
Goal Coma.vc_write_i32_be: ✘
Process Error (File "utils/timer.ml", line 20, characters 2-8: Assertion failed)
Goal Coma.vc_write_u32_le: ✘
Process Error (File "utils/timer.ml", line 20, characters 2-8: Assertion failed)
Goal Coma.vc_write_i32_le: ✘
Process Error (File "utils/timer.ml", line 20, characters 2-8: Assertion failed)
Goal Coma.vc_write_i32_le: ✘
Process Error (File "utils/timer.ml", line 20, characters 2-8: Assertion failed)
Goal Coma.vc_write_i32_ne: ✘
Process Error (File "utils/timer.ml", line 20, characters 2-8: Assertion failed)
Goal Coma.vc_write_u64_be: ✘
Process Error (File "utils/timer.ml", line 20, characters 2-8: Assertion failed)
Goal Coma.vc_write_i64_be: ✘
Process Error (File "utils/timer.ml", line 20, characters 2-8: Assertion failed)
Goal Coma.vc_write_u64_le: ✘
Process Error (File "utils/timer.ml", line 20, characters 2-8: Assertion failed)
Goal Coma.vc_write_i64_le: ✘
Process Error (File "utils/timer.ml", line 20, characters 2-8: Assertion failed)
Goal Coma.vc_write_i64_le: ✘
Process Error (File "utils/timer.ml", line 20, characters 2-8: Assertion failed)
Goal Coma.vc_write_i64_ne: ✘
Process Error (File "utils/timer.ml", line 20, characters 2-8: Assertion failed)
Goal Coma.vc_write_u8: ✘
Process Error (File "utils/timer.ml", line 20, characters 2-8: Assertion failed)
Goal Coma.vc_write_i8: ✘
Process Error (File "utils/timer.ml", line 20, characters 2-8: Assertion failed)
Goal Coma.vc_encode_be_u128: ✘
Process Error (File "utils/timer.ml", line 20, characters 2-8: Assertion failed)
Goal Coma.vc_append_initialized_slice: ✘
Process Error (File "utils/timer.ml", line 20, characters 2-8: Assertion failed)
Goal Coma.vc_write_u128_be: ✘
Process Error (File "utils/timer.ml", line 20, characters 2-8: Assertion failed)
Goal Coma.vc_encode_le_u128: ✘
Process Error (File "utils/timer.ml", line 20, characters 2-8: Assertion failed)
Goal Coma.vc_append_initialized_slice: ✘
Process Error (File "utils/timer.ml", line 20, characters 2-8: Assertion failed)
Goal Coma.vc_write_u128_le: ✘
Process Error (File "utils/timer.ml", line 20, characters 2-8: Assertion failed)
Goal Coma.vc_write_u128_le: ✘
Process Error (File "utils/timer.ml", line 20, characters 2-8: Assertion failed)
Goal Coma.vc_write_u128_ne: ✘
Process Error (File "utils/timer.ml", line 20, characters 2-8: Assertion failed)
Goal Coma.vc_encode_be_u16: ✘
Process Error (File "utils/timer.ml", line 20, characters 2-8: Assertion failed)
Goal Coma.vc_append_initialized_slice: ✘
Process Error (File "utils/timer.ml", line 20, characters 2-8: Assertion failed)
Goal Coma.vc_write_u16_be: ✘
Process Error (File "utils/timer.ml", line 20, characters 2-8: Assertion failed)
Goal Coma.vc_encode_le_u16: ✘
Process Error (File "utils/timer.ml", line 20, characters 2-8: Assertion failed)
Goal Coma.vc_append_initialized_slice: ✘
Process Error (File "utils/timer.ml", line 20, characters 2-8: Assertion failed)
Goal Coma.vc_write_u16_le: ✘
Process Error (File "utils/timer.ml", line 20, characters 2-8: Assertion failed)
Goal Coma.vc_write_u16_le: ✘
Process Error (File "utils/timer.ml", line 20, characters 2-8: Assertion failed)
Goal Coma.vc_write_u16_ne: ✘
Process Error (File "utils/timer.ml", line 20, characters 2-8: Assertion failed)
Goal Coma.vc_encode_be_u32: ✘
Process Error (File "utils/timer.ml", line 20, characters 2-8: Assertion failed)
Goal Coma.vc_append_initialized_slice: ✘
Process Error (File "utils/timer.ml", line 20, characters 2-8: Assertion failed)
Goal Coma.vc_write_u32_be: ✘
Process Error (File "utils/timer.ml", line 20, characters 2-8: Assertion failed)
Goal Coma.vc_encode_le_u32: ✘
Process Error (File "utils/timer.ml", line 20, characters 2-8: Assertion failed)
Goal Coma.vc_append_initialized_slice: ✘
Process Error (File "utils/timer.ml", line 20, characters 2-8: Assertion failed)
Goal Coma.vc_write_u32_le: ✘
Process Error (File "utils/timer.ml", line 20, characters 2-8: Assertion failed)
Goal Coma.vc_write_u32_le: ✘
Process Error (File "utils/timer.ml", line 20, characters 2-8: Assertion failed)
Goal Coma.vc_write_u32_ne: ✘
Process Error (File "utils/timer.ml", line 20, characters 2-8: Assertion failed)
Goal Coma.vc_encode_be_u64: ✘
Process Error (File "utils/timer.ml", line 20, characters 2-8: Assertion failed)
Goal Coma.vc_append_initialized_slice: ✘
Process Error (File "utils/timer.ml", line 20, characters 2-8: Assertion failed)
Goal Coma.vc_write_u64_be: ✘
Process Error (File "utils/timer.ml", line 20, characters 2-8: Assertion failed)
Goal Coma.vc_encode_le_u64: ✘
Process Error (File "utils/timer.ml", line 20, characters 2-8: Assertion failed)
Goal Coma.vc_append_initialized_slice: ✘
Process Error (File "utils/timer.ml", line 20, characters 2-8: Assertion failed)
Goal Coma.vc_write_u64_le: ✘
Process Error (File "utils/timer.ml", line 20, characters 2-8: Assertion failed)
Goal Coma.vc_write_u64_le: ✘
Process Error (File "utils/timer.ml", line 20, characters 2-8: Assertion failed)
Goal Coma.vc_write_u64_ne: ✘
Process Error (File "utils/timer.ml", line 20, characters 2-8: Assertion failed)
Goal Coma.vc_append_initialized_slice: ✘
Process Error (File "utils/timer.ml", line 20, characters 2-8: Assertion failed)
Goal Coma.vc_write_u8: ✘
Process Error (File "utils/timer.ml", line 20, characters 2-8: Assertion failed)
Goal Coma.vc_flush_ExclusiveBytes: ✘
Process Error (File "utils/timer.ml", line 20, characters 2-8: Assertion failed)
Goal Coma.vc_extend_from_slice: ✘
Process Error (File "utils/timer.ml", line 20, characters 2-8: Assertion failed)
Goal Coma.vc_len_u8: ✘
Process Error (File "utils/timer.ml", line 20, characters 2-8: Assertion failed)
Goal Coma.vc_write_ExclusiveBytes: ✘
