theory Task

type int

type real

type string

predicate infix_eq 'a 'a

(* use why3.BuiltIn.BuiltIn *)

type bool =
  | True
  | False

(* use why3.Bool.Bool *)

type tuple0 =
  | Tuple0 [@builtin]

(* use why3.Tuple0.Tuple01 *)

type unit [@builtin] = unit

(* use why3.Unit.Unit *)

constant zero : int = 0

constant one : int = 1

function prefix_mn int : int

function infix_pl int int : int

function infix_as int int : int

predicate infix_ls int int

function infix_mn (x:int) (y:int) : int = infix_pl x (prefix_mn y)

predicate infix_gt (x:int) (y:int) = infix_ls y x

predicate infix_lseq (x:int) (y:int) = infix_ls x y \/ x = y

predicate infix_gteq (x:int) (y:int) = infix_lseq y x

axiom Assoc :
  forall x:int, y:int, z:int.
   infix_pl (infix_pl x y) z = infix_pl x (infix_pl y z)

(* clone algebra.Assoc with type t = int, function op = infix_pl,
  prop Assoc1 = Assoc,  *)

axiom Unit_def_l : forall x:int. infix_pl zero x = x

axiom Unit_def_r : forall x:int. infix_pl x zero = x

(* clone algebra.Monoid with type t1 = int, constant unit = zero,
  function op1 = infix_pl, prop Unit_def_r1 = Unit_def_r,
  prop Unit_def_l1 = Unit_def_l, prop Assoc2 = Assoc,  *)

axiom Inv_def_l : forall x:int. infix_pl (prefix_mn x) x = zero

axiom Inv_def_r : forall x:int. infix_pl x (prefix_mn x) = zero

(* clone algebra.Group with type t2 = int, function inv = prefix_mn,
  constant unit1 = zero, function op2 = infix_pl,
  prop Inv_def_r1 = Inv_def_r, prop Inv_def_l1 = Inv_def_l,
  prop Unit_def_r2 = Unit_def_r, prop Unit_def_l2 = Unit_def_l,
  prop Assoc3 = Assoc,  *)

axiom Comm : forall x:int, y:int. infix_pl x y = infix_pl y x

(* clone algebra.Comm with type t3 = int, function op3 = infix_pl,
  prop Comm1 = Comm,  *)

(* meta AC function infix_pl *)

(* clone algebra.CommutativeGroup with type t4 = int,
  function inv1 = prefix_mn, constant unit2 = zero, function op4 = infix_pl,
  prop Comm2 = Comm, prop Inv_def_r2 = Inv_def_r,
  prop Inv_def_l2 = Inv_def_l, prop Unit_def_r3 = Unit_def_r,
  prop Unit_def_l3 = Unit_def_l, prop Assoc4 = Assoc,  *)

axiom Assoc5 :
  forall x:int, y:int, z:int.
   infix_as (infix_as x y) z = infix_as x (infix_as y z)

(* clone algebra.Assoc with type t = int, function op = infix_as,
  prop Assoc1 = Assoc5,  *)

axiom Mul_distr_l :
  forall x:int, y:int, z:int.
   infix_as x (infix_pl y z) = infix_pl (infix_as x y) (infix_as x z)

axiom Mul_distr_r :
  forall x:int, y:int, z:int.
   infix_as (infix_pl y z) x = infix_pl (infix_as y x) (infix_as z x)

(* clone algebra.Ring with type t5 = int, function infix_as1 = infix_as,
  function prefix_mn1 = prefix_mn, function infix_pl1 = infix_pl,
  constant zero1 = zero, prop Mul_distr_r1 = Mul_distr_r,
  prop Mul_distr_l1 = Mul_distr_l, prop Assoc6 = Assoc5, prop Comm3 = Comm,
  prop Inv_def_r3 = Inv_def_r, prop Inv_def_l3 = Inv_def_l,
  prop Unit_def_r4 = Unit_def_r, prop Unit_def_l4 = Unit_def_l,
  prop Assoc7 = Assoc,  *)

axiom Comm4 : forall x:int, y:int. infix_as x y = infix_as y x

(* clone algebra.Comm with type t3 = int, function op3 = infix_as,
  prop Comm1 = Comm4,  *)

(* meta AC function infix_as *)

(* clone algebra.CommutativeRing with type t6 = int,
  function infix_as2 = infix_as, function prefix_mn2 = prefix_mn,
  function infix_pl2 = infix_pl, constant zero2 = zero, prop Comm5 = Comm4,
  prop Mul_distr_r2 = Mul_distr_r, prop Mul_distr_l2 = Mul_distr_l,
  prop Assoc8 = Assoc5, prop Comm6 = Comm, prop Inv_def_r4 = Inv_def_r,
  prop Inv_def_l4 = Inv_def_l, prop Unit_def_r5 = Unit_def_r,
  prop Unit_def_l5 = Unit_def_l, prop Assoc9 = Assoc,  *)

axiom Unitary : forall x:int. infix_as one x = x

axiom NonTrivialRing : not zero = one

(* clone algebra.UnitaryCommutativeRing with type t7 = int,
  constant one1 = one, function infix_as3 = infix_as,
  function prefix_mn3 = prefix_mn, function infix_pl3 = infix_pl,
  constant zero3 = zero, prop NonTrivialRing1 = NonTrivialRing,
  prop Unitary1 = Unitary, prop Comm7 = Comm4,
  prop Mul_distr_r3 = Mul_distr_r, prop Mul_distr_l3 = Mul_distr_l,
  prop Assoc10 = Assoc5, prop Comm8 = Comm, prop Inv_def_r5 = Inv_def_r,
  prop Inv_def_l5 = Inv_def_l, prop Unit_def_r6 = Unit_def_r,
  prop Unit_def_l6 = Unit_def_l, prop Assoc11 = Assoc,  *)

(* clone relations.EndoRelation with type t8 = int,
  predicate rel = infix_lseq,  *)

axiom Refl : forall x:int. infix_lseq x x

(* clone relations.Reflexive with type t9 = int, predicate rel1 = infix_lseq,
  prop Refl1 = Refl,  *)

(* clone relations.EndoRelation with type t8 = int,
  predicate rel = infix_lseq,  *)

axiom Trans :
  forall x:int, y:int, z:int.
   infix_lseq x y -> infix_lseq y z -> infix_lseq x z

(* clone relations.Transitive with type t10 = int,
  predicate rel2 = infix_lseq, prop Trans1 = Trans,  *)

(* clone relations.PreOrder with type t11 = int, predicate rel3 = infix_lseq,
  prop Trans2 = Trans, prop Refl2 = Refl,  *)

(* clone relations.EndoRelation with type t8 = int,
  predicate rel = infix_lseq,  *)

axiom Antisymm :
  forall x:int, y:int. infix_lseq x y -> infix_lseq y x -> x = y

(* clone relations.Antisymmetric with type t12 = int,
  predicate rel4 = infix_lseq, prop Antisymm1 = Antisymm,  *)

(* clone relations.PartialOrder with type t13 = int,
  predicate rel5 = infix_lseq, prop Antisymm2 = Antisymm,
  prop Trans3 = Trans, prop Refl3 = Refl,  *)

(* clone relations.EndoRelation with type t8 = int,
  predicate rel = infix_lseq,  *)

axiom Total : forall x:int, y:int. infix_lseq x y \/ infix_lseq y x

(* clone relations.Total with type t14 = int, predicate rel6 = infix_lseq,
  prop Total1 = Total,  *)

(* clone relations.TotalOrder with type t15 = int,
  predicate rel7 = infix_lseq, prop Total2 = Total,
  prop Antisymm3 = Antisymm, prop Trans4 = Trans, prop Refl4 = Refl,  *)

axiom ZeroLessOne : infix_lseq zero one

axiom CompatOrderAdd :
  forall x:int, y:int, z:int.
   infix_lseq x y -> infix_lseq (infix_pl x z) (infix_pl y z)

axiom CompatOrderMult :
  forall x:int, y:int, z:int.
   infix_lseq x y ->
   infix_lseq zero z -> infix_lseq (infix_as x z) (infix_as y z)

(* meta remove_unused:dependency prop CompatOrderMult, function infix_as *)

(* clone algebra.OrderedUnitaryCommutativeRing with type t16 = int,
  predicate infix_lseq1 = infix_lseq, constant one2 = one,
  function infix_as4 = infix_as, function prefix_mn4 = prefix_mn,
  function infix_pl4 = infix_pl, constant zero4 = zero,
  prop CompatOrderMult1 = CompatOrderMult,
  prop CompatOrderAdd1 = CompatOrderAdd, prop ZeroLessOne1 = ZeroLessOne,
  prop Total3 = Total, prop Antisymm4 = Antisymm, prop Trans5 = Trans,
  prop Refl5 = Refl, prop NonTrivialRing2 = NonTrivialRing,
  prop Unitary2 = Unitary, prop Comm9 = Comm4,
  prop Mul_distr_r4 = Mul_distr_r, prop Mul_distr_l4 = Mul_distr_l,
  prop Assoc12 = Assoc5, prop Comm10 = Comm, prop Inv_def_r6 = Inv_def_r,
  prop Inv_def_l6 = Inv_def_l, prop Unit_def_r7 = Unit_def_r,
  prop Unit_def_l7 = Unit_def_l, prop Assoc13 = Assoc,  *)

(* meta remove_unused:keep function infix_pl *)

(* meta remove_unused:keep function infix_mn *)

(* meta remove_unused:keep function prefix_mn *)

(* meta remove_unused:keep predicate infix_ls *)

(* meta remove_unused:keep predicate infix_lseq *)

(* meta remove_unused:keep predicate infix_gt *)

(* meta remove_unused:keep predicate infix_gteq *)

(* use int.Int *)

function abs (x:int) : int = if infix_gteq x 0 then x else prefix_mn x

axiom Abs_le :
  forall x:int, y:int.
   infix_lseq (abs x) y <-> infix_lseq (prefix_mn y) x /\ infix_lseq x y

(* meta remove_unused:dependency prop Abs_le, function abs *)

axiom Abs_pos : forall x:int. infix_gteq (abs x) 0

(* meta remove_unused:dependency prop Abs_pos, function abs *)

(* use int.Abs *)

function div int int : int

function mod int int : int

axiom Div_mod [@useraxiom] :
  forall x:int, y:int.
   not y = 0 -> x = infix_pl (infix_as y (div x y)) (mod x y)

(* meta remove_unused:dependency prop Div_mod, function div *)

(* meta remove_unused:dependency prop Div_mod, function mod *)

axiom Div_bound [@useraxiom] :
  forall x:int, y:int.
   infix_gteq x 0 /\ infix_gt y 0 ->
   infix_lseq 0 (div x y) /\ infix_lseq (div x y) x

(* meta remove_unused:dependency prop Div_bound, function div *)

(* meta remove_unused:dependency prop Div_bound, function mod *)

axiom Mod_bound [@useraxiom] :
  forall x:int, y:int.
   not y = 0 ->
   infix_ls (prefix_mn (abs y)) (mod x y) /\ infix_ls (mod x y) (abs y)

(* meta remove_unused:dependency prop Mod_bound, function div *)

(* meta remove_unused:dependency prop Mod_bound, function mod *)

axiom Div_sign_pos [@useraxiom] :
  forall x:int, y:int.
   infix_gteq x 0 /\ infix_gt y 0 -> infix_gteq (div x y) 0

(* meta remove_unused:dependency prop Div_sign_pos, function div *)

(* meta remove_unused:dependency prop Div_sign_pos, function mod *)

axiom Div_sign_neg [@useraxiom] :
  forall x:int, y:int.
   infix_lseq x 0 /\ infix_gt y 0 -> infix_lseq (div x y) 0

(* meta remove_unused:dependency prop Div_sign_neg, function div *)

(* meta remove_unused:dependency prop Div_sign_neg, function mod *)

axiom Mod_sign_pos [@useraxiom] :
  forall x:int, y:int. infix_gteq x 0 /\ not y = 0 -> infix_gteq (mod x y) 0

(* meta remove_unused:dependency prop Mod_sign_pos, function div *)

(* meta remove_unused:dependency prop Mod_sign_pos, function mod *)

axiom Mod_sign_neg [@useraxiom] :
  forall x:int, y:int. infix_lseq x 0 /\ not y = 0 -> infix_lseq (mod x y) 0

(* meta remove_unused:dependency prop Mod_sign_neg, function div *)

(* meta remove_unused:dependency prop Mod_sign_neg, function mod *)

axiom Rounds_toward_zero :
  forall x:int, y:int.
   not y = 0 -> infix_lseq (abs (infix_as (div x y) y)) (abs x)

(* meta remove_unused:dependency prop Rounds_toward_zero, function div *)

(* meta remove_unused:dependency prop Rounds_toward_zero, function mod *)

axiom Div_1 : forall x:int. div x 1 = x

(* meta remove_unused:dependency prop Div_1, function div *)

(* meta remove_unused:dependency prop Div_1, function mod *)

axiom Mod_1 : forall x:int. mod x 1 = 0

(* meta remove_unused:dependency prop Mod_1, function div *)

(* meta remove_unused:dependency prop Mod_1, function mod *)

axiom Div_inf :
  forall x:int, y:int. infix_lseq 0 x /\ infix_ls x y -> div x y = 0

(* meta remove_unused:dependency prop Div_inf, function div *)

(* meta remove_unused:dependency prop Div_inf, function mod *)

axiom Mod_inf :
  forall x:int, y:int. infix_lseq 0 x /\ infix_ls x y -> mod x y = x

(* meta remove_unused:dependency prop Mod_inf, function div *)

(* meta remove_unused:dependency prop Mod_inf, function mod *)

axiom Div_mult :
  forall x:int, y:int, z:int [div (infix_pl (infix_as x y) z) x].
   infix_gt x 0 /\ infix_gteq y 0 /\ infix_gteq z 0 ->
   div (infix_pl (infix_as x y) z) x = infix_pl y (div z x)

(* meta remove_unused:dependency prop Div_mult, function div *)

(* meta remove_unused:dependency prop Div_mult, function mod *)

axiom Mod_mult :
  forall x:int, y:int, z:int [mod (infix_pl (infix_as x y) z) x].
   infix_gt x 0 /\ infix_gteq y 0 /\ infix_gteq z 0 ->
   mod (infix_pl (infix_as x y) z) x = mod z x

(* meta remove_unused:dependency prop Mod_mult, function div *)

(* meta remove_unused:dependency prop Mod_mult, function mod *)

(* use int.ComputerDivision *)

(* use mach.int.Int1 *)

type t17 = <range 0 255>

function tqtint t17 : int

constant tqtmaxInt : int = 255

constant tqtminInt : int = 0

predicate tqteq (a:t17) (b:t17) = tqtint a = tqtint b

axiom tqtinj [@W:non_conservative_extension:N] :
  forall a:t17, b:t17. tqteq a b -> a = b

(* meta range_type type t17, function tqtint *)

(* meta model_projection function tqtint *)

(* meta remove_unused:dependency prop tqtinj, predicate tqteq *)

constant two_power_size : int = 0x100

axiom extensionality [@useraxiom] :
  forall x:t17, y:t17 [tqtint x, tqtint y]. tqtint x = tqtint y -> x = y

predicate in_bounds [@inline:trivial] (n:int) =
  infix_lseq 0 n /\ infix_lseq n 0xFF

function of_int int : t17

axiom to_of_int [@useraxiom] :
  forall x:int [of_int x]. in_bounds x -> tqtint (of_int x) = x

function add t17 t17 : t17

axiom add_in_bounds [@useraxiom] :
  forall x:t17, y:t17 [add x y].
   in_bounds (infix_pl (tqtint x) (tqtint y)) ->
   tqtint (add x y) = infix_pl (tqtint x) (tqtint y)

axiom add_wrapping [@useraxiom] :
  forall x:t17, y:t17 [add x y].
   exists k:int.
    tqtint (add x y) =
    infix_pl (infix_pl (tqtint x) (tqtint y)) (infix_as k two_power_size)

function sub t17 t17 : t17

axiom sub_in_bounds [@useraxiom] :
  forall x:t17, y:t17 [sub x y].
   in_bounds (infix_mn (tqtint x) (tqtint y)) ->
   tqtint (sub x y) = infix_mn (tqtint x) (tqtint y)

axiom sub_wrapping [@useraxiom] :
  forall x:t17, y:t17 [sub x y].
   exists k:int.
    tqtint (sub x y) =
    infix_pl (infix_mn (tqtint x) (tqtint y)) (infix_as k two_power_size)

function mul t17 t17 : t17

axiom mul_in_bounds [@useraxiom] :
  forall x:t17, y:t17 [mul x y].
   in_bounds (infix_as (tqtint x) (tqtint y)) ->
   tqtint (mul x y) = infix_as (tqtint x) (tqtint y)

axiom mul_wrapping [@useraxiom] :
  forall x:t17, y:t17 [mul x y].
   exists k:int.
    tqtint (mul x y) =
    infix_pl (infix_as (tqtint x) (tqtint y)) (infix_as k two_power_size)

function neg t17 : t17

axiom neg_zero [@useraxiom] :
  forall x:t17 [neg x]. tqtint x = 0 -> tqtint (neg x) = 0

axiom neg_not_zero [@useraxiom] :
  forall x:t17 [neg x].
   infix_ls 0 (tqtint x) /\ infix_lseq (tqtint x) 0xFF ->
   tqtint (neg x) = infix_mn two_power_size (tqtint x)

function of_bool [@inline:trivial] (b:bool) : t17 =
  if b = True then (1:t17) else (0:t17)

predicate le [@inline:trivial] (a:t17) (b:t17) =
  infix_lseq (tqtint a) (tqtint b)

predicate lt [@inline:trivial] (a:t17) (b:t17) =
  infix_ls (tqtint a) (tqtint b)

predicate ge [@inline:trivial] (a:t17) (b:t17) =
  infix_gteq (tqtint a) (tqtint b)

predicate gt [@inline:trivial] (a:t17) (b:t17) =
  infix_gt (tqtint a) (tqtint b)

function bw_and t17 t17 : t17

function bw_or t17 t17 : t17

function bw_xor t17 t17 : t17

function bw_not t17 : t17

function shl t17 t17 : t17

function shr t17 t17 : t17

function nth t17 int : bool

type tuple2 'a 'a1 =
  | Tuple2 [@builtin] 'a 'a1

(* use why3.Tuple2.Tuple21 *)

function add_with_overflow (a:t17) (b:t17) : (t17, bool) = (add a b,
  if not in_bounds (infix_pl (tqtint a) (tqtint b)) then True else False)

function sub_with_overflow (a:t17) (b:t17) : (t17, bool) = (sub a b,
  if not in_bounds (infix_mn (tqtint a) (tqtint b)) then True else False)

function mul_with_overflow (a:t17) (b:t17) : (t17, bool) = (mul a b,
  if not in_bounds (infix_as (tqtint a) (tqtint b)) then True else False)

(* use creusot.int.UInt8 *)

type seq 'a

(* meta infinite_type type seq *)

function length (seq 'a) : int

axiom length_nonnegative [@useraxiom] :
  forall s:seq 'a. infix_lseq 0 (length s)

(* meta remove_unused:dependency prop length_nonnegative, function length *)

function get (seq 'a) int : 'a

function mixfix_lbrb (s:seq 'a) (i:int) : 'a = get s i

predicate infix_eqeq (seq 'a) (seq 'a)

axiom infix_eqeqqtspecqt0 [@W:non_conservative_extension:N] :
  forall s1:seq 'a, s2:seq 'a.
   [@hyp_name:Ensures]
   infix_eqeq s1 s2 <->
   ([@asym_split] length s1 = length s2) &&
   (forall i:int.
     infix_lseq 0 i /\ infix_ls i (length s1) ->
     mixfix_lbrb s1 i = mixfix_lbrb s2 i)

axiom infix_eqeqqtspec [@W:non_conservative_extension:N] :
  forall s1:seq 'a, s2:seq 'a.
   [@hyp_name:Ensures] infix_eqeq s1 s2 -> s1 = s2

(* meta remove_unused:dependency prop infix_eqeqqtspecqt0,
  predicate infix_eqeq *)

(* meta remove_unused:dependency prop infix_eqeqqtspec,
  predicate infix_eqeq *)

(* meta extensionality predicate infix_eqeq *)

type (->) 'a 'b

function infix_at ('a -> 'b) 'a : 'b

(* use why3.HighOrd.HighOrd *)

function create int (int -> 'a) : seq 'a

axiom createqtspecqt0 [@W:non_conservative_extension:N] :
  forall len:int, f:int -> 'a.
   ([@hyp_name:Requires] infix_lseq 0 len) ->
   ([@hyp_name:Ensures] length (create len f) = len)

axiom createqtspec [@W:non_conservative_extension:N] :
  forall len:int, f:int -> 'a.
   ([@hyp_name:Requires] infix_lseq 0 len) ->
   ([@hyp_name:Ensures]
    forall i:int.
     infix_lseq 0 i /\ infix_ls i len ->
     mixfix_lbrb (create len f) i = infix_at f i)

(* meta remove_unused:dependency prop createqtspecqt0, function create *)

(* meta remove_unused:dependency prop createqtspec, function create *)

constant empty : seq 'a

axiom emptyqtdef [@W:non_conservative_extension:N] :
  [@hyp_name:Ensures] length (empty: seq 'a) = 0

(* meta remove_unused:dependency prop emptyqtdef, constant empty *)

function set (seq 'a) int 'a : seq 'a

axiom setqtdef [@W:non_conservative_extension:N] :
  forall s:seq 'a, i:int, v:'a.
   ([@hyp_name:Requires] infix_lseq 0 i /\ infix_ls i (length s)) ->
   set s i v =
   create (length s) (fun (j:int) -> if j = i then v else mixfix_lbrb s j)

axiom setqtspecqt1 [@W:non_conservative_extension:N] :
  forall s:seq 'a, i:int, v:'a.
   ([@hyp_name:Requires] infix_lseq 0 i /\ infix_ls i (length s)) ->
   ([@hyp_name:Ensures] length (set s i v) = length s)

axiom setqtspecqt0 [@W:non_conservative_extension:N] :
  forall s:seq 'a, i:int, v:'a.
   ([@hyp_name:Requires] infix_lseq 0 i /\ infix_ls i (length s)) ->
   ([@hyp_name:Ensures] mixfix_lbrb (set s i v) i = v)

axiom setqtspec [@W:non_conservative_extension:N] :
  forall s:seq 'a, i:int, v:'a.
   ([@hyp_name:Requires] infix_lseq 0 i /\ infix_ls i (length s)) ->
   ([@hyp_name:Ensures]
    forall j:int.
     (infix_lseq 0 j /\ infix_ls j (length s)) /\ not j = i ->
     mixfix_lbrb (set s i v) j = mixfix_lbrb s j)

(* meta remove_unused:dependency prop setqtdef, function set *)

(* meta remove_unused:dependency prop setqtspecqt1, function set *)

(* meta remove_unused:dependency prop setqtspecqt0, function set *)

(* meta remove_unused:dependency prop setqtspec, function set *)

function mixfix_lblsmnrb (seq 'a) int 'a : seq 'a

axiom mixfix_lblsmnrbqtdef [@W:non_conservative_extension:N] :
  forall s:seq 'a, i:int, v:'a.
   ([@hyp_name:Requires] infix_lseq 0 i /\ infix_ls i (length s)) ->
   mixfix_lblsmnrb s i v = set s i v

(* meta remove_unused:dependency prop mixfix_lblsmnrbqtdef,
  function mixfix_lblsmnrb *)

function singleton (v:'a) : seq 'a =
  create 1 (fun (us [@__dummy__]:int) -> v)

axiom singletonqtspecqt0 [@W:non_conservative_extension:N] :
  forall v:'a. [@hyp_name:Ensures] length (singleton v) = 1

axiom singletonqtspec [@W:non_conservative_extension:N] :
  forall v:'a. [@hyp_name:Ensures] mixfix_lbrb (singleton v) 0 = v

(* meta remove_unused:dependency prop singletonqtspecqt0,
  function singleton *)

(* meta remove_unused:dependency prop singletonqtspec, function singleton *)

function cons (x:'a) (s:seq 'a) : seq 'a =
  create (infix_pl 1 (length s))
  (fun (i:int) -> if i = 0 then x else mixfix_lbrb s (infix_mn i 1))

axiom consqtspecqt1 [@W:non_conservative_extension:N] :
  forall x:'a, s:seq 'a.
   [@hyp_name:Ensures] length (cons x s) = infix_pl 1 (length s)

axiom consqtspecqt0 [@W:non_conservative_extension:N] :
  forall x:'a, s:seq 'a. [@hyp_name:Ensures] mixfix_lbrb (cons x s) 0 = x

axiom consqtspec [@W:non_conservative_extension:N] :
  forall x:'a, s:seq 'a.
   [@hyp_name:Ensures]
   forall i:int.
    infix_ls 0 i /\ infix_lseq i (length s) ->
    mixfix_lbrb (cons x s) i = mixfix_lbrb s (infix_mn i 1)

(* meta remove_unused:dependency prop consqtspecqt1, function cons *)

(* meta remove_unused:dependency prop consqtspecqt0, function cons *)

(* meta remove_unused:dependency prop consqtspec, function cons *)

function snoc (s:seq 'a) (x:'a) : seq 'a =
  create (infix_pl 1 (length s))
  (fun (i:int) -> if i = length s then x else mixfix_lbrb s i)

axiom snocqtspecqt1 [@W:non_conservative_extension:N] :
  forall s:seq 'a, x:'a.
   [@hyp_name:Ensures] length (snoc s x) = infix_pl 1 (length s)

axiom snocqtspecqt0 [@W:non_conservative_extension:N] :
  forall s:seq 'a, x:'a.
   [@hyp_name:Ensures] mixfix_lbrb (snoc s x) (length s) = x

axiom snocqtspec [@W:non_conservative_extension:N] :
  forall s:seq 'a, x:'a.
   [@hyp_name:Ensures]
   forall i:int.
    infix_lseq 0 i /\ infix_ls i (length s) ->
    mixfix_lbrb (snoc s x) i = mixfix_lbrb s i

(* meta remove_unused:dependency prop snocqtspecqt1, function snoc *)

(* meta remove_unused:dependency prop snocqtspecqt0, function snoc *)

(* meta remove_unused:dependency prop snocqtspec, function snoc *)

function mixfix_lbdtdtrb (seq 'a) int int : seq 'a

axiom mixfix_lbdtdtrbqtdef [@W:non_conservative_extension:N] :
  forall s:seq 'a, i:int, j:int.
   ([@hyp_name:Requires]
    infix_lseq 0 i /\ infix_lseq i j /\ infix_lseq j (length s)) ->
   mixfix_lbdtdtrb s i j =
   create (infix_mn j i) (fun (k:int) -> mixfix_lbrb s (infix_pl i k))

axiom mixfix_lbdtdtrbqtspecqt0 [@W:non_conservative_extension:N] :
  forall s:seq 'a, i:int, j:int.
   ([@hyp_name:Requires]
    infix_lseq 0 i /\ infix_lseq i j /\ infix_lseq j (length s)) ->
   ([@hyp_name:Ensures] length (mixfix_lbdtdtrb s i j) = infix_mn j i)

axiom mixfix_lbdtdtrbqtspec [@W:non_conservative_extension:N] :
  forall s:seq 'a, i:int, j:int.
   ([@hyp_name:Requires]
    infix_lseq 0 i /\ infix_lseq i j /\ infix_lseq j (length s)) ->
   ([@hyp_name:Ensures]
    forall k:int.
     infix_lseq 0 k /\ infix_ls k (infix_mn j i) ->
     mixfix_lbrb (mixfix_lbdtdtrb s i j) k = mixfix_lbrb s (infix_pl i k))

(* meta remove_unused:dependency prop mixfix_lbdtdtrbqtdef,
  function mixfix_lbdtdtrb *)

(* meta remove_unused:dependency prop mixfix_lbdtdtrbqtspecqt0,
  function mixfix_lbdtdtrb *)

(* meta remove_unused:dependency prop mixfix_lbdtdtrbqtspec,
  function mixfix_lbdtdtrb *)

function mixfix_lb_dtdtrb (seq 'a) int : seq 'a

axiom mixfix_lb_dtdtrbqtdef [@W:non_conservative_extension:N] :
  forall s:seq 'a, i:int.
   ([@hyp_name:Requires] infix_lseq 0 i /\ infix_lseq i (length s)) ->
   mixfix_lb_dtdtrb s i = mixfix_lbdtdtrb s i (length s)

(* meta remove_unused:dependency prop mixfix_lb_dtdtrbqtdef,
  function mixfix_lb_dtdtrb *)

function mixfix_lbdtdt_rb (seq 'a) int : seq 'a

axiom mixfix_lbdtdt_rbqtdef [@W:non_conservative_extension:N] :
  forall s:seq 'a, j:int.
   ([@hyp_name:Requires] infix_lseq 0 j /\ infix_lseq j (length s)) ->
   mixfix_lbdtdt_rb s j = mixfix_lbdtdtrb s 0 j

(* meta remove_unused:dependency prop mixfix_lbdtdt_rbqtdef,
  function mixfix_lbdtdt_rb *)

function infix_plpl (s1:seq 'a) (s2:seq 'a) : seq 'a =
  let l = length s1 in
  create (infix_pl l (length s2))
  (fun (i:int) ->
    if infix_ls i l then mixfix_lbrb s1 i else mixfix_lbrb s2 (infix_mn i l))

axiom infix_plplqtspecqt1 [@W:non_conservative_extension:N] :
  forall s1:seq 'a, s2:seq 'a.
   [@hyp_name:Ensures]
   length (infix_plpl s1 s2) = infix_pl (length s1) (length s2)

axiom infix_plplqtspecqt0 [@W:non_conservative_extension:N] :
  forall s1:seq 'a, s2:seq 'a.
   [@hyp_name:Ensures]
   forall i:int.
    infix_lseq 0 i /\ infix_ls i (length s1) ->
    mixfix_lbrb (infix_plpl s1 s2) i = mixfix_lbrb s1 i

axiom infix_plplqtspec [@W:non_conservative_extension:N] :
  forall s1:seq 'a, s2:seq 'a.
   [@hyp_name:Ensures]
   forall i:int.
    infix_lseq (length s1) i /\ infix_ls i (length (infix_plpl s1 s2)) ->
    mixfix_lbrb (infix_plpl s1 s2) i =
    mixfix_lbrb s2 (infix_mn i (length s1))

(* meta remove_unused:dependency prop infix_plplqtspecqt1,
  function infix_plpl *)

(* meta remove_unused:dependency prop infix_plplqtspecqt0,
  function infix_plpl *)

(* meta remove_unused:dependency prop infix_plplqtspec,
  function infix_plpl *)

(* use seq.Seq *)

type t18 = <range 0 18446744073709551615>

function tqtint1 t18 : int

constant tqtmaxInt1 : int = 18446744073709551615

constant tqtminInt1 : int = 0

predicate tqteq1 (a:t18) (b:t18) = tqtint1 a = tqtint1 b

axiom tqtinj1 [@W:non_conservative_extension:N] :
  forall a:t18, b:t18. tqteq1 a b -> a = b

(* meta range_type type t18, function tqtint1 *)

(* meta model_projection function tqtint1 *)

(* meta remove_unused:dependency prop tqtinj1, predicate tqteq1 *)

constant two_power_size1 : int = 0x10000000000000000

axiom extensionality1 [@useraxiom] :
  forall x:t18, y:t18 [tqtint1 x, tqtint1 y]. tqtint1 x = tqtint1 y -> x = y

predicate in_bounds1 [@inline:trivial] (n:int) =
  infix_lseq 0 n /\ infix_lseq n 0xFFFFFFFFFFFFFFFF

function of_int1 int : t18

axiom to_of_int1 [@useraxiom] :
  forall x:int [of_int1 x]. in_bounds1 x -> tqtint1 (of_int1 x) = x

function add1 t18 t18 : t18

axiom add_in_bounds1 [@useraxiom] :
  forall x:t18, y:t18 [add1 x y].
   in_bounds1 (infix_pl (tqtint1 x) (tqtint1 y)) ->
   tqtint1 (add1 x y) = infix_pl (tqtint1 x) (tqtint1 y)

axiom add_wrapping1 [@useraxiom] :
  forall x:t18, y:t18 [add1 x y].
   exists k:int.
    tqtint1 (add1 x y) =
    infix_pl (infix_pl (tqtint1 x) (tqtint1 y)) (infix_as k two_power_size1)

function sub1 t18 t18 : t18

axiom sub_in_bounds1 [@useraxiom] :
  forall x:t18, y:t18 [sub1 x y].
   in_bounds1 (infix_mn (tqtint1 x) (tqtint1 y)) ->
   tqtint1 (sub1 x y) = infix_mn (tqtint1 x) (tqtint1 y)

axiom sub_wrapping1 [@useraxiom] :
  forall x:t18, y:t18 [sub1 x y].
   exists k:int.
    tqtint1 (sub1 x y) =
    infix_pl (infix_mn (tqtint1 x) (tqtint1 y)) (infix_as k two_power_size1)

function mul1 t18 t18 : t18

axiom mul_in_bounds1 [@useraxiom] :
  forall x:t18, y:t18 [mul1 x y].
   in_bounds1 (infix_as (tqtint1 x) (tqtint1 y)) ->
   tqtint1 (mul1 x y) = infix_as (tqtint1 x) (tqtint1 y)

axiom mul_wrapping1 [@useraxiom] :
  forall x:t18, y:t18 [mul1 x y].
   exists k:int.
    tqtint1 (mul1 x y) =
    infix_pl (infix_as (tqtint1 x) (tqtint1 y)) (infix_as k two_power_size1)

function neg1 t18 : t18

axiom neg_zero1 [@useraxiom] :
  forall x:t18 [neg1 x]. tqtint1 x = 0 -> tqtint1 (neg1 x) = 0

axiom neg_not_zero1 [@useraxiom] :
  forall x:t18 [neg1 x].
   infix_ls 0 (tqtint1 x) /\ infix_lseq (tqtint1 x) 0xFFFFFFFFFFFFFFFF ->
   tqtint1 (neg1 x) = infix_mn two_power_size1 (tqtint1 x)

function of_bool1 [@inline:trivial] (b:bool) : t18 =
  if b = True then (1:t18) else (0:t18)

predicate le1 [@inline:trivial] (a:t18) (b:t18) =
  infix_lseq (tqtint1 a) (tqtint1 b)

predicate lt1 [@inline:trivial] (a:t18) (b:t18) =
  infix_ls (tqtint1 a) (tqtint1 b)

predicate ge1 [@inline:trivial] (a:t18) (b:t18) =
  infix_gteq (tqtint1 a) (tqtint1 b)

predicate gt1 [@inline:trivial] (a:t18) (b:t18) =
  infix_gt (tqtint1 a) (tqtint1 b)

function bw_and1 t18 t18 : t18

function bw_or1 t18 t18 : t18

function bw_xor1 t18 t18 : t18

function bw_not1 t18 : t18

function shl1 t18 t18 : t18

function shr1 t18 t18 : t18

function nth1 t18 int : bool

function add_with_overflow1 (a:t18) (b:t18) : (t18, bool) = (add1 a b,
  if not in_bounds1 (infix_pl (tqtint1 a) (tqtint1 b)) then True else False)

function sub_with_overflow1 (a:t18) (b:t18) : (t18, bool) = (sub1 a b,
  if not in_bounds1 (infix_mn (tqtint1 a) (tqtint1 b)) then True else False)

function mul_with_overflow1 (a:t18) (b:t18) : (t18, bool) = (mul1 a b,
  if not in_bounds1 (infix_as (tqtint1 a) (tqtint1 b)) then True else False)

(* use creusot.int.UInt64 *)

function any_l 'a : 'b

(* use creusot.prelude.Any *)

type t_Method

type t_MethodModel =
  | Options
  | Get
  | Post
  | Put
  | Delete
  | Head
  | Trace
  | Connect
  | Patch
  | Query
  | ExtensionInline (seq t17) int
  | ExtensionAllocated (seq t17)

constant const_MAX : t18 = (15:t18)

predicate is_method_char_model (byte:t17) =
  infix_lseq 33 (tqtint byte) /\
  infix_lseq (tqtint byte) 126 /\
  not tqtint byte = 34 /\
  not tqtint byte = 40 /\
  not tqtint byte = 41 /\
  not tqtint byte = 44 /\
  not tqtint byte = 47 /\
  not tqtint byte = 58 /\
  not tqtint byte = 59 /\
  not tqtint byte = 60 /\
  not tqtint byte = 61 /\
  not tqtint byte = 62 /\
  not tqtint byte = 63 /\
  not tqtint byte = 64 /\
  not tqtint byte = 91 /\
  not tqtint byte = 92 /\
  not tqtint byte = 93 /\ not tqtint byte = 123 /\ not tqtint byte = 125

predicate all_method_chars_valid (bytes:seq t17) =
  forall i:int.
   infix_lseq 0 i /\ infix_ls i (length bytes) ->
   is_method_char_model (get bytes i)

predicate method_text_matches (left:seq t17) (right:seq t17) =
  length left = length right /\
  (forall i:int.
    infix_lseq 0 i /\ infix_ls i (length left) -> get left i = get right i)

function method_model_text (method:t_MethodModel) : seq t17 =
  match method with
  | Options ->
      create 7
      ([@funlit]
       fun (xqtx:int) ->
        if xqtx = 0 then (79:t17)
        else if xqtx = 1 then (80:t17)
             else if xqtx = 2 then (84:t17)
                  else if xqtx = 3 then (73:t17)
                       else if xqtx = 4 then (79:t17)
                            else if xqtx = 5 then (78:t17)
                                 else if xqtx = 6 then (83:t17) else (83:t17))
  | Get ->
      create 3
      ([@funlit]
       fun (xqtx:int) ->
        if xqtx = 0 then (71:t17)
        else if xqtx = 1 then (69:t17)
             else if xqtx = 2 then (84:t17) else (84:t17))
  | Post ->
      create 4
      ([@funlit]
       fun (xqtx:int) ->
        if xqtx = 0 then (80:t17)
        else if xqtx = 1 then (79:t17)
             else if xqtx = 2 then (83:t17)
                  else if xqtx = 3 then (84:t17) else (84:t17))
  | Put ->
      create 3
      ([@funlit]
       fun (xqtx:int) ->
        if xqtx = 0 then (80:t17)
        else if xqtx = 1 then (85:t17)
             else if xqtx = 2 then (84:t17) else (84:t17))
  | Delete ->
      create 6
      ([@funlit]
       fun (xqtx:int) ->
        if xqtx = 0 then (68:t17)
        else if xqtx = 1 then (69:t17)
             else if xqtx = 2 then (76:t17)
                  else if xqtx = 3 then (69:t17)
                       else if xqtx = 4 then (84:t17)
                            else if xqtx = 5 then (69:t17) else (69:t17))
  | Head ->
      create 4
      ([@funlit]
       fun (xqtx:int) ->
        if xqtx = 0 then (72:t17)
        else if xqtx = 1 then (69:t17)
             else if xqtx = 2 then (65:t17)
                  else if xqtx = 3 then (68:t17) else (68:t17))
  | Trace ->
      create 5
      ([@funlit]
       fun (xqtx:int) ->
        if xqtx = 0 then (84:t17)
        else if xqtx = 1 then (82:t17)
             else if xqtx = 2 then (65:t17)
                  else if xqtx = 3 then (67:t17)
                       else if xqtx = 4 then (69:t17) else (69:t17))
  | Connect ->
      create 7
      ([@funlit]
       fun (xqtx:int) ->
        if xqtx = 0 then (67:t17)
        else if xqtx = 1 then (79:t17)
             else if xqtx = 2 then (78:t17)
                  else if xqtx = 3 then (78:t17)
                       else if xqtx = 4 then (69:t17)
                            else if xqtx = 5 then (67:t17)
                                 else if xqtx = 6 then (84:t17) else (84:t17))
  | Patch ->
      create 5
      ([@funlit]
       fun (xqtx:int) ->
        if xqtx = 0 then (80:t17)
        else if xqtx = 1 then (65:t17)
             else if xqtx = 2 then (84:t17)
                  else if xqtx = 3 then (67:t17)
                       else if xqtx = 4 then (72:t17) else (72:t17))
  | Query ->
      create 5
      ([@funlit]
       fun (xqtx:int) ->
        if xqtx = 0 then (81:t17)
        else if xqtx = 1 then (85:t17)
             else if xqtx = 2 then (69:t17)
                  else if xqtx = 3 then (82:t17)
                       else if xqtx = 4 then (89:t17) else (89:t17))
  | ExtensionInline data len -> mixfix_lbdtdtrb data 0 len
  | ExtensionAllocated data -> data
  end

predicate is_known_method_text (bytes:seq t17) =
  if length bytes = 3
  then method_text_matches bytes (method_model_text Get) \/
       method_text_matches bytes (method_model_text Put)
  else if length bytes = 4
       then method_text_matches bytes (method_model_text Post) \/
            method_text_matches bytes (method_model_text Head)
       else if length bytes = 5
            then method_text_matches bytes (method_model_text Patch) \/
                 method_text_matches bytes (method_model_text Trace) \/
                 method_text_matches bytes (method_model_text Query)
            else if length bytes = 6
                 then method_text_matches bytes (method_model_text Delete)
                 else if length bytes = 7
                      then method_text_matches bytes
                           (method_model_text Options) \/
                           method_text_matches bytes
                           (method_model_text Connect)
                      else false

predicate method_model_is_canonical (method:t_MethodModel) =
  match method with
  | ExtensionInline data len ->
      length data = tqtint1 const_MAX /\
      infix_ls 0 len /\
      infix_lseq len (tqtint1 const_MAX) /\
      all_method_chars_valid (mixfix_lbdtdtrb data 0 len) /\
      (forall i:int.
        infix_lseq len i /\ infix_ls i (length data) -> get data i = (0:t17)) /\
      not is_known_method_text (mixfix_lbdtdtrb data 0 len)
  | ExtensionAllocated data ->
      infix_gt (length data) (tqtint1 const_MAX) /\
      all_method_chars_valid data /\ not is_known_method_text data
  | _ -> true
  end

function method_repr t_Method : t_MethodModel

predicate invariant_Method (self:t_Method) =
  method_model_is_canonical (method_repr self)

predicate inv_Method t_Method

axiom inv_axiom [@useraxiom] :
  forall x:t_Method [inv_Method x]. inv_Method x -> invariant_Method x

type t_Uri

type t_Version

type t_HeaderMap_HeaderValue

type t_Extensions

type t_Parts =
  | T_Partsqtmk [@builtin] (method:t_Method) (uri:t_Uri) (version:t_Version)
      (headers:t_HeaderMap_HeaderValue) (extensions:t_Extensions) (uspriv:
      unit)

(* meta model_record function uspriv *)

(* meta model_record function extensions *)

(* meta model_record function headers *)

(* meta model_record function version *)

(* meta model_record function uri *)

(* meta model_record function method *)

predicate resolve_Method t_Method

type t_T

type closure0 =
  | Closure0qtmk [@builtin] (c0:t_T)

(* meta model_record function c0 *)

type t_Error

type t_Result_Method_Error =
  | Ok t_Method
  | Err t_Error

predicate inv_T t_T

predicate precondition_try_into unit t_T

axiom precondition_fndef [@useraxiom] :
  forall args:t_T [precondition_try_into () args].
   (let self_ = args in inv_T self_) -> precondition_try_into () args

predicate inv_Error t_Error

predicate inv_Result_Method_Error t_Result_Method_Error

axiom inv_axiomqt0 [@useraxiom] [@rewrite] :
  forall x:t_Result_Method_Error [inv_Result_Method_Error x].
   inv_Result_Method_Error x <->
   match x with
   | Ok f0 -> inv_Method f0
   | Err f0 -> inv_Error f0
   end

predicate postcondition_once_try_into unit t_T t_Result_Method_Error

axiom postcondition_fndef [@useraxiom] :
  forall args:t_T, res:t_Result_Method_Error
   [postcondition_once_try_into () args res].
   postcondition_once_try_into () args res ->
   (let self_ = args in inv_Result_Method_Error res)

(* meta syntax_type type int, "int", 0 *)

(* meta syntax_type type real, "real", 0 *)

(* meta syntax_logic predicate infix_eq, "(%1 = %2)", 0 *)

(* meta encoding:ignore_polymorphism_ls predicate infix_eq *)

goal vc_try_into_T : [@coma:solid] true

end
theory Task

type int

type real

type string

predicate infix_eq 'a 'a

(* use why3.BuiltIn.BuiltIn *)

type bool =
  | True
  | False

(* use why3.Bool.Bool *)

type tuple0 =
  | Tuple0 [@builtin]

(* use why3.Tuple0.Tuple01 *)

type unit [@builtin] = unit

(* use why3.Unit.Unit *)

constant zero : int = 0

constant one : int = 1

function prefix_mn int : int

function infix_pl int int : int

function infix_as int int : int

predicate infix_ls int int

function infix_mn (x:int) (y:int) : int = infix_pl x (prefix_mn y)

predicate infix_gt (x:int) (y:int) = infix_ls y x

predicate infix_lseq (x:int) (y:int) = infix_ls x y \/ x = y

predicate infix_gteq (x:int) (y:int) = infix_lseq y x

axiom Assoc :
  forall x:int, y:int, z:int.
   infix_pl (infix_pl x y) z = infix_pl x (infix_pl y z)

(* clone algebra.Assoc with type t = int, function op = infix_pl,
  prop Assoc1 = Assoc,  *)

axiom Unit_def_l : forall x:int. infix_pl zero x = x

axiom Unit_def_r : forall x:int. infix_pl x zero = x

(* clone algebra.Monoid with type t1 = int, constant unit = zero,
  function op1 = infix_pl, prop Unit_def_r1 = Unit_def_r,
  prop Unit_def_l1 = Unit_def_l, prop Assoc2 = Assoc,  *)

axiom Inv_def_l : forall x:int. infix_pl (prefix_mn x) x = zero

axiom Inv_def_r : forall x:int. infix_pl x (prefix_mn x) = zero

(* clone algebra.Group with type t2 = int, function inv = prefix_mn,
  constant unit1 = zero, function op2 = infix_pl,
  prop Inv_def_r1 = Inv_def_r, prop Inv_def_l1 = Inv_def_l,
  prop Unit_def_r2 = Unit_def_r, prop Unit_def_l2 = Unit_def_l,
  prop Assoc3 = Assoc,  *)

axiom Comm : forall x:int, y:int. infix_pl x y = infix_pl y x

(* clone algebra.Comm with type t3 = int, function op3 = infix_pl,
  prop Comm1 = Comm,  *)

(* meta AC function infix_pl *)

(* clone algebra.CommutativeGroup with type t4 = int,
  function inv1 = prefix_mn, constant unit2 = zero, function op4 = infix_pl,
  prop Comm2 = Comm, prop Inv_def_r2 = Inv_def_r,
  prop Inv_def_l2 = Inv_def_l, prop Unit_def_r3 = Unit_def_r,
  prop Unit_def_l3 = Unit_def_l, prop Assoc4 = Assoc,  *)

axiom Assoc5 :
  forall x:int, y:int, z:int.
   infix_as (infix_as x y) z = infix_as x (infix_as y z)

(* clone algebra.Assoc with type t = int, function op = infix_as,
  prop Assoc1 = Assoc5,  *)

axiom Mul_distr_l :
  forall x:int, y:int, z:int.
   infix_as x (infix_pl y z) = infix_pl (infix_as x y) (infix_as x z)

axiom Mul_distr_r :
  forall x:int, y:int, z:int.
   infix_as (infix_pl y z) x = infix_pl (infix_as y x) (infix_as z x)

(* clone algebra.Ring with type t5 = int, function infix_as1 = infix_as,
  function prefix_mn1 = prefix_mn, function infix_pl1 = infix_pl,
  constant zero1 = zero, prop Mul_distr_r1 = Mul_distr_r,
  prop Mul_distr_l1 = Mul_distr_l, prop Assoc6 = Assoc5, prop Comm3 = Comm,
  prop Inv_def_r3 = Inv_def_r, prop Inv_def_l3 = Inv_def_l,
  prop Unit_def_r4 = Unit_def_r, prop Unit_def_l4 = Unit_def_l,
  prop Assoc7 = Assoc,  *)

axiom Comm4 : forall x:int, y:int. infix_as x y = infix_as y x

(* clone algebra.Comm with type t3 = int, function op3 = infix_as,
  prop Comm1 = Comm4,  *)

(* meta AC function infix_as *)

(* clone algebra.CommutativeRing with type t6 = int,
  function infix_as2 = infix_as, function prefix_mn2 = prefix_mn,
  function infix_pl2 = infix_pl, constant zero2 = zero, prop Comm5 = Comm4,
  prop Mul_distr_r2 = Mul_distr_r, prop Mul_distr_l2 = Mul_distr_l,
  prop Assoc8 = Assoc5, prop Comm6 = Comm, prop Inv_def_r4 = Inv_def_r,
  prop Inv_def_l4 = Inv_def_l, prop Unit_def_r5 = Unit_def_r,
  prop Unit_def_l5 = Unit_def_l, prop Assoc9 = Assoc,  *)

axiom Unitary : forall x:int. infix_as one x = x

axiom NonTrivialRing : not zero = one

(* clone algebra.UnitaryCommutativeRing with type t7 = int,
  constant one1 = one, function infix_as3 = infix_as,
  function prefix_mn3 = prefix_mn, function infix_pl3 = infix_pl,
  constant zero3 = zero, prop NonTrivialRing1 = NonTrivialRing,
  prop Unitary1 = Unitary, prop Comm7 = Comm4,
  prop Mul_distr_r3 = Mul_distr_r, prop Mul_distr_l3 = Mul_distr_l,
  prop Assoc10 = Assoc5, prop Comm8 = Comm, prop Inv_def_r5 = Inv_def_r,
  prop Inv_def_l5 = Inv_def_l, prop Unit_def_r6 = Unit_def_r,
  prop Unit_def_l6 = Unit_def_l, prop Assoc11 = Assoc,  *)

(* clone relations.EndoRelation with type t8 = int,
  predicate rel = infix_lseq,  *)

axiom Refl : forall x:int. infix_lseq x x

(* clone relations.Reflexive with type t9 = int, predicate rel1 = infix_lseq,
  prop Refl1 = Refl,  *)

(* clone relations.EndoRelation with type t8 = int,
  predicate rel = infix_lseq,  *)

axiom Trans :
  forall x:int, y:int, z:int.
   infix_lseq x y -> infix_lseq y z -> infix_lseq x z

(* clone relations.Transitive with type t10 = int,
  predicate rel2 = infix_lseq, prop Trans1 = Trans,  *)

(* clone relations.PreOrder with type t11 = int, predicate rel3 = infix_lseq,
  prop Trans2 = Trans, prop Refl2 = Refl,  *)

(* clone relations.EndoRelation with type t8 = int,
  predicate rel = infix_lseq,  *)

axiom Antisymm :
  forall x:int, y:int. infix_lseq x y -> infix_lseq y x -> x = y

(* clone relations.Antisymmetric with type t12 = int,
  predicate rel4 = infix_lseq, prop Antisymm1 = Antisymm,  *)

(* clone relations.PartialOrder with type t13 = int,
  predicate rel5 = infix_lseq, prop Antisymm2 = Antisymm,
  prop Trans3 = Trans, prop Refl3 = Refl,  *)

(* clone relations.EndoRelation with type t8 = int,
  predicate rel = infix_lseq,  *)

axiom Total : forall x:int, y:int. infix_lseq x y \/ infix_lseq y x

(* clone relations.Total with type t14 = int, predicate rel6 = infix_lseq,
  prop Total1 = Total,  *)

(* clone relations.TotalOrder with type t15 = int,
  predicate rel7 = infix_lseq, prop Total2 = Total,
  prop Antisymm3 = Antisymm, prop Trans4 = Trans, prop Refl4 = Refl,  *)

axiom ZeroLessOne : infix_lseq zero one

axiom CompatOrderAdd :
  forall x:int, y:int, z:int.
   infix_lseq x y -> infix_lseq (infix_pl x z) (infix_pl y z)

axiom CompatOrderMult :
  forall x:int, y:int, z:int.
   infix_lseq x y ->
   infix_lseq zero z -> infix_lseq (infix_as x z) (infix_as y z)

(* meta remove_unused:dependency prop CompatOrderMult, function infix_as *)

(* clone algebra.OrderedUnitaryCommutativeRing with type t16 = int,
  predicate infix_lseq1 = infix_lseq, constant one2 = one,
  function infix_as4 = infix_as, function prefix_mn4 = prefix_mn,
  function infix_pl4 = infix_pl, constant zero4 = zero,
  prop CompatOrderMult1 = CompatOrderMult,
  prop CompatOrderAdd1 = CompatOrderAdd, prop ZeroLessOne1 = ZeroLessOne,
  prop Total3 = Total, prop Antisymm4 = Antisymm, prop Trans5 = Trans,
  prop Refl5 = Refl, prop NonTrivialRing2 = NonTrivialRing,
  prop Unitary2 = Unitary, prop Comm9 = Comm4,
  prop Mul_distr_r4 = Mul_distr_r, prop Mul_distr_l4 = Mul_distr_l,
  prop Assoc12 = Assoc5, prop Comm10 = Comm, prop Inv_def_r6 = Inv_def_r,
  prop Inv_def_l6 = Inv_def_l, prop Unit_def_r7 = Unit_def_r,
  prop Unit_def_l7 = Unit_def_l, prop Assoc13 = Assoc,  *)

(* meta remove_unused:keep function infix_pl *)

(* meta remove_unused:keep function infix_mn *)

(* meta remove_unused:keep function prefix_mn *)

(* meta remove_unused:keep predicate infix_ls *)

(* meta remove_unused:keep predicate infix_lseq *)

(* meta remove_unused:keep predicate infix_gt *)

(* meta remove_unused:keep predicate infix_gteq *)

(* use int.Int *)

function abs (x:int) : int = if infix_gteq x 0 then x else prefix_mn x

axiom Abs_le :
  forall x:int, y:int.
   infix_lseq (abs x) y <-> infix_lseq (prefix_mn y) x /\ infix_lseq x y

(* meta remove_unused:dependency prop Abs_le, function abs *)

axiom Abs_pos : forall x:int. infix_gteq (abs x) 0

(* meta remove_unused:dependency prop Abs_pos, function abs *)

(* use int.Abs *)

function div int int : int

function mod int int : int

axiom Div_mod [@useraxiom] :
  forall x:int, y:int.
   not y = 0 -> x = infix_pl (infix_as y (div x y)) (mod x y)

(* meta remove_unused:dependency prop Div_mod, function div *)

(* meta remove_unused:dependency prop Div_mod, function mod *)

axiom Div_bound [@useraxiom] :
  forall x:int, y:int.
   infix_gteq x 0 /\ infix_gt y 0 ->
   infix_lseq 0 (div x y) /\ infix_lseq (div x y) x

(* meta remove_unused:dependency prop Div_bound, function div *)

(* meta remove_unused:dependency prop Div_bound, function mod *)

axiom Mod_bound [@useraxiom] :
  forall x:int, y:int.
   not y = 0 ->
   infix_ls (prefix_mn (abs y)) (mod x y) /\ infix_ls (mod x y) (abs y)

(* meta remove_unused:dependency prop Mod_bound, function div *)

(* meta remove_unused:dependency prop Mod_bound, function mod *)

axiom Div_sign_pos [@useraxiom] :
  forall x:int, y:int.
   infix_gteq x 0 /\ infix_gt y 0 -> infix_gteq (div x y) 0

(* meta remove_unused:dependency prop Div_sign_pos, function div *)

(* meta remove_unused:dependency prop Div_sign_pos, function mod *)

axiom Div_sign_neg [@useraxiom] :
  forall x:int, y:int.
   infix_lseq x 0 /\ infix_gt y 0 -> infix_lseq (div x y) 0

(* meta remove_unused:dependency prop Div_sign_neg, function div *)

(* meta remove_unused:dependency prop Div_sign_neg, function mod *)

axiom Mod_sign_pos [@useraxiom] :
  forall x:int, y:int. infix_gteq x 0 /\ not y = 0 -> infix_gteq (mod x y) 0

(* meta remove_unused:dependency prop Mod_sign_pos, function div *)

(* meta remove_unused:dependency prop Mod_sign_pos, function mod *)

axiom Mod_sign_neg [@useraxiom] :
  forall x:int, y:int. infix_lseq x 0 /\ not y = 0 -> infix_lseq (mod x y) 0

(* meta remove_unused:dependency prop Mod_sign_neg, function div *)

(* meta remove_unused:dependency prop Mod_sign_neg, function mod *)

axiom Rounds_toward_zero :
  forall x:int, y:int.
   not y = 0 -> infix_lseq (abs (infix_as (div x y) y)) (abs x)

(* meta remove_unused:dependency prop Rounds_toward_zero, function div *)

(* meta remove_unused:dependency prop Rounds_toward_zero, function mod *)

axiom Div_1 : forall x:int. div x 1 = x

(* meta remove_unused:dependency prop Div_1, function div *)

(* meta remove_unused:dependency prop Div_1, function mod *)

axiom Mod_1 : forall x:int. mod x 1 = 0

(* meta remove_unused:dependency prop Mod_1, function div *)

(* meta remove_unused:dependency prop Mod_1, function mod *)

axiom Div_inf :
  forall x:int, y:int. infix_lseq 0 x /\ infix_ls x y -> div x y = 0

(* meta remove_unused:dependency prop Div_inf, function div *)

(* meta remove_unused:dependency prop Div_inf, function mod *)

axiom Mod_inf :
  forall x:int, y:int. infix_lseq 0 x /\ infix_ls x y -> mod x y = x

(* meta remove_unused:dependency prop Mod_inf, function div *)

(* meta remove_unused:dependency prop Mod_inf, function mod *)

axiom Div_mult :
  forall x:int, y:int, z:int [div (infix_pl (infix_as x y) z) x].
   infix_gt x 0 /\ infix_gteq y 0 /\ infix_gteq z 0 ->
   div (infix_pl (infix_as x y) z) x = infix_pl y (div z x)

(* meta remove_unused:dependency prop Div_mult, function div *)

(* meta remove_unused:dependency prop Div_mult, function mod *)

axiom Mod_mult :
  forall x:int, y:int, z:int [mod (infix_pl (infix_as x y) z) x].
   infix_gt x 0 /\ infix_gteq y 0 /\ infix_gteq z 0 ->
   mod (infix_pl (infix_as x y) z) x = mod z x

(* meta remove_unused:dependency prop Mod_mult, function div *)

(* meta remove_unused:dependency prop Mod_mult, function mod *)

(* use int.ComputerDivision *)

(* use mach.int.Int1 *)

type t17 = <range 0 255>

function tqtint t17 : int

constant tqtmaxInt : int = 255

constant tqtminInt : int = 0

predicate tqteq (a:t17) (b:t17) = tqtint a = tqtint b

axiom tqtinj [@W:non_conservative_extension:N] :
  forall a:t17, b:t17. tqteq a b -> a = b

(* meta range_type type t17, function tqtint *)

(* meta model_projection function tqtint *)

(* meta remove_unused:dependency prop tqtinj, predicate tqteq *)

constant two_power_size : int = 0x100

axiom extensionality [@useraxiom] :
  forall x:t17, y:t17 [tqtint x, tqtint y]. tqtint x = tqtint y -> x = y

predicate in_bounds [@inline:trivial] (n:int) =
  infix_lseq 0 n /\ infix_lseq n 0xFF

function of_int int : t17

axiom to_of_int [@useraxiom] :
  forall x:int [of_int x]. in_bounds x -> tqtint (of_int x) = x

function add t17 t17 : t17

axiom add_in_bounds [@useraxiom] :
  forall x:t17, y:t17 [add x y].
   in_bounds (infix_pl (tqtint x) (tqtint y)) ->
   tqtint (add x y) = infix_pl (tqtint x) (tqtint y)

axiom add_wrapping [@useraxiom] :
  forall x:t17, y:t17 [add x y].
   exists k:int.
    tqtint (add x y) =
    infix_pl (infix_pl (tqtint x) (tqtint y)) (infix_as k two_power_size)

function sub t17 t17 : t17

axiom sub_in_bounds [@useraxiom] :
  forall x:t17, y:t17 [sub x y].
   in_bounds (infix_mn (tqtint x) (tqtint y)) ->
   tqtint (sub x y) = infix_mn (tqtint x) (tqtint y)

axiom sub_wrapping [@useraxiom] :
  forall x:t17, y:t17 [sub x y].
   exists k:int.
    tqtint (sub x y) =
    infix_pl (infix_mn (tqtint x) (tqtint y)) (infix_as k two_power_size)

function mul t17 t17 : t17

axiom mul_in_bounds [@useraxiom] :
  forall x:t17, y:t17 [mul x y].
   in_bounds (infix_as (tqtint x) (tqtint y)) ->
   tqtint (mul x y) = infix_as (tqtint x) (tqtint y)

axiom mul_wrapping [@useraxiom] :
  forall x:t17, y:t17 [mul x y].
   exists k:int.
    tqtint (mul x y) =
    infix_pl (infix_as (tqtint x) (tqtint y)) (infix_as k two_power_size)

function neg t17 : t17

axiom neg_zero [@useraxiom] :
  forall x:t17 [neg x]. tqtint x = 0 -> tqtint (neg x) = 0

axiom neg_not_zero [@useraxiom] :
  forall x:t17 [neg x].
   infix_ls 0 (tqtint x) /\ infix_lseq (tqtint x) 0xFF ->
   tqtint (neg x) = infix_mn two_power_size (tqtint x)

function of_bool [@inline:trivial] (b:bool) : t17 =
  if b = True then (1:t17) else (0:t17)

predicate le [@inline:trivial] (a:t17) (b:t17) =
  infix_lseq (tqtint a) (tqtint b)

predicate lt [@inline:trivial] (a:t17) (b:t17) =
  infix_ls (tqtint a) (tqtint b)

predicate ge [@inline:trivial] (a:t17) (b:t17) =
  infix_gteq (tqtint a) (tqtint b)

predicate gt [@inline:trivial] (a:t17) (b:t17) =
  infix_gt (tqtint a) (tqtint b)

function bw_and t17 t17 : t17

function bw_or t17 t17 : t17

function bw_xor t17 t17 : t17

function bw_not t17 : t17

function shl t17 t17 : t17

function shr t17 t17 : t17

function nth t17 int : bool

type tuple2 'a 'a1 =
  | Tuple2 [@builtin] 'a 'a1

(* use why3.Tuple2.Tuple21 *)

function add_with_overflow (a:t17) (b:t17) : (t17, bool) = (add a b,
  if not in_bounds (infix_pl (tqtint a) (tqtint b)) then True else False)

function sub_with_overflow (a:t17) (b:t17) : (t17, bool) = (sub a b,
  if not in_bounds (infix_mn (tqtint a) (tqtint b)) then True else False)

function mul_with_overflow (a:t17) (b:t17) : (t17, bool) = (mul a b,
  if not in_bounds (infix_as (tqtint a) (tqtint b)) then True else False)

(* use creusot.int.UInt8 *)

type seq 'a

(* meta infinite_type type seq *)

function length (seq 'a) : int

axiom length_nonnegative [@useraxiom] :
  forall s:seq 'a. infix_lseq 0 (length s)

(* meta remove_unused:dependency prop length_nonnegative, function length *)

function get (seq 'a) int : 'a

function mixfix_lbrb (s:seq 'a) (i:int) : 'a = get s i

predicate infix_eqeq (seq 'a) (seq 'a)

axiom infix_eqeqqtspecqt0 [@W:non_conservative_extension:N] :
  forall s1:seq 'a, s2:seq 'a.
   [@hyp_name:Ensures]
   infix_eqeq s1 s2 <->
   ([@asym_split] length s1 = length s2) &&
   (forall i:int.
     infix_lseq 0 i /\ infix_ls i (length s1) ->
     mixfix_lbrb s1 i = mixfix_lbrb s2 i)

axiom infix_eqeqqtspec [@W:non_conservative_extension:N] :
  forall s1:seq 'a, s2:seq 'a.
   [@hyp_name:Ensures] infix_eqeq s1 s2 -> s1 = s2

(* meta remove_unused:dependency prop infix_eqeqqtspecqt0,
  predicate infix_eqeq *)

(* meta remove_unused:dependency prop infix_eqeqqtspec,
  predicate infix_eqeq *)

(* meta extensionality predicate infix_eqeq *)

type (->) 'a 'b

function infix_at ('a -> 'b) 'a : 'b

(* use why3.HighOrd.HighOrd *)

function create int (int -> 'a) : seq 'a

axiom createqtspecqt0 [@W:non_conservative_extension:N] :
  forall len:int, f:int -> 'a.
   ([@hyp_name:Requires] infix_lseq 0 len) ->
   ([@hyp_name:Ensures] length (create len f) = len)

axiom createqtspec [@W:non_conservative_extension:N] :
  forall len:int, f:int -> 'a.
   ([@hyp_name:Requires] infix_lseq 0 len) ->
   ([@hyp_name:Ensures]
    forall i:int.
     infix_lseq 0 i /\ infix_ls i len ->
     mixfix_lbrb (create len f) i = infix_at f i)

(* meta remove_unused:dependency prop createqtspecqt0, function create *)

(* meta remove_unused:dependency prop createqtspec, function create *)

constant empty : seq 'a

axiom emptyqtdef [@W:non_conservative_extension:N] :
  [@hyp_name:Ensures] length (empty: seq 'a) = 0

(* meta remove_unused:dependency prop emptyqtdef, constant empty *)

function set (seq 'a) int 'a : seq 'a

axiom setqtdef [@W:non_conservative_extension:N] :
  forall s:seq 'a, i:int, v:'a.
   ([@hyp_name:Requires] infix_lseq 0 i /\ infix_ls i (length s)) ->
   set s i v =
   create (length s) (fun (j:int) -> if j = i then v else mixfix_lbrb s j)

axiom setqtspecqt1 [@W:non_conservative_extension:N] :
  forall s:seq 'a, i:int, v:'a.
   ([@hyp_name:Requires] infix_lseq 0 i /\ infix_ls i (length s)) ->
   ([@hyp_name:Ensures] length (set s i v) = length s)

axiom setqtspecqt0 [@W:non_conservative_extension:N] :
  forall s:seq 'a, i:int, v:'a.
   ([@hyp_name:Requires] infix_lseq 0 i /\ infix_ls i (length s)) ->
   ([@hyp_name:Ensures] mixfix_lbrb (set s i v) i = v)

axiom setqtspec [@W:non_conservative_extension:N] :
  forall s:seq 'a, i:int, v:'a.
   ([@hyp_name:Requires] infix_lseq 0 i /\ infix_ls i (length s)) ->
   ([@hyp_name:Ensures]
    forall j:int.
     (infix_lseq 0 j /\ infix_ls j (length s)) /\ not j = i ->
     mixfix_lbrb (set s i v) j = mixfix_lbrb s j)

(* meta remove_unused:dependency prop setqtdef, function set *)

(* meta remove_unused:dependency prop setqtspecqt1, function set *)

(* meta remove_unused:dependency prop setqtspecqt0, function set *)

(* meta remove_unused:dependency prop setqtspec, function set *)

function mixfix_lblsmnrb (seq 'a) int 'a : seq 'a

axiom mixfix_lblsmnrbqtdef [@W:non_conservative_extension:N] :
  forall s:seq 'a, i:int, v:'a.
   ([@hyp_name:Requires] infix_lseq 0 i /\ infix_ls i (length s)) ->
   mixfix_lblsmnrb s i v = set s i v

(* meta remove_unused:dependency prop mixfix_lblsmnrbqtdef,
  function mixfix_lblsmnrb *)

function singleton (v:'a) : seq 'a =
  create 1 (fun (us [@__dummy__]:int) -> v)

axiom singletonqtspecqt0 [@W:non_conservative_extension:N] :
  forall v:'a. [@hyp_name:Ensures] length (singleton v) = 1

axiom singletonqtspec [@W:non_conservative_extension:N] :
  forall v:'a. [@hyp_name:Ensures] mixfix_lbrb (singleton v) 0 = v

(* meta remove_unused:dependency prop singletonqtspecqt0,
  function singleton *)

(* meta remove_unused:dependency prop singletonqtspec, function singleton *)

function cons (x:'a) (s:seq 'a) : seq 'a =
  create (infix_pl 1 (length s))
  (fun (i:int) -> if i = 0 then x else mixfix_lbrb s (infix_mn i 1))

axiom consqtspecqt1 [@W:non_conservative_extension:N] :
  forall x:'a, s:seq 'a.
   [@hyp_name:Ensures] length (cons x s) = infix_pl 1 (length s)

axiom consqtspecqt0 [@W:non_conservative_extension:N] :
  forall x:'a, s:seq 'a. [@hyp_name:Ensures] mixfix_lbrb (cons x s) 0 = x

axiom consqtspec [@W:non_conservative_extension:N] :
  forall x:'a, s:seq 'a.
   [@hyp_name:Ensures]
   forall i:int.
    infix_ls 0 i /\ infix_lseq i (length s) ->
    mixfix_lbrb (cons x s) i = mixfix_lbrb s (infix_mn i 1)

(* meta remove_unused:dependency prop consqtspecqt1, function cons *)

(* meta remove_unused:dependency prop consqtspecqt0, function cons *)

(* meta remove_unused:dependency prop consqtspec, function cons *)

function snoc (s:seq 'a) (x:'a) : seq 'a =
  create (infix_pl 1 (length s))
  (fun (i:int) -> if i = length s then x else mixfix_lbrb s i)

axiom snocqtspecqt1 [@W:non_conservative_extension:N] :
  forall s:seq 'a, x:'a.
   [@hyp_name:Ensures] length (snoc s x) = infix_pl 1 (length s)

axiom snocqtspecqt0 [@W:non_conservative_extension:N] :
  forall s:seq 'a, x:'a.
   [@hyp_name:Ensures] mixfix_lbrb (snoc s x) (length s) = x

axiom snocqtspec [@W:non_conservative_extension:N] :
  forall s:seq 'a, x:'a.
   [@hyp_name:Ensures]
   forall i:int.
    infix_lseq 0 i /\ infix_ls i (length s) ->
    mixfix_lbrb (snoc s x) i = mixfix_lbrb s i

(* meta remove_unused:dependency prop snocqtspecqt1, function snoc *)

(* meta remove_unused:dependency prop snocqtspecqt0, function snoc *)

(* meta remove_unused:dependency prop snocqtspec, function snoc *)

function mixfix_lbdtdtrb (seq 'a) int int : seq 'a

axiom mixfix_lbdtdtrbqtdef [@W:non_conservative_extension:N] :
  forall s:seq 'a, i:int, j:int.
   ([@hyp_name:Requires]
    infix_lseq 0 i /\ infix_lseq i j /\ infix_lseq j (length s)) ->
   mixfix_lbdtdtrb s i j =
   create (infix_mn j i) (fun (k:int) -> mixfix_lbrb s (infix_pl i k))

axiom mixfix_lbdtdtrbqtspecqt0 [@W:non_conservative_extension:N] :
  forall s:seq 'a, i:int, j:int.
   ([@hyp_name:Requires]
    infix_lseq 0 i /\ infix_lseq i j /\ infix_lseq j (length s)) ->
   ([@hyp_name:Ensures] length (mixfix_lbdtdtrb s i j) = infix_mn j i)

axiom mixfix_lbdtdtrbqtspec [@W:non_conservative_extension:N] :
  forall s:seq 'a, i:int, j:int.
   ([@hyp_name:Requires]
    infix_lseq 0 i /\ infix_lseq i j /\ infix_lseq j (length s)) ->
   ([@hyp_name:Ensures]
    forall k:int.
     infix_lseq 0 k /\ infix_ls k (infix_mn j i) ->
     mixfix_lbrb (mixfix_lbdtdtrb s i j) k = mixfix_lbrb s (infix_pl i k))

(* meta remove_unused:dependency prop mixfix_lbdtdtrbqtdef,
  function mixfix_lbdtdtrb *)

(* meta remove_unused:dependency prop mixfix_lbdtdtrbqtspecqt0,
  function mixfix_lbdtdtrb *)

(* meta remove_unused:dependency prop mixfix_lbdtdtrbqtspec,
  function mixfix_lbdtdtrb *)

function mixfix_lb_dtdtrb (seq 'a) int : seq 'a

axiom mixfix_lb_dtdtrbqtdef [@W:non_conservative_extension:N] :
  forall s:seq 'a, i:int.
   ([@hyp_name:Requires] infix_lseq 0 i /\ infix_lseq i (length s)) ->
   mixfix_lb_dtdtrb s i = mixfix_lbdtdtrb s i (length s)

(* meta remove_unused:dependency prop mixfix_lb_dtdtrbqtdef,
  function mixfix_lb_dtdtrb *)

function mixfix_lbdtdt_rb (seq 'a) int : seq 'a

axiom mixfix_lbdtdt_rbqtdef [@W:non_conservative_extension:N] :
  forall s:seq 'a, j:int.
   ([@hyp_name:Requires] infix_lseq 0 j /\ infix_lseq j (length s)) ->
   mixfix_lbdtdt_rb s j = mixfix_lbdtdtrb s 0 j

(* meta remove_unused:dependency prop mixfix_lbdtdt_rbqtdef,
  function mixfix_lbdtdt_rb *)

function infix_plpl (s1:seq 'a) (s2:seq 'a) : seq 'a =
  let l = length s1 in
  create (infix_pl l (length s2))
  (fun (i:int) ->
    if infix_ls i l then mixfix_lbrb s1 i else mixfix_lbrb s2 (infix_mn i l))

axiom infix_plplqtspecqt1 [@W:non_conservative_extension:N] :
  forall s1:seq 'a, s2:seq 'a.
   [@hyp_name:Ensures]
   length (infix_plpl s1 s2) = infix_pl (length s1) (length s2)

axiom infix_plplqtspecqt0 [@W:non_conservative_extension:N] :
  forall s1:seq 'a, s2:seq 'a.
   [@hyp_name:Ensures]
   forall i:int.
    infix_lseq 0 i /\ infix_ls i (length s1) ->
    mixfix_lbrb (infix_plpl s1 s2) i = mixfix_lbrb s1 i

axiom infix_plplqtspec [@W:non_conservative_extension:N] :
  forall s1:seq 'a, s2:seq 'a.
   [@hyp_name:Ensures]
   forall i:int.
    infix_lseq (length s1) i /\ infix_ls i (length (infix_plpl s1 s2)) ->
    mixfix_lbrb (infix_plpl s1 s2) i =
    mixfix_lbrb s2 (infix_mn i (length s1))

(* meta remove_unused:dependency prop infix_plplqtspecqt1,
  function infix_plpl *)

(* meta remove_unused:dependency prop infix_plplqtspecqt0,
  function infix_plpl *)

(* meta remove_unused:dependency prop infix_plplqtspec,
  function infix_plpl *)

(* use seq.Seq *)

type t18 = <range 0 18446744073709551615>

function tqtint1 t18 : int

constant tqtmaxInt1 : int = 18446744073709551615

constant tqtminInt1 : int = 0

predicate tqteq1 (a:t18) (b:t18) = tqtint1 a = tqtint1 b

axiom tqtinj1 [@W:non_conservative_extension:N] :
  forall a:t18, b:t18. tqteq1 a b -> a = b

(* meta range_type type t18, function tqtint1 *)

(* meta model_projection function tqtint1 *)

(* meta remove_unused:dependency prop tqtinj1, predicate tqteq1 *)

constant two_power_size1 : int = 0x10000000000000000

axiom extensionality1 [@useraxiom] :
  forall x:t18, y:t18 [tqtint1 x, tqtint1 y]. tqtint1 x = tqtint1 y -> x = y

predicate in_bounds1 [@inline:trivial] (n:int) =
  infix_lseq 0 n /\ infix_lseq n 0xFFFFFFFFFFFFFFFF

function of_int1 int : t18

axiom to_of_int1 [@useraxiom] :
  forall x:int [of_int1 x]. in_bounds1 x -> tqtint1 (of_int1 x) = x

function add1 t18 t18 : t18

axiom add_in_bounds1 [@useraxiom] :
  forall x:t18, y:t18 [add1 x y].
   in_bounds1 (infix_pl (tqtint1 x) (tqtint1 y)) ->
   tqtint1 (add1 x y) = infix_pl (tqtint1 x) (tqtint1 y)

axiom add_wrapping1 [@useraxiom] :
  forall x:t18, y:t18 [add1 x y].
   exists k:int.
    tqtint1 (add1 x y) =
    infix_pl (infix_pl (tqtint1 x) (tqtint1 y)) (infix_as k two_power_size1)

function sub1 t18 t18 : t18

axiom sub_in_bounds1 [@useraxiom] :
  forall x:t18, y:t18 [sub1 x y].
   in_bounds1 (infix_mn (tqtint1 x) (tqtint1 y)) ->
   tqtint1 (sub1 x y) = infix_mn (tqtint1 x) (tqtint1 y)

axiom sub_wrapping1 [@useraxiom] :
  forall x:t18, y:t18 [sub1 x y].
   exists k:int.
    tqtint1 (sub1 x y) =
    infix_pl (infix_mn (tqtint1 x) (tqtint1 y)) (infix_as k two_power_size1)

function mul1 t18 t18 : t18

axiom mul_in_bounds1 [@useraxiom] :
  forall x:t18, y:t18 [mul1 x y].
   in_bounds1 (infix_as (tqtint1 x) (tqtint1 y)) ->
   tqtint1 (mul1 x y) = infix_as (tqtint1 x) (tqtint1 y)

axiom mul_wrapping1 [@useraxiom] :
  forall x:t18, y:t18 [mul1 x y].
   exists k:int.
    tqtint1 (mul1 x y) =
    infix_pl (infix_as (tqtint1 x) (tqtint1 y)) (infix_as k two_power_size1)

function neg1 t18 : t18

axiom neg_zero1 [@useraxiom] :
  forall x:t18 [neg1 x]. tqtint1 x = 0 -> tqtint1 (neg1 x) = 0

axiom neg_not_zero1 [@useraxiom] :
  forall x:t18 [neg1 x].
   infix_ls 0 (tqtint1 x) /\ infix_lseq (tqtint1 x) 0xFFFFFFFFFFFFFFFF ->
   tqtint1 (neg1 x) = infix_mn two_power_size1 (tqtint1 x)

function of_bool1 [@inline:trivial] (b:bool) : t18 =
  if b = True then (1:t18) else (0:t18)

predicate le1 [@inline:trivial] (a:t18) (b:t18) =
  infix_lseq (tqtint1 a) (tqtint1 b)

predicate lt1 [@inline:trivial] (a:t18) (b:t18) =
  infix_ls (tqtint1 a) (tqtint1 b)

predicate ge1 [@inline:trivial] (a:t18) (b:t18) =
  infix_gteq (tqtint1 a) (tqtint1 b)

predicate gt1 [@inline:trivial] (a:t18) (b:t18) =
  infix_gt (tqtint1 a) (tqtint1 b)

function bw_and1 t18 t18 : t18

function bw_or1 t18 t18 : t18

function bw_xor1 t18 t18 : t18

function bw_not1 t18 : t18

function shl1 t18 t18 : t18

function shr1 t18 t18 : t18

function nth1 t18 int : bool

function add_with_overflow1 (a:t18) (b:t18) : (t18, bool) = (add1 a b,
  if not in_bounds1 (infix_pl (tqtint1 a) (tqtint1 b)) then True else False)

function sub_with_overflow1 (a:t18) (b:t18) : (t18, bool) = (sub1 a b,
  if not in_bounds1 (infix_mn (tqtint1 a) (tqtint1 b)) then True else False)

function mul_with_overflow1 (a:t18) (b:t18) : (t18, bool) = (mul1 a b,
  if not in_bounds1 (infix_as (tqtint1 a) (tqtint1 b)) then True else False)

(* use creusot.int.UInt64 *)

function any_l 'a : 'b

(* use creusot.prelude.Any *)

type t_Method

type t_MethodModel =
  | Options
  | Get
  | Post
  | Put
  | Delete
  | Head
  | Trace
  | Connect
  | Patch
  | Query
  | ExtensionInline (seq t17) int
  | ExtensionAllocated (seq t17)

constant const_MAX : t18 = (15:t18)

predicate is_method_char_model (byte:t17) =
  infix_lseq 33 (tqtint byte) /\
  infix_lseq (tqtint byte) 126 /\
  not tqtint byte = 34 /\
  not tqtint byte = 40 /\
  not tqtint byte = 41 /\
  not tqtint byte = 44 /\
  not tqtint byte = 47 /\
  not tqtint byte = 58 /\
  not tqtint byte = 59 /\
  not tqtint byte = 60 /\
  not tqtint byte = 61 /\
  not tqtint byte = 62 /\
  not tqtint byte = 63 /\
  not tqtint byte = 64 /\
  not tqtint byte = 91 /\
  not tqtint byte = 92 /\
  not tqtint byte = 93 /\ not tqtint byte = 123 /\ not tqtint byte = 125

predicate all_method_chars_valid (bytes:seq t17) =
  forall i:int.
   infix_lseq 0 i /\ infix_ls i (length bytes) ->
   is_method_char_model (get bytes i)

predicate method_text_matches (left:seq t17) (right:seq t17) =
  length left = length right /\
  (forall i:int.
    infix_lseq 0 i /\ infix_ls i (length left) -> get left i = get right i)

function method_model_text (method:t_MethodModel) : seq t17 =
  match method with
  | Options ->
      create 7
      ([@funlit]
       fun (xqtx:int) ->
        if xqtx = 0 then (79:t17)
        else if xqtx = 1 then (80:t17)
             else if xqtx = 2 then (84:t17)
                  else if xqtx = 3 then (73:t17)
                       else if xqtx = 4 then (79:t17)
                            else if xqtx = 5 then (78:t17)
                                 else if xqtx = 6 then (83:t17) else (83:t17))
  | Get ->
      create 3
      ([@funlit]
       fun (xqtx:int) ->
        if xqtx = 0 then (71:t17)
        else if xqtx = 1 then (69:t17)
             else if xqtx = 2 then (84:t17) else (84:t17))
  | Post ->
      create 4
      ([@funlit]
       fun (xqtx:int) ->
        if xqtx = 0 then (80:t17)
        else if xqtx = 1 then (79:t17)
             else if xqtx = 2 then (83:t17)
                  else if xqtx = 3 then (84:t17) else (84:t17))
  | Put ->
      create 3
      ([@funlit]
       fun (xqtx:int) ->
        if xqtx = 0 then (80:t17)
        else if xqtx = 1 then (85:t17)
             else if xqtx = 2 then (84:t17) else (84:t17))
  | Delete ->
      create 6
      ([@funlit]
       fun (xqtx:int) ->
        if xqtx = 0 then (68:t17)
        else if xqtx = 1 then (69:t17)
             else if xqtx = 2 then (76:t17)
                  else if xqtx = 3 then (69:t17)
                       else if xqtx = 4 then (84:t17)
                            else if xqtx = 5 then (69:t17) else (69:t17))
  | Head ->
      create 4
      ([@funlit]
       fun (xqtx:int) ->
        if xqtx = 0 then (72:t17)
        else if xqtx = 1 then (69:t17)
             else if xqtx = 2 then (65:t17)
                  else if xqtx = 3 then (68:t17) else (68:t17))
  | Trace ->
      create 5
      ([@funlit]
       fun (xqtx:int) ->
        if xqtx = 0 then (84:t17)
        else if xqtx = 1 then (82:t17)
             else if xqtx = 2 then (65:t17)
                  else if xqtx = 3 then (67:t17)
                       else if xqtx = 4 then (69:t17) else (69:t17))
  | Connect ->
      create 7
      ([@funlit]
       fun (xqtx:int) ->
        if xqtx = 0 then (67:t17)
        else if xqtx = 1 then (79:t17)
             else if xqtx = 2 then (78:t17)
                  else if xqtx = 3 then (78:t17)
                       else if xqtx = 4 then (69:t17)
                            else if xqtx = 5 then (67:t17)
                                 else if xqtx = 6 then (84:t17) else (84:t17))
  | Patch ->
      create 5
      ([@funlit]
       fun (xqtx:int) ->
        if xqtx = 0 then (80:t17)
        else if xqtx = 1 then (65:t17)
             else if xqtx = 2 then (84:t17)
                  else if xqtx = 3 then (67:t17)
                       else if xqtx = 4 then (72:t17) else (72:t17))
  | Query ->
      create 5
      ([@funlit]
       fun (xqtx:int) ->
        if xqtx = 0 then (81:t17)
        else if xqtx = 1 then (85:t17)
             else if xqtx = 2 then (69:t17)
                  else if xqtx = 3 then (82:t17)
                       else if xqtx = 4 then (89:t17) else (89:t17))
  | ExtensionInline data len -> mixfix_lbdtdtrb data 0 len
  | ExtensionAllocated data -> data
  end

predicate is_known_method_text (bytes:seq t17) =
  if length bytes = 3
  then method_text_matches bytes (method_model_text Get) \/
       method_text_matches bytes (method_model_text Put)
  else if length bytes = 4
       then method_text_matches bytes (method_model_text Post) \/
            method_text_matches bytes (method_model_text Head)
       else if length bytes = 5
            then method_text_matches bytes (method_model_text Patch) \/
                 method_text_matches bytes (method_model_text Trace) \/
                 method_text_matches bytes (method_model_text Query)
            else if length bytes = 6
                 then method_text_matches bytes (method_model_text Delete)
                 else if length bytes = 7
                      then method_text_matches bytes
                           (method_model_text Options) \/
                           method_text_matches bytes
                           (method_model_text Connect)
                      else false

predicate method_model_is_canonical (method:t_MethodModel) =
  match method with
  | ExtensionInline data len ->
      length data = tqtint1 const_MAX /\
      infix_ls 0 len /\
      infix_lseq len (tqtint1 const_MAX) /\
      all_method_chars_valid (mixfix_lbdtdtrb data 0 len) /\
      (forall i:int.
        infix_lseq len i /\ infix_ls i (length data) -> get data i = (0:t17)) /\
      not is_known_method_text (mixfix_lbdtdtrb data 0 len)
  | ExtensionAllocated data ->
      infix_gt (length data) (tqtint1 const_MAX) /\
      all_method_chars_valid data /\ not is_known_method_text data
  | _ -> true
  end

function method_repr t_Method : t_MethodModel

predicate invariant_Method (self:t_Method) =
  method_model_is_canonical (method_repr self)

predicate inv_Method t_Method

axiom inv_axiom [@useraxiom] :
  forall x:t_Method [inv_Method x]. inv_Method x -> invariant_Method x

type t_Uri

type t_Version

type t_HeaderMap_HeaderValue

type t_Extensions

type t_Parts =
  | T_Partsqtmk [@builtin] (method:t_Method) (uri:t_Uri) (version:t_Version)
      (headers:t_HeaderMap_HeaderValue) (extensions:t_Extensions) (uspriv:
      unit)

(* meta model_record function uspriv *)

(* meta model_record function extensions *)

(* meta model_record function headers *)

(* meta model_record function version *)

(* meta model_record function uri *)

(* meta model_record function method *)

predicate resolve_Method t_Method

type t_T

type closure0 =
  | Closure0qtmk [@builtin] (c0:t_T)

(* meta model_record function c0 *)

type t_Error

type t_Result_Method_Error =
  | Ok t_Method
  | Err t_Error

predicate inv_T t_T

predicate precondition_try_into unit t_T

axiom precondition_fndef [@useraxiom] :
  forall args:t_T [precondition_try_into () args].
   (let self_ = args in inv_T self_) -> precondition_try_into () args

predicate inv_Error t_Error

predicate inv_Result_Method_Error t_Result_Method_Error

axiom inv_axiomqt0 [@useraxiom] [@rewrite] :
  forall x:t_Result_Method_Error [inv_Result_Method_Error x].
   inv_Result_Method_Error x <->
   match x with
   | Ok f0 -> inv_Method f0
   | Err f0 -> inv_Error f0
   end

predicate postcondition_once_try_into unit t_T t_Result_Method_Error

axiom postcondition_fndef [@useraxiom] :
  forall args:t_T, res:t_Result_Method_Error
   [postcondition_once_try_into () args res].
   postcondition_once_try_into () args res ->
   (let self_ = args in inv_Result_Method_Error res)

predicate inv_Uri t_Uri

predicate inv_Version t_Version

predicate inv_HeaderMap_HeaderValue t_HeaderMap_HeaderValue

predicate inv_Extensions t_Extensions

predicate inv_Parts t_Parts

axiom inv_axiomqt1 [@useraxiom] [@rewrite] :
  forall x:t_Parts [inv_Parts x].
   inv_Parts x <->
   inv_Method (x.method) /\
   inv_Uri (x.uri) /\
   inv_Version (x.version) /\
   inv_HeaderMap_HeaderValue (x.headers) /\ inv_Extensions (x.extensions)

predicate resolve_Uri t_Uri

predicate resolve_Version t_Version

predicate resolve_HeaderMap_HeaderValue t_HeaderMap_HeaderValue

predicate resolve_Extensions t_Extensions

predicate resolve_Parts t_Parts

axiom resolve_axiom [@useraxiom] [@rewrite] :
  forall x:t_Parts [resolve_Parts x].
   resolve_Parts x <->
   resolve_Method (x.method) /\
   resolve_Uri (x.uri) /\
   resolve_Version (x.version) /\
   resolve_HeaderMap_HeaderValue (x.headers) /\
   resolve_Extensions (x.extensions)

(* meta syntax_type type int, "int", 0 *)

(* meta syntax_type type real, "real", 0 *)

(* meta syntax_logic predicate infix_eq, "(%1 = %2)", 0 *)

(* meta encoding:ignore_polymorphism_ls predicate infix_eq *)

goal vc_elim_Err : [@coma:solid] true

end
theory Task

type int

type real

type string

predicate infix_eq 'a 'a

(* use why3.BuiltIn.BuiltIn *)

type bool =
  | True
  | False

(* use why3.Bool.Bool *)

type tuple0 =
  | Tuple0 [@builtin]

(* use why3.Tuple0.Tuple01 *)

type unit [@builtin] = unit

(* use why3.Unit.Unit *)

constant zero : int = 0

constant one : int = 1

function prefix_mn int : int

function infix_pl int int : int

function infix_as int int : int

predicate infix_ls int int

function infix_mn (x:int) (y:int) : int = infix_pl x (prefix_mn y)

predicate infix_gt (x:int) (y:int) = infix_ls y x

predicate infix_lseq (x:int) (y:int) = infix_ls x y \/ x = y

predicate infix_gteq (x:int) (y:int) = infix_lseq y x

axiom Assoc :
  forall x:int, y:int, z:int.
   infix_pl (infix_pl x y) z = infix_pl x (infix_pl y z)

(* clone algebra.Assoc with type t = int, function op = infix_pl,
  prop Assoc1 = Assoc,  *)

axiom Unit_def_l : forall x:int. infix_pl zero x = x

axiom Unit_def_r : forall x:int. infix_pl x zero = x

(* clone algebra.Monoid with type t1 = int, constant unit = zero,
  function op1 = infix_pl, prop Unit_def_r1 = Unit_def_r,
  prop Unit_def_l1 = Unit_def_l, prop Assoc2 = Assoc,  *)

axiom Inv_def_l : forall x:int. infix_pl (prefix_mn x) x = zero

axiom Inv_def_r : forall x:int. infix_pl x (prefix_mn x) = zero

(* clone algebra.Group with type t2 = int, function inv = prefix_mn,
  constant unit1 = zero, function op2 = infix_pl,
  prop Inv_def_r1 = Inv_def_r, prop Inv_def_l1 = Inv_def_l,
  prop Unit_def_r2 = Unit_def_r, prop Unit_def_l2 = Unit_def_l,
  prop Assoc3 = Assoc,  *)

axiom Comm : forall x:int, y:int. infix_pl x y = infix_pl y x

(* clone algebra.Comm with type t3 = int, function op3 = infix_pl,
  prop Comm1 = Comm,  *)

(* meta AC function infix_pl *)

(* clone algebra.CommutativeGroup with type t4 = int,
  function inv1 = prefix_mn, constant unit2 = zero, function op4 = infix_pl,
  prop Comm2 = Comm, prop Inv_def_r2 = Inv_def_r,
  prop Inv_def_l2 = Inv_def_l, prop Unit_def_r3 = Unit_def_r,
  prop Unit_def_l3 = Unit_def_l, prop Assoc4 = Assoc,  *)

axiom Assoc5 :
  forall x:int, y:int, z:int.
   infix_as (infix_as x y) z = infix_as x (infix_as y z)

(* clone algebra.Assoc with type t = int, function op = infix_as,
  prop Assoc1 = Assoc5,  *)

axiom Mul_distr_l :
  forall x:int, y:int, z:int.
   infix_as x (infix_pl y z) = infix_pl (infix_as x y) (infix_as x z)

axiom Mul_distr_r :
  forall x:int, y:int, z:int.
   infix_as (infix_pl y z) x = infix_pl (infix_as y x) (infix_as z x)

(* clone algebra.Ring with type t5 = int, function infix_as1 = infix_as,
  function prefix_mn1 = prefix_mn, function infix_pl1 = infix_pl,
  constant zero1 = zero, prop Mul_distr_r1 = Mul_distr_r,
  prop Mul_distr_l1 = Mul_distr_l, prop Assoc6 = Assoc5, prop Comm3 = Comm,
  prop Inv_def_r3 = Inv_def_r, prop Inv_def_l3 = Inv_def_l,
  prop Unit_def_r4 = Unit_def_r, prop Unit_def_l4 = Unit_def_l,
  prop Assoc7 = Assoc,  *)

axiom Comm4 : forall x:int, y:int. infix_as x y = infix_as y x

(* clone algebra.Comm with type t3 = int, function op3 = infix_as,
  prop Comm1 = Comm4,  *)

(* meta AC function infix_as *)

(* clone algebra.CommutativeRing with type t6 = int,
  function infix_as2 = infix_as, function prefix_mn2 = prefix_mn,
  function infix_pl2 = infix_pl, constant zero2 = zero, prop Comm5 = Comm4,
  prop Mul_distr_r2 = Mul_distr_r, prop Mul_distr_l2 = Mul_distr_l,
  prop Assoc8 = Assoc5, prop Comm6 = Comm, prop Inv_def_r4 = Inv_def_r,
  prop Inv_def_l4 = Inv_def_l, prop Unit_def_r5 = Unit_def_r,
  prop Unit_def_l5 = Unit_def_l, prop Assoc9 = Assoc,  *)

axiom Unitary : forall x:int. infix_as one x = x

axiom NonTrivialRing : not zero = one

(* clone algebra.UnitaryCommutativeRing with type t7 = int,
  constant one1 = one, function infix_as3 = infix_as,
  function prefix_mn3 = prefix_mn, function infix_pl3 = infix_pl,
  constant zero3 = zero, prop NonTrivialRing1 = NonTrivialRing,
  prop Unitary1 = Unitary, prop Comm7 = Comm4,
  prop Mul_distr_r3 = Mul_distr_r, prop Mul_distr_l3 = Mul_distr_l,
  prop Assoc10 = Assoc5, prop Comm8 = Comm, prop Inv_def_r5 = Inv_def_r,
  prop Inv_def_l5 = Inv_def_l, prop Unit_def_r6 = Unit_def_r,
  prop Unit_def_l6 = Unit_def_l, prop Assoc11 = Assoc,  *)

(* clone relations.EndoRelation with type t8 = int,
  predicate rel = infix_lseq,  *)

axiom Refl : forall x:int. infix_lseq x x

(* clone relations.Reflexive with type t9 = int, predicate rel1 = infix_lseq,
  prop Refl1 = Refl,  *)

(* clone relations.EndoRelation with type t8 = int,
  predicate rel = infix_lseq,  *)

axiom Trans :
  forall x:int, y:int, z:int.
   infix_lseq x y -> infix_lseq y z -> infix_lseq x z

(* clone relations.Transitive with type t10 = int,
  predicate rel2 = infix_lseq, prop Trans1 = Trans,  *)

(* clone relations.PreOrder with type t11 = int, predicate rel3 = infix_lseq,
  prop Trans2 = Trans, prop Refl2 = Refl,  *)

(* clone relations.EndoRelation with type t8 = int,
  predicate rel = infix_lseq,  *)

axiom Antisymm :
  forall x:int, y:int. infix_lseq x y -> infix_lseq y x -> x = y

(* clone relations.Antisymmetric with type t12 = int,
  predicate rel4 = infix_lseq, prop Antisymm1 = Antisymm,  *)

(* clone relations.PartialOrder with type t13 = int,
  predicate rel5 = infix_lseq, prop Antisymm2 = Antisymm,
  prop Trans3 = Trans, prop Refl3 = Refl,  *)

(* clone relations.EndoRelation with type t8 = int,
  predicate rel = infix_lseq,  *)

axiom Total : forall x:int, y:int. infix_lseq x y \/ infix_lseq y x

(* clone relations.Total with type t14 = int, predicate rel6 = infix_lseq,
  prop Total1 = Total,  *)

(* clone relations.TotalOrder with type t15 = int,
  predicate rel7 = infix_lseq, prop Total2 = Total,
  prop Antisymm3 = Antisymm, prop Trans4 = Trans, prop Refl4 = Refl,  *)

axiom ZeroLessOne : infix_lseq zero one

axiom CompatOrderAdd :
  forall x:int, y:int, z:int.
   infix_lseq x y -> infix_lseq (infix_pl x z) (infix_pl y z)

axiom CompatOrderMult :
  forall x:int, y:int, z:int.
   infix_lseq x y ->
   infix_lseq zero z -> infix_lseq (infix_as x z) (infix_as y z)

(* meta remove_unused:dependency prop CompatOrderMult, function infix_as *)

(* clone algebra.OrderedUnitaryCommutativeRing with type t16 = int,
  predicate infix_lseq1 = infix_lseq, constant one2 = one,
  function infix_as4 = infix_as, function prefix_mn4 = prefix_mn,
  function infix_pl4 = infix_pl, constant zero4 = zero,
  prop CompatOrderMult1 = CompatOrderMult,
  prop CompatOrderAdd1 = CompatOrderAdd, prop ZeroLessOne1 = ZeroLessOne,
  prop Total3 = Total, prop Antisymm4 = Antisymm, prop Trans5 = Trans,
  prop Refl5 = Refl, prop NonTrivialRing2 = NonTrivialRing,
  prop Unitary2 = Unitary, prop Comm9 = Comm4,
  prop Mul_distr_r4 = Mul_distr_r, prop Mul_distr_l4 = Mul_distr_l,
  prop Assoc12 = Assoc5, prop Comm10 = Comm, prop Inv_def_r6 = Inv_def_r,
  prop Inv_def_l6 = Inv_def_l, prop Unit_def_r7 = Unit_def_r,
  prop Unit_def_l7 = Unit_def_l, prop Assoc13 = Assoc,  *)

(* meta remove_unused:keep function infix_pl *)

(* meta remove_unused:keep function infix_mn *)

(* meta remove_unused:keep function prefix_mn *)

(* meta remove_unused:keep predicate infix_ls *)

(* meta remove_unused:keep predicate infix_lseq *)

(* meta remove_unused:keep predicate infix_gt *)

(* meta remove_unused:keep predicate infix_gteq *)

(* use int.Int *)

function abs (x:int) : int = if infix_gteq x 0 then x else prefix_mn x

axiom Abs_le :
  forall x:int, y:int.
   infix_lseq (abs x) y <-> infix_lseq (prefix_mn y) x /\ infix_lseq x y

(* meta remove_unused:dependency prop Abs_le, function abs *)

axiom Abs_pos : forall x:int. infix_gteq (abs x) 0

(* meta remove_unused:dependency prop Abs_pos, function abs *)

(* use int.Abs *)

function div int int : int

function mod int int : int

axiom Div_mod [@useraxiom] :
  forall x:int, y:int.
   not y = 0 -> x = infix_pl (infix_as y (div x y)) (mod x y)

(* meta remove_unused:dependency prop Div_mod, function div *)

(* meta remove_unused:dependency prop Div_mod, function mod *)

axiom Div_bound [@useraxiom] :
  forall x:int, y:int.
   infix_gteq x 0 /\ infix_gt y 0 ->
   infix_lseq 0 (div x y) /\ infix_lseq (div x y) x

(* meta remove_unused:dependency prop Div_bound, function div *)

(* meta remove_unused:dependency prop Div_bound, function mod *)

axiom Mod_bound [@useraxiom] :
  forall x:int, y:int.
   not y = 0 ->
   infix_ls (prefix_mn (abs y)) (mod x y) /\ infix_ls (mod x y) (abs y)

(* meta remove_unused:dependency prop Mod_bound, function div *)

(* meta remove_unused:dependency prop Mod_bound, function mod *)

axiom Div_sign_pos [@useraxiom] :
  forall x:int, y:int.
   infix_gteq x 0 /\ infix_gt y 0 -> infix_gteq (div x y) 0

(* meta remove_unused:dependency prop Div_sign_pos, function div *)

(* meta remove_unused:dependency prop Div_sign_pos, function mod *)

axiom Div_sign_neg [@useraxiom] :
  forall x:int, y:int.
   infix_lseq x 0 /\ infix_gt y 0 -> infix_lseq (div x y) 0

(* meta remove_unused:dependency prop Div_sign_neg, function div *)

(* meta remove_unused:dependency prop Div_sign_neg, function mod *)

axiom Mod_sign_pos [@useraxiom] :
  forall x:int, y:int. infix_gteq x 0 /\ not y = 0 -> infix_gteq (mod x y) 0

(* meta remove_unused:dependency prop Mod_sign_pos, function div *)

(* meta remove_unused:dependency prop Mod_sign_pos, function mod *)

axiom Mod_sign_neg [@useraxiom] :
  forall x:int, y:int. infix_lseq x 0 /\ not y = 0 -> infix_lseq (mod x y) 0

(* meta remove_unused:dependency prop Mod_sign_neg, function div *)

(* meta remove_unused:dependency prop Mod_sign_neg, function mod *)

axiom Rounds_toward_zero :
  forall x:int, y:int.
   not y = 0 -> infix_lseq (abs (infix_as (div x y) y)) (abs x)

(* meta remove_unused:dependency prop Rounds_toward_zero, function div *)

(* meta remove_unused:dependency prop Rounds_toward_zero, function mod *)

axiom Div_1 : forall x:int. div x 1 = x

(* meta remove_unused:dependency prop Div_1, function div *)

(* meta remove_unused:dependency prop Div_1, function mod *)

axiom Mod_1 : forall x:int. mod x 1 = 0

(* meta remove_unused:dependency prop Mod_1, function div *)

(* meta remove_unused:dependency prop Mod_1, function mod *)

axiom Div_inf :
  forall x:int, y:int. infix_lseq 0 x /\ infix_ls x y -> div x y = 0

(* meta remove_unused:dependency prop Div_inf, function div *)

(* meta remove_unused:dependency prop Div_inf, function mod *)

axiom Mod_inf :
  forall x:int, y:int. infix_lseq 0 x /\ infix_ls x y -> mod x y = x

(* meta remove_unused:dependency prop Mod_inf, function div *)

(* meta remove_unused:dependency prop Mod_inf, function mod *)

axiom Div_mult :
  forall x:int, y:int, z:int [div (infix_pl (infix_as x y) z) x].
   infix_gt x 0 /\ infix_gteq y 0 /\ infix_gteq z 0 ->
   div (infix_pl (infix_as x y) z) x = infix_pl y (div z x)

(* meta remove_unused:dependency prop Div_mult, function div *)

(* meta remove_unused:dependency prop Div_mult, function mod *)

axiom Mod_mult :
  forall x:int, y:int, z:int [mod (infix_pl (infix_as x y) z) x].
   infix_gt x 0 /\ infix_gteq y 0 /\ infix_gteq z 0 ->
   mod (infix_pl (infix_as x y) z) x = mod z x

(* meta remove_unused:dependency prop Mod_mult, function div *)

(* meta remove_unused:dependency prop Mod_mult, function mod *)

(* use int.ComputerDivision *)

(* use mach.int.Int1 *)

type t17 = <range 0 255>

function tqtint t17 : int

constant tqtmaxInt : int = 255

constant tqtminInt : int = 0

predicate tqteq (a:t17) (b:t17) = tqtint a = tqtint b

axiom tqtinj [@W:non_conservative_extension:N] :
  forall a:t17, b:t17. tqteq a b -> a = b

(* meta range_type type t17, function tqtint *)

(* meta model_projection function tqtint *)

(* meta remove_unused:dependency prop tqtinj, predicate tqteq *)

constant two_power_size : int = 0x100

axiom extensionality [@useraxiom] :
  forall x:t17, y:t17 [tqtint x, tqtint y]. tqtint x = tqtint y -> x = y

predicate in_bounds [@inline:trivial] (n:int) =
  infix_lseq 0 n /\ infix_lseq n 0xFF

function of_int int : t17

axiom to_of_int [@useraxiom] :
  forall x:int [of_int x]. in_bounds x -> tqtint (of_int x) = x

function add t17 t17 : t17

axiom add_in_bounds [@useraxiom] :
  forall x:t17, y:t17 [add x y].
   in_bounds (infix_pl (tqtint x) (tqtint y)) ->
   tqtint (add x y) = infix_pl (tqtint x) (tqtint y)

axiom add_wrapping [@useraxiom] :
  forall x:t17, y:t17 [add x y].
   exists k:int.
    tqtint (add x y) =
    infix_pl (infix_pl (tqtint x) (tqtint y)) (infix_as k two_power_size)

function sub t17 t17 : t17

axiom sub_in_bounds [@useraxiom] :
  forall x:t17, y:t17 [sub x y].
   in_bounds (infix_mn (tqtint x) (tqtint y)) ->
   tqtint (sub x y) = infix_mn (tqtint x) (tqtint y)

axiom sub_wrapping [@useraxiom] :
  forall x:t17, y:t17 [sub x y].
   exists k:int.
    tqtint (sub x y) =
    infix_pl (infix_mn (tqtint x) (tqtint y)) (infix_as k two_power_size)

function mul t17 t17 : t17

axiom mul_in_bounds [@useraxiom] :
  forall x:t17, y:t17 [mul x y].
   in_bounds (infix_as (tqtint x) (tqtint y)) ->
   tqtint (mul x y) = infix_as (tqtint x) (tqtint y)

axiom mul_wrapping [@useraxiom] :
  forall x:t17, y:t17 [mul x y].
   exists k:int.
    tqtint (mul x y) =
    infix_pl (infix_as (tqtint x) (tqtint y)) (infix_as k two_power_size)

function neg t17 : t17

axiom neg_zero [@useraxiom] :
  forall x:t17 [neg x]. tqtint x = 0 -> tqtint (neg x) = 0

axiom neg_not_zero [@useraxiom] :
  forall x:t17 [neg x].
   infix_ls 0 (tqtint x) /\ infix_lseq (tqtint x) 0xFF ->
   tqtint (neg x) = infix_mn two_power_size (tqtint x)

function of_bool [@inline:trivial] (b:bool) : t17 =
  if b = True then (1:t17) else (0:t17)

predicate le [@inline:trivial] (a:t17) (b:t17) =
  infix_lseq (tqtint a) (tqtint b)

predicate lt [@inline:trivial] (a:t17) (b:t17) =
  infix_ls (tqtint a) (tqtint b)

predicate ge [@inline:trivial] (a:t17) (b:t17) =
  infix_gteq (tqtint a) (tqtint b)

predicate gt [@inline:trivial] (a:t17) (b:t17) =
  infix_gt (tqtint a) (tqtint b)

function bw_and t17 t17 : t17

function bw_or t17 t17 : t17

function bw_xor t17 t17 : t17

function bw_not t17 : t17

function shl t17 t17 : t17

function shr t17 t17 : t17

function nth t17 int : bool

type tuple2 'a 'a1 =
  | Tuple2 [@builtin] 'a 'a1

(* use why3.Tuple2.Tuple21 *)

function add_with_overflow (a:t17) (b:t17) : (t17, bool) = (add a b,
  if not in_bounds (infix_pl (tqtint a) (tqtint b)) then True else False)

function sub_with_overflow (a:t17) (b:t17) : (t17, bool) = (sub a b,
  if not in_bounds (infix_mn (tqtint a) (tqtint b)) then True else False)

function mul_with_overflow (a:t17) (b:t17) : (t17, bool) = (mul a b,
  if not in_bounds (infix_as (tqtint a) (tqtint b)) then True else False)

(* use creusot.int.UInt8 *)

type seq 'a

(* meta infinite_type type seq *)

function length (seq 'a) : int

axiom length_nonnegative [@useraxiom] :
  forall s:seq 'a. infix_lseq 0 (length s)

(* meta remove_unused:dependency prop length_nonnegative, function length *)

function get (seq 'a) int : 'a

function mixfix_lbrb (s:seq 'a) (i:int) : 'a = get s i

predicate infix_eqeq (seq 'a) (seq 'a)

axiom infix_eqeqqtspecqt0 [@W:non_conservative_extension:N] :
  forall s1:seq 'a, s2:seq 'a.
   [@hyp_name:Ensures]
   infix_eqeq s1 s2 <->
   ([@asym_split] length s1 = length s2) &&
   (forall i:int.
     infix_lseq 0 i /\ infix_ls i (length s1) ->
     mixfix_lbrb s1 i = mixfix_lbrb s2 i)

axiom infix_eqeqqtspec [@W:non_conservative_extension:N] :
  forall s1:seq 'a, s2:seq 'a.
   [@hyp_name:Ensures] infix_eqeq s1 s2 -> s1 = s2

(* meta remove_unused:dependency prop infix_eqeqqtspecqt0,
  predicate infix_eqeq *)

(* meta remove_unused:dependency prop infix_eqeqqtspec,
  predicate infix_eqeq *)

(* meta extensionality predicate infix_eqeq *)

type (->) 'a 'b

function infix_at ('a -> 'b) 'a : 'b

(* use why3.HighOrd.HighOrd *)

function create int (int -> 'a) : seq 'a

axiom createqtspecqt0 [@W:non_conservative_extension:N] :
  forall len:int, f:int -> 'a.
   ([@hyp_name:Requires] infix_lseq 0 len) ->
   ([@hyp_name:Ensures] length (create len f) = len)

axiom createqtspec [@W:non_conservative_extension:N] :
  forall len:int, f:int -> 'a.
   ([@hyp_name:Requires] infix_lseq 0 len) ->
   ([@hyp_name:Ensures]
    forall i:int.
     infix_lseq 0 i /\ infix_ls i len ->
     mixfix_lbrb (create len f) i = infix_at f i)

(* meta remove_unused:dependency prop createqtspecqt0, function create *)

(* meta remove_unused:dependency prop createqtspec, function create *)

constant empty : seq 'a

axiom emptyqtdef [@W:non_conservative_extension:N] :
  [@hyp_name:Ensures] length (empty: seq 'a) = 0

(* meta remove_unused:dependency prop emptyqtdef, constant empty *)

function set (seq 'a) int 'a : seq 'a

axiom setqtdef [@W:non_conservative_extension:N] :
  forall s:seq 'a, i:int, v:'a.
   ([@hyp_name:Requires] infix_lseq 0 i /\ infix_ls i (length s)) ->
   set s i v =
   create (length s) (fun (j:int) -> if j = i then v else mixfix_lbrb s j)

axiom setqtspecqt1 [@W:non_conservative_extension:N] :
  forall s:seq 'a, i:int, v:'a.
   ([@hyp_name:Requires] infix_lseq 0 i /\ infix_ls i (length s)) ->
   ([@hyp_name:Ensures] length (set s i v) = length s)

axiom setqtspecqt0 [@W:non_conservative_extension:N] :
  forall s:seq 'a, i:int, v:'a.
   ([@hyp_name:Requires] infix_lseq 0 i /\ infix_ls i (length s)) ->
   ([@hyp_name:Ensures] mixfix_lbrb (set s i v) i = v)

axiom setqtspec [@W:non_conservative_extension:N] :
  forall s:seq 'a, i:int, v:'a.
   ([@hyp_name:Requires] infix_lseq 0 i /\ infix_ls i (length s)) ->
   ([@hyp_name:Ensures]
    forall j:int.
     (infix_lseq 0 j /\ infix_ls j (length s)) /\ not j = i ->
     mixfix_lbrb (set s i v) j = mixfix_lbrb s j)

(* meta remove_unused:dependency prop setqtdef, function set *)

(* meta remove_unused:dependency prop setqtspecqt1, function set *)

(* meta remove_unused:dependency prop setqtspecqt0, function set *)

(* meta remove_unused:dependency prop setqtspec, function set *)

function mixfix_lblsmnrb (seq 'a) int 'a : seq 'a

axiom mixfix_lblsmnrbqtdef [@W:non_conservative_extension:N] :
  forall s:seq 'a, i:int, v:'a.
   ([@hyp_name:Requires] infix_lseq 0 i /\ infix_ls i (length s)) ->
   mixfix_lblsmnrb s i v = set s i v

(* meta remove_unused:dependency prop mixfix_lblsmnrbqtdef,
  function mixfix_lblsmnrb *)

function singleton (v:'a) : seq 'a =
  create 1 (fun (us [@__dummy__]:int) -> v)

axiom singletonqtspecqt0 [@W:non_conservative_extension:N] :
  forall v:'a. [@hyp_name:Ensures] length (singleton v) = 1

axiom singletonqtspec [@W:non_conservative_extension:N] :
  forall v:'a. [@hyp_name:Ensures] mixfix_lbrb (singleton v) 0 = v

(* meta remove_unused:dependency prop singletonqtspecqt0,
  function singleton *)

(* meta remove_unused:dependency prop singletonqtspec, function singleton *)

function cons (x:'a) (s:seq 'a) : seq 'a =
  create (infix_pl 1 (length s))
  (fun (i:int) -> if i = 0 then x else mixfix_lbrb s (infix_mn i 1))

axiom consqtspecqt1 [@W:non_conservative_extension:N] :
  forall x:'a, s:seq 'a.
   [@hyp_name:Ensures] length (cons x s) = infix_pl 1 (length s)

axiom consqtspecqt0 [@W:non_conservative_extension:N] :
  forall x:'a, s:seq 'a. [@hyp_name:Ensures] mixfix_lbrb (cons x s) 0 = x

axiom consqtspec [@W:non_conservative_extension:N] :
  forall x:'a, s:seq 'a.
   [@hyp_name:Ensures]
   forall i:int.
    infix_ls 0 i /\ infix_lseq i (length s) ->
    mixfix_lbrb (cons x s) i = mixfix_lbrb s (infix_mn i 1)

(* meta remove_unused:dependency prop consqtspecqt1, function cons *)

(* meta remove_unused:dependency prop consqtspecqt0, function cons *)

(* meta remove_unused:dependency prop consqtspec, function cons *)

function snoc (s:seq 'a) (x:'a) : seq 'a =
  create (infix_pl 1 (length s))
  (fun (i:int) -> if i = length s then x else mixfix_lbrb s i)

axiom snocqtspecqt1 [@W:non_conservative_extension:N] :
  forall s:seq 'a, x:'a.
   [@hyp_name:Ensures] length (snoc s x) = infix_pl 1 (length s)

axiom snocqtspecqt0 [@W:non_conservative_extension:N] :
  forall s:seq 'a, x:'a.
   [@hyp_name:Ensures] mixfix_lbrb (snoc s x) (length s) = x

axiom snocqtspec [@W:non_conservative_extension:N] :
  forall s:seq 'a, x:'a.
   [@hyp_name:Ensures]
   forall i:int.
    infix_lseq 0 i /\ infix_ls i (length s) ->
    mixfix_lbrb (snoc s x) i = mixfix_lbrb s i

(* meta remove_unused:dependency prop snocqtspecqt1, function snoc *)

(* meta remove_unused:dependency prop snocqtspecqt0, function snoc *)

(* meta remove_unused:dependency prop snocqtspec, function snoc *)

function mixfix_lbdtdtrb (seq 'a) int int : seq 'a

axiom mixfix_lbdtdtrbqtdef [@W:non_conservative_extension:N] :
  forall s:seq 'a, i:int, j:int.
   ([@hyp_name:Requires]
    infix_lseq 0 i /\ infix_lseq i j /\ infix_lseq j (length s)) ->
   mixfix_lbdtdtrb s i j =
   create (infix_mn j i) (fun (k:int) -> mixfix_lbrb s (infix_pl i k))

axiom mixfix_lbdtdtrbqtspecqt0 [@W:non_conservative_extension:N] :
  forall s:seq 'a, i:int, j:int.
   ([@hyp_name:Requires]
    infix_lseq 0 i /\ infix_lseq i j /\ infix_lseq j (length s)) ->
   ([@hyp_name:Ensures] length (mixfix_lbdtdtrb s i j) = infix_mn j i)

axiom mixfix_lbdtdtrbqtspec [@W:non_conservative_extension:N] :
  forall s:seq 'a, i:int, j:int.
   ([@hyp_name:Requires]
    infix_lseq 0 i /\ infix_lseq i j /\ infix_lseq j (length s)) ->
   ([@hyp_name:Ensures]
    forall k:int.
     infix_lseq 0 k /\ infix_ls k (infix_mn j i) ->
     mixfix_lbrb (mixfix_lbdtdtrb s i j) k = mixfix_lbrb s (infix_pl i k))

(* meta remove_unused:dependency prop mixfix_lbdtdtrbqtdef,
  function mixfix_lbdtdtrb *)

(* meta remove_unused:dependency prop mixfix_lbdtdtrbqtspecqt0,
  function mixfix_lbdtdtrb *)

(* meta remove_unused:dependency prop mixfix_lbdtdtrbqtspec,
  function mixfix_lbdtdtrb *)

function mixfix_lb_dtdtrb (seq 'a) int : seq 'a

axiom mixfix_lb_dtdtrbqtdef [@W:non_conservative_extension:N] :
  forall s:seq 'a, i:int.
   ([@hyp_name:Requires] infix_lseq 0 i /\ infix_lseq i (length s)) ->
   mixfix_lb_dtdtrb s i = mixfix_lbdtdtrb s i (length s)

(* meta remove_unused:dependency prop mixfix_lb_dtdtrbqtdef,
  function mixfix_lb_dtdtrb *)

function mixfix_lbdtdt_rb (seq 'a) int : seq 'a

axiom mixfix_lbdtdt_rbqtdef [@W:non_conservative_extension:N] :
  forall s:seq 'a, j:int.
   ([@hyp_name:Requires] infix_lseq 0 j /\ infix_lseq j (length s)) ->
   mixfix_lbdtdt_rb s j = mixfix_lbdtdtrb s 0 j

(* meta remove_unused:dependency prop mixfix_lbdtdt_rbqtdef,
  function mixfix_lbdtdt_rb *)

function infix_plpl (s1:seq 'a) (s2:seq 'a) : seq 'a =
  let l = length s1 in
  create (infix_pl l (length s2))
  (fun (i:int) ->
    if infix_ls i l then mixfix_lbrb s1 i else mixfix_lbrb s2 (infix_mn i l))

axiom infix_plplqtspecqt1 [@W:non_conservative_extension:N] :
  forall s1:seq 'a, s2:seq 'a.
   [@hyp_name:Ensures]
   length (infix_plpl s1 s2) = infix_pl (length s1) (length s2)

axiom infix_plplqtspecqt0 [@W:non_conservative_extension:N] :
  forall s1:seq 'a, s2:seq 'a.
   [@hyp_name:Ensures]
   forall i:int.
    infix_lseq 0 i /\ infix_ls i (length s1) ->
    mixfix_lbrb (infix_plpl s1 s2) i = mixfix_lbrb s1 i

axiom infix_plplqtspec [@W:non_conservative_extension:N] :
  forall s1:seq 'a, s2:seq 'a.
   [@hyp_name:Ensures]
   forall i:int.
    infix_lseq (length s1) i /\ infix_ls i (length (infix_plpl s1 s2)) ->
    mixfix_lbrb (infix_plpl s1 s2) i =
    mixfix_lbrb s2 (infix_mn i (length s1))

(* meta remove_unused:dependency prop infix_plplqtspecqt1,
  function infix_plpl *)

(* meta remove_unused:dependency prop infix_plplqtspecqt0,
  function infix_plpl *)

(* meta remove_unused:dependency prop infix_plplqtspec,
  function infix_plpl *)

(* use seq.Seq *)

type t18 = <range 0 18446744073709551615>

function tqtint1 t18 : int

constant tqtmaxInt1 : int = 18446744073709551615

constant tqtminInt1 : int = 0

predicate tqteq1 (a:t18) (b:t18) = tqtint1 a = tqtint1 b

axiom tqtinj1 [@W:non_conservative_extension:N] :
  forall a:t18, b:t18. tqteq1 a b -> a = b

(* meta range_type type t18, function tqtint1 *)

(* meta model_projection function tqtint1 *)

(* meta remove_unused:dependency prop tqtinj1, predicate tqteq1 *)

constant two_power_size1 : int = 0x10000000000000000

axiom extensionality1 [@useraxiom] :
  forall x:t18, y:t18 [tqtint1 x, tqtint1 y]. tqtint1 x = tqtint1 y -> x = y

predicate in_bounds1 [@inline:trivial] (n:int) =
  infix_lseq 0 n /\ infix_lseq n 0xFFFFFFFFFFFFFFFF

function of_int1 int : t18

axiom to_of_int1 [@useraxiom] :
  forall x:int [of_int1 x]. in_bounds1 x -> tqtint1 (of_int1 x) = x

function add1 t18 t18 : t18

axiom add_in_bounds1 [@useraxiom] :
  forall x:t18, y:t18 [add1 x y].
   in_bounds1 (infix_pl (tqtint1 x) (tqtint1 y)) ->
   tqtint1 (add1 x y) = infix_pl (tqtint1 x) (tqtint1 y)

axiom add_wrapping1 [@useraxiom] :
  forall x:t18, y:t18 [add1 x y].
   exists k:int.
    tqtint1 (add1 x y) =
    infix_pl (infix_pl (tqtint1 x) (tqtint1 y)) (infix_as k two_power_size1)

function sub1 t18 t18 : t18

axiom sub_in_bounds1 [@useraxiom] :
  forall x:t18, y:t18 [sub1 x y].
   in_bounds1 (infix_mn (tqtint1 x) (tqtint1 y)) ->
   tqtint1 (sub1 x y) = infix_mn (tqtint1 x) (tqtint1 y)

axiom sub_wrapping1 [@useraxiom] :
  forall x:t18, y:t18 [sub1 x y].
   exists k:int.
    tqtint1 (sub1 x y) =
    infix_pl (infix_mn (tqtint1 x) (tqtint1 y)) (infix_as k two_power_size1)

function mul1 t18 t18 : t18

axiom mul_in_bounds1 [@useraxiom] :
  forall x:t18, y:t18 [mul1 x y].
   in_bounds1 (infix_as (tqtint1 x) (tqtint1 y)) ->
   tqtint1 (mul1 x y) = infix_as (tqtint1 x) (tqtint1 y)

axiom mul_wrapping1 [@useraxiom] :
  forall x:t18, y:t18 [mul1 x y].
   exists k:int.
    tqtint1 (mul1 x y) =
    infix_pl (infix_as (tqtint1 x) (tqtint1 y)) (infix_as k two_power_size1)

function neg1 t18 : t18

axiom neg_zero1 [@useraxiom] :
  forall x:t18 [neg1 x]. tqtint1 x = 0 -> tqtint1 (neg1 x) = 0

axiom neg_not_zero1 [@useraxiom] :
  forall x:t18 [neg1 x].
   infix_ls 0 (tqtint1 x) /\ infix_lseq (tqtint1 x) 0xFFFFFFFFFFFFFFFF ->
   tqtint1 (neg1 x) = infix_mn two_power_size1 (tqtint1 x)

function of_bool1 [@inline:trivial] (b:bool) : t18 =
  if b = True then (1:t18) else (0:t18)

predicate le1 [@inline:trivial] (a:t18) (b:t18) =
  infix_lseq (tqtint1 a) (tqtint1 b)

predicate lt1 [@inline:trivial] (a:t18) (b:t18) =
  infix_ls (tqtint1 a) (tqtint1 b)

predicate ge1 [@inline:trivial] (a:t18) (b:t18) =
  infix_gteq (tqtint1 a) (tqtint1 b)

predicate gt1 [@inline:trivial] (a:t18) (b:t18) =
  infix_gt (tqtint1 a) (tqtint1 b)

function bw_and1 t18 t18 : t18

function bw_or1 t18 t18 : t18

function bw_xor1 t18 t18 : t18

function bw_not1 t18 : t18

function shl1 t18 t18 : t18

function shr1 t18 t18 : t18

function nth1 t18 int : bool

function add_with_overflow1 (a:t18) (b:t18) : (t18, bool) = (add1 a b,
  if not in_bounds1 (infix_pl (tqtint1 a) (tqtint1 b)) then True else False)

function sub_with_overflow1 (a:t18) (b:t18) : (t18, bool) = (sub1 a b,
  if not in_bounds1 (infix_mn (tqtint1 a) (tqtint1 b)) then True else False)

function mul_with_overflow1 (a:t18) (b:t18) : (t18, bool) = (mul1 a b,
  if not in_bounds1 (infix_as (tqtint1 a) (tqtint1 b)) then True else False)

(* use creusot.int.UInt64 *)

function any_l 'a : 'b

(* use creusot.prelude.Any *)

type t_Method

type t_MethodModel =
  | Options
  | Get
  | Post
  | Put
  | Delete
  | Head
  | Trace
  | Connect
  | Patch
  | Query
  | ExtensionInline (seq t17) int
  | ExtensionAllocated (seq t17)

constant const_MAX : t18 = (15:t18)

predicate is_method_char_model (byte:t17) =
  infix_lseq 33 (tqtint byte) /\
  infix_lseq (tqtint byte) 126 /\
  not tqtint byte = 34 /\
  not tqtint byte = 40 /\
  not tqtint byte = 41 /\
  not tqtint byte = 44 /\
  not tqtint byte = 47 /\
  not tqtint byte = 58 /\
  not tqtint byte = 59 /\
  not tqtint byte = 60 /\
  not tqtint byte = 61 /\
  not tqtint byte = 62 /\
  not tqtint byte = 63 /\
  not tqtint byte = 64 /\
  not tqtint byte = 91 /\
  not tqtint byte = 92 /\
  not tqtint byte = 93 /\ not tqtint byte = 123 /\ not tqtint byte = 125

predicate all_method_chars_valid (bytes:seq t17) =
  forall i:int.
   infix_lseq 0 i /\ infix_ls i (length bytes) ->
   is_method_char_model (get bytes i)

predicate method_text_matches (left:seq t17) (right:seq t17) =
  length left = length right /\
  (forall i:int.
    infix_lseq 0 i /\ infix_ls i (length left) -> get left i = get right i)

function method_model_text (method:t_MethodModel) : seq t17 =
  match method with
  | Options ->
      create 7
      ([@funlit]
       fun (xqtx:int) ->
        if xqtx = 0 then (79:t17)
        else if xqtx = 1 then (80:t17)
             else if xqtx = 2 then (84:t17)
                  else if xqtx = 3 then (73:t17)
                       else if xqtx = 4 then (79:t17)
                            else if xqtx = 5 then (78:t17)
                                 else if xqtx = 6 then (83:t17) else (83:t17))
  | Get ->
      create 3
      ([@funlit]
       fun (xqtx:int) ->
        if xqtx = 0 then (71:t17)
        else if xqtx = 1 then (69:t17)
             else if xqtx = 2 then (84:t17) else (84:t17))
  | Post ->
      create 4
      ([@funlit]
       fun (xqtx:int) ->
        if xqtx = 0 then (80:t17)
        else if xqtx = 1 then (79:t17)
             else if xqtx = 2 then (83:t17)
                  else if xqtx = 3 then (84:t17) else (84:t17))
  | Put ->
      create 3
      ([@funlit]
       fun (xqtx:int) ->
        if xqtx = 0 then (80:t17)
        else if xqtx = 1 then (85:t17)
             else if xqtx = 2 then (84:t17) else (84:t17))
  | Delete ->
      create 6
      ([@funlit]
       fun (xqtx:int) ->
        if xqtx = 0 then (68:t17)
        else if xqtx = 1 then (69:t17)
             else if xqtx = 2 then (76:t17)
                  else if xqtx = 3 then (69:t17)
                       else if xqtx = 4 then (84:t17)
                            else if xqtx = 5 then (69:t17) else (69:t17))
  | Head ->
      create 4
      ([@funlit]
       fun (xqtx:int) ->
        if xqtx = 0 then (72:t17)
        else if xqtx = 1 then (69:t17)
             else if xqtx = 2 then (65:t17)
                  else if xqtx = 3 then (68:t17) else (68:t17))
  | Trace ->
      create 5
      ([@funlit]
       fun (xqtx:int) ->
        if xqtx = 0 then (84:t17)
        else if xqtx = 1 then (82:t17)
             else if xqtx = 2 then (65:t17)
                  else if xqtx = 3 then (67:t17)
                       else if xqtx = 4 then (69:t17) else (69:t17))
  | Connect ->
      create 7
      ([@funlit]
       fun (xqtx:int) ->
        if xqtx = 0 then (67:t17)
        else if xqtx = 1 then (79:t17)
             else if xqtx = 2 then (78:t17)
                  else if xqtx = 3 then (78:t17)
                       else if xqtx = 4 then (69:t17)
                            else if xqtx = 5 then (67:t17)
                                 else if xqtx = 6 then (84:t17) else (84:t17))
  | Patch ->
      create 5
      ([@funlit]
       fun (xqtx:int) ->
        if xqtx = 0 then (80:t17)
        else if xqtx = 1 then (65:t17)
             else if xqtx = 2 then (84:t17)
                  else if xqtx = 3 then (67:t17)
                       else if xqtx = 4 then (72:t17) else (72:t17))
  | Query ->
      create 5
      ([@funlit]
       fun (xqtx:int) ->
        if xqtx = 0 then (81:t17)
        else if xqtx = 1 then (85:t17)
             else if xqtx = 2 then (69:t17)
                  else if xqtx = 3 then (82:t17)
                       else if xqtx = 4 then (89:t17) else (89:t17))
  | ExtensionInline data len -> mixfix_lbdtdtrb data 0 len
  | ExtensionAllocated data -> data
  end

predicate is_known_method_text (bytes:seq t17) =
  if length bytes = 3
  then method_text_matches bytes (method_model_text Get) \/
       method_text_matches bytes (method_model_text Put)
  else if length bytes = 4
       then method_text_matches bytes (method_model_text Post) \/
            method_text_matches bytes (method_model_text Head)
       else if length bytes = 5
            then method_text_matches bytes (method_model_text Patch) \/
                 method_text_matches bytes (method_model_text Trace) \/
                 method_text_matches bytes (method_model_text Query)
            else if length bytes = 6
                 then method_text_matches bytes (method_model_text Delete)
                 else if length bytes = 7
                      then method_text_matches bytes
                           (method_model_text Options) \/
                           method_text_matches bytes
                           (method_model_text Connect)
                      else false

predicate method_model_is_canonical (method:t_MethodModel) =
  match method with
  | ExtensionInline data len ->
      length data = tqtint1 const_MAX /\
      infix_ls 0 len /\
      infix_lseq len (tqtint1 const_MAX) /\
      all_method_chars_valid (mixfix_lbdtdtrb data 0 len) /\
      (forall i:int.
        infix_lseq len i /\ infix_ls i (length data) -> get data i = (0:t17)) /\
      not is_known_method_text (mixfix_lbdtdtrb data 0 len)
  | ExtensionAllocated data ->
      infix_gt (length data) (tqtint1 const_MAX) /\
      all_method_chars_valid data /\ not is_known_method_text data
  | _ -> true
  end

function method_repr t_Method : t_MethodModel

predicate invariant_Method (self:t_Method) =
  method_model_is_canonical (method_repr self)

predicate inv_Method t_Method

axiom inv_axiom [@useraxiom] :
  forall x:t_Method [inv_Method x]. inv_Method x -> invariant_Method x

type t_Uri

type t_Version

type t_HeaderMap_HeaderValue

type t_Extensions

type t_Parts =
  | T_Partsqtmk [@builtin] (method:t_Method) (uri:t_Uri) (version:t_Version)
      (headers:t_HeaderMap_HeaderValue) (extensions:t_Extensions) (uspriv:
      unit)

(* meta model_record function uspriv *)

(* meta model_record function extensions *)

(* meta model_record function headers *)

(* meta model_record function version *)

(* meta model_record function uri *)

(* meta model_record function method *)

predicate resolve_Method t_Method

type t_T

type closure0 =
  | Closure0qtmk [@builtin] (c0:t_T)

(* meta model_record function c0 *)

type t_Error

type t_Result_Method_Error =
  | Ok t_Method
  | Err t_Error

predicate inv_T t_T

predicate precondition_try_into unit t_T

axiom precondition_fndef [@useraxiom] :
  forall args:t_T [precondition_try_into () args].
   (let self_ = args in inv_T self_) -> precondition_try_into () args

predicate inv_Error t_Error

predicate inv_Result_Method_Error t_Result_Method_Error

axiom inv_axiomqt0 [@useraxiom] [@rewrite] :
  forall x:t_Result_Method_Error [inv_Result_Method_Error x].
   inv_Result_Method_Error x <->
   match x with
   | Ok f0 -> inv_Method f0
   | Err f0 -> inv_Error f0
   end

predicate postcondition_once_try_into unit t_T t_Result_Method_Error

axiom postcondition_fndef [@useraxiom] :
  forall args:t_T, res:t_Result_Method_Error
   [postcondition_once_try_into () args res].
   postcondition_once_try_into () args res ->
   (let self_ = args in inv_Result_Method_Error res)

predicate inv_Uri t_Uri

predicate inv_Version t_Version

predicate inv_HeaderMap_HeaderValue t_HeaderMap_HeaderValue

predicate inv_Extensions t_Extensions

predicate inv_Parts t_Parts

axiom inv_axiomqt1 [@useraxiom] [@rewrite] :
  forall x:t_Parts [inv_Parts x].
   inv_Parts x <->
   inv_Method (x.method) /\
   inv_Uri (x.uri) /\
   inv_Version (x.version) /\
   inv_HeaderMap_HeaderValue (x.headers) /\ inv_Extensions (x.extensions)

predicate resolve_Uri t_Uri

predicate resolve_Version t_Version

predicate resolve_HeaderMap_HeaderValue t_HeaderMap_HeaderValue

predicate resolve_Extensions t_Extensions

predicate resolve_Parts t_Parts

axiom resolve_axiom [@useraxiom] [@rewrite] :
  forall x:t_Parts [resolve_Parts x].
   resolve_Parts x <->
   resolve_Method (x.method) /\
   resolve_Uri (x.uri) /\
   resolve_Version (x.version) /\
   resolve_HeaderMap_HeaderValue (x.headers) /\
   resolve_Extensions (x.extensions)

type t_InvalidStatusCode

type t_InvalidMethod

type t_InvalidUri

type t_InvalidUriParts

type t_InvalidHeaderName

type t_InvalidHeaderValue

type t_MaxSizeReached

type t_ErrorKind =
  | StatusCode t_InvalidStatusCode
  | Method t_InvalidMethod
  | Uri t_InvalidUri
  | UriParts t_InvalidUriParts
  | HeaderName t_InvalidHeaderName
  | HeaderValue t_InvalidHeaderValue
  | MaxSizeReached t_MaxSizeReached

type t_Errorqt0 =
  | T_Errorqt0qtmk [@builtin] (inner:t_ErrorKind)

(* meta model_record function inner *)

predicate precondition_into unit t_Error

axiom precondition_fndefqt0 [@useraxiom] :
  forall args:t_Error [precondition_into () args].
   (let self_ = args in inv_Error self_) -> precondition_into () args

predicate inv_InvalidStatusCode t_InvalidStatusCode

predicate inv_InvalidMethod t_InvalidMethod

predicate inv_InvalidUri t_InvalidUri

predicate inv_InvalidUriParts t_InvalidUriParts

predicate inv_InvalidHeaderName t_InvalidHeaderName

predicate inv_InvalidHeaderValue t_InvalidHeaderValue

predicate inv_MaxSizeReached t_MaxSizeReached

predicate inv_ErrorKind t_ErrorKind

axiom inv_axiomqt2 [@useraxiom] [@rewrite] :
  forall x:t_ErrorKind [inv_ErrorKind x].
   inv_ErrorKind x <->
   match x with
   | StatusCode f0 -> inv_InvalidStatusCode f0
   | Method f0 -> inv_InvalidMethod f0
   | Uri f0 -> inv_InvalidUri f0
   | UriParts f0 -> inv_InvalidUriParts f0
   | HeaderName f0 -> inv_InvalidHeaderName f0
   | HeaderValue f0 -> inv_InvalidHeaderValue f0
   | MaxSizeReached f0 -> inv_MaxSizeReached f0
   end

predicate inv_Errorqt0 t_Errorqt0

axiom inv_axiomqt3 [@useraxiom] [@rewrite] :
  forall x:t_Errorqt0 [inv_Errorqt0 x].
   inv_Errorqt0 x <-> inv_ErrorKind (x.inner)

predicate postcondition_once_into unit t_Error t_Errorqt0

axiom postcondition_fndefqt0 [@useraxiom] :
  forall args:t_Error, res:t_Errorqt0 [postcondition_once_into () args res].
   postcondition_once_into () args res ->
   (let self_ = args in inv_Errorqt0 res)

(* meta syntax_type type int, "int", 0 *)

(* meta syntax_type type real, "real", 0 *)

(* meta syntax_logic predicate infix_eq, "(%1 = %2)", 0 *)

(* meta encoding:ignore_polymorphism_ls predicate infix_eq *)

goal vc_into_Error : [@coma:solid] true

end
theory Task

type int

type real

type string

predicate infix_eq 'a 'a

(* use why3.BuiltIn.BuiltIn *)

type bool =
  | True
  | False

(* use why3.Bool.Bool *)

type tuple0 =
  | Tuple0 [@builtin]

(* use why3.Tuple0.Tuple01 *)

type unit [@builtin] = unit

(* use why3.Unit.Unit *)

constant zero : int = 0

constant one : int = 1

function prefix_mn int : int

function infix_pl int int : int

function infix_as int int : int

predicate infix_ls int int

function infix_mn (x:int) (y:int) : int = infix_pl x (prefix_mn y)

predicate infix_gt (x:int) (y:int) = infix_ls y x

predicate infix_lseq (x:int) (y:int) = infix_ls x y \/ x = y

predicate infix_gteq (x:int) (y:int) = infix_lseq y x

axiom Assoc :
  forall x:int, y:int, z:int.
   infix_pl (infix_pl x y) z = infix_pl x (infix_pl y z)

(* clone algebra.Assoc with type t = int, function op = infix_pl,
  prop Assoc1 = Assoc,  *)

axiom Unit_def_l : forall x:int. infix_pl zero x = x

axiom Unit_def_r : forall x:int. infix_pl x zero = x

(* clone algebra.Monoid with type t1 = int, constant unit = zero,
  function op1 = infix_pl, prop Unit_def_r1 = Unit_def_r,
  prop Unit_def_l1 = Unit_def_l, prop Assoc2 = Assoc,  *)

axiom Inv_def_l : forall x:int. infix_pl (prefix_mn x) x = zero

axiom Inv_def_r : forall x:int. infix_pl x (prefix_mn x) = zero

(* clone algebra.Group with type t2 = int, function inv = prefix_mn,
  constant unit1 = zero, function op2 = infix_pl,
  prop Inv_def_r1 = Inv_def_r, prop Inv_def_l1 = Inv_def_l,
  prop Unit_def_r2 = Unit_def_r, prop Unit_def_l2 = Unit_def_l,
  prop Assoc3 = Assoc,  *)

axiom Comm : forall x:int, y:int. infix_pl x y = infix_pl y x

(* clone algebra.Comm with type t3 = int, function op3 = infix_pl,
  prop Comm1 = Comm,  *)

(* meta AC function infix_pl *)

(* clone algebra.CommutativeGroup with type t4 = int,
  function inv1 = prefix_mn, constant unit2 = zero, function op4 = infix_pl,
  prop Comm2 = Comm, prop Inv_def_r2 = Inv_def_r,
  prop Inv_def_l2 = Inv_def_l, prop Unit_def_r3 = Unit_def_r,
  prop Unit_def_l3 = Unit_def_l, prop Assoc4 = Assoc,  *)

axiom Assoc5 :
  forall x:int, y:int, z:int.
   infix_as (infix_as x y) z = infix_as x (infix_as y z)

(* clone algebra.Assoc with type t = int, function op = infix_as,
  prop Assoc1 = Assoc5,  *)

axiom Mul_distr_l :
  forall x:int, y:int, z:int.
   infix_as x (infix_pl y z) = infix_pl (infix_as x y) (infix_as x z)

axiom Mul_distr_r :
  forall x:int, y:int, z:int.
   infix_as (infix_pl y z) x = infix_pl (infix_as y x) (infix_as z x)

(* clone algebra.Ring with type t5 = int, function infix_as1 = infix_as,
  function prefix_mn1 = prefix_mn, function infix_pl1 = infix_pl,
  constant zero1 = zero, prop Mul_distr_r1 = Mul_distr_r,
  prop Mul_distr_l1 = Mul_distr_l, prop Assoc6 = Assoc5, prop Comm3 = Comm,
  prop Inv_def_r3 = Inv_def_r, prop Inv_def_l3 = Inv_def_l,
  prop Unit_def_r4 = Unit_def_r, prop Unit_def_l4 = Unit_def_l,
  prop Assoc7 = Assoc,  *)

axiom Comm4 : forall x:int, y:int. infix_as x y = infix_as y x

(* clone algebra.Comm with type t3 = int, function op3 = infix_as,
  prop Comm1 = Comm4,  *)

(* meta AC function infix_as *)

(* clone algebra.CommutativeRing with type t6 = int,
  function infix_as2 = infix_as, function prefix_mn2 = prefix_mn,
  function infix_pl2 = infix_pl, constant zero2 = zero, prop Comm5 = Comm4,
  prop Mul_distr_r2 = Mul_distr_r, prop Mul_distr_l2 = Mul_distr_l,
  prop Assoc8 = Assoc5, prop Comm6 = Comm, prop Inv_def_r4 = Inv_def_r,
  prop Inv_def_l4 = Inv_def_l, prop Unit_def_r5 = Unit_def_r,
  prop Unit_def_l5 = Unit_def_l, prop Assoc9 = Assoc,  *)

axiom Unitary : forall x:int. infix_as one x = x

axiom NonTrivialRing : not zero = one

(* clone algebra.UnitaryCommutativeRing with type t7 = int,
  constant one1 = one, function infix_as3 = infix_as,
  function prefix_mn3 = prefix_mn, function infix_pl3 = infix_pl,
  constant zero3 = zero, prop NonTrivialRing1 = NonTrivialRing,
  prop Unitary1 = Unitary, prop Comm7 = Comm4,
  prop Mul_distr_r3 = Mul_distr_r, prop Mul_distr_l3 = Mul_distr_l,
  prop Assoc10 = Assoc5, prop Comm8 = Comm, prop Inv_def_r5 = Inv_def_r,
  prop Inv_def_l5 = Inv_def_l, prop Unit_def_r6 = Unit_def_r,
  prop Unit_def_l6 = Unit_def_l, prop Assoc11 = Assoc,  *)

(* clone relations.EndoRelation with type t8 = int,
  predicate rel = infix_lseq,  *)

axiom Refl : forall x:int. infix_lseq x x

(* clone relations.Reflexive with type t9 = int, predicate rel1 = infix_lseq,
  prop Refl1 = Refl,  *)

(* clone relations.EndoRelation with type t8 = int,
  predicate rel = infix_lseq,  *)

axiom Trans :
  forall x:int, y:int, z:int.
   infix_lseq x y -> infix_lseq y z -> infix_lseq x z

(* clone relations.Transitive with type t10 = int,
  predicate rel2 = infix_lseq, prop Trans1 = Trans,  *)

(* clone relations.PreOrder with type t11 = int, predicate rel3 = infix_lseq,
  prop Trans2 = Trans, prop Refl2 = Refl,  *)

(* clone relations.EndoRelation with type t8 = int,
  predicate rel = infix_lseq,  *)

axiom Antisymm :
  forall x:int, y:int. infix_lseq x y -> infix_lseq y x -> x = y

(* clone relations.Antisymmetric with type t12 = int,
  predicate rel4 = infix_lseq, prop Antisymm1 = Antisymm,  *)

(* clone relations.PartialOrder with type t13 = int,
  predicate rel5 = infix_lseq, prop Antisymm2 = Antisymm,
  prop Trans3 = Trans, prop Refl3 = Refl,  *)

(* clone relations.EndoRelation with type t8 = int,
  predicate rel = infix_lseq,  *)

axiom Total : forall x:int, y:int. infix_lseq x y \/ infix_lseq y x

(* clone relations.Total with type t14 = int, predicate rel6 = infix_lseq,
  prop Total1 = Total,  *)

(* clone relations.TotalOrder with type t15 = int,
  predicate rel7 = infix_lseq, prop Total2 = Total,
  prop Antisymm3 = Antisymm, prop Trans4 = Trans, prop Refl4 = Refl,  *)

axiom ZeroLessOne : infix_lseq zero one

axiom CompatOrderAdd :
  forall x:int, y:int, z:int.
   infix_lseq x y -> infix_lseq (infix_pl x z) (infix_pl y z)

axiom CompatOrderMult :
  forall x:int, y:int, z:int.
   infix_lseq x y ->
   infix_lseq zero z -> infix_lseq (infix_as x z) (infix_as y z)

(* meta remove_unused:dependency prop CompatOrderMult, function infix_as *)

(* clone algebra.OrderedUnitaryCommutativeRing with type t16 = int,
  predicate infix_lseq1 = infix_lseq, constant one2 = one,
  function infix_as4 = infix_as, function prefix_mn4 = prefix_mn,
  function infix_pl4 = infix_pl, constant zero4 = zero,
  prop CompatOrderMult1 = CompatOrderMult,
  prop CompatOrderAdd1 = CompatOrderAdd, prop ZeroLessOne1 = ZeroLessOne,
  prop Total3 = Total, prop Antisymm4 = Antisymm, prop Trans5 = Trans,
  prop Refl5 = Refl, prop NonTrivialRing2 = NonTrivialRing,
  prop Unitary2 = Unitary, prop Comm9 = Comm4,
  prop Mul_distr_r4 = Mul_distr_r, prop Mul_distr_l4 = Mul_distr_l,
  prop Assoc12 = Assoc5, prop Comm10 = Comm, prop Inv_def_r6 = Inv_def_r,
  prop Inv_def_l6 = Inv_def_l, prop Unit_def_r7 = Unit_def_r,
  prop Unit_def_l7 = Unit_def_l, prop Assoc13 = Assoc,  *)

(* meta remove_unused:keep function infix_pl *)

(* meta remove_unused:keep function infix_mn *)

(* meta remove_unused:keep function prefix_mn *)

(* meta remove_unused:keep predicate infix_ls *)

(* meta remove_unused:keep predicate infix_lseq *)

(* meta remove_unused:keep predicate infix_gt *)

(* meta remove_unused:keep predicate infix_gteq *)

(* use int.Int *)

function abs (x:int) : int = if infix_gteq x 0 then x else prefix_mn x

axiom Abs_le :
  forall x:int, y:int.
   infix_lseq (abs x) y <-> infix_lseq (prefix_mn y) x /\ infix_lseq x y

(* meta remove_unused:dependency prop Abs_le, function abs *)

axiom Abs_pos : forall x:int. infix_gteq (abs x) 0

(* meta remove_unused:dependency prop Abs_pos, function abs *)

(* use int.Abs *)

function div int int : int

function mod int int : int

axiom Div_mod [@useraxiom] :
  forall x:int, y:int.
   not y = 0 -> x = infix_pl (infix_as y (div x y)) (mod x y)

(* meta remove_unused:dependency prop Div_mod, function div *)

(* meta remove_unused:dependency prop Div_mod, function mod *)

axiom Div_bound [@useraxiom] :
  forall x:int, y:int.
   infix_gteq x 0 /\ infix_gt y 0 ->
   infix_lseq 0 (div x y) /\ infix_lseq (div x y) x

(* meta remove_unused:dependency prop Div_bound, function div *)

(* meta remove_unused:dependency prop Div_bound, function mod *)

axiom Mod_bound [@useraxiom] :
  forall x:int, y:int.
   not y = 0 ->
   infix_ls (prefix_mn (abs y)) (mod x y) /\ infix_ls (mod x y) (abs y)

(* meta remove_unused:dependency prop Mod_bound, function div *)

(* meta remove_unused:dependency prop Mod_bound, function mod *)

axiom Div_sign_pos [@useraxiom] :
  forall x:int, y:int.
   infix_gteq x 0 /\ infix_gt y 0 -> infix_gteq (div x y) 0

(* meta remove_unused:dependency prop Div_sign_pos, function div *)

(* meta remove_unused:dependency prop Div_sign_pos, function mod *)

axiom Div_sign_neg [@useraxiom] :
  forall x:int, y:int.
   infix_lseq x 0 /\ infix_gt y 0 -> infix_lseq (div x y) 0

(* meta remove_unused:dependency prop Div_sign_neg, function div *)

(* meta remove_unused:dependency prop Div_sign_neg, function mod *)

axiom Mod_sign_pos [@useraxiom] :
  forall x:int, y:int. infix_gteq x 0 /\ not y = 0 -> infix_gteq (mod x y) 0

(* meta remove_unused:dependency prop Mod_sign_pos, function div *)

(* meta remove_unused:dependency prop Mod_sign_pos, function mod *)

axiom Mod_sign_neg [@useraxiom] :
  forall x:int, y:int. infix_lseq x 0 /\ not y = 0 -> infix_lseq (mod x y) 0

(* meta remove_unused:dependency prop Mod_sign_neg, function div *)

(* meta remove_unused:dependency prop Mod_sign_neg, function mod *)

axiom Rounds_toward_zero :
  forall x:int, y:int.
   not y = 0 -> infix_lseq (abs (infix_as (div x y) y)) (abs x)

(* meta remove_unused:dependency prop Rounds_toward_zero, function div *)

(* meta remove_unused:dependency prop Rounds_toward_zero, function mod *)

axiom Div_1 : forall x:int. div x 1 = x

(* meta remove_unused:dependency prop Div_1, function div *)

(* meta remove_unused:dependency prop Div_1, function mod *)

axiom Mod_1 : forall x:int. mod x 1 = 0

(* meta remove_unused:dependency prop Mod_1, function div *)

(* meta remove_unused:dependency prop Mod_1, function mod *)

axiom Div_inf :
  forall x:int, y:int. infix_lseq 0 x /\ infix_ls x y -> div x y = 0

(* meta remove_unused:dependency prop Div_inf, function div *)

(* meta remove_unused:dependency prop Div_inf, function mod *)

axiom Mod_inf :
  forall x:int, y:int. infix_lseq 0 x /\ infix_ls x y -> mod x y = x

(* meta remove_unused:dependency prop Mod_inf, function div *)

(* meta remove_unused:dependency prop Mod_inf, function mod *)

axiom Div_mult :
  forall x:int, y:int, z:int [div (infix_pl (infix_as x y) z) x].
   infix_gt x 0 /\ infix_gteq y 0 /\ infix_gteq z 0 ->
   div (infix_pl (infix_as x y) z) x = infix_pl y (div z x)

(* meta remove_unused:dependency prop Div_mult, function div *)

(* meta remove_unused:dependency prop Div_mult, function mod *)

axiom Mod_mult :
  forall x:int, y:int, z:int [mod (infix_pl (infix_as x y) z) x].
   infix_gt x 0 /\ infix_gteq y 0 /\ infix_gteq z 0 ->
   mod (infix_pl (infix_as x y) z) x = mod z x

(* meta remove_unused:dependency prop Mod_mult, function div *)

(* meta remove_unused:dependency prop Mod_mult, function mod *)

(* use int.ComputerDivision *)

(* use mach.int.Int1 *)

type t17 = <range 0 255>

function tqtint t17 : int

constant tqtmaxInt : int = 255

constant tqtminInt : int = 0

predicate tqteq (a:t17) (b:t17) = tqtint a = tqtint b

axiom tqtinj [@W:non_conservative_extension:N] :
  forall a:t17, b:t17. tqteq a b -> a = b

(* meta range_type type t17, function tqtint *)

(* meta model_projection function tqtint *)

(* meta remove_unused:dependency prop tqtinj, predicate tqteq *)

constant two_power_size : int = 0x100

axiom extensionality [@useraxiom] :
  forall x:t17, y:t17 [tqtint x, tqtint y]. tqtint x = tqtint y -> x = y

predicate in_bounds [@inline:trivial] (n:int) =
  infix_lseq 0 n /\ infix_lseq n 0xFF

function of_int int : t17

axiom to_of_int [@useraxiom] :
  forall x:int [of_int x]. in_bounds x -> tqtint (of_int x) = x

function add t17 t17 : t17

axiom add_in_bounds [@useraxiom] :
  forall x:t17, y:t17 [add x y].
   in_bounds (infix_pl (tqtint x) (tqtint y)) ->
   tqtint (add x y) = infix_pl (tqtint x) (tqtint y)

axiom add_wrapping [@useraxiom] :
  forall x:t17, y:t17 [add x y].
   exists k:int.
    tqtint (add x y) =
    infix_pl (infix_pl (tqtint x) (tqtint y)) (infix_as k two_power_size)

function sub t17 t17 : t17

axiom sub_in_bounds [@useraxiom] :
  forall x:t17, y:t17 [sub x y].
   in_bounds (infix_mn (tqtint x) (tqtint y)) ->
   tqtint (sub x y) = infix_mn (tqtint x) (tqtint y)

axiom sub_wrapping [@useraxiom] :
  forall x:t17, y:t17 [sub x y].
   exists k:int.
    tqtint (sub x y) =
    infix_pl (infix_mn (tqtint x) (tqtint y)) (infix_as k two_power_size)

function mul t17 t17 : t17

axiom mul_in_bounds [@useraxiom] :
  forall x:t17, y:t17 [mul x y].
   in_bounds (infix_as (tqtint x) (tqtint y)) ->
   tqtint (mul x y) = infix_as (tqtint x) (tqtint y)

axiom mul_wrapping [@useraxiom] :
  forall x:t17, y:t17 [mul x y].
   exists k:int.
    tqtint (mul x y) =
    infix_pl (infix_as (tqtint x) (tqtint y)) (infix_as k two_power_size)

function neg t17 : t17

axiom neg_zero [@useraxiom] :
  forall x:t17 [neg x]. tqtint x = 0 -> tqtint (neg x) = 0

axiom neg_not_zero [@useraxiom] :
  forall x:t17 [neg x].
   infix_ls 0 (tqtint x) /\ infix_lseq (tqtint x) 0xFF ->
   tqtint (neg x) = infix_mn two_power_size (tqtint x)

function of_bool [@inline:trivial] (b:bool) : t17 =
  if b = True then (1:t17) else (0:t17)

predicate le [@inline:trivial] (a:t17) (b:t17) =
  infix_lseq (tqtint a) (tqtint b)

predicate lt [@inline:trivial] (a:t17) (b:t17) =
  infix_ls (tqtint a) (tqtint b)

predicate ge [@inline:trivial] (a:t17) (b:t17) =
  infix_gteq (tqtint a) (tqtint b)

predicate gt [@inline:trivial] (a:t17) (b:t17) =
  infix_gt (tqtint a) (tqtint b)

function bw_and t17 t17 : t17

function bw_or t17 t17 : t17

function bw_xor t17 t17 : t17

function bw_not t17 : t17

function shl t17 t17 : t17

function shr t17 t17 : t17

function nth t17 int : bool

type tuple2 'a 'a1 =
  | Tuple2 [@builtin] 'a 'a1

(* use why3.Tuple2.Tuple21 *)

function add_with_overflow (a:t17) (b:t17) : (t17, bool) = (add a b,
  if not in_bounds (infix_pl (tqtint a) (tqtint b)) then True else False)

function sub_with_overflow (a:t17) (b:t17) : (t17, bool) = (sub a b,
  if not in_bounds (infix_mn (tqtint a) (tqtint b)) then True else False)

function mul_with_overflow (a:t17) (b:t17) : (t17, bool) = (mul a b,
  if not in_bounds (infix_as (tqtint a) (tqtint b)) then True else False)

(* use creusot.int.UInt8 *)

type seq 'a

(* meta infinite_type type seq *)

function length (seq 'a) : int

axiom length_nonnegative [@useraxiom] :
  forall s:seq 'a. infix_lseq 0 (length s)

(* meta remove_unused:dependency prop length_nonnegative, function length *)

function get (seq 'a) int : 'a

function mixfix_lbrb (s:seq 'a) (i:int) : 'a = get s i

predicate infix_eqeq (seq 'a) (seq 'a)

axiom infix_eqeqqtspecqt0 [@W:non_conservative_extension:N] :
  forall s1:seq 'a, s2:seq 'a.
   [@hyp_name:Ensures]
   infix_eqeq s1 s2 <->
   ([@asym_split] length s1 = length s2) &&
   (forall i:int.
     infix_lseq 0 i /\ infix_ls i (length s1) ->
     mixfix_lbrb s1 i = mixfix_lbrb s2 i)

axiom infix_eqeqqtspec [@W:non_conservative_extension:N] :
  forall s1:seq 'a, s2:seq 'a.
   [@hyp_name:Ensures] infix_eqeq s1 s2 -> s1 = s2

(* meta remove_unused:dependency prop infix_eqeqqtspecqt0,
  predicate infix_eqeq *)

(* meta remove_unused:dependency prop infix_eqeqqtspec,
  predicate infix_eqeq *)

(* meta extensionality predicate infix_eqeq *)

type (->) 'a 'b

function infix_at ('a -> 'b) 'a : 'b

(* use why3.HighOrd.HighOrd *)

function create int (int -> 'a) : seq 'a

axiom createqtspecqt0 [@W:non_conservative_extension:N] :
  forall len:int, f:int -> 'a.
   ([@hyp_name:Requires] infix_lseq 0 len) ->
   ([@hyp_name:Ensures] length (create len f) = len)

axiom createqtspec [@W:non_conservative_extension:N] :
  forall len:int, f:int -> 'a.
   ([@hyp_name:Requires] infix_lseq 0 len) ->
   ([@hyp_name:Ensures]
    forall i:int.
     infix_lseq 0 i /\ infix_ls i len ->
     mixfix_lbrb (create len f) i = infix_at f i)

(* meta remove_unused:dependency prop createqtspecqt0, function create *)

(* meta remove_unused:dependency prop createqtspec, function create *)

constant empty : seq 'a

axiom emptyqtdef [@W:non_conservative_extension:N] :
  [@hyp_name:Ensures] length (empty: seq 'a) = 0

(* meta remove_unused:dependency prop emptyqtdef, constant empty *)

function set (seq 'a) int 'a : seq 'a

axiom setqtdef [@W:non_conservative_extension:N] :
  forall s:seq 'a, i:int, v:'a.
   ([@hyp_name:Requires] infix_lseq 0 i /\ infix_ls i (length s)) ->
   set s i v =
   create (length s) (fun (j:int) -> if j = i then v else mixfix_lbrb s j)

axiom setqtspecqt1 [@W:non_conservative_extension:N] :
  forall s:seq 'a, i:int, v:'a.
   ([@hyp_name:Requires] infix_lseq 0 i /\ infix_ls i (length s)) ->
   ([@hyp_name:Ensures] length (set s i v) = length s)

axiom setqtspecqt0 [@W:non_conservative_extension:N] :
  forall s:seq 'a, i:int, v:'a.
   ([@hyp_name:Requires] infix_lseq 0 i /\ infix_ls i (length s)) ->
   ([@hyp_name:Ensures] mixfix_lbrb (set s i v) i = v)

axiom setqtspec [@W:non_conservative_extension:N] :
  forall s:seq 'a, i:int, v:'a.
   ([@hyp_name:Requires] infix_lseq 0 i /\ infix_ls i (length s)) ->
   ([@hyp_name:Ensures]
    forall j:int.
     (infix_lseq 0 j /\ infix_ls j (length s)) /\ not j = i ->
     mixfix_lbrb (set s i v) j = mixfix_lbrb s j)

(* meta remove_unused:dependency prop setqtdef, function set *)

(* meta remove_unused:dependency prop setqtspecqt1, function set *)

(* meta remove_unused:dependency prop setqtspecqt0, function set *)

(* meta remove_unused:dependency prop setqtspec, function set *)

function mixfix_lblsmnrb (seq 'a) int 'a : seq 'a

axiom mixfix_lblsmnrbqtdef [@W:non_conservative_extension:N] :
  forall s:seq 'a, i:int, v:'a.
   ([@hyp_name:Requires] infix_lseq 0 i /\ infix_ls i (length s)) ->
   mixfix_lblsmnrb s i v = set s i v

(* meta remove_unused:dependency prop mixfix_lblsmnrbqtdef,
  function mixfix_lblsmnrb *)

function singleton (v:'a) : seq 'a =
  create 1 (fun (us [@__dummy__]:int) -> v)

axiom singletonqtspecqt0 [@W:non_conservative_extension:N] :
  forall v:'a. [@hyp_name:Ensures] length (singleton v) = 1

axiom singletonqtspec [@W:non_conservative_extension:N] :
  forall v:'a. [@hyp_name:Ensures] mixfix_lbrb (singleton v) 0 = v

(* meta remove_unused:dependency prop singletonqtspecqt0,
  function singleton *)

(* meta remove_unused:dependency prop singletonqtspec, function singleton *)

function cons (x:'a) (s:seq 'a) : seq 'a =
  create (infix_pl 1 (length s))
  (fun (i:int) -> if i = 0 then x else mixfix_lbrb s (infix_mn i 1))

axiom consqtspecqt1 [@W:non_conservative_extension:N] :
  forall x:'a, s:seq 'a.
   [@hyp_name:Ensures] length (cons x s) = infix_pl 1 (length s)

axiom consqtspecqt0 [@W:non_conservative_extension:N] :
  forall x:'a, s:seq 'a. [@hyp_name:Ensures] mixfix_lbrb (cons x s) 0 = x

axiom consqtspec [@W:non_conservative_extension:N] :
  forall x:'a, s:seq 'a.
   [@hyp_name:Ensures]
   forall i:int.
    infix_ls 0 i /\ infix_lseq i (length s) ->
    mixfix_lbrb (cons x s) i = mixfix_lbrb s (infix_mn i 1)

(* meta remove_unused:dependency prop consqtspecqt1, function cons *)

(* meta remove_unused:dependency prop consqtspecqt0, function cons *)

(* meta remove_unused:dependency prop consqtspec, function cons *)

function snoc (s:seq 'a) (x:'a) : seq 'a =
  create (infix_pl 1 (length s))
  (fun (i:int) -> if i = length s then x else mixfix_lbrb s i)

axiom snocqtspecqt1 [@W:non_conservative_extension:N] :
  forall s:seq 'a, x:'a.
   [@hyp_name:Ensures] length (snoc s x) = infix_pl 1 (length s)

axiom snocqtspecqt0 [@W:non_conservative_extension:N] :
  forall s:seq 'a, x:'a.
   [@hyp_name:Ensures] mixfix_lbrb (snoc s x) (length s) = x

axiom snocqtspec [@W:non_conservative_extension:N] :
  forall s:seq 'a, x:'a.
   [@hyp_name:Ensures]
   forall i:int.
    infix_lseq 0 i /\ infix_ls i (length s) ->
    mixfix_lbrb (snoc s x) i = mixfix_lbrb s i

(* meta remove_unused:dependency prop snocqtspecqt1, function snoc *)

(* meta remove_unused:dependency prop snocqtspecqt0, function snoc *)

(* meta remove_unused:dependency prop snocqtspec, function snoc *)

function mixfix_lbdtdtrb (seq 'a) int int : seq 'a

axiom mixfix_lbdtdtrbqtdef [@W:non_conservative_extension:N] :
  forall s:seq 'a, i:int, j:int.
   ([@hyp_name:Requires]
    infix_lseq 0 i /\ infix_lseq i j /\ infix_lseq j (length s)) ->
   mixfix_lbdtdtrb s i j =
   create (infix_mn j i) (fun (k:int) -> mixfix_lbrb s (infix_pl i k))

axiom mixfix_lbdtdtrbqtspecqt0 [@W:non_conservative_extension:N] :
  forall s:seq 'a, i:int, j:int.
   ([@hyp_name:Requires]
    infix_lseq 0 i /\ infix_lseq i j /\ infix_lseq j (length s)) ->
   ([@hyp_name:Ensures] length (mixfix_lbdtdtrb s i j) = infix_mn j i)

axiom mixfix_lbdtdtrbqtspec [@W:non_conservative_extension:N] :
  forall s:seq 'a, i:int, j:int.
   ([@hyp_name:Requires]
    infix_lseq 0 i /\ infix_lseq i j /\ infix_lseq j (length s)) ->
   ([@hyp_name:Ensures]
    forall k:int.
     infix_lseq 0 k /\ infix_ls k (infix_mn j i) ->
     mixfix_lbrb (mixfix_lbdtdtrb s i j) k = mixfix_lbrb s (infix_pl i k))

(* meta remove_unused:dependency prop mixfix_lbdtdtrbqtdef,
  function mixfix_lbdtdtrb *)

(* meta remove_unused:dependency prop mixfix_lbdtdtrbqtspecqt0,
  function mixfix_lbdtdtrb *)

(* meta remove_unused:dependency prop mixfix_lbdtdtrbqtspec,
  function mixfix_lbdtdtrb *)

function mixfix_lb_dtdtrb (seq 'a) int : seq 'a

axiom mixfix_lb_dtdtrbqtdef [@W:non_conservative_extension:N] :
  forall s:seq 'a, i:int.
   ([@hyp_name:Requires] infix_lseq 0 i /\ infix_lseq i (length s)) ->
   mixfix_lb_dtdtrb s i = mixfix_lbdtdtrb s i (length s)

(* meta remove_unused:dependency prop mixfix_lb_dtdtrbqtdef,
  function mixfix_lb_dtdtrb *)

function mixfix_lbdtdt_rb (seq 'a) int : seq 'a

axiom mixfix_lbdtdt_rbqtdef [@W:non_conservative_extension:N] :
  forall s:seq 'a, j:int.
   ([@hyp_name:Requires] infix_lseq 0 j /\ infix_lseq j (length s)) ->
   mixfix_lbdtdt_rb s j = mixfix_lbdtdtrb s 0 j

(* meta remove_unused:dependency prop mixfix_lbdtdt_rbqtdef,
  function mixfix_lbdtdt_rb *)

function infix_plpl (s1:seq 'a) (s2:seq 'a) : seq 'a =
  let l = length s1 in
  create (infix_pl l (length s2))
  (fun (i:int) ->
    if infix_ls i l then mixfix_lbrb s1 i else mixfix_lbrb s2 (infix_mn i l))

axiom infix_plplqtspecqt1 [@W:non_conservative_extension:N] :
  forall s1:seq 'a, s2:seq 'a.
   [@hyp_name:Ensures]
   length (infix_plpl s1 s2) = infix_pl (length s1) (length s2)

axiom infix_plplqtspecqt0 [@W:non_conservative_extension:N] :
  forall s1:seq 'a, s2:seq 'a.
   [@hyp_name:Ensures]
   forall i:int.
    infix_lseq 0 i /\ infix_ls i (length s1) ->
    mixfix_lbrb (infix_plpl s1 s2) i = mixfix_lbrb s1 i

axiom infix_plplqtspec [@W:non_conservative_extension:N] :
  forall s1:seq 'a, s2:seq 'a.
   [@hyp_name:Ensures]
   forall i:int.
    infix_lseq (length s1) i /\ infix_ls i (length (infix_plpl s1 s2)) ->
    mixfix_lbrb (infix_plpl s1 s2) i =
    mixfix_lbrb s2 (infix_mn i (length s1))

(* meta remove_unused:dependency prop infix_plplqtspecqt1,
  function infix_plpl *)

(* meta remove_unused:dependency prop infix_plplqtspecqt0,
  function infix_plpl *)

(* meta remove_unused:dependency prop infix_plplqtspec,
  function infix_plpl *)

(* use seq.Seq *)

type t18 = <range 0 18446744073709551615>

function tqtint1 t18 : int

constant tqtmaxInt1 : int = 18446744073709551615

constant tqtminInt1 : int = 0

predicate tqteq1 (a:t18) (b:t18) = tqtint1 a = tqtint1 b

axiom tqtinj1 [@W:non_conservative_extension:N] :
  forall a:t18, b:t18. tqteq1 a b -> a = b

(* meta range_type type t18, function tqtint1 *)

(* meta model_projection function tqtint1 *)

(* meta remove_unused:dependency prop tqtinj1, predicate tqteq1 *)

constant two_power_size1 : int = 0x10000000000000000

axiom extensionality1 [@useraxiom] :
  forall x:t18, y:t18 [tqtint1 x, tqtint1 y]. tqtint1 x = tqtint1 y -> x = y

predicate in_bounds1 [@inline:trivial] (n:int) =
  infix_lseq 0 n /\ infix_lseq n 0xFFFFFFFFFFFFFFFF

function of_int1 int : t18

axiom to_of_int1 [@useraxiom] :
  forall x:int [of_int1 x]. in_bounds1 x -> tqtint1 (of_int1 x) = x

function add1 t18 t18 : t18

axiom add_in_bounds1 [@useraxiom] :
  forall x:t18, y:t18 [add1 x y].
   in_bounds1 (infix_pl (tqtint1 x) (tqtint1 y)) ->
   tqtint1 (add1 x y) = infix_pl (tqtint1 x) (tqtint1 y)

axiom add_wrapping1 [@useraxiom] :
  forall x:t18, y:t18 [add1 x y].
   exists k:int.
    tqtint1 (add1 x y) =
    infix_pl (infix_pl (tqtint1 x) (tqtint1 y)) (infix_as k two_power_size1)

function sub1 t18 t18 : t18

axiom sub_in_bounds1 [@useraxiom] :
  forall x:t18, y:t18 [sub1 x y].
   in_bounds1 (infix_mn (tqtint1 x) (tqtint1 y)) ->
   tqtint1 (sub1 x y) = infix_mn (tqtint1 x) (tqtint1 y)

axiom sub_wrapping1 [@useraxiom] :
  forall x:t18, y:t18 [sub1 x y].
   exists k:int.
    tqtint1 (sub1 x y) =
    infix_pl (infix_mn (tqtint1 x) (tqtint1 y)) (infix_as k two_power_size1)

function mul1 t18 t18 : t18

axiom mul_in_bounds1 [@useraxiom] :
  forall x:t18, y:t18 [mul1 x y].
   in_bounds1 (infix_as (tqtint1 x) (tqtint1 y)) ->
   tqtint1 (mul1 x y) = infix_as (tqtint1 x) (tqtint1 y)

axiom mul_wrapping1 [@useraxiom] :
  forall x:t18, y:t18 [mul1 x y].
   exists k:int.
    tqtint1 (mul1 x y) =
    infix_pl (infix_as (tqtint1 x) (tqtint1 y)) (infix_as k two_power_size1)

function neg1 t18 : t18

axiom neg_zero1 [@useraxiom] :
  forall x:t18 [neg1 x]. tqtint1 x = 0 -> tqtint1 (neg1 x) = 0

axiom neg_not_zero1 [@useraxiom] :
  forall x:t18 [neg1 x].
   infix_ls 0 (tqtint1 x) /\ infix_lseq (tqtint1 x) 0xFFFFFFFFFFFFFFFF ->
   tqtint1 (neg1 x) = infix_mn two_power_size1 (tqtint1 x)

function of_bool1 [@inline:trivial] (b:bool) : t18 =
  if b = True then (1:t18) else (0:t18)

predicate le1 [@inline:trivial] (a:t18) (b:t18) =
  infix_lseq (tqtint1 a) (tqtint1 b)

predicate lt1 [@inline:trivial] (a:t18) (b:t18) =
  infix_ls (tqtint1 a) (tqtint1 b)

predicate ge1 [@inline:trivial] (a:t18) (b:t18) =
  infix_gteq (tqtint1 a) (tqtint1 b)

predicate gt1 [@inline:trivial] (a:t18) (b:t18) =
  infix_gt (tqtint1 a) (tqtint1 b)

function bw_and1 t18 t18 : t18

function bw_or1 t18 t18 : t18

function bw_xor1 t18 t18 : t18

function bw_not1 t18 : t18

function shl1 t18 t18 : t18

function shr1 t18 t18 : t18

function nth1 t18 int : bool

function add_with_overflow1 (a:t18) (b:t18) : (t18, bool) = (add1 a b,
  if not in_bounds1 (infix_pl (tqtint1 a) (tqtint1 b)) then True else False)

function sub_with_overflow1 (a:t18) (b:t18) : (t18, bool) = (sub1 a b,
  if not in_bounds1 (infix_mn (tqtint1 a) (tqtint1 b)) then True else False)

function mul_with_overflow1 (a:t18) (b:t18) : (t18, bool) = (mul1 a b,
  if not in_bounds1 (infix_as (tqtint1 a) (tqtint1 b)) then True else False)

(* use creusot.int.UInt64 *)

function any_l 'a : 'b

(* use creusot.prelude.Any *)

type t_Method

type t_MethodModel =
  | Options
  | Get
  | Post
  | Put
  | Delete
  | Head
  | Trace
  | Connect
  | Patch
  | Query
  | ExtensionInline (seq t17) int
  | ExtensionAllocated (seq t17)

constant const_MAX : t18 = (15:t18)

predicate is_method_char_model (byte:t17) =
  infix_lseq 33 (tqtint byte) /\
  infix_lseq (tqtint byte) 126 /\
  not tqtint byte = 34 /\
  not tqtint byte = 40 /\
  not tqtint byte = 41 /\
  not tqtint byte = 44 /\
  not tqtint byte = 47 /\
  not tqtint byte = 58 /\
  not tqtint byte = 59 /\
  not tqtint byte = 60 /\
  not tqtint byte = 61 /\
  not tqtint byte = 62 /\
  not tqtint byte = 63 /\
  not tqtint byte = 64 /\
  not tqtint byte = 91 /\
  not tqtint byte = 92 /\
  not tqtint byte = 93 /\ not tqtint byte = 123 /\ not tqtint byte = 125

predicate all_method_chars_valid (bytes:seq t17) =
  forall i:int.
   infix_lseq 0 i /\ infix_ls i (length bytes) ->
   is_method_char_model (get bytes i)

predicate method_text_matches (left:seq t17) (right:seq t17) =
  length left = length right /\
  (forall i:int.
    infix_lseq 0 i /\ infix_ls i (length left) -> get left i = get right i)

function method_model_text (method:t_MethodModel) : seq t17 =
  match method with
  | Options ->
      create 7
      ([@funlit]
       fun (xqtx:int) ->
        if xqtx = 0 then (79:t17)
        else if xqtx = 1 then (80:t17)
             else if xqtx = 2 then (84:t17)
                  else if xqtx = 3 then (73:t17)
                       else if xqtx = 4 then (79:t17)
                            else if xqtx = 5 then (78:t17)
                                 else if xqtx = 6 then (83:t17) else (83:t17))
  | Get ->
      create 3
      ([@funlit]
       fun (xqtx:int) ->
        if xqtx = 0 then (71:t17)
        else if xqtx = 1 then (69:t17)
             else if xqtx = 2 then (84:t17) else (84:t17))
  | Post ->
      create 4
      ([@funlit]
       fun (xqtx:int) ->
        if xqtx = 0 then (80:t17)
        else if xqtx = 1 then (79:t17)
             else if xqtx = 2 then (83:t17)
                  else if xqtx = 3 then (84:t17) else (84:t17))
  | Put ->
      create 3
      ([@funlit]
       fun (xqtx:int) ->
        if xqtx = 0 then (80:t17)
        else if xqtx = 1 then (85:t17)
             else if xqtx = 2 then (84:t17) else (84:t17))
  | Delete ->
      create 6
      ([@funlit]
       fun (xqtx:int) ->
        if xqtx = 0 then (68:t17)
        else if xqtx = 1 then (69:t17)
             else if xqtx = 2 then (76:t17)
                  else if xqtx = 3 then (69:t17)
                       else if xqtx = 4 then (84:t17)
                            else if xqtx = 5 then (69:t17) else (69:t17))
  | Head ->
      create 4
      ([@funlit]
       fun (xqtx:int) ->
        if xqtx = 0 then (72:t17)
        else if xqtx = 1 then (69:t17)
             else if xqtx = 2 then (65:t17)
                  else if xqtx = 3 then (68:t17) else (68:t17))
  | Trace ->
      create 5
      ([@funlit]
       fun (xqtx:int) ->
        if xqtx = 0 then (84:t17)
        else if xqtx = 1 then (82:t17)
             else if xqtx = 2 then (65:t17)
                  else if xqtx = 3 then (67:t17)
                       else if xqtx = 4 then (69:t17) else (69:t17))
  | Connect ->
      create 7
      ([@funlit]
       fun (xqtx:int) ->
        if xqtx = 0 then (67:t17)
        else if xqtx = 1 then (79:t17)
             else if xqtx = 2 then (78:t17)
                  else if xqtx = 3 then (78:t17)
                       else if xqtx = 4 then (69:t17)
                            else if xqtx = 5 then (67:t17)
                                 else if xqtx = 6 then (84:t17) else (84:t17))
  | Patch ->
      create 5
      ([@funlit]
       fun (xqtx:int) ->
        if xqtx = 0 then (80:t17)
        else if xqtx = 1 then (65:t17)
             else if xqtx = 2 then (84:t17)
                  else if xqtx = 3 then (67:t17)
                       else if xqtx = 4 then (72:t17) else (72:t17))
  | Query ->
      create 5
      ([@funlit]
       fun (xqtx:int) ->
        if xqtx = 0 then (81:t17)
        else if xqtx = 1 then (85:t17)
             else if xqtx = 2 then (69:t17)
                  else if xqtx = 3 then (82:t17)
                       else if xqtx = 4 then (89:t17) else (89:t17))
  | ExtensionInline data len -> mixfix_lbdtdtrb data 0 len
  | ExtensionAllocated data -> data
  end

predicate is_known_method_text (bytes:seq t17) =
  if length bytes = 3
  then method_text_matches bytes (method_model_text Get) \/
       method_text_matches bytes (method_model_text Put)
  else if length bytes = 4
       then method_text_matches bytes (method_model_text Post) \/
            method_text_matches bytes (method_model_text Head)
       else if length bytes = 5
            then method_text_matches bytes (method_model_text Patch) \/
                 method_text_matches bytes (method_model_text Trace) \/
                 method_text_matches bytes (method_model_text Query)
            else if length bytes = 6
                 then method_text_matches bytes (method_model_text Delete)
                 else if length bytes = 7
                      then method_text_matches bytes
                           (method_model_text Options) \/
                           method_text_matches bytes
                           (method_model_text Connect)
                      else false

predicate method_model_is_canonical (method:t_MethodModel) =
  match method with
  | ExtensionInline data len ->
      length data = tqtint1 const_MAX /\
      infix_ls 0 len /\
      infix_lseq len (tqtint1 const_MAX) /\
      all_method_chars_valid (mixfix_lbdtdtrb data 0 len) /\
      (forall i:int.
        infix_lseq len i /\ infix_ls i (length data) -> get data i = (0:t17)) /\
      not is_known_method_text (mixfix_lbdtdtrb data 0 len)
  | ExtensionAllocated data ->
      infix_gt (length data) (tqtint1 const_MAX) /\
      all_method_chars_valid data /\ not is_known_method_text data
  | _ -> true
  end

function method_repr t_Method : t_MethodModel

predicate invariant_Method (self:t_Method) =
  method_model_is_canonical (method_repr self)

predicate inv_Method t_Method

axiom inv_axiom [@useraxiom] :
  forall x:t_Method [inv_Method x]. inv_Method x -> invariant_Method x

type t_Uri

type t_Version

type t_HeaderMap_HeaderValue

type t_Extensions

type t_Parts =
  | T_Partsqtmk [@builtin] (method:t_Method) (uri:t_Uri) (version:t_Version)
      (headers:t_HeaderMap_HeaderValue) (extensions:t_Extensions) (uspriv:
      unit)

(* meta model_record function uspriv *)

(* meta model_record function extensions *)

(* meta model_record function headers *)

(* meta model_record function version *)

(* meta model_record function uri *)

(* meta model_record function method *)

predicate resolve_Method t_Method

type t_T

type closure0 =
  | Closure0qtmk [@builtin] (c0:t_T)

(* meta model_record function c0 *)

type t_Error

type t_Result_Method_Error =
  | Ok t_Method
  | Err t_Error

predicate inv_T t_T

predicate precondition_try_into unit t_T

axiom precondition_fndef [@useraxiom] :
  forall args:t_T [precondition_try_into () args].
   (let self_ = args in inv_T self_) -> precondition_try_into () args

predicate inv_Error t_Error

predicate inv_Result_Method_Error t_Result_Method_Error

axiom inv_axiomqt0 [@useraxiom] [@rewrite] :
  forall x:t_Result_Method_Error [inv_Result_Method_Error x].
   inv_Result_Method_Error x <->
   match x with
   | Ok f0 -> inv_Method f0
   | Err f0 -> inv_Error f0
   end

predicate postcondition_once_try_into unit t_T t_Result_Method_Error

axiom postcondition_fndef [@useraxiom] :
  forall args:t_T, res:t_Result_Method_Error
   [postcondition_once_try_into () args res].
   postcondition_once_try_into () args res ->
   (let self_ = args in inv_Result_Method_Error res)

predicate inv_Uri t_Uri

predicate inv_Version t_Version

predicate inv_HeaderMap_HeaderValue t_HeaderMap_HeaderValue

predicate inv_Extensions t_Extensions

predicate inv_Parts t_Parts

axiom inv_axiomqt1 [@useraxiom] [@rewrite] :
  forall x:t_Parts [inv_Parts x].
   inv_Parts x <->
   inv_Method (x.method) /\
   inv_Uri (x.uri) /\
   inv_Version (x.version) /\
   inv_HeaderMap_HeaderValue (x.headers) /\ inv_Extensions (x.extensions)

predicate resolve_Uri t_Uri

predicate resolve_Version t_Version

predicate resolve_HeaderMap_HeaderValue t_HeaderMap_HeaderValue

predicate resolve_Extensions t_Extensions

predicate resolve_Parts t_Parts

axiom resolve_axiom [@useraxiom] [@rewrite] :
  forall x:t_Parts [resolve_Parts x].
   resolve_Parts x <->
   resolve_Method (x.method) /\
   resolve_Uri (x.uri) /\
   resolve_Version (x.version) /\
   resolve_HeaderMap_HeaderValue (x.headers) /\
   resolve_Extensions (x.extensions)

type t_InvalidStatusCode

type t_InvalidMethod

type t_InvalidUri

type t_InvalidUriParts

type t_InvalidHeaderName

type t_InvalidHeaderValue

type t_MaxSizeReached

type t_ErrorKind =
  | StatusCode t_InvalidStatusCode
  | Method t_InvalidMethod
  | Uri t_InvalidUri
  | UriParts t_InvalidUriParts
  | HeaderName t_InvalidHeaderName
  | HeaderValue t_InvalidHeaderValue
  | MaxSizeReached t_MaxSizeReached

type t_Errorqt0 =
  | T_Errorqt0qtmk [@builtin] (inner:t_ErrorKind)

(* meta model_record function inner *)

predicate precondition_into unit t_Error

axiom precondition_fndefqt0 [@useraxiom] :
  forall args:t_Error [precondition_into () args].
   (let self_ = args in inv_Error self_) -> precondition_into () args

predicate inv_InvalidStatusCode t_InvalidStatusCode

predicate inv_InvalidMethod t_InvalidMethod

predicate inv_InvalidUri t_InvalidUri

predicate inv_InvalidUriParts t_InvalidUriParts

predicate inv_InvalidHeaderName t_InvalidHeaderName

predicate inv_InvalidHeaderValue t_InvalidHeaderValue

predicate inv_MaxSizeReached t_MaxSizeReached

predicate inv_ErrorKind t_ErrorKind

axiom inv_axiomqt2 [@useraxiom] [@rewrite] :
  forall x:t_ErrorKind [inv_ErrorKind x].
   inv_ErrorKind x <->
   match x with
   | StatusCode f0 -> inv_InvalidStatusCode f0
   | Method f0 -> inv_InvalidMethod f0
   | Uri f0 -> inv_InvalidUri f0
   | UriParts f0 -> inv_InvalidUriParts f0
   | HeaderName f0 -> inv_InvalidHeaderName f0
   | HeaderValue f0 -> inv_InvalidHeaderValue f0
   | MaxSizeReached f0 -> inv_MaxSizeReached f0
   end

predicate inv_Errorqt0 t_Errorqt0

axiom inv_axiomqt3 [@useraxiom] [@rewrite] :
  forall x:t_Errorqt0 [inv_Errorqt0 x].
   inv_Errorqt0 x <-> inv_ErrorKind (x.inner)

predicate postcondition_once_into unit t_Error t_Errorqt0

axiom postcondition_fndefqt0 [@useraxiom] :
  forall args:t_Error, res:t_Errorqt0 [postcondition_once_into () args res].
   postcondition_once_into () args res ->
   (let self_ = args in inv_Errorqt0 res)

type t_Result_Parts_Error =
  | Okqt0 t_Parts
  | Errqt0 t_Errorqt0

(* meta syntax_type type int, "int", 0 *)

(* meta syntax_type type real, "real", 0 *)

(* meta syntax_logic predicate infix_eq, "(%1 = %2)", 0 *)

(* meta encoding:ignore_polymorphism_ls predicate infix_eq *)

goal vc_elim_Ok : [@coma:solid] true

end
theory Task

type int

type real

type string

predicate infix_eq 'a 'a

(* use why3.BuiltIn.BuiltIn *)

type bool =
  | True
  | False

(* use why3.Bool.Bool *)

type tuple0 =
  | Tuple0 [@builtin]

(* use why3.Tuple0.Tuple01 *)

type unit [@builtin] = unit

(* use why3.Unit.Unit *)

constant zero : int = 0

constant one : int = 1

function prefix_mn int : int

function infix_pl int int : int

function infix_as int int : int

predicate infix_ls int int

function infix_mn (x:int) (y:int) : int = infix_pl x (prefix_mn y)

predicate infix_gt (x:int) (y:int) = infix_ls y x

predicate infix_lseq (x:int) (y:int) = infix_ls x y \/ x = y

predicate infix_gteq (x:int) (y:int) = infix_lseq y x

axiom Assoc :
  forall x:int, y:int, z:int.
   infix_pl (infix_pl x y) z = infix_pl x (infix_pl y z)

(* clone algebra.Assoc with type t = int, function op = infix_pl,
  prop Assoc1 = Assoc,  *)

axiom Unit_def_l : forall x:int. infix_pl zero x = x

axiom Unit_def_r : forall x:int. infix_pl x zero = x

(* clone algebra.Monoid with type t1 = int, constant unit = zero,
  function op1 = infix_pl, prop Unit_def_r1 = Unit_def_r,
  prop Unit_def_l1 = Unit_def_l, prop Assoc2 = Assoc,  *)

axiom Inv_def_l : forall x:int. infix_pl (prefix_mn x) x = zero

axiom Inv_def_r : forall x:int. infix_pl x (prefix_mn x) = zero

(* clone algebra.Group with type t2 = int, function inv = prefix_mn,
  constant unit1 = zero, function op2 = infix_pl,
  prop Inv_def_r1 = Inv_def_r, prop Inv_def_l1 = Inv_def_l,
  prop Unit_def_r2 = Unit_def_r, prop Unit_def_l2 = Unit_def_l,
  prop Assoc3 = Assoc,  *)

axiom Comm : forall x:int, y:int. infix_pl x y = infix_pl y x

(* clone algebra.Comm with type t3 = int, function op3 = infix_pl,
  prop Comm1 = Comm,  *)

(* meta AC function infix_pl *)

(* clone algebra.CommutativeGroup with type t4 = int,
  function inv1 = prefix_mn, constant unit2 = zero, function op4 = infix_pl,
  prop Comm2 = Comm, prop Inv_def_r2 = Inv_def_r,
  prop Inv_def_l2 = Inv_def_l, prop Unit_def_r3 = Unit_def_r,
  prop Unit_def_l3 = Unit_def_l, prop Assoc4 = Assoc,  *)

axiom Assoc5 :
  forall x:int, y:int, z:int.
   infix_as (infix_as x y) z = infix_as x (infix_as y z)

(* clone algebra.Assoc with type t = int, function op = infix_as,
  prop Assoc1 = Assoc5,  *)

axiom Mul_distr_l :
  forall x:int, y:int, z:int.
   infix_as x (infix_pl y z) = infix_pl (infix_as x y) (infix_as x z)

axiom Mul_distr_r :
  forall x:int, y:int, z:int.
   infix_as (infix_pl y z) x = infix_pl (infix_as y x) (infix_as z x)

(* clone algebra.Ring with type t5 = int, function infix_as1 = infix_as,
  function prefix_mn1 = prefix_mn, function infix_pl1 = infix_pl,
  constant zero1 = zero, prop Mul_distr_r1 = Mul_distr_r,
  prop Mul_distr_l1 = Mul_distr_l, prop Assoc6 = Assoc5, prop Comm3 = Comm,
  prop Inv_def_r3 = Inv_def_r, prop Inv_def_l3 = Inv_def_l,
  prop Unit_def_r4 = Unit_def_r, prop Unit_def_l4 = Unit_def_l,
  prop Assoc7 = Assoc,  *)

axiom Comm4 : forall x:int, y:int. infix_as x y = infix_as y x

(* clone algebra.Comm with type t3 = int, function op3 = infix_as,
  prop Comm1 = Comm4,  *)

(* meta AC function infix_as *)

(* clone algebra.CommutativeRing with type t6 = int,
  function infix_as2 = infix_as, function prefix_mn2 = prefix_mn,
  function infix_pl2 = infix_pl, constant zero2 = zero, prop Comm5 = Comm4,
  prop Mul_distr_r2 = Mul_distr_r, prop Mul_distr_l2 = Mul_distr_l,
  prop Assoc8 = Assoc5, prop Comm6 = Comm, prop Inv_def_r4 = Inv_def_r,
  prop Inv_def_l4 = Inv_def_l, prop Unit_def_r5 = Unit_def_r,
  prop Unit_def_l5 = Unit_def_l, prop Assoc9 = Assoc,  *)

axiom Unitary : forall x:int. infix_as one x = x

axiom NonTrivialRing : not zero = one

(* clone algebra.UnitaryCommutativeRing with type t7 = int,
  constant one1 = one, function infix_as3 = infix_as,
  function prefix_mn3 = prefix_mn, function infix_pl3 = infix_pl,
  constant zero3 = zero, prop NonTrivialRing1 = NonTrivialRing,
  prop Unitary1 = Unitary, prop Comm7 = Comm4,
  prop Mul_distr_r3 = Mul_distr_r, prop Mul_distr_l3 = Mul_distr_l,
  prop Assoc10 = Assoc5, prop Comm8 = Comm, prop Inv_def_r5 = Inv_def_r,
  prop Inv_def_l5 = Inv_def_l, prop Unit_def_r6 = Unit_def_r,
  prop Unit_def_l6 = Unit_def_l, prop Assoc11 = Assoc,  *)

(* clone relations.EndoRelation with type t8 = int,
  predicate rel = infix_lseq,  *)

axiom Refl : forall x:int. infix_lseq x x

(* clone relations.Reflexive with type t9 = int, predicate rel1 = infix_lseq,
  prop Refl1 = Refl,  *)

(* clone relations.EndoRelation with type t8 = int,
  predicate rel = infix_lseq,  *)

axiom Trans :
  forall x:int, y:int, z:int.
   infix_lseq x y -> infix_lseq y z -> infix_lseq x z

(* clone relations.Transitive with type t10 = int,
  predicate rel2 = infix_lseq, prop Trans1 = Trans,  *)

(* clone relations.PreOrder with type t11 = int, predicate rel3 = infix_lseq,
  prop Trans2 = Trans, prop Refl2 = Refl,  *)

(* clone relations.EndoRelation with type t8 = int,
  predicate rel = infix_lseq,  *)

axiom Antisymm :
  forall x:int, y:int. infix_lseq x y -> infix_lseq y x -> x = y

(* clone relations.Antisymmetric with type t12 = int,
  predicate rel4 = infix_lseq, prop Antisymm1 = Antisymm,  *)

(* clone relations.PartialOrder with type t13 = int,
  predicate rel5 = infix_lseq, prop Antisymm2 = Antisymm,
  prop Trans3 = Trans, prop Refl3 = Refl,  *)

(* clone relations.EndoRelation with type t8 = int,
  predicate rel = infix_lseq,  *)

axiom Total : forall x:int, y:int. infix_lseq x y \/ infix_lseq y x

(* clone relations.Total with type t14 = int, predicate rel6 = infix_lseq,
  prop Total1 = Total,  *)

(* clone relations.TotalOrder with type t15 = int,
  predicate rel7 = infix_lseq, prop Total2 = Total,
  prop Antisymm3 = Antisymm, prop Trans4 = Trans, prop Refl4 = Refl,  *)

axiom ZeroLessOne : infix_lseq zero one

axiom CompatOrderAdd :
  forall x:int, y:int, z:int.
   infix_lseq x y -> infix_lseq (infix_pl x z) (infix_pl y z)

axiom CompatOrderMult :
  forall x:int, y:int, z:int.
   infix_lseq x y ->
   infix_lseq zero z -> infix_lseq (infix_as x z) (infix_as y z)

(* meta remove_unused:dependency prop CompatOrderMult, function infix_as *)

(* clone algebra.OrderedUnitaryCommutativeRing with type t16 = int,
  predicate infix_lseq1 = infix_lseq, constant one2 = one,
  function infix_as4 = infix_as, function prefix_mn4 = prefix_mn,
  function infix_pl4 = infix_pl, constant zero4 = zero,
  prop CompatOrderMult1 = CompatOrderMult,
  prop CompatOrderAdd1 = CompatOrderAdd, prop ZeroLessOne1 = ZeroLessOne,
  prop Total3 = Total, prop Antisymm4 = Antisymm, prop Trans5 = Trans,
  prop Refl5 = Refl, prop NonTrivialRing2 = NonTrivialRing,
  prop Unitary2 = Unitary, prop Comm9 = Comm4,
  prop Mul_distr_r4 = Mul_distr_r, prop Mul_distr_l4 = Mul_distr_l,
  prop Assoc12 = Assoc5, prop Comm10 = Comm, prop Inv_def_r6 = Inv_def_r,
  prop Inv_def_l6 = Inv_def_l, prop Unit_def_r7 = Unit_def_r,
  prop Unit_def_l7 = Unit_def_l, prop Assoc13 = Assoc,  *)

(* meta remove_unused:keep function infix_pl *)

(* meta remove_unused:keep function infix_mn *)

(* meta remove_unused:keep function prefix_mn *)

(* meta remove_unused:keep predicate infix_ls *)

(* meta remove_unused:keep predicate infix_lseq *)

(* meta remove_unused:keep predicate infix_gt *)

(* meta remove_unused:keep predicate infix_gteq *)

(* use int.Int *)

function abs (x:int) : int = if infix_gteq x 0 then x else prefix_mn x

axiom Abs_le :
  forall x:int, y:int.
   infix_lseq (abs x) y <-> infix_lseq (prefix_mn y) x /\ infix_lseq x y

(* meta remove_unused:dependency prop Abs_le, function abs *)

axiom Abs_pos : forall x:int. infix_gteq (abs x) 0

(* meta remove_unused:dependency prop Abs_pos, function abs *)

(* use int.Abs *)

function div int int : int

function mod int int : int

axiom Div_mod [@useraxiom] :
  forall x:int, y:int.
   not y = 0 -> x = infix_pl (infix_as y (div x y)) (mod x y)

(* meta remove_unused:dependency prop Div_mod, function div *)

(* meta remove_unused:dependency prop Div_mod, function mod *)

axiom Div_bound [@useraxiom] :
  forall x:int, y:int.
   infix_gteq x 0 /\ infix_gt y 0 ->
   infix_lseq 0 (div x y) /\ infix_lseq (div x y) x

(* meta remove_unused:dependency prop Div_bound, function div *)

(* meta remove_unused:dependency prop Div_bound, function mod *)

axiom Mod_bound [@useraxiom] :
  forall x:int, y:int.
   not y = 0 ->
   infix_ls (prefix_mn (abs y)) (mod x y) /\ infix_ls (mod x y) (abs y)

(* meta remove_unused:dependency prop Mod_bound, function div *)

(* meta remove_unused:dependency prop Mod_bound, function mod *)

axiom Div_sign_pos [@useraxiom] :
  forall x:int, y:int.
   infix_gteq x 0 /\ infix_gt y 0 -> infix_gteq (div x y) 0

(* meta remove_unused:dependency prop Div_sign_pos, function div *)

(* meta remove_unused:dependency prop Div_sign_pos, function mod *)

axiom Div_sign_neg [@useraxiom] :
  forall x:int, y:int.
   infix_lseq x 0 /\ infix_gt y 0 -> infix_lseq (div x y) 0

(* meta remove_unused:dependency prop Div_sign_neg, function div *)

(* meta remove_unused:dependency prop Div_sign_neg, function mod *)

axiom Mod_sign_pos [@useraxiom] :
  forall x:int, y:int. infix_gteq x 0 /\ not y = 0 -> infix_gteq (mod x y) 0

(* meta remove_unused:dependency prop Mod_sign_pos, function div *)

(* meta remove_unused:dependency prop Mod_sign_pos, function mod *)

axiom Mod_sign_neg [@useraxiom] :
  forall x:int, y:int. infix_lseq x 0 /\ not y = 0 -> infix_lseq (mod x y) 0

(* meta remove_unused:dependency prop Mod_sign_neg, function div *)

(* meta remove_unused:dependency prop Mod_sign_neg, function mod *)

axiom Rounds_toward_zero :
  forall x:int, y:int.
   not y = 0 -> infix_lseq (abs (infix_as (div x y) y)) (abs x)

(* meta remove_unused:dependency prop Rounds_toward_zero, function div *)

(* meta remove_unused:dependency prop Rounds_toward_zero, function mod *)

axiom Div_1 : forall x:int. div x 1 = x

(* meta remove_unused:dependency prop Div_1, function div *)

(* meta remove_unused:dependency prop Div_1, function mod *)

axiom Mod_1 : forall x:int. mod x 1 = 0

(* meta remove_unused:dependency prop Mod_1, function div *)

(* meta remove_unused:dependency prop Mod_1, function mod *)

axiom Div_inf :
  forall x:int, y:int. infix_lseq 0 x /\ infix_ls x y -> div x y = 0

(* meta remove_unused:dependency prop Div_inf, function div *)

(* meta remove_unused:dependency prop Div_inf, function mod *)

axiom Mod_inf :
  forall x:int, y:int. infix_lseq 0 x /\ infix_ls x y -> mod x y = x

(* meta remove_unused:dependency prop Mod_inf, function div *)

(* meta remove_unused:dependency prop Mod_inf, function mod *)

axiom Div_mult :
  forall x:int, y:int, z:int [div (infix_pl (infix_as x y) z) x].
   infix_gt x 0 /\ infix_gteq y 0 /\ infix_gteq z 0 ->
   div (infix_pl (infix_as x y) z) x = infix_pl y (div z x)

(* meta remove_unused:dependency prop Div_mult, function div *)

(* meta remove_unused:dependency prop Div_mult, function mod *)

axiom Mod_mult :
  forall x:int, y:int, z:int [mod (infix_pl (infix_as x y) z) x].
   infix_gt x 0 /\ infix_gteq y 0 /\ infix_gteq z 0 ->
   mod (infix_pl (infix_as x y) z) x = mod z x

(* meta remove_unused:dependency prop Mod_mult, function div *)

(* meta remove_unused:dependency prop Mod_mult, function mod *)

(* use int.ComputerDivision *)

(* use mach.int.Int1 *)

type t17 = <range 0 255>

function tqtint t17 : int

constant tqtmaxInt : int = 255

constant tqtminInt : int = 0

predicate tqteq (a:t17) (b:t17) = tqtint a = tqtint b

axiom tqtinj [@W:non_conservative_extension:N] :
  forall a:t17, b:t17. tqteq a b -> a = b

(* meta range_type type t17, function tqtint *)

(* meta model_projection function tqtint *)

(* meta remove_unused:dependency prop tqtinj, predicate tqteq *)

constant two_power_size : int = 0x100

axiom extensionality [@useraxiom] :
  forall x:t17, y:t17 [tqtint x, tqtint y]. tqtint x = tqtint y -> x = y

predicate in_bounds [@inline:trivial] (n:int) =
  infix_lseq 0 n /\ infix_lseq n 0xFF

function of_int int : t17

axiom to_of_int [@useraxiom] :
  forall x:int [of_int x]. in_bounds x -> tqtint (of_int x) = x

function add t17 t17 : t17

axiom add_in_bounds [@useraxiom] :
  forall x:t17, y:t17 [add x y].
   in_bounds (infix_pl (tqtint x) (tqtint y)) ->
   tqtint (add x y) = infix_pl (tqtint x) (tqtint y)

axiom add_wrapping [@useraxiom] :
  forall x:t17, y:t17 [add x y].
   exists k:int.
    tqtint (add x y) =
    infix_pl (infix_pl (tqtint x) (tqtint y)) (infix_as k two_power_size)

function sub t17 t17 : t17

axiom sub_in_bounds [@useraxiom] :
  forall x:t17, y:t17 [sub x y].
   in_bounds (infix_mn (tqtint x) (tqtint y)) ->
   tqtint (sub x y) = infix_mn (tqtint x) (tqtint y)

axiom sub_wrapping [@useraxiom] :
  forall x:t17, y:t17 [sub x y].
   exists k:int.
    tqtint (sub x y) =
    infix_pl (infix_mn (tqtint x) (tqtint y)) (infix_as k two_power_size)

function mul t17 t17 : t17

axiom mul_in_bounds [@useraxiom] :
  forall x:t17, y:t17 [mul x y].
   in_bounds (infix_as (tqtint x) (tqtint y)) ->
   tqtint (mul x y) = infix_as (tqtint x) (tqtint y)

axiom mul_wrapping [@useraxiom] :
  forall x:t17, y:t17 [mul x y].
   exists k:int.
    tqtint (mul x y) =
    infix_pl (infix_as (tqtint x) (tqtint y)) (infix_as k two_power_size)

function neg t17 : t17

axiom neg_zero [@useraxiom] :
  forall x:t17 [neg x]. tqtint x = 0 -> tqtint (neg x) = 0

axiom neg_not_zero [@useraxiom] :
  forall x:t17 [neg x].
   infix_ls 0 (tqtint x) /\ infix_lseq (tqtint x) 0xFF ->
   tqtint (neg x) = infix_mn two_power_size (tqtint x)

function of_bool [@inline:trivial] (b:bool) : t17 =
  if b = True then (1:t17) else (0:t17)

predicate le [@inline:trivial] (a:t17) (b:t17) =
  infix_lseq (tqtint a) (tqtint b)

predicate lt [@inline:trivial] (a:t17) (b:t17) =
  infix_ls (tqtint a) (tqtint b)

predicate ge [@inline:trivial] (a:t17) (b:t17) =
  infix_gteq (tqtint a) (tqtint b)

predicate gt [@inline:trivial] (a:t17) (b:t17) =
  infix_gt (tqtint a) (tqtint b)

function bw_and t17 t17 : t17

function bw_or t17 t17 : t17

function bw_xor t17 t17 : t17

function bw_not t17 : t17

function shl t17 t17 : t17

function shr t17 t17 : t17

function nth t17 int : bool

type tuple2 'a 'a1 =
  | Tuple2 [@builtin] 'a 'a1

(* use why3.Tuple2.Tuple21 *)

function add_with_overflow (a:t17) (b:t17) : (t17, bool) = (add a b,
  if not in_bounds (infix_pl (tqtint a) (tqtint b)) then True else False)

function sub_with_overflow (a:t17) (b:t17) : (t17, bool) = (sub a b,
  if not in_bounds (infix_mn (tqtint a) (tqtint b)) then True else False)

function mul_with_overflow (a:t17) (b:t17) : (t17, bool) = (mul a b,
  if not in_bounds (infix_as (tqtint a) (tqtint b)) then True else False)

(* use creusot.int.UInt8 *)

type seq 'a

(* meta infinite_type type seq *)

function length (seq 'a) : int

axiom length_nonnegative [@useraxiom] :
  forall s:seq 'a. infix_lseq 0 (length s)

(* meta remove_unused:dependency prop length_nonnegative, function length *)

function get (seq 'a) int : 'a

function mixfix_lbrb (s:seq 'a) (i:int) : 'a = get s i

predicate infix_eqeq (seq 'a) (seq 'a)

axiom infix_eqeqqtspecqt0 [@W:non_conservative_extension:N] :
  forall s1:seq 'a, s2:seq 'a.
   [@hyp_name:Ensures]
   infix_eqeq s1 s2 <->
   ([@asym_split] length s1 = length s2) &&
   (forall i:int.
     infix_lseq 0 i /\ infix_ls i (length s1) ->
     mixfix_lbrb s1 i = mixfix_lbrb s2 i)

axiom infix_eqeqqtspec [@W:non_conservative_extension:N] :
  forall s1:seq 'a, s2:seq 'a.
   [@hyp_name:Ensures] infix_eqeq s1 s2 -> s1 = s2

(* meta remove_unused:dependency prop infix_eqeqqtspecqt0,
  predicate infix_eqeq *)

(* meta remove_unused:dependency prop infix_eqeqqtspec,
  predicate infix_eqeq *)

(* meta extensionality predicate infix_eqeq *)

type (->) 'a 'b

function infix_at ('a -> 'b) 'a : 'b

(* use why3.HighOrd.HighOrd *)

function create int (int -> 'a) : seq 'a

axiom createqtspecqt0 [@W:non_conservative_extension:N] :
  forall len:int, f:int -> 'a.
   ([@hyp_name:Requires] infix_lseq 0 len) ->
   ([@hyp_name:Ensures] length (create len f) = len)

axiom createqtspec [@W:non_conservative_extension:N] :
  forall len:int, f:int -> 'a.
   ([@hyp_name:Requires] infix_lseq 0 len) ->
   ([@hyp_name:Ensures]
    forall i:int.
     infix_lseq 0 i /\ infix_ls i len ->
     mixfix_lbrb (create len f) i = infix_at f i)

(* meta remove_unused:dependency prop createqtspecqt0, function create *)

(* meta remove_unused:dependency prop createqtspec, function create *)

constant empty : seq 'a

axiom emptyqtdef [@W:non_conservative_extension:N] :
  [@hyp_name:Ensures] length (empty: seq 'a) = 0

(* meta remove_unused:dependency prop emptyqtdef, constant empty *)

function set (seq 'a) int 'a : seq 'a

axiom setqtdef [@W:non_conservative_extension:N] :
  forall s:seq 'a, i:int, v:'a.
   ([@hyp_name:Requires] infix_lseq 0 i /\ infix_ls i (length s)) ->
   set s i v =
   create (length s) (fun (j:int) -> if j = i then v else mixfix_lbrb s j)

axiom setqtspecqt1 [@W:non_conservative_extension:N] :
  forall s:seq 'a, i:int, v:'a.
   ([@hyp_name:Requires] infix_lseq 0 i /\ infix_ls i (length s)) ->
   ([@hyp_name:Ensures] length (set s i v) = length s)

axiom setqtspecqt0 [@W:non_conservative_extension:N] :
  forall s:seq 'a, i:int, v:'a.
   ([@hyp_name:Requires] infix_lseq 0 i /\ infix_ls i (length s)) ->
   ([@hyp_name:Ensures] mixfix_lbrb (set s i v) i = v)

axiom setqtspec [@W:non_conservative_extension:N] :
  forall s:seq 'a, i:int, v:'a.
   ([@hyp_name:Requires] infix_lseq 0 i /\ infix_ls i (length s)) ->
   ([@hyp_name:Ensures]
    forall j:int.
     (infix_lseq 0 j /\ infix_ls j (length s)) /\ not j = i ->
     mixfix_lbrb (set s i v) j = mixfix_lbrb s j)

(* meta remove_unused:dependency prop setqtdef, function set *)

(* meta remove_unused:dependency prop setqtspecqt1, function set *)

(* meta remove_unused:dependency prop setqtspecqt0, function set *)

(* meta remove_unused:dependency prop setqtspec, function set *)

function mixfix_lblsmnrb (seq 'a) int 'a : seq 'a

axiom mixfix_lblsmnrbqtdef [@W:non_conservative_extension:N] :
  forall s:seq 'a, i:int, v:'a.
   ([@hyp_name:Requires] infix_lseq 0 i /\ infix_ls i (length s)) ->
   mixfix_lblsmnrb s i v = set s i v

(* meta remove_unused:dependency prop mixfix_lblsmnrbqtdef,
  function mixfix_lblsmnrb *)

function singleton (v:'a) : seq 'a =
  create 1 (fun (us [@__dummy__]:int) -> v)

axiom singletonqtspecqt0 [@W:non_conservative_extension:N] :
  forall v:'a. [@hyp_name:Ensures] length (singleton v) = 1

axiom singletonqtspec [@W:non_conservative_extension:N] :
  forall v:'a. [@hyp_name:Ensures] mixfix_lbrb (singleton v) 0 = v

(* meta remove_unused:dependency prop singletonqtspecqt0,
  function singleton *)

(* meta remove_unused:dependency prop singletonqtspec, function singleton *)

function cons (x:'a) (s:seq 'a) : seq 'a =
  create (infix_pl 1 (length s))
  (fun (i:int) -> if i = 0 then x else mixfix_lbrb s (infix_mn i 1))

axiom consqtspecqt1 [@W:non_conservative_extension:N] :
  forall x:'a, s:seq 'a.
   [@hyp_name:Ensures] length (cons x s) = infix_pl 1 (length s)

axiom consqtspecqt0 [@W:non_conservative_extension:N] :
  forall x:'a, s:seq 'a. [@hyp_name:Ensures] mixfix_lbrb (cons x s) 0 = x

axiom consqtspec [@W:non_conservative_extension:N] :
  forall x:'a, s:seq 'a.
   [@hyp_name:Ensures]
   forall i:int.
    infix_ls 0 i /\ infix_lseq i (length s) ->
    mixfix_lbrb (cons x s) i = mixfix_lbrb s (infix_mn i 1)

(* meta remove_unused:dependency prop consqtspecqt1, function cons *)

(* meta remove_unused:dependency prop consqtspecqt0, function cons *)

(* meta remove_unused:dependency prop consqtspec, function cons *)

function snoc (s:seq 'a) (x:'a) : seq 'a =
  create (infix_pl 1 (length s))
  (fun (i:int) -> if i = length s then x else mixfix_lbrb s i)

axiom snocqtspecqt1 [@W:non_conservative_extension:N] :
  forall s:seq 'a, x:'a.
   [@hyp_name:Ensures] length (snoc s x) = infix_pl 1 (length s)

axiom snocqtspecqt0 [@W:non_conservative_extension:N] :
  forall s:seq 'a, x:'a.
   [@hyp_name:Ensures] mixfix_lbrb (snoc s x) (length s) = x

axiom snocqtspec [@W:non_conservative_extension:N] :
  forall s:seq 'a, x:'a.
   [@hyp_name:Ensures]
   forall i:int.
    infix_lseq 0 i /\ infix_ls i (length s) ->
    mixfix_lbrb (snoc s x) i = mixfix_lbrb s i

(* meta remove_unused:dependency prop snocqtspecqt1, function snoc *)

(* meta remove_unused:dependency prop snocqtspecqt0, function snoc *)

(* meta remove_unused:dependency prop snocqtspec, function snoc *)

function mixfix_lbdtdtrb (seq 'a) int int : seq 'a

axiom mixfix_lbdtdtrbqtdef [@W:non_conservative_extension:N] :
  forall s:seq 'a, i:int, j:int.
   ([@hyp_name:Requires]
    infix_lseq 0 i /\ infix_lseq i j /\ infix_lseq j (length s)) ->
   mixfix_lbdtdtrb s i j =
   create (infix_mn j i) (fun (k:int) -> mixfix_lbrb s (infix_pl i k))

axiom mixfix_lbdtdtrbqtspecqt0 [@W:non_conservative_extension:N] :
  forall s:seq 'a, i:int, j:int.
   ([@hyp_name:Requires]
    infix_lseq 0 i /\ infix_lseq i j /\ infix_lseq j (length s)) ->
   ([@hyp_name:Ensures] length (mixfix_lbdtdtrb s i j) = infix_mn j i)

axiom mixfix_lbdtdtrbqtspec [@W:non_conservative_extension:N] :
  forall s:seq 'a, i:int, j:int.
   ([@hyp_name:Requires]
    infix_lseq 0 i /\ infix_lseq i j /\ infix_lseq j (length s)) ->
   ([@hyp_name:Ensures]
    forall k:int.
     infix_lseq 0 k /\ infix_ls k (infix_mn j i) ->
     mixfix_lbrb (mixfix_lbdtdtrb s i j) k = mixfix_lbrb s (infix_pl i k))

(* meta remove_unused:dependency prop mixfix_lbdtdtrbqtdef,
  function mixfix_lbdtdtrb *)

(* meta remove_unused:dependency prop mixfix_lbdtdtrbqtspecqt0,
  function mixfix_lbdtdtrb *)

(* meta remove_unused:dependency prop mixfix_lbdtdtrbqtspec,
  function mixfix_lbdtdtrb *)

function mixfix_lb_dtdtrb (seq 'a) int : seq 'a

axiom mixfix_lb_dtdtrbqtdef [@W:non_conservative_extension:N] :
  forall s:seq 'a, i:int.
   ([@hyp_name:Requires] infix_lseq 0 i /\ infix_lseq i (length s)) ->
   mixfix_lb_dtdtrb s i = mixfix_lbdtdtrb s i (length s)

(* meta remove_unused:dependency prop mixfix_lb_dtdtrbqtdef,
  function mixfix_lb_dtdtrb *)

function mixfix_lbdtdt_rb (seq 'a) int : seq 'a

axiom mixfix_lbdtdt_rbqtdef [@W:non_conservative_extension:N] :
  forall s:seq 'a, j:int.
   ([@hyp_name:Requires] infix_lseq 0 j /\ infix_lseq j (length s)) ->
   mixfix_lbdtdt_rb s j = mixfix_lbdtdtrb s 0 j

(* meta remove_unused:dependency prop mixfix_lbdtdt_rbqtdef,
  function mixfix_lbdtdt_rb *)

function infix_plpl (s1:seq 'a) (s2:seq 'a) : seq 'a =
  let l = length s1 in
  create (infix_pl l (length s2))
  (fun (i:int) ->
    if infix_ls i l then mixfix_lbrb s1 i else mixfix_lbrb s2 (infix_mn i l))

axiom infix_plplqtspecqt1 [@W:non_conservative_extension:N] :
  forall s1:seq 'a, s2:seq 'a.
   [@hyp_name:Ensures]
   length (infix_plpl s1 s2) = infix_pl (length s1) (length s2)

axiom infix_plplqtspecqt0 [@W:non_conservative_extension:N] :
  forall s1:seq 'a, s2:seq 'a.
   [@hyp_name:Ensures]
   forall i:int.
    infix_lseq 0 i /\ infix_ls i (length s1) ->
    mixfix_lbrb (infix_plpl s1 s2) i = mixfix_lbrb s1 i

axiom infix_plplqtspec [@W:non_conservative_extension:N] :
  forall s1:seq 'a, s2:seq 'a.
   [@hyp_name:Ensures]
   forall i:int.
    infix_lseq (length s1) i /\ infix_ls i (length (infix_plpl s1 s2)) ->
    mixfix_lbrb (infix_plpl s1 s2) i =
    mixfix_lbrb s2 (infix_mn i (length s1))

(* meta remove_unused:dependency prop infix_plplqtspecqt1,
  function infix_plpl *)

(* meta remove_unused:dependency prop infix_plplqtspecqt0,
  function infix_plpl *)

(* meta remove_unused:dependency prop infix_plplqtspec,
  function infix_plpl *)

(* use seq.Seq *)

type t18 = <range 0 18446744073709551615>

function tqtint1 t18 : int

constant tqtmaxInt1 : int = 18446744073709551615

constant tqtminInt1 : int = 0

predicate tqteq1 (a:t18) (b:t18) = tqtint1 a = tqtint1 b

axiom tqtinj1 [@W:non_conservative_extension:N] :
  forall a:t18, b:t18. tqteq1 a b -> a = b

(* meta range_type type t18, function tqtint1 *)

(* meta model_projection function tqtint1 *)

(* meta remove_unused:dependency prop tqtinj1, predicate tqteq1 *)

constant two_power_size1 : int = 0x10000000000000000

axiom extensionality1 [@useraxiom] :
  forall x:t18, y:t18 [tqtint1 x, tqtint1 y]. tqtint1 x = tqtint1 y -> x = y

predicate in_bounds1 [@inline:trivial] (n:int) =
  infix_lseq 0 n /\ infix_lseq n 0xFFFFFFFFFFFFFFFF

function of_int1 int : t18

axiom to_of_int1 [@useraxiom] :
  forall x:int [of_int1 x]. in_bounds1 x -> tqtint1 (of_int1 x) = x

function add1 t18 t18 : t18

axiom add_in_bounds1 [@useraxiom] :
  forall x:t18, y:t18 [add1 x y].
   in_bounds1 (infix_pl (tqtint1 x) (tqtint1 y)) ->
   tqtint1 (add1 x y) = infix_pl (tqtint1 x) (tqtint1 y)

axiom add_wrapping1 [@useraxiom] :
  forall x:t18, y:t18 [add1 x y].
   exists k:int.
    tqtint1 (add1 x y) =
    infix_pl (infix_pl (tqtint1 x) (tqtint1 y)) (infix_as k two_power_size1)

function sub1 t18 t18 : t18

axiom sub_in_bounds1 [@useraxiom] :
  forall x:t18, y:t18 [sub1 x y].
   in_bounds1 (infix_mn (tqtint1 x) (tqtint1 y)) ->
   tqtint1 (sub1 x y) = infix_mn (tqtint1 x) (tqtint1 y)

axiom sub_wrapping1 [@useraxiom] :
  forall x:t18, y:t18 [sub1 x y].
   exists k:int.
    tqtint1 (sub1 x y) =
    infix_pl (infix_mn (tqtint1 x) (tqtint1 y)) (infix_as k two_power_size1)

function mul1 t18 t18 : t18

axiom mul_in_bounds1 [@useraxiom] :
  forall x:t18, y:t18 [mul1 x y].
   in_bounds1 (infix_as (tqtint1 x) (tqtint1 y)) ->
   tqtint1 (mul1 x y) = infix_as (tqtint1 x) (tqtint1 y)

axiom mul_wrapping1 [@useraxiom] :
  forall x:t18, y:t18 [mul1 x y].
   exists k:int.
    tqtint1 (mul1 x y) =
    infix_pl (infix_as (tqtint1 x) (tqtint1 y)) (infix_as k two_power_size1)

function neg1 t18 : t18

axiom neg_zero1 [@useraxiom] :
  forall x:t18 [neg1 x]. tqtint1 x = 0 -> tqtint1 (neg1 x) = 0

axiom neg_not_zero1 [@useraxiom] :
  forall x:t18 [neg1 x].
   infix_ls 0 (tqtint1 x) /\ infix_lseq (tqtint1 x) 0xFFFFFFFFFFFFFFFF ->
   tqtint1 (neg1 x) = infix_mn two_power_size1 (tqtint1 x)

function of_bool1 [@inline:trivial] (b:bool) : t18 =
  if b = True then (1:t18) else (0:t18)

predicate le1 [@inline:trivial] (a:t18) (b:t18) =
  infix_lseq (tqtint1 a) (tqtint1 b)

predicate lt1 [@inline:trivial] (a:t18) (b:t18) =
  infix_ls (tqtint1 a) (tqtint1 b)

predicate ge1 [@inline:trivial] (a:t18) (b:t18) =
  infix_gteq (tqtint1 a) (tqtint1 b)

predicate gt1 [@inline:trivial] (a:t18) (b:t18) =
  infix_gt (tqtint1 a) (tqtint1 b)

function bw_and1 t18 t18 : t18

function bw_or1 t18 t18 : t18

function bw_xor1 t18 t18 : t18

function bw_not1 t18 : t18

function shl1 t18 t18 : t18

function shr1 t18 t18 : t18

function nth1 t18 int : bool

function add_with_overflow1 (a:t18) (b:t18) : (t18, bool) = (add1 a b,
  if not in_bounds1 (infix_pl (tqtint1 a) (tqtint1 b)) then True else False)

function sub_with_overflow1 (a:t18) (b:t18) : (t18, bool) = (sub1 a b,
  if not in_bounds1 (infix_mn (tqtint1 a) (tqtint1 b)) then True else False)

function mul_with_overflow1 (a:t18) (b:t18) : (t18, bool) = (mul1 a b,
  if not in_bounds1 (infix_as (tqtint1 a) (tqtint1 b)) then True else False)

(* use creusot.int.UInt64 *)

function any_l 'a : 'b

(* use creusot.prelude.Any *)

type t_Method

type t_MethodModel =
  | Options
  | Get
  | Post
  | Put
  | Delete
  | Head
  | Trace
  | Connect
  | Patch
  | Query
  | ExtensionInline (seq t17) int
  | ExtensionAllocated (seq t17)

constant const_MAX : t18 = (15:t18)

predicate is_method_char_model (byte:t17) =
  infix_lseq 33 (tqtint byte) /\
  infix_lseq (tqtint byte) 126 /\
  not tqtint byte = 34 /\
  not tqtint byte = 40 /\
  not tqtint byte = 41 /\
  not tqtint byte = 44 /\
  not tqtint byte = 47 /\
  not tqtint byte = 58 /\
  not tqtint byte = 59 /\
  not tqtint byte = 60 /\
  not tqtint byte = 61 /\
  not tqtint byte = 62 /\
  not tqtint byte = 63 /\
  not tqtint byte = 64 /\
  not tqtint byte = 91 /\
  not tqtint byte = 92 /\
  not tqtint byte = 93 /\ not tqtint byte = 123 /\ not tqtint byte = 125

predicate all_method_chars_valid (bytes:seq t17) =
  forall i:int.
   infix_lseq 0 i /\ infix_ls i (length bytes) ->
   is_method_char_model (get bytes i)

predicate method_text_matches (left:seq t17) (right:seq t17) =
  length left = length right /\
  (forall i:int.
    infix_lseq 0 i /\ infix_ls i (length left) -> get left i = get right i)

function method_model_text (method:t_MethodModel) : seq t17 =
  match method with
  | Options ->
      create 7
      ([@funlit]
       fun (xqtx:int) ->
        if xqtx = 0 then (79:t17)
        else if xqtx = 1 then (80:t17)
             else if xqtx = 2 then (84:t17)
                  else if xqtx = 3 then (73:t17)
                       else if xqtx = 4 then (79:t17)
                            else if xqtx = 5 then (78:t17)
                                 else if xqtx = 6 then (83:t17) else (83:t17))
  | Get ->
      create 3
      ([@funlit]
       fun (xqtx:int) ->
        if xqtx = 0 then (71:t17)
        else if xqtx = 1 then (69:t17)
             else if xqtx = 2 then (84:t17) else (84:t17))
  | Post ->
      create 4
      ([@funlit]
       fun (xqtx:int) ->
        if xqtx = 0 then (80:t17)
        else if xqtx = 1 then (79:t17)
             else if xqtx = 2 then (83:t17)
                  else if xqtx = 3 then (84:t17) else (84:t17))
  | Put ->
      create 3
      ([@funlit]
       fun (xqtx:int) ->
        if xqtx = 0 then (80:t17)
        else if xqtx = 1 then (85:t17)
             else if xqtx = 2 then (84:t17) else (84:t17))
  | Delete ->
      create 6
      ([@funlit]
       fun (xqtx:int) ->
        if xqtx = 0 then (68:t17)
        else if xqtx = 1 then (69:t17)
             else if xqtx = 2 then (76:t17)
                  else if xqtx = 3 then (69:t17)
                       else if xqtx = 4 then (84:t17)
                            else if xqtx = 5 then (69:t17) else (69:t17))
  | Head ->
      create 4
      ([@funlit]
       fun (xqtx:int) ->
        if xqtx = 0 then (72:t17)
        else if xqtx = 1 then (69:t17)
             else if xqtx = 2 then (65:t17)
                  else if xqtx = 3 then (68:t17) else (68:t17))
  | Trace ->
      create 5
      ([@funlit]
       fun (xqtx:int) ->
        if xqtx = 0 then (84:t17)
        else if xqtx = 1 then (82:t17)
             else if xqtx = 2 then (65:t17)
                  else if xqtx = 3 then (67:t17)
                       else if xqtx = 4 then (69:t17) else (69:t17))
  | Connect ->
      create 7
      ([@funlit]
       fun (xqtx:int) ->
        if xqtx = 0 then (67:t17)
        else if xqtx = 1 then (79:t17)
             else if xqtx = 2 then (78:t17)
                  else if xqtx = 3 then (78:t17)
                       else if xqtx = 4 then (69:t17)
                            else if xqtx = 5 then (67:t17)
                                 else if xqtx = 6 then (84:t17) else (84:t17))
  | Patch ->
      create 5
      ([@funlit]
       fun (xqtx:int) ->
        if xqtx = 0 then (80:t17)
        else if xqtx = 1 then (65:t17)
             else if xqtx = 2 then (84:t17)
                  else if xqtx = 3 then (67:t17)
                       else if xqtx = 4 then (72:t17) else (72:t17))
  | Query ->
      create 5
      ([@funlit]
       fun (xqtx:int) ->
        if xqtx = 0 then (81:t17)
        else if xqtx = 1 then (85:t17)
             else if xqtx = 2 then (69:t17)
                  else if xqtx = 3 then (82:t17)
                       else if xqtx = 4 then (89:t17) else (89:t17))
  | ExtensionInline data len -> mixfix_lbdtdtrb data 0 len
  | ExtensionAllocated data -> data
  end

predicate is_known_method_text (bytes:seq t17) =
  if length bytes = 3
  then method_text_matches bytes (method_model_text Get) \/
       method_text_matches bytes (method_model_text Put)
  else if length bytes = 4
       then method_text_matches bytes (method_model_text Post) \/
            method_text_matches bytes (method_model_text Head)
       else if length bytes = 5
            then method_text_matches bytes (method_model_text Patch) \/
                 method_text_matches bytes (method_model_text Trace) \/
                 method_text_matches bytes (method_model_text Query)
            else if length bytes = 6
                 then method_text_matches bytes (method_model_text Delete)
                 else if length bytes = 7
                      then method_text_matches bytes
                           (method_model_text Options) \/
                           method_text_matches bytes
                           (method_model_text Connect)
                      else false

predicate method_model_is_canonical (method:t_MethodModel) =
  match method with
  | ExtensionInline data len ->
      length data = tqtint1 const_MAX /\
      infix_ls 0 len /\
      infix_lseq len (tqtint1 const_MAX) /\
      all_method_chars_valid (mixfix_lbdtdtrb data 0 len) /\
      (forall i:int.
        infix_lseq len i /\ infix_ls i (length data) -> get data i = (0:t17)) /\
      not is_known_method_text (mixfix_lbdtdtrb data 0 len)
  | ExtensionAllocated data ->
      infix_gt (length data) (tqtint1 const_MAX) /\
      all_method_chars_valid data /\ not is_known_method_text data
  | _ -> true
  end

function method_repr t_Method : t_MethodModel

predicate invariant_Method (self:t_Method) =
  method_model_is_canonical (method_repr self)

predicate inv_Method t_Method

axiom inv_axiom [@useraxiom] :
  forall x:t_Method [inv_Method x]. inv_Method x -> invariant_Method x

type t_Uri

type t_Version

type t_HeaderMap_HeaderValue

type t_Extensions

type t_Parts =
  | T_Partsqtmk [@builtin] (method:t_Method) (uri:t_Uri) (version:t_Version)
      (headers:t_HeaderMap_HeaderValue) (extensions:t_Extensions) (uspriv:
      unit)

(* meta model_record function uspriv *)

(* meta model_record function extensions *)

(* meta model_record function headers *)

(* meta model_record function version *)

(* meta model_record function uri *)

(* meta model_record function method *)

predicate resolve_Method t_Method

type t_T

type closure0 =
  | Closure0qtmk [@builtin] (c0:t_T)

(* meta model_record function c0 *)

type t_Error

type t_Result_Method_Error =
  | Ok t_Method
  | Err t_Error

predicate inv_T t_T

predicate precondition_try_into unit t_T

axiom precondition_fndef [@useraxiom] :
  forall args:t_T [precondition_try_into () args].
   (let self_ = args in inv_T self_) -> precondition_try_into () args

predicate inv_Error t_Error

predicate inv_Result_Method_Error t_Result_Method_Error

axiom inv_axiomqt0 [@useraxiom] [@rewrite] :
  forall x:t_Result_Method_Error [inv_Result_Method_Error x].
   inv_Result_Method_Error x <->
   match x with
   | Ok f0 -> inv_Method f0
   | Err f0 -> inv_Error f0
   end

predicate postcondition_once_try_into unit t_T t_Result_Method_Error

axiom postcondition_fndef [@useraxiom] :
  forall args:t_T, res:t_Result_Method_Error
   [postcondition_once_try_into () args res].
   postcondition_once_try_into () args res ->
   (let self_ = args in inv_Result_Method_Error res)

predicate inv_Uri t_Uri

predicate inv_Version t_Version

predicate inv_HeaderMap_HeaderValue t_HeaderMap_HeaderValue

predicate inv_Extensions t_Extensions

predicate inv_Parts t_Parts

axiom inv_axiomqt1 [@useraxiom] [@rewrite] :
  forall x:t_Parts [inv_Parts x].
   inv_Parts x <->
   inv_Method (x.method) /\
   inv_Uri (x.uri) /\
   inv_Version (x.version) /\
   inv_HeaderMap_HeaderValue (x.headers) /\ inv_Extensions (x.extensions)

predicate resolve_Uri t_Uri

predicate resolve_Version t_Version

predicate resolve_HeaderMap_HeaderValue t_HeaderMap_HeaderValue

predicate resolve_Extensions t_Extensions

predicate resolve_Parts t_Parts

axiom resolve_axiom [@useraxiom] [@rewrite] :
  forall x:t_Parts [resolve_Parts x].
   resolve_Parts x <->
   resolve_Method (x.method) /\
   resolve_Uri (x.uri) /\
   resolve_Version (x.version) /\
   resolve_HeaderMap_HeaderValue (x.headers) /\
   resolve_Extensions (x.extensions)

type t_InvalidStatusCode

type t_InvalidMethod

type t_InvalidUri

type t_InvalidUriParts

type t_InvalidHeaderName

type t_InvalidHeaderValue

type t_MaxSizeReached

type t_ErrorKind =
  | StatusCode t_InvalidStatusCode
  | Method t_InvalidMethod
  | Uri t_InvalidUri
  | UriParts t_InvalidUriParts
  | HeaderName t_InvalidHeaderName
  | HeaderValue t_InvalidHeaderValue
  | MaxSizeReached t_MaxSizeReached

type t_Errorqt0 =
  | T_Errorqt0qtmk [@builtin] (inner:t_ErrorKind)

(* meta model_record function inner *)

predicate precondition_into unit t_Error

axiom precondition_fndefqt0 [@useraxiom] :
  forall args:t_Error [precondition_into () args].
   (let self_ = args in inv_Error self_) -> precondition_into () args

predicate inv_InvalidStatusCode t_InvalidStatusCode

predicate inv_InvalidMethod t_InvalidMethod

predicate inv_InvalidUri t_InvalidUri

predicate inv_InvalidUriParts t_InvalidUriParts

predicate inv_InvalidHeaderName t_InvalidHeaderName

predicate inv_InvalidHeaderValue t_InvalidHeaderValue

predicate inv_MaxSizeReached t_MaxSizeReached

predicate inv_ErrorKind t_ErrorKind

axiom inv_axiomqt2 [@useraxiom] [@rewrite] :
  forall x:t_ErrorKind [inv_ErrorKind x].
   inv_ErrorKind x <->
   match x with
   | StatusCode f0 -> inv_InvalidStatusCode f0
   | Method f0 -> inv_InvalidMethod f0
   | Uri f0 -> inv_InvalidUri f0
   | UriParts f0 -> inv_InvalidUriParts f0
   | HeaderName f0 -> inv_InvalidHeaderName f0
   | HeaderValue f0 -> inv_InvalidHeaderValue f0
   | MaxSizeReached f0 -> inv_MaxSizeReached f0
   end

predicate inv_Errorqt0 t_Errorqt0

axiom inv_axiomqt3 [@useraxiom] [@rewrite] :
  forall x:t_Errorqt0 [inv_Errorqt0 x].
   inv_Errorqt0 x <-> inv_ErrorKind (x.inner)

predicate postcondition_once_into unit t_Error t_Errorqt0

axiom postcondition_fndefqt0 [@useraxiom] :
  forall args:t_Error, res:t_Errorqt0 [postcondition_once_into () args res].
   postcondition_once_into () args res ->
   (let self_ = args in inv_Errorqt0 res)

type t_Result_Parts_Error =
  | Okqt0 t_Parts
  | Errqt0 t_Errorqt0

predicate inv_closure0 [@inline:trivial] (us1:closure0) =
  match us1 with
  | Closure0qtmk x0 -> inv_T x0
  end

(* meta rewrite_def predicate inv_closure0 *)

predicate inv_Result_Parts_Error t_Result_Parts_Error

axiom inv_axiomqt4 [@useraxiom] [@rewrite] :
  forall x:t_Result_Parts_Error [inv_Result_Parts_Error x].
   inv_Result_Parts_Error x <->
   match x with
   | Okqt0 f0 -> inv_Parts f0
   | Errqt0 f0 -> inv_Errorqt0 f0
   end

(* meta syntax_type type int, "int", 0 *)

(* meta syntax_type type real, "real", 0 *)

(* meta syntax_logic predicate infix_eq, "(%1 = %2)", 0 *)

(* meta encoding:ignore_polymorphism_ls predicate infix_eq *)

goal vc_closure0 : [@coma:solid] true

end
theory Task

type int

type real

type string

predicate infix_eq 'a 'a

(* use why3.BuiltIn.BuiltIn *)

type bool =
  | True
  | False

(* use why3.Bool.Bool *)

type tuple0 =
  | Tuple0 [@builtin]

(* use why3.Tuple0.Tuple01 *)

type unit [@builtin] = unit

(* use why3.Unit.Unit *)

constant zero : int = 0

constant one : int = 1

function prefix_mn int : int

function infix_pl int int : int

function infix_as int int : int

predicate infix_ls int int

function infix_mn (x:int) (y:int) : int = infix_pl x (prefix_mn y)

predicate infix_gt (x:int) (y:int) = infix_ls y x

predicate infix_lseq (x:int) (y:int) = infix_ls x y \/ x = y

predicate infix_gteq (x:int) (y:int) = infix_lseq y x

axiom Assoc :
  forall x:int, y:int, z:int.
   infix_pl (infix_pl x y) z = infix_pl x (infix_pl y z)

(* clone algebra.Assoc with type t = int, function op = infix_pl,
  prop Assoc1 = Assoc,  *)

axiom Unit_def_l : forall x:int. infix_pl zero x = x

axiom Unit_def_r : forall x:int. infix_pl x zero = x

(* clone algebra.Monoid with type t1 = int, constant unit = zero,
  function op1 = infix_pl, prop Unit_def_r1 = Unit_def_r,
  prop Unit_def_l1 = Unit_def_l, prop Assoc2 = Assoc,  *)

axiom Inv_def_l : forall x:int. infix_pl (prefix_mn x) x = zero

axiom Inv_def_r : forall x:int. infix_pl x (prefix_mn x) = zero

(* clone algebra.Group with type t2 = int, function inv = prefix_mn,
  constant unit1 = zero, function op2 = infix_pl,
  prop Inv_def_r1 = Inv_def_r, prop Inv_def_l1 = Inv_def_l,
  prop Unit_def_r2 = Unit_def_r, prop Unit_def_l2 = Unit_def_l,
  prop Assoc3 = Assoc,  *)

axiom Comm : forall x:int, y:int. infix_pl x y = infix_pl y x

(* clone algebra.Comm with type t3 = int, function op3 = infix_pl,
  prop Comm1 = Comm,  *)

(* meta AC function infix_pl *)

(* clone algebra.CommutativeGroup with type t4 = int,
  function inv1 = prefix_mn, constant unit2 = zero, function op4 = infix_pl,
  prop Comm2 = Comm, prop Inv_def_r2 = Inv_def_r,
  prop Inv_def_l2 = Inv_def_l, prop Unit_def_r3 = Unit_def_r,
  prop Unit_def_l3 = Unit_def_l, prop Assoc4 = Assoc,  *)

axiom Assoc5 :
  forall x:int, y:int, z:int.
   infix_as (infix_as x y) z = infix_as x (infix_as y z)

(* clone algebra.Assoc with type t = int, function op = infix_as,
  prop Assoc1 = Assoc5,  *)

axiom Mul_distr_l :
  forall x:int, y:int, z:int.
   infix_as x (infix_pl y z) = infix_pl (infix_as x y) (infix_as x z)

axiom Mul_distr_r :
  forall x:int, y:int, z:int.
   infix_as (infix_pl y z) x = infix_pl (infix_as y x) (infix_as z x)

(* clone algebra.Ring with type t5 = int, function infix_as1 = infix_as,
  function prefix_mn1 = prefix_mn, function infix_pl1 = infix_pl,
  constant zero1 = zero, prop Mul_distr_r1 = Mul_distr_r,
  prop Mul_distr_l1 = Mul_distr_l, prop Assoc6 = Assoc5, prop Comm3 = Comm,
  prop Inv_def_r3 = Inv_def_r, prop Inv_def_l3 = Inv_def_l,
  prop Unit_def_r4 = Unit_def_r, prop Unit_def_l4 = Unit_def_l,
  prop Assoc7 = Assoc,  *)

axiom Comm4 : forall x:int, y:int. infix_as x y = infix_as y x

(* clone algebra.Comm with type t3 = int, function op3 = infix_as,
  prop Comm1 = Comm4,  *)

(* meta AC function infix_as *)

(* clone algebra.CommutativeRing with type t6 = int,
  function infix_as2 = infix_as, function prefix_mn2 = prefix_mn,
  function infix_pl2 = infix_pl, constant zero2 = zero, prop Comm5 = Comm4,
  prop Mul_distr_r2 = Mul_distr_r, prop Mul_distr_l2 = Mul_distr_l,
  prop Assoc8 = Assoc5, prop Comm6 = Comm, prop Inv_def_r4 = Inv_def_r,
  prop Inv_def_l4 = Inv_def_l, prop Unit_def_r5 = Unit_def_r,
  prop Unit_def_l5 = Unit_def_l, prop Assoc9 = Assoc,  *)

axiom Unitary : forall x:int. infix_as one x = x

axiom NonTrivialRing : not zero = one

(* clone algebra.UnitaryCommutativeRing with type t7 = int,
  constant one1 = one, function infix_as3 = infix_as,
  function prefix_mn3 = prefix_mn, function infix_pl3 = infix_pl,
  constant zero3 = zero, prop NonTrivialRing1 = NonTrivialRing,
  prop Unitary1 = Unitary, prop Comm7 = Comm4,
  prop Mul_distr_r3 = Mul_distr_r, prop Mul_distr_l3 = Mul_distr_l,
  prop Assoc10 = Assoc5, prop Comm8 = Comm, prop Inv_def_r5 = Inv_def_r,
  prop Inv_def_l5 = Inv_def_l, prop Unit_def_r6 = Unit_def_r,
  prop Unit_def_l6 = Unit_def_l, prop Assoc11 = Assoc,  *)

(* clone relations.EndoRelation with type t8 = int,
  predicate rel = infix_lseq,  *)

axiom Refl : forall x:int. infix_lseq x x

(* clone relations.Reflexive with type t9 = int, predicate rel1 = infix_lseq,
  prop Refl1 = Refl,  *)

(* clone relations.EndoRelation with type t8 = int,
  predicate rel = infix_lseq,  *)

axiom Trans :
  forall x:int, y:int, z:int.
   infix_lseq x y -> infix_lseq y z -> infix_lseq x z

(* clone relations.Transitive with type t10 = int,
  predicate rel2 = infix_lseq, prop Trans1 = Trans,  *)

(* clone relations.PreOrder with type t11 = int, predicate rel3 = infix_lseq,
  prop Trans2 = Trans, prop Refl2 = Refl,  *)

(* clone relations.EndoRelation with type t8 = int,
  predicate rel = infix_lseq,  *)

axiom Antisymm :
  forall x:int, y:int. infix_lseq x y -> infix_lseq y x -> x = y

(* clone relations.Antisymmetric with type t12 = int,
  predicate rel4 = infix_lseq, prop Antisymm1 = Antisymm,  *)

(* clone relations.PartialOrder with type t13 = int,
  predicate rel5 = infix_lseq, prop Antisymm2 = Antisymm,
  prop Trans3 = Trans, prop Refl3 = Refl,  *)

(* clone relations.EndoRelation with type t8 = int,
  predicate rel = infix_lseq,  *)

axiom Total : forall x:int, y:int. infix_lseq x y \/ infix_lseq y x

(* clone relations.Total with type t14 = int, predicate rel6 = infix_lseq,
  prop Total1 = Total,  *)

(* clone relations.TotalOrder with type t15 = int,
  predicate rel7 = infix_lseq, prop Total2 = Total,
  prop Antisymm3 = Antisymm, prop Trans4 = Trans, prop Refl4 = Refl,  *)

axiom ZeroLessOne : infix_lseq zero one

axiom CompatOrderAdd :
  forall x:int, y:int, z:int.
   infix_lseq x y -> infix_lseq (infix_pl x z) (infix_pl y z)

axiom CompatOrderMult :
  forall x:int, y:int, z:int.
   infix_lseq x y ->
   infix_lseq zero z -> infix_lseq (infix_as x z) (infix_as y z)

(* meta remove_unused:dependency prop CompatOrderMult, function infix_as *)

(* clone algebra.OrderedUnitaryCommutativeRing with type t16 = int,
  predicate infix_lseq1 = infix_lseq, constant one2 = one,
  function infix_as4 = infix_as, function prefix_mn4 = prefix_mn,
  function infix_pl4 = infix_pl, constant zero4 = zero,
  prop CompatOrderMult1 = CompatOrderMult,
  prop CompatOrderAdd1 = CompatOrderAdd, prop ZeroLessOne1 = ZeroLessOne,
  prop Total3 = Total, prop Antisymm4 = Antisymm, prop Trans5 = Trans,
  prop Refl5 = Refl, prop NonTrivialRing2 = NonTrivialRing,
  prop Unitary2 = Unitary, prop Comm9 = Comm4,
  prop Mul_distr_r4 = Mul_distr_r, prop Mul_distr_l4 = Mul_distr_l,
  prop Assoc12 = Assoc5, prop Comm10 = Comm, prop Inv_def_r6 = Inv_def_r,
  prop Inv_def_l6 = Inv_def_l, prop Unit_def_r7 = Unit_def_r,
  prop Unit_def_l7 = Unit_def_l, prop Assoc13 = Assoc,  *)

(* meta remove_unused:keep function infix_pl *)

(* meta remove_unused:keep function infix_mn *)

(* meta remove_unused:keep function prefix_mn *)

(* meta remove_unused:keep predicate infix_ls *)

(* meta remove_unused:keep predicate infix_lseq *)

(* meta remove_unused:keep predicate infix_gt *)

(* meta remove_unused:keep predicate infix_gteq *)

(* use int.Int *)

function abs (x:int) : int = if infix_gteq x 0 then x else prefix_mn x

axiom Abs_le :
  forall x:int, y:int.
   infix_lseq (abs x) y <-> infix_lseq (prefix_mn y) x /\ infix_lseq x y

(* meta remove_unused:dependency prop Abs_le, function abs *)

axiom Abs_pos : forall x:int. infix_gteq (abs x) 0

(* meta remove_unused:dependency prop Abs_pos, function abs *)

(* use int.Abs *)

function div int int : int

function mod int int : int

axiom Div_mod [@useraxiom] :
  forall x:int, y:int.
   not y = 0 -> x = infix_pl (infix_as y (div x y)) (mod x y)

(* meta remove_unused:dependency prop Div_mod, function div *)

(* meta remove_unused:dependency prop Div_mod, function mod *)

axiom Div_bound [@useraxiom] :
  forall x:int, y:int.
   infix_gteq x 0 /\ infix_gt y 0 ->
   infix_lseq 0 (div x y) /\ infix_lseq (div x y) x

(* meta remove_unused:dependency prop Div_bound, function div *)

(* meta remove_unused:dependency prop Div_bound, function mod *)

axiom Mod_bound [@useraxiom] :
  forall x:int, y:int.
   not y = 0 ->
   infix_ls (prefix_mn (abs y)) (mod x y) /\ infix_ls (mod x y) (abs y)

(* meta remove_unused:dependency prop Mod_bound, function div *)

(* meta remove_unused:dependency prop Mod_bound, function mod *)

axiom Div_sign_pos [@useraxiom] :
  forall x:int, y:int.
   infix_gteq x 0 /\ infix_gt y 0 -> infix_gteq (div x y) 0

(* meta remove_unused:dependency prop Div_sign_pos, function div *)

(* meta remove_unused:dependency prop Div_sign_pos, function mod *)

axiom Div_sign_neg [@useraxiom] :
  forall x:int, y:int.
   infix_lseq x 0 /\ infix_gt y 0 -> infix_lseq (div x y) 0

(* meta remove_unused:dependency prop Div_sign_neg, function div *)

(* meta remove_unused:dependency prop Div_sign_neg, function mod *)

axiom Mod_sign_pos [@useraxiom] :
  forall x:int, y:int. infix_gteq x 0 /\ not y = 0 -> infix_gteq (mod x y) 0

(* meta remove_unused:dependency prop Mod_sign_pos, function div *)

(* meta remove_unused:dependency prop Mod_sign_pos, function mod *)

axiom Mod_sign_neg [@useraxiom] :
  forall x:int, y:int. infix_lseq x 0 /\ not y = 0 -> infix_lseq (mod x y) 0

(* meta remove_unused:dependency prop Mod_sign_neg, function div *)

(* meta remove_unused:dependency prop Mod_sign_neg, function mod *)

axiom Rounds_toward_zero :
  forall x:int, y:int.
   not y = 0 -> infix_lseq (abs (infix_as (div x y) y)) (abs x)

(* meta remove_unused:dependency prop Rounds_toward_zero, function div *)

(* meta remove_unused:dependency prop Rounds_toward_zero, function mod *)

axiom Div_1 : forall x:int. div x 1 = x

(* meta remove_unused:dependency prop Div_1, function div *)

(* meta remove_unused:dependency prop Div_1, function mod *)

axiom Mod_1 : forall x:int. mod x 1 = 0

(* meta remove_unused:dependency prop Mod_1, function div *)

(* meta remove_unused:dependency prop Mod_1, function mod *)

axiom Div_inf :
  forall x:int, y:int. infix_lseq 0 x /\ infix_ls x y -> div x y = 0

(* meta remove_unused:dependency prop Div_inf, function div *)

(* meta remove_unused:dependency prop Div_inf, function mod *)

axiom Mod_inf :
  forall x:int, y:int. infix_lseq 0 x /\ infix_ls x y -> mod x y = x

(* meta remove_unused:dependency prop Mod_inf, function div *)

(* meta remove_unused:dependency prop Mod_inf, function mod *)

axiom Div_mult :
  forall x:int, y:int, z:int [div (infix_pl (infix_as x y) z) x].
   infix_gt x 0 /\ infix_gteq y 0 /\ infix_gteq z 0 ->
   div (infix_pl (infix_as x y) z) x = infix_pl y (div z x)

(* meta remove_unused:dependency prop Div_mult, function div *)

(* meta remove_unused:dependency prop Div_mult, function mod *)

axiom Mod_mult :
  forall x:int, y:int, z:int [mod (infix_pl (infix_as x y) z) x].
   infix_gt x 0 /\ infix_gteq y 0 /\ infix_gteq z 0 ->
   mod (infix_pl (infix_as x y) z) x = mod z x

(* meta remove_unused:dependency prop Mod_mult, function div *)

(* meta remove_unused:dependency prop Mod_mult, function mod *)

(* use int.ComputerDivision *)

(* use mach.int.Int1 *)

type t17 = <range 0 255>

function tqtint t17 : int

constant tqtmaxInt : int = 255

constant tqtminInt : int = 0

predicate tqteq (a:t17) (b:t17) = tqtint a = tqtint b

axiom tqtinj [@W:non_conservative_extension:N] :
  forall a:t17, b:t17. tqteq a b -> a = b

(* meta range_type type t17, function tqtint *)

(* meta model_projection function tqtint *)

(* meta remove_unused:dependency prop tqtinj, predicate tqteq *)

constant two_power_size : int = 0x100

axiom extensionality [@useraxiom] :
  forall x:t17, y:t17 [tqtint x, tqtint y]. tqtint x = tqtint y -> x = y

predicate in_bounds [@inline:trivial] (n:int) =
  infix_lseq 0 n /\ infix_lseq n 0xFF

function of_int int : t17

axiom to_of_int [@useraxiom] :
  forall x:int [of_int x]. in_bounds x -> tqtint (of_int x) = x

function add t17 t17 : t17

axiom add_in_bounds [@useraxiom] :
  forall x:t17, y:t17 [add x y].
   in_bounds (infix_pl (tqtint x) (tqtint y)) ->
   tqtint (add x y) = infix_pl (tqtint x) (tqtint y)

axiom add_wrapping [@useraxiom] :
  forall x:t17, y:t17 [add x y].
   exists k:int.
    tqtint (add x y) =
    infix_pl (infix_pl (tqtint x) (tqtint y)) (infix_as k two_power_size)

function sub t17 t17 : t17

axiom sub_in_bounds [@useraxiom] :
  forall x:t17, y:t17 [sub x y].
   in_bounds (infix_mn (tqtint x) (tqtint y)) ->
   tqtint (sub x y) = infix_mn (tqtint x) (tqtint y)

axiom sub_wrapping [@useraxiom] :
  forall x:t17, y:t17 [sub x y].
   exists k:int.
    tqtint (sub x y) =
    infix_pl (infix_mn (tqtint x) (tqtint y)) (infix_as k two_power_size)

function mul t17 t17 : t17

axiom mul_in_bounds [@useraxiom] :
  forall x:t17, y:t17 [mul x y].
   in_bounds (infix_as (tqtint x) (tqtint y)) ->
   tqtint (mul x y) = infix_as (tqtint x) (tqtint y)

axiom mul_wrapping [@useraxiom] :
  forall x:t17, y:t17 [mul x y].
   exists k:int.
    tqtint (mul x y) =
    infix_pl (infix_as (tqtint x) (tqtint y)) (infix_as k two_power_size)

function neg t17 : t17

axiom neg_zero [@useraxiom] :
  forall x:t17 [neg x]. tqtint x = 0 -> tqtint (neg x) = 0

axiom neg_not_zero [@useraxiom] :
  forall x:t17 [neg x].
   infix_ls 0 (tqtint x) /\ infix_lseq (tqtint x) 0xFF ->
   tqtint (neg x) = infix_mn two_power_size (tqtint x)

function of_bool [@inline:trivial] (b:bool) : t17 =
  if b = True then (1:t17) else (0:t17)

predicate le [@inline:trivial] (a:t17) (b:t17) =
  infix_lseq (tqtint a) (tqtint b)

predicate lt [@inline:trivial] (a:t17) (b:t17) =
  infix_ls (tqtint a) (tqtint b)

predicate ge [@inline:trivial] (a:t17) (b:t17) =
  infix_gteq (tqtint a) (tqtint b)

predicate gt [@inline:trivial] (a:t17) (b:t17) =
  infix_gt (tqtint a) (tqtint b)

function bw_and t17 t17 : t17

function bw_or t17 t17 : t17

function bw_xor t17 t17 : t17

function bw_not t17 : t17

function shl t17 t17 : t17

function shr t17 t17 : t17

function nth t17 int : bool

type tuple2 'a 'a1 =
  | Tuple2 [@builtin] 'a 'a1

(* use why3.Tuple2.Tuple21 *)

function add_with_overflow (a:t17) (b:t17) : (t17, bool) = (add a b,
  if not in_bounds (infix_pl (tqtint a) (tqtint b)) then True else False)

function sub_with_overflow (a:t17) (b:t17) : (t17, bool) = (sub a b,
  if not in_bounds (infix_mn (tqtint a) (tqtint b)) then True else False)

function mul_with_overflow (a:t17) (b:t17) : (t17, bool) = (mul a b,
  if not in_bounds (infix_as (tqtint a) (tqtint b)) then True else False)

(* use creusot.int.UInt8 *)

type seq 'a

(* meta infinite_type type seq *)

function length (seq 'a) : int

axiom length_nonnegative [@useraxiom] :
  forall s:seq 'a. infix_lseq 0 (length s)

(* meta remove_unused:dependency prop length_nonnegative, function length *)

function get (seq 'a) int : 'a

function mixfix_lbrb (s:seq 'a) (i:int) : 'a = get s i

predicate infix_eqeq (seq 'a) (seq 'a)

axiom infix_eqeqqtspecqt0 [@W:non_conservative_extension:N] :
  forall s1:seq 'a, s2:seq 'a.
   [@hyp_name:Ensures]
   infix_eqeq s1 s2 <->
   ([@asym_split] length s1 = length s2) &&
   (forall i:int.
     infix_lseq 0 i /\ infix_ls i (length s1) ->
     mixfix_lbrb s1 i = mixfix_lbrb s2 i)

axiom infix_eqeqqtspec [@W:non_conservative_extension:N] :
  forall s1:seq 'a, s2:seq 'a.
   [@hyp_name:Ensures] infix_eqeq s1 s2 -> s1 = s2

(* meta remove_unused:dependency prop infix_eqeqqtspecqt0,
  predicate infix_eqeq *)

(* meta remove_unused:dependency prop infix_eqeqqtspec,
  predicate infix_eqeq *)

(* meta extensionality predicate infix_eqeq *)

type (->) 'a 'b

function infix_at ('a -> 'b) 'a : 'b

(* use why3.HighOrd.HighOrd *)

function create int (int -> 'a) : seq 'a

axiom createqtspecqt0 [@W:non_conservative_extension:N] :
  forall len:int, f:int -> 'a.
   ([@hyp_name:Requires] infix_lseq 0 len) ->
   ([@hyp_name:Ensures] length (create len f) = len)

axiom createqtspec [@W:non_conservative_extension:N] :
  forall len:int, f:int -> 'a.
   ([@hyp_name:Requires] infix_lseq 0 len) ->
   ([@hyp_name:Ensures]
    forall i:int.
     infix_lseq 0 i /\ infix_ls i len ->
     mixfix_lbrb (create len f) i = infix_at f i)

(* meta remove_unused:dependency prop createqtspecqt0, function create *)

(* meta remove_unused:dependency prop createqtspec, function create *)

constant empty : seq 'a

axiom emptyqtdef [@W:non_conservative_extension:N] :
  [@hyp_name:Ensures] length (empty: seq 'a) = 0

(* meta remove_unused:dependency prop emptyqtdef, constant empty *)

function set (seq 'a) int 'a : seq 'a

axiom setqtdef [@W:non_conservative_extension:N] :
  forall s:seq 'a, i:int, v:'a.
   ([@hyp_name:Requires] infix_lseq 0 i /\ infix_ls i (length s)) ->
   set s i v =
   create (length s) (fun (j:int) -> if j = i then v else mixfix_lbrb s j)

axiom setqtspecqt1 [@W:non_conservative_extension:N] :
  forall s:seq 'a, i:int, v:'a.
   ([@hyp_name:Requires] infix_lseq 0 i /\ infix_ls i (length s)) ->
   ([@hyp_name:Ensures] length (set s i v) = length s)

axiom setqtspecqt0 [@W:non_conservative_extension:N] :
  forall s:seq 'a, i:int, v:'a.
   ([@hyp_name:Requires] infix_lseq 0 i /\ infix_ls i (length s)) ->
   ([@hyp_name:Ensures] mixfix_lbrb (set s i v) i = v)

axiom setqtspec [@W:non_conservative_extension:N] :
  forall s:seq 'a, i:int, v:'a.
   ([@hyp_name:Requires] infix_lseq 0 i /\ infix_ls i (length s)) ->
   ([@hyp_name:Ensures]
    forall j:int.
     (infix_lseq 0 j /\ infix_ls j (length s)) /\ not j = i ->
     mixfix_lbrb (set s i v) j = mixfix_lbrb s j)

(* meta remove_unused:dependency prop setqtdef, function set *)

(* meta remove_unused:dependency prop setqtspecqt1, function set *)

(* meta remove_unused:dependency prop setqtspecqt0, function set *)

(* meta remove_unused:dependency prop setqtspec, function set *)

function mixfix_lblsmnrb (seq 'a) int 'a : seq 'a

axiom mixfix_lblsmnrbqtdef [@W:non_conservative_extension:N] :
  forall s:seq 'a, i:int, v:'a.
   ([@hyp_name:Requires] infix_lseq 0 i /\ infix_ls i (length s)) ->
   mixfix_lblsmnrb s i v = set s i v

(* meta remove_unused:dependency prop mixfix_lblsmnrbqtdef,
  function mixfix_lblsmnrb *)

function singleton (v:'a) : seq 'a =
  create 1 (fun (us [@__dummy__]:int) -> v)

axiom singletonqtspecqt0 [@W:non_conservative_extension:N] :
  forall v:'a. [@hyp_name:Ensures] length (singleton v) = 1

axiom singletonqtspec [@W:non_conservative_extension:N] :
  forall v:'a. [@hyp_name:Ensures] mixfix_lbrb (singleton v) 0 = v

(* meta remove_unused:dependency prop singletonqtspecqt0,
  function singleton *)

(* meta remove_unused:dependency prop singletonqtspec, function singleton *)

function cons (x:'a) (s:seq 'a) : seq 'a =
  create (infix_pl 1 (length s))
  (fun (i:int) -> if i = 0 then x else mixfix_lbrb s (infix_mn i 1))

axiom consqtspecqt1 [@W:non_conservative_extension:N] :
  forall x:'a, s:seq 'a.
   [@hyp_name:Ensures] length (cons x s) = infix_pl 1 (length s)

axiom consqtspecqt0 [@W:non_conservative_extension:N] :
  forall x:'a, s:seq 'a. [@hyp_name:Ensures] mixfix_lbrb (cons x s) 0 = x

axiom consqtspec [@W:non_conservative_extension:N] :
  forall x:'a, s:seq 'a.
   [@hyp_name:Ensures]
   forall i:int.
    infix_ls 0 i /\ infix_lseq i (length s) ->
    mixfix_lbrb (cons x s) i = mixfix_lbrb s (infix_mn i 1)

(* meta remove_unused:dependency prop consqtspecqt1, function cons *)

(* meta remove_unused:dependency prop consqtspecqt0, function cons *)

(* meta remove_unused:dependency prop consqtspec, function cons *)

function snoc (s:seq 'a) (x:'a) : seq 'a =
  create (infix_pl 1 (length s))
  (fun (i:int) -> if i = length s then x else mixfix_lbrb s i)

axiom snocqtspecqt1 [@W:non_conservative_extension:N] :
  forall s:seq 'a, x:'a.
   [@hyp_name:Ensures] length (snoc s x) = infix_pl 1 (length s)

axiom snocqtspecqt0 [@W:non_conservative_extension:N] :
  forall s:seq 'a, x:'a.
   [@hyp_name:Ensures] mixfix_lbrb (snoc s x) (length s) = x

axiom snocqtspec [@W:non_conservative_extension:N] :
  forall s:seq 'a, x:'a.
   [@hyp_name:Ensures]
   forall i:int.
    infix_lseq 0 i /\ infix_ls i (length s) ->
    mixfix_lbrb (snoc s x) i = mixfix_lbrb s i

(* meta remove_unused:dependency prop snocqtspecqt1, function snoc *)

(* meta remove_unused:dependency prop snocqtspecqt0, function snoc *)

(* meta remove_unused:dependency prop snocqtspec, function snoc *)

function mixfix_lbdtdtrb (seq 'a) int int : seq 'a

axiom mixfix_lbdtdtrbqtdef [@W:non_conservative_extension:N] :
  forall s:seq 'a, i:int, j:int.
   ([@hyp_name:Requires]
    infix_lseq 0 i /\ infix_lseq i j /\ infix_lseq j (length s)) ->
   mixfix_lbdtdtrb s i j =
   create (infix_mn j i) (fun (k:int) -> mixfix_lbrb s (infix_pl i k))

axiom mixfix_lbdtdtrbqtspecqt0 [@W:non_conservative_extension:N] :
  forall s:seq 'a, i:int, j:int.
   ([@hyp_name:Requires]
    infix_lseq 0 i /\ infix_lseq i j /\ infix_lseq j (length s)) ->
   ([@hyp_name:Ensures] length (mixfix_lbdtdtrb s i j) = infix_mn j i)

axiom mixfix_lbdtdtrbqtspec [@W:non_conservative_extension:N] :
  forall s:seq 'a, i:int, j:int.
   ([@hyp_name:Requires]
    infix_lseq 0 i /\ infix_lseq i j /\ infix_lseq j (length s)) ->
   ([@hyp_name:Ensures]
    forall k:int.
     infix_lseq 0 k /\ infix_ls k (infix_mn j i) ->
     mixfix_lbrb (mixfix_lbdtdtrb s i j) k = mixfix_lbrb s (infix_pl i k))

(* meta remove_unused:dependency prop mixfix_lbdtdtrbqtdef,
  function mixfix_lbdtdtrb *)

(* meta remove_unused:dependency prop mixfix_lbdtdtrbqtspecqt0,
  function mixfix_lbdtdtrb *)

(* meta remove_unused:dependency prop mixfix_lbdtdtrbqtspec,
  function mixfix_lbdtdtrb *)

function mixfix_lb_dtdtrb (seq 'a) int : seq 'a

axiom mixfix_lb_dtdtrbqtdef [@W:non_conservative_extension:N] :
  forall s:seq 'a, i:int.
   ([@hyp_name:Requires] infix_lseq 0 i /\ infix_lseq i (length s)) ->
   mixfix_lb_dtdtrb s i = mixfix_lbdtdtrb s i (length s)

(* meta remove_unused:dependency prop mixfix_lb_dtdtrbqtdef,
  function mixfix_lb_dtdtrb *)

function mixfix_lbdtdt_rb (seq 'a) int : seq 'a

axiom mixfix_lbdtdt_rbqtdef [@W:non_conservative_extension:N] :
  forall s:seq 'a, j:int.
   ([@hyp_name:Requires] infix_lseq 0 j /\ infix_lseq j (length s)) ->
   mixfix_lbdtdt_rb s j = mixfix_lbdtdtrb s 0 j

(* meta remove_unused:dependency prop mixfix_lbdtdt_rbqtdef,
  function mixfix_lbdtdt_rb *)

function infix_plpl (s1:seq 'a) (s2:seq 'a) : seq 'a =
  let l = length s1 in
  create (infix_pl l (length s2))
  (fun (i:int) ->
    if infix_ls i l then mixfix_lbrb s1 i else mixfix_lbrb s2 (infix_mn i l))

axiom infix_plplqtspecqt1 [@W:non_conservative_extension:N] :
  forall s1:seq 'a, s2:seq 'a.
   [@hyp_name:Ensures]
   length (infix_plpl s1 s2) = infix_pl (length s1) (length s2)

axiom infix_plplqtspecqt0 [@W:non_conservative_extension:N] :
  forall s1:seq 'a, s2:seq 'a.
   [@hyp_name:Ensures]
   forall i:int.
    infix_lseq 0 i /\ infix_ls i (length s1) ->
    mixfix_lbrb (infix_plpl s1 s2) i = mixfix_lbrb s1 i

axiom infix_plplqtspec [@W:non_conservative_extension:N] :
  forall s1:seq 'a, s2:seq 'a.
   [@hyp_name:Ensures]
   forall i:int.
    infix_lseq (length s1) i /\ infix_ls i (length (infix_plpl s1 s2)) ->
    mixfix_lbrb (infix_plpl s1 s2) i =
    mixfix_lbrb s2 (infix_mn i (length s1))

(* meta remove_unused:dependency prop infix_plplqtspecqt1,
  function infix_plpl *)

(* meta remove_unused:dependency prop infix_plplqtspecqt0,
  function infix_plpl *)

(* meta remove_unused:dependency prop infix_plplqtspec,
  function infix_plpl *)

(* use seq.Seq *)

type t18 = <range 0 18446744073709551615>

function tqtint1 t18 : int

constant tqtmaxInt1 : int = 18446744073709551615

constant tqtminInt1 : int = 0

predicate tqteq1 (a:t18) (b:t18) = tqtint1 a = tqtint1 b

axiom tqtinj1 [@W:non_conservative_extension:N] :
  forall a:t18, b:t18. tqteq1 a b -> a = b

(* meta range_type type t18, function tqtint1 *)

(* meta model_projection function tqtint1 *)

(* meta remove_unused:dependency prop tqtinj1, predicate tqteq1 *)

constant two_power_size1 : int = 0x10000000000000000

axiom extensionality1 [@useraxiom] :
  forall x:t18, y:t18 [tqtint1 x, tqtint1 y]. tqtint1 x = tqtint1 y -> x = y

predicate in_bounds1 [@inline:trivial] (n:int) =
  infix_lseq 0 n /\ infix_lseq n 0xFFFFFFFFFFFFFFFF

function of_int1 int : t18

axiom to_of_int1 [@useraxiom] :
  forall x:int [of_int1 x]. in_bounds1 x -> tqtint1 (of_int1 x) = x

function add1 t18 t18 : t18

axiom add_in_bounds1 [@useraxiom] :
  forall x:t18, y:t18 [add1 x y].
   in_bounds1 (infix_pl (tqtint1 x) (tqtint1 y)) ->
   tqtint1 (add1 x y) = infix_pl (tqtint1 x) (tqtint1 y)

axiom add_wrapping1 [@useraxiom] :
  forall x:t18, y:t18 [add1 x y].
   exists k:int.
    tqtint1 (add1 x y) =
    infix_pl (infix_pl (tqtint1 x) (tqtint1 y)) (infix_as k two_power_size1)

function sub1 t18 t18 : t18

axiom sub_in_bounds1 [@useraxiom] :
  forall x:t18, y:t18 [sub1 x y].
   in_bounds1 (infix_mn (tqtint1 x) (tqtint1 y)) ->
   tqtint1 (sub1 x y) = infix_mn (tqtint1 x) (tqtint1 y)

axiom sub_wrapping1 [@useraxiom] :
  forall x:t18, y:t18 [sub1 x y].
   exists k:int.
    tqtint1 (sub1 x y) =
    infix_pl (infix_mn (tqtint1 x) (tqtint1 y)) (infix_as k two_power_size1)

function mul1 t18 t18 : t18

axiom mul_in_bounds1 [@useraxiom] :
  forall x:t18, y:t18 [mul1 x y].
   in_bounds1 (infix_as (tqtint1 x) (tqtint1 y)) ->
   tqtint1 (mul1 x y) = infix_as (tqtint1 x) (tqtint1 y)

axiom mul_wrapping1 [@useraxiom] :
  forall x:t18, y:t18 [mul1 x y].
   exists k:int.
    tqtint1 (mul1 x y) =
    infix_pl (infix_as (tqtint1 x) (tqtint1 y)) (infix_as k two_power_size1)

function neg1 t18 : t18

axiom neg_zero1 [@useraxiom] :
  forall x:t18 [neg1 x]. tqtint1 x = 0 -> tqtint1 (neg1 x) = 0

axiom neg_not_zero1 [@useraxiom] :
  forall x:t18 [neg1 x].
   infix_ls 0 (tqtint1 x) /\ infix_lseq (tqtint1 x) 0xFFFFFFFFFFFFFFFF ->
   tqtint1 (neg1 x) = infix_mn two_power_size1 (tqtint1 x)

function of_bool1 [@inline:trivial] (b:bool) : t18 =
  if b = True then (1:t18) else (0:t18)

predicate le1 [@inline:trivial] (a:t18) (b:t18) =
  infix_lseq (tqtint1 a) (tqtint1 b)

predicate lt1 [@inline:trivial] (a:t18) (b:t18) =
  infix_ls (tqtint1 a) (tqtint1 b)

predicate ge1 [@inline:trivial] (a:t18) (b:t18) =
  infix_gteq (tqtint1 a) (tqtint1 b)

predicate gt1 [@inline:trivial] (a:t18) (b:t18) =
  infix_gt (tqtint1 a) (tqtint1 b)

function bw_and1 t18 t18 : t18

function bw_or1 t18 t18 : t18

function bw_xor1 t18 t18 : t18

function bw_not1 t18 : t18

function shl1 t18 t18 : t18

function shr1 t18 t18 : t18

function nth1 t18 int : bool

function add_with_overflow1 (a:t18) (b:t18) : (t18, bool) = (add1 a b,
  if not in_bounds1 (infix_pl (tqtint1 a) (tqtint1 b)) then True else False)

function sub_with_overflow1 (a:t18) (b:t18) : (t18, bool) = (sub1 a b,
  if not in_bounds1 (infix_mn (tqtint1 a) (tqtint1 b)) then True else False)

function mul_with_overflow1 (a:t18) (b:t18) : (t18, bool) = (mul1 a b,
  if not in_bounds1 (infix_as (tqtint1 a) (tqtint1 b)) then True else False)

(* use creusot.int.UInt64 *)

function any_l 'a : 'b

(* use creusot.prelude.Any *)

type t_Method

type t_MethodModel =
  | Options
  | Get
  | Post
  | Put
  | Delete
  | Head
  | Trace
  | Connect
  | Patch
  | Query
  | ExtensionInline (seq t17) int
  | ExtensionAllocated (seq t17)

constant const_MAX : t18 = (15:t18)

predicate is_method_char_model (byte:t17) =
  infix_lseq 33 (tqtint byte) /\
  infix_lseq (tqtint byte) 126 /\
  not tqtint byte = 34 /\
  not tqtint byte = 40 /\
  not tqtint byte = 41 /\
  not tqtint byte = 44 /\
  not tqtint byte = 47 /\
  not tqtint byte = 58 /\
  not tqtint byte = 59 /\
  not tqtint byte = 60 /\
  not tqtint byte = 61 /\
  not tqtint byte = 62 /\
  not tqtint byte = 63 /\
  not tqtint byte = 64 /\
  not tqtint byte = 91 /\
  not tqtint byte = 92 /\
  not tqtint byte = 93 /\ not tqtint byte = 123 /\ not tqtint byte = 125

predicate all_method_chars_valid (bytes:seq t17) =
  forall i:int.
   infix_lseq 0 i /\ infix_ls i (length bytes) ->
   is_method_char_model (get bytes i)

predicate method_text_matches (left:seq t17) (right:seq t17) =
  length left = length right /\
  (forall i:int.
    infix_lseq 0 i /\ infix_ls i (length left) -> get left i = get right i)

function method_model_text (method:t_MethodModel) : seq t17 =
  match method with
  | Options ->
      create 7
      ([@funlit]
       fun (xqtx:int) ->
        if xqtx = 0 then (79:t17)
        else if xqtx = 1 then (80:t17)
             else if xqtx = 2 then (84:t17)
                  else if xqtx = 3 then (73:t17)
                       else if xqtx = 4 then (79:t17)
                            else if xqtx = 5 then (78:t17)
                                 else if xqtx = 6 then (83:t17) else (83:t17))
  | Get ->
      create 3
      ([@funlit]
       fun (xqtx:int) ->
        if xqtx = 0 then (71:t17)
        else if xqtx = 1 then (69:t17)
             else if xqtx = 2 then (84:t17) else (84:t17))
  | Post ->
      create 4
      ([@funlit]
       fun (xqtx:int) ->
        if xqtx = 0 then (80:t17)
        else if xqtx = 1 then (79:t17)
             else if xqtx = 2 then (83:t17)
                  else if xqtx = 3 then (84:t17) else (84:t17))
  | Put ->
      create 3
      ([@funlit]
       fun (xqtx:int) ->
        if xqtx = 0 then (80:t17)
        else if xqtx = 1 then (85:t17)
             else if xqtx = 2 then (84:t17) else (84:t17))
  | Delete ->
      create 6
      ([@funlit]
       fun (xqtx:int) ->
        if xqtx = 0 then (68:t17)
        else if xqtx = 1 then (69:t17)
             else if xqtx = 2 then (76:t17)
                  else if xqtx = 3 then (69:t17)
                       else if xqtx = 4 then (84:t17)
                            else if xqtx = 5 then (69:t17) else (69:t17))
  | Head ->
      create 4
      ([@funlit]
       fun (xqtx:int) ->
        if xqtx = 0 then (72:t17)
        else if xqtx = 1 then (69:t17)
             else if xqtx = 2 then (65:t17)
                  else if xqtx = 3 then (68:t17) else (68:t17))
  | Trace ->
      create 5
      ([@funlit]
       fun (xqtx:int) ->
        if xqtx = 0 then (84:t17)
        else if xqtx = 1 then (82:t17)
             else if xqtx = 2 then (65:t17)
                  else if xqtx = 3 then (67:t17)
                       else if xqtx = 4 then (69:t17) else (69:t17))
  | Connect ->
      create 7
      ([@funlit]
       fun (xqtx:int) ->
        if xqtx = 0 then (67:t17)
        else if xqtx = 1 then (79:t17)
             else if xqtx = 2 then (78:t17)
                  else if xqtx = 3 then (78:t17)
                       else if xqtx = 4 then (69:t17)
                            else if xqtx = 5 then (67:t17)
                                 else if xqtx = 6 then (84:t17) else (84:t17))
  | Patch ->
      create 5
      ([@funlit]
       fun (xqtx:int) ->
        if xqtx = 0 then (80:t17)
        else if xqtx = 1 then (65:t17)
             else if xqtx = 2 then (84:t17)
                  else if xqtx = 3 then (67:t17)
                       else if xqtx = 4 then (72:t17) else (72:t17))
  | Query ->
      create 5
      ([@funlit]
       fun (xqtx:int) ->
        if xqtx = 0 then (81:t17)
        else if xqtx = 1 then (85:t17)
             else if xqtx = 2 then (69:t17)
                  else if xqtx = 3 then (82:t17)
                       else if xqtx = 4 then (89:t17) else (89:t17))
  | ExtensionInline data len -> mixfix_lbdtdtrb data 0 len
  | ExtensionAllocated data -> data
  end

predicate is_known_method_text (bytes:seq t17) =
  if length bytes = 3
  then method_text_matches bytes (method_model_text Get) \/
       method_text_matches bytes (method_model_text Put)
  else if length bytes = 4
       then method_text_matches bytes (method_model_text Post) \/
            method_text_matches bytes (method_model_text Head)
       else if length bytes = 5
            then method_text_matches bytes (method_model_text Patch) \/
                 method_text_matches bytes (method_model_text Trace) \/
                 method_text_matches bytes (method_model_text Query)
            else if length bytes = 6
                 then method_text_matches bytes (method_model_text Delete)
                 else if length bytes = 7
                      then method_text_matches bytes
                           (method_model_text Options) \/
                           method_text_matches bytes
                           (method_model_text Connect)
                      else false

predicate method_model_is_canonical (method:t_MethodModel) =
  match method with
  | ExtensionInline data len ->
      length data = tqtint1 const_MAX /\
      infix_ls 0 len /\
      infix_lseq len (tqtint1 const_MAX) /\
      all_method_chars_valid (mixfix_lbdtdtrb data 0 len) /\
      (forall i:int.
        infix_lseq len i /\ infix_ls i (length data) -> get data i = (0:t17)) /\
      not is_known_method_text (mixfix_lbdtdtrb data 0 len)
  | ExtensionAllocated data ->
      infix_gt (length data) (tqtint1 const_MAX) /\
      all_method_chars_valid data /\ not is_known_method_text data
  | _ -> true
  end

function method_repr t_Method : t_MethodModel

predicate invariant_Method (self:t_Method) =
  method_model_is_canonical (method_repr self)

predicate inv_Method t_Method

axiom inv_axiom [@useraxiom] :
  forall x:t_Method [inv_Method x]. inv_Method x -> invariant_Method x

type t_Uri

type t_Version

type t_HeaderMap_HeaderValue

type t_Extensions

type t_Parts =
  | T_Partsqtmk [@builtin] (method:t_Method) (uri:t_Uri) (version:t_Version)
      (headers:t_HeaderMap_HeaderValue) (extensions:t_Extensions) (uspriv:
      unit)

(* meta model_record function uspriv *)

(* meta model_record function extensions *)

(* meta model_record function headers *)

(* meta model_record function version *)

(* meta model_record function uri *)

(* meta model_record function method *)

predicate resolve_Method t_Method

type t_T

type closure0 =
  | Closure0qtmk [@builtin] (c0:t_T)

(* meta model_record function c0 *)

type t_Error

type t_Result_Method_Error =
  | Ok t_Method
  | Err t_Error

predicate inv_T t_T

predicate precondition_try_into unit t_T

axiom precondition_fndef [@useraxiom] :
  forall args:t_T [precondition_try_into () args].
   (let self_ = args in inv_T self_) -> precondition_try_into () args

predicate inv_Error t_Error

predicate inv_Result_Method_Error t_Result_Method_Error

axiom inv_axiomqt0 [@useraxiom] [@rewrite] :
  forall x:t_Result_Method_Error [inv_Result_Method_Error x].
   inv_Result_Method_Error x <->
   match x with
   | Ok f0 -> inv_Method f0
   | Err f0 -> inv_Error f0
   end

predicate postcondition_once_try_into unit t_T t_Result_Method_Error

axiom postcondition_fndef [@useraxiom] :
  forall args:t_T, res:t_Result_Method_Error
   [postcondition_once_try_into () args res].
   postcondition_once_try_into () args res ->
   (let self_ = args in inv_Result_Method_Error res)

predicate inv_Uri t_Uri

predicate inv_Version t_Version

predicate inv_HeaderMap_HeaderValue t_HeaderMap_HeaderValue

predicate inv_Extensions t_Extensions

predicate inv_Parts t_Parts

axiom inv_axiomqt1 [@useraxiom] [@rewrite] :
  forall x:t_Parts [inv_Parts x].
   inv_Parts x <->
   inv_Method (x.method) /\
   inv_Uri (x.uri) /\
   inv_Version (x.version) /\
   inv_HeaderMap_HeaderValue (x.headers) /\ inv_Extensions (x.extensions)

predicate resolve_Uri t_Uri

predicate resolve_Version t_Version

predicate resolve_HeaderMap_HeaderValue t_HeaderMap_HeaderValue

predicate resolve_Extensions t_Extensions

predicate resolve_Parts t_Parts

axiom resolve_axiom [@useraxiom] [@rewrite] :
  forall x:t_Parts [resolve_Parts x].
   resolve_Parts x <->
   resolve_Method (x.method) /\
   resolve_Uri (x.uri) /\
   resolve_Version (x.version) /\
   resolve_HeaderMap_HeaderValue (x.headers) /\
   resolve_Extensions (x.extensions)

type t_InvalidStatusCode

type t_InvalidMethod

type t_InvalidUri

type t_InvalidUriParts

type t_InvalidHeaderName

type t_InvalidHeaderValue

type t_MaxSizeReached

type t_ErrorKind =
  | StatusCode t_InvalidStatusCode
  | Method t_InvalidMethod
  | Uri t_InvalidUri
  | UriParts t_InvalidUriParts
  | HeaderName t_InvalidHeaderName
  | HeaderValue t_InvalidHeaderValue
  | MaxSizeReached t_MaxSizeReached

type t_Errorqt0 =
  | T_Errorqt0qtmk [@builtin] (inner:t_ErrorKind)

(* meta model_record function inner *)

predicate precondition_into unit t_Error

axiom precondition_fndefqt0 [@useraxiom] :
  forall args:t_Error [precondition_into () args].
   (let self_ = args in inv_Error self_) -> precondition_into () args

predicate inv_InvalidStatusCode t_InvalidStatusCode

predicate inv_InvalidMethod t_InvalidMethod

predicate inv_InvalidUri t_InvalidUri

predicate inv_InvalidUriParts t_InvalidUriParts

predicate inv_InvalidHeaderName t_InvalidHeaderName

predicate inv_InvalidHeaderValue t_InvalidHeaderValue

predicate inv_MaxSizeReached t_MaxSizeReached

predicate inv_ErrorKind t_ErrorKind

axiom inv_axiomqt2 [@useraxiom] [@rewrite] :
  forall x:t_ErrorKind [inv_ErrorKind x].
   inv_ErrorKind x <->
   match x with
   | StatusCode f0 -> inv_InvalidStatusCode f0
   | Method f0 -> inv_InvalidMethod f0
   | Uri f0 -> inv_InvalidUri f0
   | UriParts f0 -> inv_InvalidUriParts f0
   | HeaderName f0 -> inv_InvalidHeaderName f0
   | HeaderValue f0 -> inv_InvalidHeaderValue f0
   | MaxSizeReached f0 -> inv_MaxSizeReached f0
   end

predicate inv_Errorqt0 t_Errorqt0

axiom inv_axiomqt3 [@useraxiom] [@rewrite] :
  forall x:t_Errorqt0 [inv_Errorqt0 x].
   inv_Errorqt0 x <-> inv_ErrorKind (x.inner)

predicate postcondition_once_into unit t_Error t_Errorqt0

axiom postcondition_fndefqt0 [@useraxiom] :
  forall args:t_Error, res:t_Errorqt0 [postcondition_once_into () args res].
   postcondition_once_into () args res ->
   (let self_ = args in inv_Errorqt0 res)

type t_Result_Parts_Error =
  | Okqt0 t_Parts
  | Errqt0 t_Errorqt0

predicate inv_closure0 [@inline:trivial] (us1:closure0) =
  match us1 with
  | Closure0qtmk x0 -> inv_T x0
  end

(* meta rewrite_def predicate inv_closure0 *)

predicate inv_Result_Parts_Error t_Result_Parts_Error

axiom inv_axiomqt4 [@useraxiom] [@rewrite] :
  forall x:t_Result_Parts_Error [inv_Result_Parts_Error x].
   inv_Result_Parts_Error x <->
   match x with
   | Okqt0 f0 -> inv_Parts f0
   | Errqt0 f0 -> inv_Errorqt0 f0
   end

predicate closure0qtpre (self:closure0) (head:t_Parts) =
  ([@asym_split] [@stop_split] [@hyp_name:Assert] [@expl:closure0 requires]
   ([@stop_split] [@expl:closure 'self' type invariant] inv_closure0 self) /\
   ([@stop_split] [@expl:closure 'head' type invariant] inv_Parts head)) &&
  (([@stop_split] [@hyp_name:Assert] resolve_Method (head.method)) ->
   ([@stop_split] [@expl:try_into requires] [@hyp_name:Assert]
    precondition_try_into () (self.c0)) /\
   (forall result:t_Result_Method_Error.
     ([@stop_split] [@hyp_name:Assert] [@expl:try_into ensures]
      postcondition_once_try_into () (self.c0) result) ->
     (forall x0:t_Method.
       ([@stop_split] [@hyp_name:Assert] result = Ok x0) ->
       (forall f0:t_Method.
         ([@stop_split] [@hyp_name:Assert] Ok f0 = result) ->
         ([@stop_split] [@hyp_name:Assert]
          [@expl:closure result type invariant]
          inv_Result_Parts_Error
          (Okqt0
           (T_Partsqtmk f0 (head.uri) (head.version) (head.headers)
            (head.extensions) (head.uspriv))))) /\
       ([@stop_split] [@hyp_name:Assert] [@expl:elim Ok]
        match result with
        | Ok _ -> true
        | _ -> false
        end)) /\
     (forall x0:t_Error.
       ([@stop_split] [@hyp_name:Assert] result = Err x0) ->
       (([@stop_split] [@hyp_name:Assert] resolve_Parts head) ->
        (forall f0:t_Error.
          ([@stop_split] [@hyp_name:Assert] Err f0 = result) ->
          ([@stop_split] [@hyp_name:Assert] [@expl:into requires]
           precondition_into () f0) /\
          (forall result1 [@field:0:inner]:t_ErrorKind.
            let result2 = T_Errorqt0qtmk result1 in
            ([@stop_split] [@hyp_name:Assert] [@expl:into ensures]
             postcondition_once_into () f0 result2) ->
            ([@stop_split] [@hyp_name:Assert]
             [@expl:closure result type invariant]
             inv_Result_Parts_Error (Errqt0 result2)))) /\
        ([@stop_split] [@hyp_name:Assert] [@expl:elim Err]
         match result with
         | Err _ -> true
         | _ -> false
         end)) /\
       ([@stop_split] [@expl:type invariant] [@hyp_name:Assert]
        inv_Parts head)))) /\
  ([@stop_split] [@expl:type invariant] [@hyp_name:Assert]
   inv_Method (head.method))

predicate closure0qtpostqtreturn (self:closure0) (head:t_Parts) (x:
  t_Result_Parts_Error) =
  ([@stop_split] [@hyp_name:Assert] [@expl:closure0 requires]
   ([@stop_split] [@expl:closure 'self' type invariant] inv_closure0 self) /\
   ([@stop_split] [@expl:closure 'head' type invariant] inv_Parts head)) /\
  ([@stop_split] [@hyp_name:Assert] resolve_Method (head.method)) /\
  (exists result:t_Result_Method_Error.
    ([@stop_split] [@hyp_name:Assert] [@expl:try_into ensures]
     postcondition_once_try_into () (self.c0) result) /\
    ((exists x0:t_Method.
       ([@stop_split] [@hyp_name:Assert] result = Ok x0) /\
       (exists f0:t_Method.
         ([@stop_split] [@hyp_name:Assert] Ok f0 = result) /\
         ([@stop_split] [@hyp_name:Assert]
          [@expl:closure result type invariant]
          inv_Result_Parts_Error
          (Okqt0
           (T_Partsqtmk f0 (head.uri) (head.version) (head.headers)
            (head.extensions) (head.uspriv)))) /\
         x =
         Okqt0
         (T_Partsqtmk f0 (head.uri) (head.version) (head.headers)
          (head.extensions) (head.uspriv)))) \/
     (exists x0:t_Error.
       ([@stop_split] [@hyp_name:Assert] result = Err x0) /\
       ([@stop_split] [@hyp_name:Assert] resolve_Parts head) /\
       (exists f0:t_Error.
         ([@stop_split] [@hyp_name:Assert] Err f0 = result) /\
         (exists result1 [@field:0:inner]:t_ErrorKind.
           let result2 = T_Errorqt0qtmk result1 in
           ([@stop_split] [@hyp_name:Assert] [@expl:into ensures]
            postcondition_once_into () f0 result2) /\
           ([@stop_split] [@hyp_name:Assert]
            [@expl:closure result type invariant]
            inv_Result_Parts_Error (Errqt0 result2)) /\
           x = Errqt0 result2)))))

(* meta rewrite_def predicate closure0qtpre *)

(* meta rewrite_def predicate closure0qtpostqtreturn *)

type t_Builder =
  | T_Builderqtmk [@builtin] (innerqt0:t_Result_Parts_Error)

(* meta model_record function innerqt0 *)

predicate inv_Builder t_Builder

axiom inv_axiomqt5 [@useraxiom] [@rewrite] :
  forall x:t_Builder [inv_Builder x].
   inv_Builder x <-> inv_Result_Parts_Error (x.innerqt0)

predicate precondition_closure0 [@inline:trivial] (self:closure0) (args:
  t_Parts) = let head = args in closure0qtpre self head

(* meta rewrite_def predicate precondition_closure0 *)

predicate postcondition_once_closure0 [@inline:trivial] (self:closure0)
  (args:t_Parts) (result:t_Result_Parts_Error) =
  let head = args in closure0qtpostqtreturn self head result

(* meta rewrite_def predicate postcondition_once_closure0 *)

type t_ErrorModelRef =
  | StatusCodeqt0 t_InvalidStatusCode
  | Methodqt0 t_InvalidMethod
  | Uriqt0 t_InvalidUri
  | UriPartsqt0 t_InvalidUriParts
  | HeaderNameqt0 t_InvalidHeaderName
  | HeaderValueqt0 t_InvalidHeaderValue
  | MaxSizeReachedqt0 t_MaxSizeReached

type t_Option_ErrorModelRef =
  | None
  | Some t_ErrorModelRef

function error_model_ref t_Errorqt0 : t_ErrorModelRef

function request_builder_error (builder:t_Builder) : t_Option_ErrorModelRef =
  match builder.innerqt0 with
  | Okqt0 _ -> None
  | Errqt0 error -> Some (error_model_ref error)
  end

(* meta syntax_type type int, "int", 0 *)

(* meta syntax_type type real, "real", 0 *)

(* meta syntax_logic predicate infix_eq, "(%1 = %2)", 0 *)

(* meta encoding:ignore_polymorphism_ls predicate infix_eq *)

goal vc_and_then_closure0 : [@coma:solid] true

end
theory Task

type int

type real

type string

predicate infix_eq 'a 'a

(* use why3.BuiltIn.BuiltIn *)

type bool =
  | True
  | False

(* use why3.Bool.Bool *)

type tuple0 =
  | Tuple0 [@builtin]

(* use why3.Tuple0.Tuple01 *)

type unit [@builtin] = unit

(* use why3.Unit.Unit *)

constant zero : int = 0

constant one : int = 1

function prefix_mn int : int

function infix_pl int int : int

function infix_as int int : int

predicate infix_ls int int

function infix_mn (x:int) (y:int) : int = infix_pl x (prefix_mn y)

predicate infix_gt (x:int) (y:int) = infix_ls y x

predicate infix_lseq (x:int) (y:int) = infix_ls x y \/ x = y

predicate infix_gteq (x:int) (y:int) = infix_lseq y x

axiom Assoc :
  forall x:int, y:int, z:int.
   infix_pl (infix_pl x y) z = infix_pl x (infix_pl y z)

(* clone algebra.Assoc with type t = int, function op = infix_pl,
  prop Assoc1 = Assoc,  *)

axiom Unit_def_l : forall x:int. infix_pl zero x = x

axiom Unit_def_r : forall x:int. infix_pl x zero = x

(* clone algebra.Monoid with type t1 = int, constant unit = zero,
  function op1 = infix_pl, prop Unit_def_r1 = Unit_def_r,
  prop Unit_def_l1 = Unit_def_l, prop Assoc2 = Assoc,  *)

axiom Inv_def_l : forall x:int. infix_pl (prefix_mn x) x = zero

axiom Inv_def_r : forall x:int. infix_pl x (prefix_mn x) = zero

(* clone algebra.Group with type t2 = int, function inv = prefix_mn,
  constant unit1 = zero, function op2 = infix_pl,
  prop Inv_def_r1 = Inv_def_r, prop Inv_def_l1 = Inv_def_l,
  prop Unit_def_r2 = Unit_def_r, prop Unit_def_l2 = Unit_def_l,
  prop Assoc3 = Assoc,  *)

axiom Comm : forall x:int, y:int. infix_pl x y = infix_pl y x

(* clone algebra.Comm with type t3 = int, function op3 = infix_pl,
  prop Comm1 = Comm,  *)

(* meta AC function infix_pl *)

(* clone algebra.CommutativeGroup with type t4 = int,
  function inv1 = prefix_mn, constant unit2 = zero, function op4 = infix_pl,
  prop Comm2 = Comm, prop Inv_def_r2 = Inv_def_r,
  prop Inv_def_l2 = Inv_def_l, prop Unit_def_r3 = Unit_def_r,
  prop Unit_def_l3 = Unit_def_l, prop Assoc4 = Assoc,  *)

axiom Assoc5 :
  forall x:int, y:int, z:int.
   infix_as (infix_as x y) z = infix_as x (infix_as y z)

(* clone algebra.Assoc with type t = int, function op = infix_as,
  prop Assoc1 = Assoc5,  *)

axiom Mul_distr_l :
  forall x:int, y:int, z:int.
   infix_as x (infix_pl y z) = infix_pl (infix_as x y) (infix_as x z)

axiom Mul_distr_r :
  forall x:int, y:int, z:int.
   infix_as (infix_pl y z) x = infix_pl (infix_as y x) (infix_as z x)

(* clone algebra.Ring with type t5 = int, function infix_as1 = infix_as,
  function prefix_mn1 = prefix_mn, function infix_pl1 = infix_pl,
  constant zero1 = zero, prop Mul_distr_r1 = Mul_distr_r,
  prop Mul_distr_l1 = Mul_distr_l, prop Assoc6 = Assoc5, prop Comm3 = Comm,
  prop Inv_def_r3 = Inv_def_r, prop Inv_def_l3 = Inv_def_l,
  prop Unit_def_r4 = Unit_def_r, prop Unit_def_l4 = Unit_def_l,
  prop Assoc7 = Assoc,  *)

axiom Comm4 : forall x:int, y:int. infix_as x y = infix_as y x

(* clone algebra.Comm with type t3 = int, function op3 = infix_as,
  prop Comm1 = Comm4,  *)

(* meta AC function infix_as *)

(* clone algebra.CommutativeRing with type t6 = int,
  function infix_as2 = infix_as, function prefix_mn2 = prefix_mn,
  function infix_pl2 = infix_pl, constant zero2 = zero, prop Comm5 = Comm4,
  prop Mul_distr_r2 = Mul_distr_r, prop Mul_distr_l2 = Mul_distr_l,
  prop Assoc8 = Assoc5, prop Comm6 = Comm, prop Inv_def_r4 = Inv_def_r,
  prop Inv_def_l4 = Inv_def_l, prop Unit_def_r5 = Unit_def_r,
  prop Unit_def_l5 = Unit_def_l, prop Assoc9 = Assoc,  *)

axiom Unitary : forall x:int. infix_as one x = x

axiom NonTrivialRing : not zero = one

(* clone algebra.UnitaryCommutativeRing with type t7 = int,
  constant one1 = one, function infix_as3 = infix_as,
  function prefix_mn3 = prefix_mn, function infix_pl3 = infix_pl,
  constant zero3 = zero, prop NonTrivialRing1 = NonTrivialRing,
  prop Unitary1 = Unitary, prop Comm7 = Comm4,
  prop Mul_distr_r3 = Mul_distr_r, prop Mul_distr_l3 = Mul_distr_l,
  prop Assoc10 = Assoc5, prop Comm8 = Comm, prop Inv_def_r5 = Inv_def_r,
  prop Inv_def_l5 = Inv_def_l, prop Unit_def_r6 = Unit_def_r,
  prop Unit_def_l6 = Unit_def_l, prop Assoc11 = Assoc,  *)

(* clone relations.EndoRelation with type t8 = int,
  predicate rel = infix_lseq,  *)

axiom Refl : forall x:int. infix_lseq x x

(* clone relations.Reflexive with type t9 = int, predicate rel1 = infix_lseq,
  prop Refl1 = Refl,  *)

(* clone relations.EndoRelation with type t8 = int,
  predicate rel = infix_lseq,  *)

axiom Trans :
  forall x:int, y:int, z:int.
   infix_lseq x y -> infix_lseq y z -> infix_lseq x z

(* clone relations.Transitive with type t10 = int,
  predicate rel2 = infix_lseq, prop Trans1 = Trans,  *)

(* clone relations.PreOrder with type t11 = int, predicate rel3 = infix_lseq,
  prop Trans2 = Trans, prop Refl2 = Refl,  *)

(* clone relations.EndoRelation with type t8 = int,
  predicate rel = infix_lseq,  *)

axiom Antisymm :
  forall x:int, y:int. infix_lseq x y -> infix_lseq y x -> x = y

(* clone relations.Antisymmetric with type t12 = int,
  predicate rel4 = infix_lseq, prop Antisymm1 = Antisymm,  *)

(* clone relations.PartialOrder with type t13 = int,
  predicate rel5 = infix_lseq, prop Antisymm2 = Antisymm,
  prop Trans3 = Trans, prop Refl3 = Refl,  *)

(* clone relations.EndoRelation with type t8 = int,
  predicate rel = infix_lseq,  *)

axiom Total : forall x:int, y:int. infix_lseq x y \/ infix_lseq y x

(* clone relations.Total with type t14 = int, predicate rel6 = infix_lseq,
  prop Total1 = Total,  *)

(* clone relations.TotalOrder with type t15 = int,
  predicate rel7 = infix_lseq, prop Total2 = Total,
  prop Antisymm3 = Antisymm, prop Trans4 = Trans, prop Refl4 = Refl,  *)

axiom ZeroLessOne : infix_lseq zero one

axiom CompatOrderAdd :
  forall x:int, y:int, z:int.
   infix_lseq x y -> infix_lseq (infix_pl x z) (infix_pl y z)

axiom CompatOrderMult :
  forall x:int, y:int, z:int.
   infix_lseq x y ->
   infix_lseq zero z -> infix_lseq (infix_as x z) (infix_as y z)

(* meta remove_unused:dependency prop CompatOrderMult, function infix_as *)

(* clone algebra.OrderedUnitaryCommutativeRing with type t16 = int,
  predicate infix_lseq1 = infix_lseq, constant one2 = one,
  function infix_as4 = infix_as, function prefix_mn4 = prefix_mn,
  function infix_pl4 = infix_pl, constant zero4 = zero,
  prop CompatOrderMult1 = CompatOrderMult,
  prop CompatOrderAdd1 = CompatOrderAdd, prop ZeroLessOne1 = ZeroLessOne,
  prop Total3 = Total, prop Antisymm4 = Antisymm, prop Trans5 = Trans,
  prop Refl5 = Refl, prop NonTrivialRing2 = NonTrivialRing,
  prop Unitary2 = Unitary, prop Comm9 = Comm4,
  prop Mul_distr_r4 = Mul_distr_r, prop Mul_distr_l4 = Mul_distr_l,
  prop Assoc12 = Assoc5, prop Comm10 = Comm, prop Inv_def_r6 = Inv_def_r,
  prop Inv_def_l6 = Inv_def_l, prop Unit_def_r7 = Unit_def_r,
  prop Unit_def_l7 = Unit_def_l, prop Assoc13 = Assoc,  *)

(* meta remove_unused:keep function infix_pl *)

(* meta remove_unused:keep function infix_mn *)

(* meta remove_unused:keep function prefix_mn *)

(* meta remove_unused:keep predicate infix_ls *)

(* meta remove_unused:keep predicate infix_lseq *)

(* meta remove_unused:keep predicate infix_gt *)

(* meta remove_unused:keep predicate infix_gteq *)

(* use int.Int *)

function abs (x:int) : int = if infix_gteq x 0 then x else prefix_mn x

axiom Abs_le :
  forall x:int, y:int.
   infix_lseq (abs x) y <-> infix_lseq (prefix_mn y) x /\ infix_lseq x y

(* meta remove_unused:dependency prop Abs_le, function abs *)

axiom Abs_pos : forall x:int. infix_gteq (abs x) 0

(* meta remove_unused:dependency prop Abs_pos, function abs *)

(* use int.Abs *)

function div int int : int

function mod int int : int

axiom Div_mod [@useraxiom] :
  forall x:int, y:int.
   not y = 0 -> x = infix_pl (infix_as y (div x y)) (mod x y)

(* meta remove_unused:dependency prop Div_mod, function div *)

(* meta remove_unused:dependency prop Div_mod, function mod *)

axiom Div_bound [@useraxiom] :
  forall x:int, y:int.
   infix_gteq x 0 /\ infix_gt y 0 ->
   infix_lseq 0 (div x y) /\ infix_lseq (div x y) x

(* meta remove_unused:dependency prop Div_bound, function div *)

(* meta remove_unused:dependency prop Div_bound, function mod *)

axiom Mod_bound [@useraxiom] :
  forall x:int, y:int.
   not y = 0 ->
   infix_ls (prefix_mn (abs y)) (mod x y) /\ infix_ls (mod x y) (abs y)

(* meta remove_unused:dependency prop Mod_bound, function div *)

(* meta remove_unused:dependency prop Mod_bound, function mod *)

axiom Div_sign_pos [@useraxiom] :
  forall x:int, y:int.
   infix_gteq x 0 /\ infix_gt y 0 -> infix_gteq (div x y) 0

(* meta remove_unused:dependency prop Div_sign_pos, function div *)

(* meta remove_unused:dependency prop Div_sign_pos, function mod *)

axiom Div_sign_neg [@useraxiom] :
  forall x:int, y:int.
   infix_lseq x 0 /\ infix_gt y 0 -> infix_lseq (div x y) 0

(* meta remove_unused:dependency prop Div_sign_neg, function div *)

(* meta remove_unused:dependency prop Div_sign_neg, function mod *)

axiom Mod_sign_pos [@useraxiom] :
  forall x:int, y:int. infix_gteq x 0 /\ not y = 0 -> infix_gteq (mod x y) 0

(* meta remove_unused:dependency prop Mod_sign_pos, function div *)

(* meta remove_unused:dependency prop Mod_sign_pos, function mod *)

axiom Mod_sign_neg [@useraxiom] :
  forall x:int, y:int. infix_lseq x 0 /\ not y = 0 -> infix_lseq (mod x y) 0

(* meta remove_unused:dependency prop Mod_sign_neg, function div *)

(* meta remove_unused:dependency prop Mod_sign_neg, function mod *)

axiom Rounds_toward_zero :
  forall x:int, y:int.
   not y = 0 -> infix_lseq (abs (infix_as (div x y) y)) (abs x)

(* meta remove_unused:dependency prop Rounds_toward_zero, function div *)

(* meta remove_unused:dependency prop Rounds_toward_zero, function mod *)

axiom Div_1 : forall x:int. div x 1 = x

(* meta remove_unused:dependency prop Div_1, function div *)

(* meta remove_unused:dependency prop Div_1, function mod *)

axiom Mod_1 : forall x:int. mod x 1 = 0

(* meta remove_unused:dependency prop Mod_1, function div *)

(* meta remove_unused:dependency prop Mod_1, function mod *)

axiom Div_inf :
  forall x:int, y:int. infix_lseq 0 x /\ infix_ls x y -> div x y = 0

(* meta remove_unused:dependency prop Div_inf, function div *)

(* meta remove_unused:dependency prop Div_inf, function mod *)

axiom Mod_inf :
  forall x:int, y:int. infix_lseq 0 x /\ infix_ls x y -> mod x y = x

(* meta remove_unused:dependency prop Mod_inf, function div *)

(* meta remove_unused:dependency prop Mod_inf, function mod *)

axiom Div_mult :
  forall x:int, y:int, z:int [div (infix_pl (infix_as x y) z) x].
   infix_gt x 0 /\ infix_gteq y 0 /\ infix_gteq z 0 ->
   div (infix_pl (infix_as x y) z) x = infix_pl y (div z x)

(* meta remove_unused:dependency prop Div_mult, function div *)

(* meta remove_unused:dependency prop Div_mult, function mod *)

axiom Mod_mult :
  forall x:int, y:int, z:int [mod (infix_pl (infix_as x y) z) x].
   infix_gt x 0 /\ infix_gteq y 0 /\ infix_gteq z 0 ->
   mod (infix_pl (infix_as x y) z) x = mod z x

(* meta remove_unused:dependency prop Mod_mult, function div *)

(* meta remove_unused:dependency prop Mod_mult, function mod *)

(* use int.ComputerDivision *)

(* use mach.int.Int1 *)

type t17 = <range 0 255>

function tqtint t17 : int

constant tqtmaxInt : int = 255

constant tqtminInt : int = 0

predicate tqteq (a:t17) (b:t17) = tqtint a = tqtint b

axiom tqtinj [@W:non_conservative_extension:N] :
  forall a:t17, b:t17. tqteq a b -> a = b

(* meta range_type type t17, function tqtint *)

(* meta model_projection function tqtint *)

(* meta remove_unused:dependency prop tqtinj, predicate tqteq *)

constant two_power_size : int = 0x100

axiom extensionality [@useraxiom] :
  forall x:t17, y:t17 [tqtint x, tqtint y]. tqtint x = tqtint y -> x = y

predicate in_bounds [@inline:trivial] (n:int) =
  infix_lseq 0 n /\ infix_lseq n 0xFF

function of_int int : t17

axiom to_of_int [@useraxiom] :
  forall x:int [of_int x]. in_bounds x -> tqtint (of_int x) = x

function add t17 t17 : t17

axiom add_in_bounds [@useraxiom] :
  forall x:t17, y:t17 [add x y].
   in_bounds (infix_pl (tqtint x) (tqtint y)) ->
   tqtint (add x y) = infix_pl (tqtint x) (tqtint y)

axiom add_wrapping [@useraxiom] :
  forall x:t17, y:t17 [add x y].
   exists k:int.
    tqtint (add x y) =
    infix_pl (infix_pl (tqtint x) (tqtint y)) (infix_as k two_power_size)

function sub t17 t17 : t17

axiom sub_in_bounds [@useraxiom] :
  forall x:t17, y:t17 [sub x y].
   in_bounds (infix_mn (tqtint x) (tqtint y)) ->
   tqtint (sub x y) = infix_mn (tqtint x) (tqtint y)

axiom sub_wrapping [@useraxiom] :
  forall x:t17, y:t17 [sub x y].
   exists k:int.
    tqtint (sub x y) =
    infix_pl (infix_mn (tqtint x) (tqtint y)) (infix_as k two_power_size)

function mul t17 t17 : t17

axiom mul_in_bounds [@useraxiom] :
  forall x:t17, y:t17 [mul x y].
   in_bounds (infix_as (tqtint x) (tqtint y)) ->
   tqtint (mul x y) = infix_as (tqtint x) (tqtint y)

axiom mul_wrapping [@useraxiom] :
  forall x:t17, y:t17 [mul x y].
   exists k:int.
    tqtint (mul x y) =
    infix_pl (infix_as (tqtint x) (tqtint y)) (infix_as k two_power_size)

function neg t17 : t17

axiom neg_zero [@useraxiom] :
  forall x:t17 [neg x]. tqtint x = 0 -> tqtint (neg x) = 0

axiom neg_not_zero [@useraxiom] :
  forall x:t17 [neg x].
   infix_ls 0 (tqtint x) /\ infix_lseq (tqtint x) 0xFF ->
   tqtint (neg x) = infix_mn two_power_size (tqtint x)

function of_bool [@inline:trivial] (b:bool) : t17 =
  if b = True then (1:t17) else (0:t17)

predicate le [@inline:trivial] (a:t17) (b:t17) =
  infix_lseq (tqtint a) (tqtint b)

predicate lt [@inline:trivial] (a:t17) (b:t17) =
  infix_ls (tqtint a) (tqtint b)

predicate ge [@inline:trivial] (a:t17) (b:t17) =
  infix_gteq (tqtint a) (tqtint b)

predicate gt [@inline:trivial] (a:t17) (b:t17) =
  infix_gt (tqtint a) (tqtint b)

function bw_and t17 t17 : t17

function bw_or t17 t17 : t17

function bw_xor t17 t17 : t17

function bw_not t17 : t17

function shl t17 t17 : t17

function shr t17 t17 : t17

function nth t17 int : bool

type tuple2 'a 'a1 =
  | Tuple2 [@builtin] 'a 'a1

(* use why3.Tuple2.Tuple21 *)

function add_with_overflow (a:t17) (b:t17) : (t17, bool) = (add a b,
  if not in_bounds (infix_pl (tqtint a) (tqtint b)) then True else False)

function sub_with_overflow (a:t17) (b:t17) : (t17, bool) = (sub a b,
  if not in_bounds (infix_mn (tqtint a) (tqtint b)) then True else False)

function mul_with_overflow (a:t17) (b:t17) : (t17, bool) = (mul a b,
  if not in_bounds (infix_as (tqtint a) (tqtint b)) then True else False)

(* use creusot.int.UInt8 *)

type seq 'a

(* meta infinite_type type seq *)

function length (seq 'a) : int

axiom length_nonnegative [@useraxiom] :
  forall s:seq 'a. infix_lseq 0 (length s)

(* meta remove_unused:dependency prop length_nonnegative, function length *)

function get (seq 'a) int : 'a

function mixfix_lbrb (s:seq 'a) (i:int) : 'a = get s i

predicate infix_eqeq (seq 'a) (seq 'a)

axiom infix_eqeqqtspecqt0 [@W:non_conservative_extension:N] :
  forall s1:seq 'a, s2:seq 'a.
   [@hyp_name:Ensures]
   infix_eqeq s1 s2 <->
   ([@asym_split] length s1 = length s2) &&
   (forall i:int.
     infix_lseq 0 i /\ infix_ls i (length s1) ->
     mixfix_lbrb s1 i = mixfix_lbrb s2 i)

axiom infix_eqeqqtspec [@W:non_conservative_extension:N] :
  forall s1:seq 'a, s2:seq 'a.
   [@hyp_name:Ensures] infix_eqeq s1 s2 -> s1 = s2

(* meta remove_unused:dependency prop infix_eqeqqtspecqt0,
  predicate infix_eqeq *)

(* meta remove_unused:dependency prop infix_eqeqqtspec,
  predicate infix_eqeq *)

(* meta extensionality predicate infix_eqeq *)

type (->) 'a 'b

function infix_at ('a -> 'b) 'a : 'b

(* use why3.HighOrd.HighOrd *)

function create int (int -> 'a) : seq 'a

axiom createqtspecqt0 [@W:non_conservative_extension:N] :
  forall len:int, f:int -> 'a.
   ([@hyp_name:Requires] infix_lseq 0 len) ->
   ([@hyp_name:Ensures] length (create len f) = len)

axiom createqtspec [@W:non_conservative_extension:N] :
  forall len:int, f:int -> 'a.
   ([@hyp_name:Requires] infix_lseq 0 len) ->
   ([@hyp_name:Ensures]
    forall i:int.
     infix_lseq 0 i /\ infix_ls i len ->
     mixfix_lbrb (create len f) i = infix_at f i)

(* meta remove_unused:dependency prop createqtspecqt0, function create *)

(* meta remove_unused:dependency prop createqtspec, function create *)

constant empty : seq 'a

axiom emptyqtdef [@W:non_conservative_extension:N] :
  [@hyp_name:Ensures] length (empty: seq 'a) = 0

(* meta remove_unused:dependency prop emptyqtdef, constant empty *)

function set (seq 'a) int 'a : seq 'a

axiom setqtdef [@W:non_conservative_extension:N] :
  forall s:seq 'a, i:int, v:'a.
   ([@hyp_name:Requires] infix_lseq 0 i /\ infix_ls i (length s)) ->
   set s i v =
   create (length s) (fun (j:int) -> if j = i then v else mixfix_lbrb s j)

axiom setqtspecqt1 [@W:non_conservative_extension:N] :
  forall s:seq 'a, i:int, v:'a.
   ([@hyp_name:Requires] infix_lseq 0 i /\ infix_ls i (length s)) ->
   ([@hyp_name:Ensures] length (set s i v) = length s)

axiom setqtspecqt0 [@W:non_conservative_extension:N] :
  forall s:seq 'a, i:int, v:'a.
   ([@hyp_name:Requires] infix_lseq 0 i /\ infix_ls i (length s)) ->
   ([@hyp_name:Ensures] mixfix_lbrb (set s i v) i = v)

axiom setqtspec [@W:non_conservative_extension:N] :
  forall s:seq 'a, i:int, v:'a.
   ([@hyp_name:Requires] infix_lseq 0 i /\ infix_ls i (length s)) ->
   ([@hyp_name:Ensures]
    forall j:int.
     (infix_lseq 0 j /\ infix_ls j (length s)) /\ not j = i ->
     mixfix_lbrb (set s i v) j = mixfix_lbrb s j)

(* meta remove_unused:dependency prop setqtdef, function set *)

(* meta remove_unused:dependency prop setqtspecqt1, function set *)

(* meta remove_unused:dependency prop setqtspecqt0, function set *)

(* meta remove_unused:dependency prop setqtspec, function set *)

function mixfix_lblsmnrb (seq 'a) int 'a : seq 'a

axiom mixfix_lblsmnrbqtdef [@W:non_conservative_extension:N] :
  forall s:seq 'a, i:int, v:'a.
   ([@hyp_name:Requires] infix_lseq 0 i /\ infix_ls i (length s)) ->
   mixfix_lblsmnrb s i v = set s i v

(* meta remove_unused:dependency prop mixfix_lblsmnrbqtdef,
  function mixfix_lblsmnrb *)

function singleton (v:'a) : seq 'a =
  create 1 (fun (us [@__dummy__]:int) -> v)

axiom singletonqtspecqt0 [@W:non_conservative_extension:N] :
  forall v:'a. [@hyp_name:Ensures] length (singleton v) = 1

axiom singletonqtspec [@W:non_conservative_extension:N] :
  forall v:'a. [@hyp_name:Ensures] mixfix_lbrb (singleton v) 0 = v

(* meta remove_unused:dependency prop singletonqtspecqt0,
  function singleton *)

(* meta remove_unused:dependency prop singletonqtspec, function singleton *)

function cons (x:'a) (s:seq 'a) : seq 'a =
  create (infix_pl 1 (length s))
  (fun (i:int) -> if i = 0 then x else mixfix_lbrb s (infix_mn i 1))

axiom consqtspecqt1 [@W:non_conservative_extension:N] :
  forall x:'a, s:seq 'a.
   [@hyp_name:Ensures] length (cons x s) = infix_pl 1 (length s)

axiom consqtspecqt0 [@W:non_conservative_extension:N] :
  forall x:'a, s:seq 'a. [@hyp_name:Ensures] mixfix_lbrb (cons x s) 0 = x

axiom consqtspec [@W:non_conservative_extension:N] :
  forall x:'a, s:seq 'a.
   [@hyp_name:Ensures]
   forall i:int.
    infix_ls 0 i /\ infix_lseq i (length s) ->
    mixfix_lbrb (cons x s) i = mixfix_lbrb s (infix_mn i 1)

(* meta remove_unused:dependency prop consqtspecqt1, function cons *)

(* meta remove_unused:dependency prop consqtspecqt0, function cons *)

(* meta remove_unused:dependency prop consqtspec, function cons *)

function snoc (s:seq 'a) (x:'a) : seq 'a =
  create (infix_pl 1 (length s))
  (fun (i:int) -> if i = length s then x else mixfix_lbrb s i)

axiom snocqtspecqt1 [@W:non_conservative_extension:N] :
  forall s:seq 'a, x:'a.
   [@hyp_name:Ensures] length (snoc s x) = infix_pl 1 (length s)

axiom snocqtspecqt0 [@W:non_conservative_extension:N] :
  forall s:seq 'a, x:'a.
   [@hyp_name:Ensures] mixfix_lbrb (snoc s x) (length s) = x

axiom snocqtspec [@W:non_conservative_extension:N] :
  forall s:seq 'a, x:'a.
   [@hyp_name:Ensures]
   forall i:int.
    infix_lseq 0 i /\ infix_ls i (length s) ->
    mixfix_lbrb (snoc s x) i = mixfix_lbrb s i

(* meta remove_unused:dependency prop snocqtspecqt1, function snoc *)

(* meta remove_unused:dependency prop snocqtspecqt0, function snoc *)

(* meta remove_unused:dependency prop snocqtspec, function snoc *)

function mixfix_lbdtdtrb (seq 'a) int int : seq 'a

axiom mixfix_lbdtdtrbqtdef [@W:non_conservative_extension:N] :
  forall s:seq 'a, i:int, j:int.
   ([@hyp_name:Requires]
    infix_lseq 0 i /\ infix_lseq i j /\ infix_lseq j (length s)) ->
   mixfix_lbdtdtrb s i j =
   create (infix_mn j i) (fun (k:int) -> mixfix_lbrb s (infix_pl i k))

axiom mixfix_lbdtdtrbqtspecqt0 [@W:non_conservative_extension:N] :
  forall s:seq 'a, i:int, j:int.
   ([@hyp_name:Requires]
    infix_lseq 0 i /\ infix_lseq i j /\ infix_lseq j (length s)) ->
   ([@hyp_name:Ensures] length (mixfix_lbdtdtrb s i j) = infix_mn j i)

axiom mixfix_lbdtdtrbqtspec [@W:non_conservative_extension:N] :
  forall s:seq 'a, i:int, j:int.
   ([@hyp_name:Requires]
    infix_lseq 0 i /\ infix_lseq i j /\ infix_lseq j (length s)) ->
   ([@hyp_name:Ensures]
    forall k:int.
     infix_lseq 0 k /\ infix_ls k (infix_mn j i) ->
     mixfix_lbrb (mixfix_lbdtdtrb s i j) k = mixfix_lbrb s (infix_pl i k))

(* meta remove_unused:dependency prop mixfix_lbdtdtrbqtdef,
  function mixfix_lbdtdtrb *)

(* meta remove_unused:dependency prop mixfix_lbdtdtrbqtspecqt0,
  function mixfix_lbdtdtrb *)

(* meta remove_unused:dependency prop mixfix_lbdtdtrbqtspec,
  function mixfix_lbdtdtrb *)

function mixfix_lb_dtdtrb (seq 'a) int : seq 'a

axiom mixfix_lb_dtdtrbqtdef [@W:non_conservative_extension:N] :
  forall s:seq 'a, i:int.
   ([@hyp_name:Requires] infix_lseq 0 i /\ infix_lseq i (length s)) ->
   mixfix_lb_dtdtrb s i = mixfix_lbdtdtrb s i (length s)

(* meta remove_unused:dependency prop mixfix_lb_dtdtrbqtdef,
  function mixfix_lb_dtdtrb *)

function mixfix_lbdtdt_rb (seq 'a) int : seq 'a

axiom mixfix_lbdtdt_rbqtdef [@W:non_conservative_extension:N] :
  forall s:seq 'a, j:int.
   ([@hyp_name:Requires] infix_lseq 0 j /\ infix_lseq j (length s)) ->
   mixfix_lbdtdt_rb s j = mixfix_lbdtdtrb s 0 j

(* meta remove_unused:dependency prop mixfix_lbdtdt_rbqtdef,
  function mixfix_lbdtdt_rb *)

function infix_plpl (s1:seq 'a) (s2:seq 'a) : seq 'a =
  let l = length s1 in
  create (infix_pl l (length s2))
  (fun (i:int) ->
    if infix_ls i l then mixfix_lbrb s1 i else mixfix_lbrb s2 (infix_mn i l))

axiom infix_plplqtspecqt1 [@W:non_conservative_extension:N] :
  forall s1:seq 'a, s2:seq 'a.
   [@hyp_name:Ensures]
   length (infix_plpl s1 s2) = infix_pl (length s1) (length s2)

axiom infix_plplqtspecqt0 [@W:non_conservative_extension:N] :
  forall s1:seq 'a, s2:seq 'a.
   [@hyp_name:Ensures]
   forall i:int.
    infix_lseq 0 i /\ infix_ls i (length s1) ->
    mixfix_lbrb (infix_plpl s1 s2) i = mixfix_lbrb s1 i

axiom infix_plplqtspec [@W:non_conservative_extension:N] :
  forall s1:seq 'a, s2:seq 'a.
   [@hyp_name:Ensures]
   forall i:int.
    infix_lseq (length s1) i /\ infix_ls i (length (infix_plpl s1 s2)) ->
    mixfix_lbrb (infix_plpl s1 s2) i =
    mixfix_lbrb s2 (infix_mn i (length s1))

(* meta remove_unused:dependency prop infix_plplqtspecqt1,
  function infix_plpl *)

(* meta remove_unused:dependency prop infix_plplqtspecqt0,
  function infix_plpl *)

(* meta remove_unused:dependency prop infix_plplqtspec,
  function infix_plpl *)

(* use seq.Seq *)

type t18 = <range 0 18446744073709551615>

function tqtint1 t18 : int

constant tqtmaxInt1 : int = 18446744073709551615

constant tqtminInt1 : int = 0

predicate tqteq1 (a:t18) (b:t18) = tqtint1 a = tqtint1 b

axiom tqtinj1 [@W:non_conservative_extension:N] :
  forall a:t18, b:t18. tqteq1 a b -> a = b

(* meta range_type type t18, function tqtint1 *)

(* meta model_projection function tqtint1 *)

(* meta remove_unused:dependency prop tqtinj1, predicate tqteq1 *)

constant two_power_size1 : int = 0x10000000000000000

axiom extensionality1 [@useraxiom] :
  forall x:t18, y:t18 [tqtint1 x, tqtint1 y]. tqtint1 x = tqtint1 y -> x = y

predicate in_bounds1 [@inline:trivial] (n:int) =
  infix_lseq 0 n /\ infix_lseq n 0xFFFFFFFFFFFFFFFF

function of_int1 int : t18

axiom to_of_int1 [@useraxiom] :
  forall x:int [of_int1 x]. in_bounds1 x -> tqtint1 (of_int1 x) = x

function add1 t18 t18 : t18

axiom add_in_bounds1 [@useraxiom] :
  forall x:t18, y:t18 [add1 x y].
   in_bounds1 (infix_pl (tqtint1 x) (tqtint1 y)) ->
   tqtint1 (add1 x y) = infix_pl (tqtint1 x) (tqtint1 y)

axiom add_wrapping1 [@useraxiom] :
  forall x:t18, y:t18 [add1 x y].
   exists k:int.
    tqtint1 (add1 x y) =
    infix_pl (infix_pl (tqtint1 x) (tqtint1 y)) (infix_as k two_power_size1)

function sub1 t18 t18 : t18

axiom sub_in_bounds1 [@useraxiom] :
  forall x:t18, y:t18 [sub1 x y].
   in_bounds1 (infix_mn (tqtint1 x) (tqtint1 y)) ->
   tqtint1 (sub1 x y) = infix_mn (tqtint1 x) (tqtint1 y)

axiom sub_wrapping1 [@useraxiom] :
  forall x:t18, y:t18 [sub1 x y].
   exists k:int.
    tqtint1 (sub1 x y) =
    infix_pl (infix_mn (tqtint1 x) (tqtint1 y)) (infix_as k two_power_size1)

function mul1 t18 t18 : t18

axiom mul_in_bounds1 [@useraxiom] :
  forall x:t18, y:t18 [mul1 x y].
   in_bounds1 (infix_as (tqtint1 x) (tqtint1 y)) ->
   tqtint1 (mul1 x y) = infix_as (tqtint1 x) (tqtint1 y)

axiom mul_wrapping1 [@useraxiom] :
  forall x:t18, y:t18 [mul1 x y].
   exists k:int.
    tqtint1 (mul1 x y) =
    infix_pl (infix_as (tqtint1 x) (tqtint1 y)) (infix_as k two_power_size1)

function neg1 t18 : t18

axiom neg_zero1 [@useraxiom] :
  forall x:t18 [neg1 x]. tqtint1 x = 0 -> tqtint1 (neg1 x) = 0

axiom neg_not_zero1 [@useraxiom] :
  forall x:t18 [neg1 x].
   infix_ls 0 (tqtint1 x) /\ infix_lseq (tqtint1 x) 0xFFFFFFFFFFFFFFFF ->
   tqtint1 (neg1 x) = infix_mn two_power_size1 (tqtint1 x)

function of_bool1 [@inline:trivial] (b:bool) : t18 =
  if b = True then (1:t18) else (0:t18)

predicate le1 [@inline:trivial] (a:t18) (b:t18) =
  infix_lseq (tqtint1 a) (tqtint1 b)

predicate lt1 [@inline:trivial] (a:t18) (b:t18) =
  infix_ls (tqtint1 a) (tqtint1 b)

predicate ge1 [@inline:trivial] (a:t18) (b:t18) =
  infix_gteq (tqtint1 a) (tqtint1 b)

predicate gt1 [@inline:trivial] (a:t18) (b:t18) =
  infix_gt (tqtint1 a) (tqtint1 b)

function bw_and1 t18 t18 : t18

function bw_or1 t18 t18 : t18

function bw_xor1 t18 t18 : t18

function bw_not1 t18 : t18

function shl1 t18 t18 : t18

function shr1 t18 t18 : t18

function nth1 t18 int : bool

function add_with_overflow1 (a:t18) (b:t18) : (t18, bool) = (add1 a b,
  if not in_bounds1 (infix_pl (tqtint1 a) (tqtint1 b)) then True else False)

function sub_with_overflow1 (a:t18) (b:t18) : (t18, bool) = (sub1 a b,
  if not in_bounds1 (infix_mn (tqtint1 a) (tqtint1 b)) then True else False)

function mul_with_overflow1 (a:t18) (b:t18) : (t18, bool) = (mul1 a b,
  if not in_bounds1 (infix_as (tqtint1 a) (tqtint1 b)) then True else False)

(* use creusot.int.UInt64 *)

function any_l 'a : 'b

(* use creusot.prelude.Any *)

type t_Method

type t_MethodModel =
  | Options
  | Get
  | Post
  | Put
  | Delete
  | Head
  | Trace
  | Connect
  | Patch
  | Query
  | ExtensionInline (seq t17) int
  | ExtensionAllocated (seq t17)

constant const_MAX : t18 = (15:t18)

predicate is_method_char_model (byte:t17) =
  infix_lseq 33 (tqtint byte) /\
  infix_lseq (tqtint byte) 126 /\
  not tqtint byte = 34 /\
  not tqtint byte = 40 /\
  not tqtint byte = 41 /\
  not tqtint byte = 44 /\
  not tqtint byte = 47 /\
  not tqtint byte = 58 /\
  not tqtint byte = 59 /\
  not tqtint byte = 60 /\
  not tqtint byte = 61 /\
  not tqtint byte = 62 /\
  not tqtint byte = 63 /\
  not tqtint byte = 64 /\
  not tqtint byte = 91 /\
  not tqtint byte = 92 /\
  not tqtint byte = 93 /\ not tqtint byte = 123 /\ not tqtint byte = 125

predicate all_method_chars_valid (bytes:seq t17) =
  forall i:int.
   infix_lseq 0 i /\ infix_ls i (length bytes) ->
   is_method_char_model (get bytes i)

predicate method_text_matches (left:seq t17) (right:seq t17) =
  length left = length right /\
  (forall i:int.
    infix_lseq 0 i /\ infix_ls i (length left) -> get left i = get right i)

function method_model_text (method:t_MethodModel) : seq t17 =
  match method with
  | Options ->
      create 7
      ([@funlit]
       fun (xqtx:int) ->
        if xqtx = 0 then (79:t17)
        else if xqtx = 1 then (80:t17)
             else if xqtx = 2 then (84:t17)
                  else if xqtx = 3 then (73:t17)
                       else if xqtx = 4 then (79:t17)
                            else if xqtx = 5 then (78:t17)
                                 else if xqtx = 6 then (83:t17) else (83:t17))
  | Get ->
      create 3
      ([@funlit]
       fun (xqtx:int) ->
        if xqtx = 0 then (71:t17)
        else if xqtx = 1 then (69:t17)
             else if xqtx = 2 then (84:t17) else (84:t17))
  | Post ->
      create 4
      ([@funlit]
       fun (xqtx:int) ->
        if xqtx = 0 then (80:t17)
        else if xqtx = 1 then (79:t17)
             else if xqtx = 2 then (83:t17)
                  else if xqtx = 3 then (84:t17) else (84:t17))
  | Put ->
      create 3
      ([@funlit]
       fun (xqtx:int) ->
        if xqtx = 0 then (80:t17)
        else if xqtx = 1 then (85:t17)
             else if xqtx = 2 then (84:t17) else (84:t17))
  | Delete ->
      create 6
      ([@funlit]
       fun (xqtx:int) ->
        if xqtx = 0 then (68:t17)
        else if xqtx = 1 then (69:t17)
             else if xqtx = 2 then (76:t17)
                  else if xqtx = 3 then (69:t17)
                       else if xqtx = 4 then (84:t17)
                            else if xqtx = 5 then (69:t17) else (69:t17))
  | Head ->
      create 4
      ([@funlit]
       fun (xqtx:int) ->
        if xqtx = 0 then (72:t17)
        else if xqtx = 1 then (69:t17)
             else if xqtx = 2 then (65:t17)
                  else if xqtx = 3 then (68:t17) else (68:t17))
  | Trace ->
      create 5
      ([@funlit]
       fun (xqtx:int) ->
        if xqtx = 0 then (84:t17)
        else if xqtx = 1 then (82:t17)
             else if xqtx = 2 then (65:t17)
                  else if xqtx = 3 then (67:t17)
                       else if xqtx = 4 then (69:t17) else (69:t17))
  | Connect ->
      create 7
      ([@funlit]
       fun (xqtx:int) ->
        if xqtx = 0 then (67:t17)
        else if xqtx = 1 then (79:t17)
             else if xqtx = 2 then (78:t17)
                  else if xqtx = 3 then (78:t17)
                       else if xqtx = 4 then (69:t17)
                            else if xqtx = 5 then (67:t17)
                                 else if xqtx = 6 then (84:t17) else (84:t17))
  | Patch ->
      create 5
      ([@funlit]
       fun (xqtx:int) ->
        if xqtx = 0 then (80:t17)
        else if xqtx = 1 then (65:t17)
             else if xqtx = 2 then (84:t17)
                  else if xqtx = 3 then (67:t17)
                       else if xqtx = 4 then (72:t17) else (72:t17))
  | Query ->
      create 5
      ([@funlit]
       fun (xqtx:int) ->
        if xqtx = 0 then (81:t17)
        else if xqtx = 1 then (85:t17)
             else if xqtx = 2 then (69:t17)
                  else if xqtx = 3 then (82:t17)
                       else if xqtx = 4 then (89:t17) else (89:t17))
  | ExtensionInline data len -> mixfix_lbdtdtrb data 0 len
  | ExtensionAllocated data -> data
  end

predicate is_known_method_text (bytes:seq t17) =
  if length bytes = 3
  then method_text_matches bytes (method_model_text Get) \/
       method_text_matches bytes (method_model_text Put)
  else if length bytes = 4
       then method_text_matches bytes (method_model_text Post) \/
            method_text_matches bytes (method_model_text Head)
       else if length bytes = 5
            then method_text_matches bytes (method_model_text Patch) \/
                 method_text_matches bytes (method_model_text Trace) \/
                 method_text_matches bytes (method_model_text Query)
            else if length bytes = 6
                 then method_text_matches bytes (method_model_text Delete)
                 else if length bytes = 7
                      then method_text_matches bytes
                           (method_model_text Options) \/
                           method_text_matches bytes
                           (method_model_text Connect)
                      else false

predicate method_model_is_canonical (method:t_MethodModel) =
  match method with
  | ExtensionInline data len ->
      length data = tqtint1 const_MAX /\
      infix_ls 0 len /\
      infix_lseq len (tqtint1 const_MAX) /\
      all_method_chars_valid (mixfix_lbdtdtrb data 0 len) /\
      (forall i:int.
        infix_lseq len i /\ infix_ls i (length data) -> get data i = (0:t17)) /\
      not is_known_method_text (mixfix_lbdtdtrb data 0 len)
  | ExtensionAllocated data ->
      infix_gt (length data) (tqtint1 const_MAX) /\
      all_method_chars_valid data /\ not is_known_method_text data
  | _ -> true
  end

function method_repr t_Method : t_MethodModel

predicate invariant_Method (self:t_Method) =
  method_model_is_canonical (method_repr self)

predicate inv_Method t_Method

axiom inv_axiom [@useraxiom] :
  forall x:t_Method [inv_Method x]. inv_Method x -> invariant_Method x

type t_Uri

type t_Version

type t_HeaderMap_HeaderValue

type t_Extensions

type t_Parts =
  | T_Partsqtmk [@builtin] (method:t_Method) (uri:t_Uri) (version:t_Version)
      (headers:t_HeaderMap_HeaderValue) (extensions:t_Extensions) (uspriv:
      unit)

(* meta model_record function uspriv *)

(* meta model_record function extensions *)

(* meta model_record function headers *)

(* meta model_record function version *)

(* meta model_record function uri *)

(* meta model_record function method *)

predicate resolve_Method t_Method

type t_T

type closure0 =
  | Closure0qtmk [@builtin] (c0:t_T)

(* meta model_record function c0 *)

type t_Error

type t_Result_Method_Error =
  | Ok t_Method
  | Err t_Error

predicate inv_T t_T

predicate precondition_try_into unit t_T

axiom precondition_fndef [@useraxiom] :
  forall args:t_T [precondition_try_into () args].
   (let self_ = args in inv_T self_) -> precondition_try_into () args

predicate inv_Error t_Error

predicate inv_Result_Method_Error t_Result_Method_Error

axiom inv_axiomqt0 [@useraxiom] [@rewrite] :
  forall x:t_Result_Method_Error [inv_Result_Method_Error x].
   inv_Result_Method_Error x <->
   match x with
   | Ok f0 -> inv_Method f0
   | Err f0 -> inv_Error f0
   end

predicate postcondition_once_try_into unit t_T t_Result_Method_Error

axiom postcondition_fndef [@useraxiom] :
  forall args:t_T, res:t_Result_Method_Error
   [postcondition_once_try_into () args res].
   postcondition_once_try_into () args res ->
   (let self_ = args in inv_Result_Method_Error res)

predicate inv_Uri t_Uri

predicate inv_Version t_Version

predicate inv_HeaderMap_HeaderValue t_HeaderMap_HeaderValue

predicate inv_Extensions t_Extensions

predicate inv_Parts t_Parts

axiom inv_axiomqt1 [@useraxiom] [@rewrite] :
  forall x:t_Parts [inv_Parts x].
   inv_Parts x <->
   inv_Method (x.method) /\
   inv_Uri (x.uri) /\
   inv_Version (x.version) /\
   inv_HeaderMap_HeaderValue (x.headers) /\ inv_Extensions (x.extensions)

predicate resolve_Uri t_Uri

predicate resolve_Version t_Version

predicate resolve_HeaderMap_HeaderValue t_HeaderMap_HeaderValue

predicate resolve_Extensions t_Extensions

predicate resolve_Parts t_Parts

axiom resolve_axiom [@useraxiom] [@rewrite] :
  forall x:t_Parts [resolve_Parts x].
   resolve_Parts x <->
   resolve_Method (x.method) /\
   resolve_Uri (x.uri) /\
   resolve_Version (x.version) /\
   resolve_HeaderMap_HeaderValue (x.headers) /\
   resolve_Extensions (x.extensions)

type t_InvalidStatusCode

type t_InvalidMethod

type t_InvalidUri

type t_InvalidUriParts

type t_InvalidHeaderName

type t_InvalidHeaderValue

type t_MaxSizeReached

type t_ErrorKind =
  | StatusCode t_InvalidStatusCode
  | Method t_InvalidMethod
  | Uri t_InvalidUri
  | UriParts t_InvalidUriParts
  | HeaderName t_InvalidHeaderName
  | HeaderValue t_InvalidHeaderValue
  | MaxSizeReached t_MaxSizeReached

type t_Errorqt0 =
  | T_Errorqt0qtmk [@builtin] (inner:t_ErrorKind)

(* meta model_record function inner *)

predicate precondition_into unit t_Error

axiom precondition_fndefqt0 [@useraxiom] :
  forall args:t_Error [precondition_into () args].
   (let self_ = args in inv_Error self_) -> precondition_into () args

predicate inv_InvalidStatusCode t_InvalidStatusCode

predicate inv_InvalidMethod t_InvalidMethod

predicate inv_InvalidUri t_InvalidUri

predicate inv_InvalidUriParts t_InvalidUriParts

predicate inv_InvalidHeaderName t_InvalidHeaderName

predicate inv_InvalidHeaderValue t_InvalidHeaderValue

predicate inv_MaxSizeReached t_MaxSizeReached

predicate inv_ErrorKind t_ErrorKind

axiom inv_axiomqt2 [@useraxiom] [@rewrite] :
  forall x:t_ErrorKind [inv_ErrorKind x].
   inv_ErrorKind x <->
   match x with
   | StatusCode f0 -> inv_InvalidStatusCode f0
   | Method f0 -> inv_InvalidMethod f0
   | Uri f0 -> inv_InvalidUri f0
   | UriParts f0 -> inv_InvalidUriParts f0
   | HeaderName f0 -> inv_InvalidHeaderName f0
   | HeaderValue f0 -> inv_InvalidHeaderValue f0
   | MaxSizeReached f0 -> inv_MaxSizeReached f0
   end

predicate inv_Errorqt0 t_Errorqt0

axiom inv_axiomqt3 [@useraxiom] [@rewrite] :
  forall x:t_Errorqt0 [inv_Errorqt0 x].
   inv_Errorqt0 x <-> inv_ErrorKind (x.inner)

predicate postcondition_once_into unit t_Error t_Errorqt0

axiom postcondition_fndefqt0 [@useraxiom] :
  forall args:t_Error, res:t_Errorqt0 [postcondition_once_into () args res].
   postcondition_once_into () args res ->
   (let self_ = args in inv_Errorqt0 res)

type t_Result_Parts_Error =
  | Okqt0 t_Parts
  | Errqt0 t_Errorqt0

predicate inv_closure0 [@inline:trivial] (us1:closure0) =
  match us1 with
  | Closure0qtmk x0 -> inv_T x0
  end

(* meta rewrite_def predicate inv_closure0 *)

predicate inv_Result_Parts_Error t_Result_Parts_Error

axiom inv_axiomqt4 [@useraxiom] [@rewrite] :
  forall x:t_Result_Parts_Error [inv_Result_Parts_Error x].
   inv_Result_Parts_Error x <->
   match x with
   | Okqt0 f0 -> inv_Parts f0
   | Errqt0 f0 -> inv_Errorqt0 f0
   end

predicate closure0qtpre (self:closure0) (head:t_Parts) =
  ([@asym_split] [@stop_split] [@hyp_name:Assert] [@expl:closure0 requires]
   ([@stop_split] [@expl:closure 'self' type invariant] inv_closure0 self) /\
   ([@stop_split] [@expl:closure 'head' type invariant] inv_Parts head)) &&
  (([@stop_split] [@hyp_name:Assert] resolve_Method (head.method)) ->
   ([@stop_split] [@expl:try_into requires] [@hyp_name:Assert]
    precondition_try_into () (self.c0)) /\
   (forall result:t_Result_Method_Error.
     ([@stop_split] [@hyp_name:Assert] [@expl:try_into ensures]
      postcondition_once_try_into () (self.c0) result) ->
     (forall x0:t_Method.
       ([@stop_split] [@hyp_name:Assert] result = Ok x0) ->
       (forall f0:t_Method.
         ([@stop_split] [@hyp_name:Assert] Ok f0 = result) ->
         ([@stop_split] [@hyp_name:Assert]
          [@expl:closure result type invariant]
          inv_Result_Parts_Error
          (Okqt0
           (T_Partsqtmk f0 (head.uri) (head.version) (head.headers)
            (head.extensions) (head.uspriv))))) /\
       ([@stop_split] [@hyp_name:Assert] [@expl:elim Ok]
        match result with
        | Ok _ -> true
        | _ -> false
        end)) /\
     (forall x0:t_Error.
       ([@stop_split] [@hyp_name:Assert] result = Err x0) ->
       (([@stop_split] [@hyp_name:Assert] resolve_Parts head) ->
        (forall f0:t_Error.
          ([@stop_split] [@hyp_name:Assert] Err f0 = result) ->
          ([@stop_split] [@hyp_name:Assert] [@expl:into requires]
           precondition_into () f0) /\
          (forall result1 [@field:0:inner]:t_ErrorKind.
            let result2 = T_Errorqt0qtmk result1 in
            ([@stop_split] [@hyp_name:Assert] [@expl:into ensures]
             postcondition_once_into () f0 result2) ->
            ([@stop_split] [@hyp_name:Assert]
             [@expl:closure result type invariant]
             inv_Result_Parts_Error (Errqt0 result2)))) /\
        ([@stop_split] [@hyp_name:Assert] [@expl:elim Err]
         match result with
         | Err _ -> true
         | _ -> false
         end)) /\
       ([@stop_split] [@expl:type invariant] [@hyp_name:Assert]
        inv_Parts head)))) /\
  ([@stop_split] [@expl:type invariant] [@hyp_name:Assert]
   inv_Method (head.method))

predicate closure0qtpostqtreturn (self:closure0) (head:t_Parts) (x:
  t_Result_Parts_Error) =
  ([@stop_split] [@hyp_name:Assert] [@expl:closure0 requires]
   ([@stop_split] [@expl:closure 'self' type invariant] inv_closure0 self) /\
   ([@stop_split] [@expl:closure 'head' type invariant] inv_Parts head)) /\
  ([@stop_split] [@hyp_name:Assert] resolve_Method (head.method)) /\
  (exists result:t_Result_Method_Error.
    ([@stop_split] [@hyp_name:Assert] [@expl:try_into ensures]
     postcondition_once_try_into () (self.c0) result) /\
    ((exists x0:t_Method.
       ([@stop_split] [@hyp_name:Assert] result = Ok x0) /\
       (exists f0:t_Method.
         ([@stop_split] [@hyp_name:Assert] Ok f0 = result) /\
         ([@stop_split] [@hyp_name:Assert]
          [@expl:closure result type invariant]
          inv_Result_Parts_Error
          (Okqt0
           (T_Partsqtmk f0 (head.uri) (head.version) (head.headers)
            (head.extensions) (head.uspriv)))) /\
         x =
         Okqt0
         (T_Partsqtmk f0 (head.uri) (head.version) (head.headers)
          (head.extensions) (head.uspriv)))) \/
     (exists x0:t_Error.
       ([@stop_split] [@hyp_name:Assert] result = Err x0) /\
       ([@stop_split] [@hyp_name:Assert] resolve_Parts head) /\
       (exists f0:t_Error.
         ([@stop_split] [@hyp_name:Assert] Err f0 = result) /\
         (exists result1 [@field:0:inner]:t_ErrorKind.
           let result2 = T_Errorqt0qtmk result1 in
           ([@stop_split] [@hyp_name:Assert] [@expl:into ensures]
            postcondition_once_into () f0 result2) /\
           ([@stop_split] [@hyp_name:Assert]
            [@expl:closure result type invariant]
            inv_Result_Parts_Error (Errqt0 result2)) /\
           x = Errqt0 result2)))))

(* meta rewrite_def predicate closure0qtpre *)

(* meta rewrite_def predicate closure0qtpostqtreturn *)

type t_Builder =
  | T_Builderqtmk [@builtin] (innerqt0:t_Result_Parts_Error)

(* meta model_record function innerqt0 *)

predicate inv_Builder t_Builder

axiom inv_axiomqt5 [@useraxiom] [@rewrite] :
  forall x:t_Builder [inv_Builder x].
   inv_Builder x <-> inv_Result_Parts_Error (x.innerqt0)

predicate precondition_closure0 [@inline:trivial] (self:closure0) (args:
  t_Parts) = let head = args in closure0qtpre self head

(* meta rewrite_def predicate precondition_closure0 *)

predicate postcondition_once_closure0 [@inline:trivial] (self:closure0)
  (args:t_Parts) (result:t_Result_Parts_Error) =
  let head = args in closure0qtpostqtreturn self head result

(* meta rewrite_def predicate postcondition_once_closure0 *)

type t_ErrorModelRef =
  | StatusCodeqt0 t_InvalidStatusCode
  | Methodqt0 t_InvalidMethod
  | Uriqt0 t_InvalidUri
  | UriPartsqt0 t_InvalidUriParts
  | HeaderNameqt0 t_InvalidHeaderName
  | HeaderValueqt0 t_InvalidHeaderValue
  | MaxSizeReachedqt0 t_MaxSizeReached

type t_Option_ErrorModelRef =
  | None
  | Some t_ErrorModelRef

function error_model_ref t_Errorqt0 : t_ErrorModelRef

function request_builder_error (builder:t_Builder) : t_Option_ErrorModelRef =
  match builder.innerqt0 with
  | Okqt0 _ -> None
  | Errqt0 error -> Some (error_model_ref error)
  end

predicate request_builder_is_valid (builder:t_Builder) =
  match builder.innerqt0 with
  | Okqt0 _ -> true
  | Errqt0 _ -> false
  end

predicate resolve_try_into [@inline:trivial] (us1:unit) = true

(* meta rewrite_def predicate resolve_try_into *)

predicate postcondition_mut_try_into unit t_T unit t_Result_Method_Error

axiom postcondition_fndefqt1 [@useraxiom] :
  forall args:t_T, res:t_Result_Method_Error
   [postcondition_mut_try_into () args () res].
   postcondition_mut_try_into () args () res ->
   (let self_ = args in inv_Result_Method_Error res)

function fn_mut_once_try_into unit t_T t_Result_Method_Error : unit

axiom fn_mut_once_try_into_spec [@useraxiom] :
  forall self:unit, args:t_T, res:t_Result_Method_Error.
   postcondition_once_try_into self args res <->
   (exists res_state:unit.
     postcondition_mut_try_into self args res_state res /\
     resolve_try_into res_state)

predicate hist_inv_try_into [@inline:trivial] (self:unit) (result_state:
  unit) = true

(* meta rewrite_def predicate hist_inv_try_into *)

function hist_inv_trans_try_into unit unit unit : unit

axiom hist_inv_trans_try_into_spec [@useraxiom] :
  forall self:unit, b:unit, c:unit.
   hist_inv_try_into self b ->
   hist_inv_try_into b c -> hist_inv_try_into self c

function hist_inv_refl_try_into unit : unit

axiom hist_inv_refl_try_into_spec [@useraxiom] :
  forall self:unit. hist_inv_try_into self self

function postcondition_mut_hist_inv_try_into unit t_T unit
  t_Result_Method_Error : unit

axiom postcondition_mut_hist_inv_try_into_spec [@useraxiom] :
  forall self:unit, args:t_T, res_state:unit, res:t_Result_Method_Error.
   postcondition_mut_try_into self args res_state res ->
   hist_inv_try_into self res_state

function fn_hist_inv_try_into unit unit : unit

axiom fn_hist_inv_try_into_spec [@useraxiom] :
  forall self:unit, res_state:unit.
   hist_inv_try_into self res_state <-> self = res_state

predicate postcondition_try_into unit t_T t_Result_Method_Error

axiom postcondition_fndefqt2 [@useraxiom] :
  forall args:t_T, res:t_Result_Method_Error
   [postcondition_try_into () args res].
   postcondition_try_into () args res ->
   (let self_ = args in inv_Result_Method_Error res)

function fn_once_try_into unit t_T t_Result_Method_Error : unit

axiom fn_once_try_into_spec [@useraxiom] :
  forall self:unit, args:t_T, res:t_Result_Method_Error.
   postcondition_once_try_into self args res <->
   postcondition_try_into self args res /\ resolve_try_into self

function fn_mut_try_into unit t_T unit t_Result_Method_Error : unit

axiom fn_mut_try_into_spec [@useraxiom] :
  forall self:unit, args:t_T, res_state:unit, res:t_Result_Method_Error.
   postcondition_mut_try_into self args res_state res <->
   postcondition_try_into self args res /\ self = res_state

type t_Option_ref_Method =
  | Noneqt0
  | Someqt0 t_Method

function request_builder_method (builder:t_Builder) : t_Option_ref_Method =
  match builder.innerqt0 with
  | Okqt0 head -> Someqt0 (head.method)
  | Errqt0 _ -> Noneqt0
  end

type t_Option_ref_Uri =
  | Noneqt1
  | Someqt1 t_Uri

function request_builder_uri (builder:t_Builder) : t_Option_ref_Uri =
  match builder.innerqt0 with
  | Okqt0 head -> Someqt1 (head.uri)
  | Errqt0 _ -> Noneqt1
  end

type t_Option_ref_Version =
  | Noneqt2
  | Someqt2 t_Version

function request_builder_version (builder:t_Builder) : t_Option_ref_Version =
  match builder.innerqt0 with
  | Okqt0 head -> Someqt2 (head.version)
  | Errqt0 _ -> Noneqt2
  end

type t_Option_ref_HeaderMap_HeaderValue =
  | Noneqt3
  | Someqt3 t_HeaderMap_HeaderValue

function request_builder_headers (builder:t_Builder) :
  t_Option_ref_HeaderMap_HeaderValue =
  match builder.innerqt0 with
  | Okqt0 head -> Someqt3 (head.headers)
  | Errqt0 _ -> Noneqt3
  end

type t_Option_ref_Extensions =
  | Noneqt4
  | Someqt4 t_Extensions

function request_builder_extensions (builder:t_Builder) :
  t_Option_ref_Extensions =
  match builder.innerqt0 with
  | Okqt0 head -> Someqt4 (head.extensions)
  | Errqt0 _ -> Noneqt4
  end

predicate resolve_into [@inline:trivial] (us1:unit) = true

(* meta rewrite_def predicate resolve_into *)

predicate postcondition_mut_into unit t_Error unit t_Errorqt0

axiom postcondition_fndefqt3 [@useraxiom] :
  forall args:t_Error, res:t_Errorqt0
   [postcondition_mut_into () args () res].
   postcondition_mut_into () args () res ->
   (let self_ = args in inv_Errorqt0 res)

function fn_mut_once_into unit t_Error t_Errorqt0 : unit

axiom fn_mut_once_into_spec [@useraxiom] :
  forall self:unit, args:t_Error, res:t_Errorqt0.
   postcondition_once_into self args res <->
   (exists res_state:unit.
     postcondition_mut_into self args res_state res /\ resolve_into res_state)

predicate hist_inv_into [@inline:trivial] (self:unit) (result_state:unit) =
  true

(* meta rewrite_def predicate hist_inv_into *)

function hist_inv_trans_into unit unit unit : unit

axiom hist_inv_trans_into_spec [@useraxiom] :
  forall self:unit, b:unit, c:unit.
   hist_inv_into self b -> hist_inv_into b c -> hist_inv_into self c

function hist_inv_refl_into unit : unit

axiom hist_inv_refl_into_spec [@useraxiom] :
  forall self:unit. hist_inv_into self self

function postcondition_mut_hist_inv_into unit t_Error unit t_Errorqt0 : unit

axiom postcondition_mut_hist_inv_into_spec [@useraxiom] :
  forall self:unit, args:t_Error, res_state:unit, res:t_Errorqt0.
   postcondition_mut_into self args res_state res ->
   hist_inv_into self res_state

function fn_hist_inv_into unit unit : unit

axiom fn_hist_inv_into_spec [@useraxiom] :
  forall self:unit, res_state:unit.
   hist_inv_into self res_state <-> self = res_state

predicate postcondition_into unit t_Error t_Errorqt0

axiom postcondition_fndefqt4 [@useraxiom] :
  forall args:t_Error, res:t_Errorqt0 [postcondition_into () args res].
   postcondition_into () args res -> (let self_ = args in inv_Errorqt0 res)

function fn_once_into unit t_Error t_Errorqt0 : unit

axiom fn_once_into_spec [@useraxiom] :
  forall self:unit, args:t_Error, res:t_Errorqt0.
   postcondition_once_into self args res <->
   postcondition_into self args res /\ resolve_into self

function fn_mut_into unit t_Error unit t_Errorqt0 : unit

axiom fn_mut_into_spec [@useraxiom] :
  forall self:unit, args:t_Error, res_state:unit, res:t_Errorqt0.
   postcondition_mut_into self args res_state res <->
   postcondition_into self args res /\ self = res_state

predicate request_builder_error_is_from_Error (builder:t_Builder) (source:
  t_Error) =
  match builder.innerqt0 with
  | Okqt0 _ -> false
  | Errqt0 error -> postcondition_into () source error
  end

(* meta compute_max_steps 1000000 *)

(* meta select_lsinst "all" *)

(* meta syntax_type type int, "int", 0 *)

(* meta syntax_type type real, "real", 0 *)

(* meta syntax_logic predicate infix_eq, "(%1 = %2)", 0 *)

(* meta encoding:ignore_polymorphism_ls predicate infix_eq *)

goal vc_method_T :
  forall self [@field:0:inner'0]:t_Result_Parts_Error, methodqt0:t_T.
   let self1 = T_Builderqtmk self in
   ([@stop_split] [@hyp_name:Assert] [@expl:method_T requires]
    ([@stop_split] [@expl:method 'self' type invariant] inv_Builder self1) /\
    ([@stop_split] [@expl:method 'method' type invariant] inv_T methodqt0) /\
    ([@stop_split] [@expl:method requires]
     not request_builder_is_valid self1 \/
     precondition_try_into () methodqt0 /\
     (forall e:t_Error.
       postcondition_try_into () methodqt0 (Err e) -> precondition_into () e))) ->
   ([@stop_split] [@hyp_name:Assert] [@expl:and_then_closure0 requires]
    ([@stop_split] [@expl:and_then 'self' type invariant] inv_Builder self1) /\
    ([@stop_split] [@expl:and_then 'func' type invariant]
     inv_closure0 (Closure0qtmk methodqt0)) /\
    ([@stop_split] [@expl:and_then requires]
     match self with
     | Okqt0 head -> precondition_closure0 (Closure0qtmk methodqt0) head
     | Errqt0 _ -> true
     end)) /\
   (forall result [@field:0:inner'0]:t_Result_Parts_Error.
     let result1 = T_Builderqtmk result in
     ([@stop_split] [@hyp_name:Assert] [@expl:and_then_closure0 ensures]
      ([@stop_split] [@expl:and_then result type invariant]
       inv_Builder result1) /\
      ([@stop_split] [@expl:and_then ensures]
       match self with
       | Okqt0 head ->
           postcondition_once_closure0 (Closure0qtmk methodqt0) head result
       | Errqt0 _ ->
           request_builder_error result1 = request_builder_error self1
       end)) ->
     ([@stop_split] [@hyp_name:Assert] [@expl:method_T ensures]
      ([@stop_split] [@expl:method result type invariant] inv_Builder result1) /\
      ([@stop_split] [@expl:method ensures #0]
       not request_builder_is_valid self1 ->
       request_builder_error result1 = request_builder_error self1) /\
      ([@stop_split] [@expl:method ensures #1]
       request_builder_is_valid self1 ->
       (exists converted:t_Result_Method_Error.
         postcondition_try_into () methodqt0 converted /\
         match converted with
         | Ok new_method ->
             request_builder_is_valid result1 /\
             request_builder_method result1 = Someqt0 new_method /\
             request_builder_error result1 = None /\
             request_builder_uri result1 = request_builder_uri self1 /\
             request_builder_version result1 = request_builder_version self1 /\
             request_builder_headers result1 = request_builder_headers self1 /\
             request_builder_extensions result1 =
             request_builder_extensions self1
         | Err conversion_error ->
             not request_builder_is_valid result1 /\
             request_builder_error_is_from_Error result1 conversion_error /\
             request_builder_method result1 = Noneqt0 /\
             request_builder_uri result1 = Noneqt1 /\
             request_builder_version result1 = Noneqt2 /\
             request_builder_headers result1 = Noneqt3 /\
             request_builder_extensions result1 = Noneqt4
         end))))

end
