### verif__http_headers_proof_rlib__header__name__bytes_equal_accept exit=0 tasks=1
Warning, file "/workspace/proof-tools/creusot-data/share/why3find/packages/creusot/creusot/int.coma", line 166, characters 8-22: axiom extensionality does not contain any local abstract symbol (contains: int, (=), t, to_int)
Warning, file "/workspace/proof-tools/creusot-data/share/why3find/packages/creusot/creusot/int.coma", line 484, characters 8-22: axiom extensionality does not contain any local abstract symbol (contains: int, (=), t, to_int)
Warning, file "/workspace/proof-tools/creusot-data/share/why3find/packages/creusot/creusot/int.coma", line 802, characters 8-22: axiom extensionality does not contain any local abstract symbol (contains: int, (=), t, to_int)
Warning, file "/workspace/proof-tools/creusot-data/share/why3find/packages/creusot/creusot/int.coma", line 1120, characters 8-22: axiom extensionality does not contain any local abstract symbol (contains: int, (=), t, to_int)
Warning, file "/workspace/proof-tools/creusot-data/share/why3find/packages/creusot/creusot/int.coma", line 1438, characters 8-22: axiom extensionality does not contain any local abstract symbol (contains: int, (=), t, to_int)

### verif__http_headers_proof_rlib__header__name__bytes_equal_accept_charset exit=0 tasks=1
Warning, file "/workspace/proof-tools/creusot-data/share/why3find/packages/creusot/creusot/int.coma", line 166, characters 8-22: axiom extensionality does not contain any local abstract symbol (contains: int, (=), t, to_int)
Warning, file "/workspace/proof-tools/creusot-data/share/why3find/packages/creusot/creusot/int.coma", line 484, characters 8-22: axiom extensionality does not contain any local abstract symbol (contains: int, (=), t, to_int)
Warning, file "/workspace/proof-tools/creusot-data/share/why3find/packages/creusot/creusot/int.coma", line 802, characters 8-22: axiom extensionality does not contain any local abstract symbol (contains: int, (=), t, to_int)
Warning, file "/workspace/proof-tools/creusot-data/share/why3find/packages/creusot/creusot/int.coma", line 1120, characters 8-22: axiom extensionality does not contain any local abstract symbol (contains: int, (=), t, to_int)
Warning, file "/workspace/proof-tools/creusot-data/share/why3find/packages/creusot/creusot/int.coma", line 1438, characters 8-22: axiom extensionality does not contain any local abstract symbol (contains: int, (=), t, to_int)

### verif__http_headers_proof_rlib__header__name__bytes_equal_accept_encoding exit=0 tasks=1
Warning, file "/workspace/proof-tools/creusot-data/share/why3find/packages/creusot/creusot/int.coma", line 166, characters 8-22: axiom extensionality does not contain any local abstract symbol (contains: int, (=), t, to_int)
Warning, file "/workspace/proof-tools/creusot-data/share/why3find/packages/creusot/creusot/int.coma", line 484, characters 8-22: axiom extensionality does not contain any local abstract symbol (contains: int, (=), t, to_int)
Warning, file "/workspace/proof-tools/creusot-data/share/why3find/packages/creusot/creusot/int.coma", line 802, characters 8-22: axiom extensionality does not contain any local abstract symbol (contains: int, (=), t, to_int)
Warning, file "/workspace/proof-tools/creusot-data/share/why3find/packages/creusot/creusot/int.coma", line 1120, characters 8-22: axiom extensionality does not contain any local abstract symbol (contains: int, (=), t, to_int)
Warning, file "/workspace/proof-tools/creusot-data/share/why3find/packages/creusot/creusot/int.coma", line 1438, characters 8-22: axiom extensionality does not contain any local abstract symbol (contains: int, (=), t, to_int)

### verif__http_headers_proof_rlib__header__name__bytes_equal_accept_language exit=0 tasks=1
Warning, file "/workspace/proof-tools/creusot-data/share/why3find/packages/creusot/creusot/int.coma", line 166, characters 8-22: axiom extensionality does not contain any local abstract symbol (contains: int, (=), t, to_int)
Warning, file "/workspace/proof-tools/creusot-data/share/why3find/packages/creusot/creusot/int.coma", line 484, characters 8-22: axiom extensionality does not contain any local abstract symbol (contains: int, (=), t, to_int)
Warning, file "/workspace/proof-tools/creusot-data/share/why3find/packages/creusot/creusot/int.coma", line 802, characters 8-22: axiom extensionality does not contain any local abstract symbol (contains: int, (=), t, to_int)
Warning, file "/workspace/proof-tools/creusot-data/share/why3find/packages/creusot/creusot/int.coma", line 1120, characters 8-22: axiom extensionality does not contain any local abstract symbol (contains: int, (=), t, to_int)
Warning, file "/workspace/proof-tools/creusot-data/share/why3find/packages/creusot/creusot/int.coma", line 1438, characters 8-22: axiom extensionality does not contain any local abstract symbol (contains: int, (=), t, to_int)

### verif__http_headers_proof_rlib__header__name__bytes_equal_accept_ranges exit=0 tasks=1
Warning, file "/workspace/proof-tools/creusot-data/share/why3find/packages/creusot/creusot/int.coma", line 166, characters 8-22: axiom extensionality does not contain any local abstract symbol (contains: int, (=), t, to_int)
Warning, file "/workspace/proof-tools/creusot-data/share/why3find/packages/creusot/creusot/int.coma", line 484, characters 8-22: axiom extensionality does not contain any local abstract symbol (contains: int, (=), t, to_int)
Warning, file "/workspace/proof-tools/creusot-data/share/why3find/packages/creusot/creusot/int.coma", line 802, characters 8-22: axiom extensionality does not contain any local abstract symbol (contains: int, (=), t, to_int)
Warning, file "/workspace/proof-tools/creusot-data/share/why3find/packages/creusot/creusot/int.coma", line 1120, characters 8-22: axiom extensionality does not contain any local abstract symbol (contains: int, (=), t, to_int)
Warning, file "/workspace/proof-tools/creusot-data/share/why3find/packages/creusot/creusot/int.coma", line 1438, characters 8-22: axiom extensionality does not contain any local abstract symbol (contains: int, (=), t, to_int)

### verif__http_headers_proof_rlib__header__name__bytes_equal_access_control_allow_credentials exit=0 tasks=1
Warning, file "/workspace/proof-tools/creusot-data/share/why3find/packages/creusot/creusot/int.coma", line 166, characters 8-22: axiom extensionality does not contain any local abstract symbol (contains: int, (=), t, to_int)
Warning, file "/workspace/proof-tools/creusot-data/share/why3find/packages/creusot/creusot/int.coma", line 484, characters 8-22: axiom extensionality does not contain any local abstract symbol (contains: int, (=), t, to_int)
Warning, file "/workspace/proof-tools/creusot-data/share/why3find/packages/creusot/creusot/int.coma", line 802, characters 8-22: axiom extensionality does not contain any local abstract symbol (contains: int, (=), t, to_int)
Warning, file "/workspace/proof-tools/creusot-data/share/why3find/packages/creusot/creusot/int.coma", line 1120, characters 8-22: axiom extensionality does not contain any local abstract symbol (contains: int, (=), t, to_int)
Warning, file "/workspace/proof-tools/creusot-data/share/why3find/packages/creusot/creusot/int.coma", line 1438, characters 8-22: axiom extensionality does not contain any local abstract symbol (contains: int, (=), t, to_int)

### verif__http_headers_proof_rlib__header__name__bytes_equal_access_control_allow_headers exit=0 tasks=1
Warning, file "/workspace/proof-tools/creusot-data/share/why3find/packages/creusot/creusot/int.coma", line 166, characters 8-22: axiom extensionality does not contain any local abstract symbol (contains: int, (=), t, to_int)
Warning, file "/workspace/proof-tools/creusot-data/share/why3find/packages/creusot/creusot/int.coma", line 484, characters 8-22: axiom extensionality does not contain any local abstract symbol (contains: int, (=), t, to_int)
Warning, file "/workspace/proof-tools/creusot-data/share/why3find/packages/creusot/creusot/int.coma", line 802, characters 8-22: axiom extensionality does not contain any local abstract symbol (contains: int, (=), t, to_int)
Warning, file "/workspace/proof-tools/creusot-data/share/why3find/packages/creusot/creusot/int.coma", line 1120, characters 8-22: axiom extensionality does not contain any local abstract symbol (contains: int, (=), t, to_int)
Warning, file "/workspace/proof-tools/creusot-data/share/why3find/packages/creusot/creusot/int.coma", line 1438, characters 8-22: axiom extensionality does not contain any local abstract symbol (contains: int, (=), t, to_int)

### verif__http_headers_proof_rlib__header__name__bytes_equal_access_control_allow_methods exit=0 tasks=1
Warning, file "/workspace/proof-tools/creusot-data/share/why3find/packages/creusot/creusot/int.coma", line 166, characters 8-22: axiom extensionality does not contain any local abstract symbol (contains: int, (=), t, to_int)
Warning, file "/workspace/proof-tools/creusot-data/share/why3find/packages/creusot/creusot/int.coma", line 484, characters 8-22: axiom extensionality does not contain any local abstract symbol (contains: int, (=), t, to_int)
Warning, file "/workspace/proof-tools/creusot-data/share/why3find/packages/creusot/creusot/int.coma", line 802, characters 8-22: axiom extensionality does not contain any local abstract symbol (contains: int, (=), t, to_int)
Warning, file "/workspace/proof-tools/creusot-data/share/why3find/packages/creusot/creusot/int.coma", line 1120, characters 8-22: axiom extensionality does not contain any local abstract symbol (contains: int, (=), t, to_int)
Warning, file "/workspace/proof-tools/creusot-data/share/why3find/packages/creusot/creusot/int.coma", line 1438, characters 8-22: axiom extensionality does not contain any local abstract symbol (contains: int, (=), t, to_int)

### verif__http_headers_proof_rlib__header__name__bytes_equal_access_control_allow_origin exit=0 tasks=1
Warning, file "/workspace/proof-tools/creusot-data/share/why3find/packages/creusot/creusot/int.coma", line 166, characters 8-22: axiom extensionality does not contain any local abstract symbol (contains: int, (=), t, to_int)
Warning, file "/workspace/proof-tools/creusot-data/share/why3find/packages/creusot/creusot/int.coma", line 484, characters 8-22: axiom extensionality does not contain any local abstract symbol (contains: int, (=), t, to_int)
Warning, file "/workspace/proof-tools/creusot-data/share/why3find/packages/creusot/creusot/int.coma", line 802, characters 8-22: axiom extensionality does not contain any local abstract symbol (contains: int, (=), t, to_int)
Warning, file "/workspace/proof-tools/creusot-data/share/why3find/packages/creusot/creusot/int.coma", line 1120, characters 8-22: axiom extensionality does not contain any local abstract symbol (contains: int, (=), t, to_int)
Warning, file "/workspace/proof-tools/creusot-data/share/why3find/packages/creusot/creusot/int.coma", line 1438, characters 8-22: axiom extensionality does not contain any local abstract symbol (contains: int, (=), t, to_int)

### verif__http_headers_proof_rlib__header__name__bytes_equal_access_control_expose_headers exit=0 tasks=1
Warning, file "/workspace/proof-tools/creusot-data/share/why3find/packages/creusot/creusot/int.coma", line 166, characters 8-22: axiom extensionality does not contain any local abstract symbol (contains: int, (=), t, to_int)
Warning, file "/workspace/proof-tools/creusot-data/share/why3find/packages/creusot/creusot/int.coma", line 484, characters 8-22: axiom extensionality does not contain any local abstract symbol (contains: int, (=), t, to_int)
Warning, file "/workspace/proof-tools/creusot-data/share/why3find/packages/creusot/creusot/int.coma", line 802, characters 8-22: axiom extensionality does not contain any local abstract symbol (contains: int, (=), t, to_int)
Warning, file "/workspace/proof-tools/creusot-data/share/why3find/packages/creusot/creusot/int.coma", line 1120, characters 8-22: axiom extensionality does not contain any local abstract symbol (contains: int, (=), t, to_int)
Warning, file "/workspace/proof-tools/creusot-data/share/why3find/packages/creusot/creusot/int.coma", line 1438, characters 8-22: axiom extensionality does not contain any local abstract symbol (contains: int, (=), t, to_int)

### verif__http_headers_proof_rlib__header__name__bytes_equal_access_control_max_age exit=0 tasks=1
Warning, file "/workspace/proof-tools/creusot-data/share/why3find/packages/creusot/creusot/int.coma", line 166, characters 8-22: axiom extensionality does not contain any local abstract symbol (contains: int, (=), t, to_int)
Warning, file "/workspace/proof-tools/creusot-data/share/why3find/packages/creusot/creusot/int.coma", line 484, characters 8-22: axiom extensionality does not contain any local abstract symbol (contains: int, (=), t, to_int)
Warning, file "/workspace/proof-tools/creusot-data/share/why3find/packages/creusot/creusot/int.coma", line 802, characters 8-22: axiom extensionality does not contain any local abstract symbol (contains: int, (=), t, to_int)
Warning, file "/workspace/proof-tools/creusot-data/share/why3find/packages/creusot/creusot/int.coma", line 1120, characters 8-22: axiom extensionality does not contain any local abstract symbol (contains: int, (=), t, to_int)
Warning, file "/workspace/proof-tools/creusot-data/share/why3find/packages/creusot/creusot/int.coma", line 1438, characters 8-22: axiom extensionality does not contain any local abstract symbol (contains: int, (=), t, to_int)

### verif__http_headers_proof_rlib__header__name__bytes_equal_access_control_request_headers exit=0 tasks=1
Warning, file "/workspace/proof-tools/creusot-data/share/why3find/packages/creusot/creusot/int.coma", line 166, characters 8-22: axiom extensionality does not contain any local abstract symbol (contains: int, (=), t, to_int)
Warning, file "/workspace/proof-tools/creusot-data/share/why3find/packages/creusot/creusot/int.coma", line 484, characters 8-22: axiom extensionality does not contain any local abstract symbol (contains: int, (=), t, to_int)
Warning, file "/workspace/proof-tools/creusot-data/share/why3find/packages/creusot/creusot/int.coma", line 802, characters 8-22: axiom extensionality does not contain any local abstract symbol (contains: int, (=), t, to_int)
Warning, file "/workspace/proof-tools/creusot-data/share/why3find/packages/creusot/creusot/int.coma", line 1120, characters 8-22: axiom extensionality does not contain any local abstract symbol (contains: int, (=), t, to_int)
Warning, file "/workspace/proof-tools/creusot-data/share/why3find/packages/creusot/creusot/int.coma", line 1438, characters 8-22: axiom extensionality does not contain any local abstract symbol (contains: int, (=), t, to_int)

### verif__http_headers_proof_rlib__header__name__bytes_equal_access_control_request_method exit=0 tasks=1
Warning, file "/workspace/proof-tools/creusot-data/share/why3find/packages/creusot/creusot/int.coma", line 166, characters 8-22: axiom extensionality does not contain any local abstract symbol (contains: int, (=), t, to_int)
Warning, file "/workspace/proof-tools/creusot-data/share/why3find/packages/creusot/creusot/int.coma", line 484, characters 8-22: axiom extensionality does not contain any local abstract symbol (contains: int, (=), t, to_int)
Warning, file "/workspace/proof-tools/creusot-data/share/why3find/packages/creusot/creusot/int.coma", line 802, characters 8-22: axiom extensionality does not contain any local abstract symbol (contains: int, (=), t, to_int)
Warning, file "/workspace/proof-tools/creusot-data/share/why3find/packages/creusot/creusot/int.coma", line 1120, characters 8-22: axiom extensionality does not contain any local abstract symbol (contains: int, (=), t, to_int)
Warning, file "/workspace/proof-tools/creusot-data/share/why3find/packages/creusot/creusot/int.coma", line 1438, characters 8-22: axiom extensionality does not contain any local abstract symbol (contains: int, (=), t, to_int)

### verif__http_headers_proof_rlib__header__name__bytes_equal_age exit=0 tasks=1
Warning, file "/workspace/proof-tools/creusot-data/share/why3find/packages/creusot/creusot/int.coma", line 166, characters 8-22: axiom extensionality does not contain any local abstract symbol (contains: int, (=), t, to_int)
Warning, file "/workspace/proof-tools/creusot-data/share/why3find/packages/creusot/creusot/int.coma", line 484, characters 8-22: axiom extensionality does not contain any local abstract symbol (contains: int, (=), t, to_int)
Warning, file "/workspace/proof-tools/creusot-data/share/why3find/packages/creusot/creusot/int.coma", line 802, characters 8-22: axiom extensionality does not contain any local abstract symbol (contains: int, (=), t, to_int)
Warning, file "/workspace/proof-tools/creusot-data/share/why3find/packages/creusot/creusot/int.coma", line 1120, characters 8-22: axiom extensionality does not contain any local abstract symbol (contains: int, (=), t, to_int)
Warning, file "/workspace/proof-tools/creusot-data/share/why3find/packages/creusot/creusot/int.coma", line 1438, characters 8-22: axiom extensionality does not contain any local abstract symbol (contains: int, (=), t, to_int)

### verif__http_headers_proof_rlib__header__name__bytes_equal_allow exit=0 tasks=1
Warning, file "/workspace/proof-tools/creusot-data/share/why3find/packages/creusot/creusot/int.coma", line 166, characters 8-22: axiom extensionality does not contain any local abstract symbol (contains: int, (=), t, to_int)
Warning, file "/workspace/proof-tools/creusot-data/share/why3find/packages/creusot/creusot/int.coma", line 484, characters 8-22: axiom extensionality does not contain any local abstract symbol (contains: int, (=), t, to_int)
Warning, file "/workspace/proof-tools/creusot-data/share/why3find/packages/creusot/creusot/int.coma", line 802, characters 8-22: axiom extensionality does not contain any local abstract symbol (contains: int, (=), t, to_int)
Warning, file "/workspace/proof-tools/creusot-data/share/why3find/packages/creusot/creusot/int.coma", line 1120, characters 8-22: axiom extensionality does not contain any local abstract symbol (contains: int, (=), t, to_int)
Warning, file "/workspace/proof-tools/creusot-data/share/why3find/packages/creusot/creusot/int.coma", line 1438, characters 8-22: axiom extensionality does not contain any local abstract symbol (contains: int, (=), t, to_int)

### verif__http_headers_proof_rlib__header__name__bytes_equal_alt_svc exit=0 tasks=1
Warning, file "/workspace/proof-tools/creusot-data/share/why3find/packages/creusot/creusot/int.coma", line 166, characters 8-22: axiom extensionality does not contain any local abstract symbol (contains: int, (=), t, to_int)
Warning, file "/workspace/proof-tools/creusot-data/share/why3find/packages/creusot/creusot/int.coma", line 484, characters 8-22: axiom extensionality does not contain any local abstract symbol (contains: int, (=), t, to_int)
Warning, file "/workspace/proof-tools/creusot-data/share/why3find/packages/creusot/creusot/int.coma", line 802, characters 8-22: axiom extensionality does not contain any local abstract symbol (contains: int, (=), t, to_int)
Warning, file "/workspace/proof-tools/creusot-data/share/why3find/packages/creusot/creusot/int.coma", line 1120, characters 8-22: axiom extensionality does not contain any local abstract symbol (contains: int, (=), t, to_int)
Warning, file "/workspace/proof-tools/creusot-data/share/why3find/packages/creusot/creusot/int.coma", line 1438, characters 8-22: axiom extensionality does not contain any local abstract symbol (contains: int, (=), t, to_int)

### verif__http_headers_proof_rlib__header__name__bytes_equal_authorization exit=0 tasks=1
Warning, file "/workspace/proof-tools/creusot-data/share/why3find/packages/creusot/creusot/int.coma", line 166, characters 8-22: axiom extensionality does not contain any local abstract symbol (contains: int, (=), t, to_int)
Warning, file "/workspace/proof-tools/creusot-data/share/why3find/packages/creusot/creusot/int.coma", line 484, characters 8-22: axiom extensionality does not contain any local abstract symbol (contains: int, (=), t, to_int)
Warning, file "/workspace/proof-tools/creusot-data/share/why3find/packages/creusot/creusot/int.coma", line 802, characters 8-22: axiom extensionality does not contain any local abstract symbol (contains: int, (=), t, to_int)
Warning, file "/workspace/proof-tools/creusot-data/share/why3find/packages/creusot/creusot/int.coma", line 1120, characters 8-22: axiom extensionality does not contain any local abstract symbol (contains: int, (=), t, to_int)
Warning, file "/workspace/proof-tools/creusot-data/share/why3find/packages/creusot/creusot/int.coma", line 1438, characters 8-22: axiom extensionality does not contain any local abstract symbol (contains: int, (=), t, to_int)

### verif__http_headers_proof_rlib__header__name__bytes_equal_cache_control exit=0 tasks=1
Warning, file "/workspace/proof-tools/creusot-data/share/why3find/packages/creusot/creusot/int.coma", line 166, characters 8-22: axiom extensionality does not contain any local abstract symbol (contains: int, (=), t, to_int)
Warning, file "/workspace/proof-tools/creusot-data/share/why3find/packages/creusot/creusot/int.coma", line 484, characters 8-22: axiom extensionality does not contain any local abstract symbol (contains: int, (=), t, to_int)
Warning, file "/workspace/proof-tools/creusot-data/share/why3find/packages/creusot/creusot/int.coma", line 802, characters 8-22: axiom extensionality does not contain any local abstract symbol (contains: int, (=), t, to_int)
Warning, file "/workspace/proof-tools/creusot-data/share/why3find/packages/creusot/creusot/int.coma", line 1120, characters 8-22: axiom extensionality does not contain any local abstract symbol (contains: int, (=), t, to_int)
Warning, file "/workspace/proof-tools/creusot-data/share/why3find/packages/creusot/creusot/int.coma", line 1438, characters 8-22: axiom extensionality does not contain any local abstract symbol (contains: int, (=), t, to_int)

### verif__http_headers_proof_rlib__header__name__bytes_equal_cache_status exit=0 tasks=1
Warning, file "/workspace/proof-tools/creusot-data/share/why3find/packages/creusot/creusot/int.coma", line 166, characters 8-22: axiom extensionality does not contain any local abstract symbol (contains: int, (=), t, to_int)
Warning, file "/workspace/proof-tools/creusot-data/share/why3find/packages/creusot/creusot/int.coma", line 484, characters 8-22: axiom extensionality does not contain any local abstract symbol (contains: int, (=), t, to_int)
Warning, file "/workspace/proof-tools/creusot-data/share/why3find/packages/creusot/creusot/int.coma", line 802, characters 8-22: axiom extensionality does not contain any local abstract symbol (contains: int, (=), t, to_int)
Warning, file "/workspace/proof-tools/creusot-data/share/why3find/packages/creusot/creusot/int.coma", line 1120, characters 8-22: axiom extensionality does not contain any local abstract symbol (contains: int, (=), t, to_int)
Warning, file "/workspace/proof-tools/creusot-data/share/why3find/packages/creusot/creusot/int.coma", line 1438, characters 8-22: axiom extensionality does not contain any local abstract symbol (contains: int, (=), t, to_int)

### verif__http_headers_proof_rlib__header__name__bytes_equal_cdn_cache_control exit=0 tasks=1
Warning, file "/workspace/proof-tools/creusot-data/share/why3find/packages/creusot/creusot/int.coma", line 166, characters 8-22: axiom extensionality does not contain any local abstract symbol (contains: int, (=), t, to_int)
Warning, file "/workspace/proof-tools/creusot-data/share/why3find/packages/creusot/creusot/int.coma", line 484, characters 8-22: axiom extensionality does not contain any local abstract symbol (contains: int, (=), t, to_int)
Warning, file "/workspace/proof-tools/creusot-data/share/why3find/packages/creusot/creusot/int.coma", line 802, characters 8-22: axiom extensionality does not contain any local abstract symbol (contains: int, (=), t, to_int)
Warning, file "/workspace/proof-tools/creusot-data/share/why3find/packages/creusot/creusot/int.coma", line 1120, characters 8-22: axiom extensionality does not contain any local abstract symbol (contains: int, (=), t, to_int)
Warning, file "/workspace/proof-tools/creusot-data/share/why3find/packages/creusot/creusot/int.coma", line 1438, characters 8-22: axiom extensionality does not contain any local abstract symbol (contains: int, (=), t, to_int)

### verif__http_headers_proof_rlib__header__name__bytes_equal_connection exit=0 tasks=1
Warning, file "/workspace/proof-tools/creusot-data/share/why3find/packages/creusot/creusot/int.coma", line 166, characters 8-22: axiom extensionality does not contain any local abstract symbol (contains: int, (=), t, to_int)
Warning, file "/workspace/proof-tools/creusot-data/share/why3find/packages/creusot/creusot/int.coma", line 484, characters 8-22: axiom extensionality does not contain any local abstract symbol (contains: int, (=), t, to_int)
Warning, file "/workspace/proof-tools/creusot-data/share/why3find/packages/creusot/creusot/int.coma", line 802, characters 8-22: axiom extensionality does not contain any local abstract symbol (contains: int, (=), t, to_int)
Warning, file "/workspace/proof-tools/creusot-data/share/why3find/packages/creusot/creusot/int.coma", line 1120, characters 8-22: axiom extensionality does not contain any local abstract symbol (contains: int, (=), t, to_int)
Warning, file "/workspace/proof-tools/creusot-data/share/why3find/packages/creusot/creusot/int.coma", line 1438, characters 8-22: axiom extensionality does not contain any local abstract symbol (contains: int, (=), t, to_int)

### verif__http_headers_proof_rlib__header__name__bytes_equal_content_disposition exit=0 tasks=1
Warning, file "/workspace/proof-tools/creusot-data/share/why3find/packages/creusot/creusot/int.coma", line 166, characters 8-22: axiom extensionality does not contain any local abstract symbol (contains: int, (=), t, to_int)
Warning, file "/workspace/proof-tools/creusot-data/share/why3find/packages/creusot/creusot/int.coma", line 484, characters 8-22: axiom extensionality does not contain any local abstract symbol (contains: int, (=), t, to_int)
Warning, file "/workspace/proof-tools/creusot-data/share/why3find/packages/creusot/creusot/int.coma", line 802, characters 8-22: axiom extensionality does not contain any local abstract symbol (contains: int, (=), t, to_int)
Warning, file "/workspace/proof-tools/creusot-data/share/why3find/packages/creusot/creusot/int.coma", line 1120, characters 8-22: axiom extensionality does not contain any local abstract symbol (contains: int, (=), t, to_int)
Warning, file "/workspace/proof-tools/creusot-data/share/why3find/packages/creusot/creusot/int.coma", line 1438, characters 8-22: axiom extensionality does not contain any local abstract symbol (contains: int, (=), t, to_int)

### verif__http_headers_proof_rlib__header__name__bytes_equal_content_encoding exit=0 tasks=1
Warning, file "/workspace/proof-tools/creusot-data/share/why3find/packages/creusot/creusot/int.coma", line 166, characters 8-22: axiom extensionality does not contain any local abstract symbol (contains: int, (=), t, to_int)
Warning, file "/workspace/proof-tools/creusot-data/share/why3find/packages/creusot/creusot/int.coma", line 484, characters 8-22: axiom extensionality does not contain any local abstract symbol (contains: int, (=), t, to_int)
Warning, file "/workspace/proof-tools/creusot-data/share/why3find/packages/creusot/creusot/int.coma", line 802, characters 8-22: axiom extensionality does not contain any local abstract symbol (contains: int, (=), t, to_int)
Warning, file "/workspace/proof-tools/creusot-data/share/why3find/packages/creusot/creusot/int.coma", line 1120, characters 8-22: axiom extensionality does not contain any local abstract symbol (contains: int, (=), t, to_int)
Warning, file "/workspace/proof-tools/creusot-data/share/why3find/packages/creusot/creusot/int.coma", line 1438, characters 8-22: axiom extensionality does not contain any local abstract symbol (contains: int, (=), t, to_int)

### verif__http_headers_proof_rlib__header__name__bytes_equal_content_language exit=0 tasks=1
Warning, file "/workspace/proof-tools/creusot-data/share/why3find/packages/creusot/creusot/int.coma", line 166, characters 8-22: axiom extensionality does not contain any local abstract symbol (contains: int, (=), t, to_int)
Warning, file "/workspace/proof-tools/creusot-data/share/why3find/packages/creusot/creusot/int.coma", line 484, characters 8-22: axiom extensionality does not contain any local abstract symbol (contains: int, (=), t, to_int)
Warning, file "/workspace/proof-tools/creusot-data/share/why3find/packages/creusot/creusot/int.coma", line 802, characters 8-22: axiom extensionality does not contain any local abstract symbol (contains: int, (=), t, to_int)
Warning, file "/workspace/proof-tools/creusot-data/share/why3find/packages/creusot/creusot/int.coma", line 1120, characters 8-22: axiom extensionality does not contain any local abstract symbol (contains: int, (=), t, to_int)
Warning, file "/workspace/proof-tools/creusot-data/share/why3find/packages/creusot/creusot/int.coma", line 1438, characters 8-22: axiom extensionality does not contain any local abstract symbol (contains: int, (=), t, to_int)

### verif__http_headers_proof_rlib__header__name__bytes_equal_content_length exit=0 tasks=1
Warning, file "/workspace/proof-tools/creusot-data/share/why3find/packages/creusot/creusot/int.coma", line 166, characters 8-22: axiom extensionality does not contain any local abstract symbol (contains: int, (=), t, to_int)
Warning, file "/workspace/proof-tools/creusot-data/share/why3find/packages/creusot/creusot/int.coma", line 484, characters 8-22: axiom extensionality does not contain any local abstract symbol (contains: int, (=), t, to_int)
Warning, file "/workspace/proof-tools/creusot-data/share/why3find/packages/creusot/creusot/int.coma", line 802, characters 8-22: axiom extensionality does not contain any local abstract symbol (contains: int, (=), t, to_int)
Warning, file "/workspace/proof-tools/creusot-data/share/why3find/packages/creusot/creusot/int.coma", line 1120, characters 8-22: axiom extensionality does not contain any local abstract symbol (contains: int, (=), t, to_int)
Warning, file "/workspace/proof-tools/creusot-data/share/why3find/packages/creusot/creusot/int.coma", line 1438, characters 8-22: axiom extensionality does not contain any local abstract symbol (contains: int, (=), t, to_int)

### verif__http_headers_proof_rlib__header__name__bytes_equal_content_location exit=0 tasks=1
Warning, file "/workspace/proof-tools/creusot-data/share/why3find/packages/creusot/creusot/int.coma", line 166, characters 8-22: axiom extensionality does not contain any local abstract symbol (contains: int, (=), t, to_int)
Warning, file "/workspace/proof-tools/creusot-data/share/why3find/packages/creusot/creusot/int.coma", line 484, characters 8-22: axiom extensionality does not contain any local abstract symbol (contains: int, (=), t, to_int)
Warning, file "/workspace/proof-tools/creusot-data/share/why3find/packages/creusot/creusot/int.coma", line 802, characters 8-22: axiom extensionality does not contain any local abstract symbol (contains: int, (=), t, to_int)
Warning, file "/workspace/proof-tools/creusot-data/share/why3find/packages/creusot/creusot/int.coma", line 1120, characters 8-22: axiom extensionality does not contain any local abstract symbol (contains: int, (=), t, to_int)
Warning, file "/workspace/proof-tools/creusot-data/share/why3find/packages/creusot/creusot/int.coma", line 1438, characters 8-22: axiom extensionality does not contain any local abstract symbol (contains: int, (=), t, to_int)

### verif__http_headers_proof_rlib__header__name__bytes_equal_content_range exit=0 tasks=1
Warning, file "/workspace/proof-tools/creusot-data/share/why3find/packages/creusot/creusot/int.coma", line 166, characters 8-22: axiom extensionality does not contain any local abstract symbol (contains: int, (=), t, to_int)
Warning, file "/workspace/proof-tools/creusot-data/share/why3find/packages/creusot/creusot/int.coma", line 484, characters 8-22: axiom extensionality does not contain any local abstract symbol (contains: int, (=), t, to_int)
Warning, file "/workspace/proof-tools/creusot-data/share/why3find/packages/creusot/creusot/int.coma", line 802, characters 8-22: axiom extensionality does not contain any local abstract symbol (contains: int, (=), t, to_int)
Warning, file "/workspace/proof-tools/creusot-data/share/why3find/packages/creusot/creusot/int.coma", line 1120, characters 8-22: axiom extensionality does not contain any local abstract symbol (contains: int, (=), t, to_int)
Warning, file "/workspace/proof-tools/creusot-data/share/why3find/packages/creusot/creusot/int.coma", line 1438, characters 8-22: axiom extensionality does not contain any local abstract symbol (contains: int, (=), t, to_int)

### verif__http_headers_proof_rlib__header__name__bytes_equal_content_security_policy exit=0 tasks=1
Warning, file "/workspace/proof-tools/creusot-data/share/why3find/packages/creusot/creusot/int.coma", line 166, characters 8-22: axiom extensionality does not contain any local abstract symbol (contains: int, (=), t, to_int)
Warning, file "/workspace/proof-tools/creusot-data/share/why3find/packages/creusot/creusot/int.coma", line 484, characters 8-22: axiom extensionality does not contain any local abstract symbol (contains: int, (=), t, to_int)
Warning, file "/workspace/proof-tools/creusot-data/share/why3find/packages/creusot/creusot/int.coma", line 802, characters 8-22: axiom extensionality does not contain any local abstract symbol (contains: int, (=), t, to_int)
Warning, file "/workspace/proof-tools/creusot-data/share/why3find/packages/creusot/creusot/int.coma", line 1120, characters 8-22: axiom extensionality does not contain any local abstract symbol (contains: int, (=), t, to_int)
Warning, file "/workspace/proof-tools/creusot-data/share/why3find/packages/creusot/creusot/int.coma", line 1438, characters 8-22: axiom extensionality does not contain any local abstract symbol (contains: int, (=), t, to_int)

### verif__http_headers_proof_rlib__header__name__bytes_equal_content_security_policy_report_only exit=0 tasks=1
Warning, file "/workspace/proof-tools/creusot-data/share/why3find/packages/creusot/creusot/int.coma", line 166, characters 8-22: axiom extensionality does not contain any local abstract symbol (contains: int, (=), t, to_int)
Warning, file "/workspace/proof-tools/creusot-data/share/why3find/packages/creusot/creusot/int.coma", line 484, characters 8-22: axiom extensionality does not contain any local abstract symbol (contains: int, (=), t, to_int)
Warning, file "/workspace/proof-tools/creusot-data/share/why3find/packages/creusot/creusot/int.coma", line 802, characters 8-22: axiom extensionality does not contain any local abstract symbol (contains: int, (=), t, to_int)
Warning, file "/workspace/proof-tools/creusot-data/share/why3find/packages/creusot/creusot/int.coma", line 1120, characters 8-22: axiom extensionality does not contain any local abstract symbol (contains: int, (=), t, to_int)
Warning, file "/workspace/proof-tools/creusot-data/share/why3find/packages/creusot/creusot/int.coma", line 1438, characters 8-22: axiom extensionality does not contain any local abstract symbol (contains: int, (=), t, to_int)

### verif__http_headers_proof_rlib__header__name__bytes_equal_content_type exit=0 tasks=1
Warning, file "/workspace/proof-tools/creusot-data/share/why3find/packages/creusot/creusot/int.coma", line 166, characters 8-22: axiom extensionality does not contain any local abstract symbol (contains: int, (=), t, to_int)
Warning, file "/workspace/proof-tools/creusot-data/share/why3find/packages/creusot/creusot/int.coma", line 484, characters 8-22: axiom extensionality does not contain any local abstract symbol (contains: int, (=), t, to_int)
Warning, file "/workspace/proof-tools/creusot-data/share/why3find/packages/creusot/creusot/int.coma", line 802, characters 8-22: axiom extensionality does not contain any local abstract symbol (contains: int, (=), t, to_int)
Warning, file "/workspace/proof-tools/creusot-data/share/why3find/packages/creusot/creusot/int.coma", line 1120, characters 8-22: axiom extensionality does not contain any local abstract symbol (contains: int, (=), t, to_int)
Warning, file "/workspace/proof-tools/creusot-data/share/why3find/packages/creusot/creusot/int.coma", line 1438, characters 8-22: axiom extensionality does not contain any local abstract symbol (contains: int, (=), t, to_int)

### verif__http_headers_proof_rlib__header__name__bytes_equal_cookie exit=0 tasks=1
Warning, file "/workspace/proof-tools/creusot-data/share/why3find/packages/creusot/creusot/int.coma", line 166, characters 8-22: axiom extensionality does not contain any local abstract symbol (contains: int, (=), t, to_int)
Warning, file "/workspace/proof-tools/creusot-data/share/why3find/packages/creusot/creusot/int.coma", line 484, characters 8-22: axiom extensionality does not contain any local abstract symbol (contains: int, (=), t, to_int)
Warning, file "/workspace/proof-tools/creusot-data/share/why3find/packages/creusot/creusot/int.coma", line 802, characters 8-22: axiom extensionality does not contain any local abstract symbol (contains: int, (=), t, to_int)
Warning, file "/workspace/proof-tools/creusot-data/share/why3find/packages/creusot/creusot/int.coma", line 1120, characters 8-22: axiom extensionality does not contain any local abstract symbol (contains: int, (=), t, to_int)
Warning, file "/workspace/proof-tools/creusot-data/share/why3find/packages/creusot/creusot/int.coma", line 1438, characters 8-22: axiom extensionality does not contain any local abstract symbol (contains: int, (=), t, to_int)

### verif__http_headers_proof_rlib__header__name__bytes_equal_date exit=0 tasks=1
Warning, file "/workspace/proof-tools/creusot-data/share/why3find/packages/creusot/creusot/int.coma", line 166, characters 8-22: axiom extensionality does not contain any local abstract symbol (contains: int, (=), t, to_int)
Warning, file "/workspace/proof-tools/creusot-data/share/why3find/packages/creusot/creusot/int.coma", line 484, characters 8-22: axiom extensionality does not contain any local abstract symbol (contains: int, (=), t, to_int)
Warning, file "/workspace/proof-tools/creusot-data/share/why3find/packages/creusot/creusot/int.coma", line 802, characters 8-22: axiom extensionality does not contain any local abstract symbol (contains: int, (=), t, to_int)
Warning, file "/workspace/proof-tools/creusot-data/share/why3find/packages/creusot/creusot/int.coma", line 1120, characters 8-22: axiom extensionality does not contain any local abstract symbol (contains: int, (=), t, to_int)
Warning, file "/workspace/proof-tools/creusot-data/share/why3find/packages/creusot/creusot/int.coma", line 1438, characters 8-22: axiom extensionality does not contain any local abstract symbol (contains: int, (=), t, to_int)

### verif__http_headers_proof_rlib__header__name__bytes_equal_dnt exit=0 tasks=1
Warning, file "/workspace/proof-tools/creusot-data/share/why3find/packages/creusot/creusot/int.coma", line 166, characters 8-22: axiom extensionality does not contain any local abstract symbol (contains: int, (=), t, to_int)
Warning, file "/workspace/proof-tools/creusot-data/share/why3find/packages/creusot/creusot/int.coma", line 484, characters 8-22: axiom extensionality does not contain any local abstract symbol (contains: int, (=), t, to_int)
Warning, file "/workspace/proof-tools/creusot-data/share/why3find/packages/creusot/creusot/int.coma", line 802, characters 8-22: axiom extensionality does not contain any local abstract symbol (contains: int, (=), t, to_int)
Warning, file "/workspace/proof-tools/creusot-data/share/why3find/packages/creusot/creusot/int.coma", line 1120, characters 8-22: axiom extensionality does not contain any local abstract symbol (contains: int, (=), t, to_int)
Warning, file "/workspace/proof-tools/creusot-data/share/why3find/packages/creusot/creusot/int.coma", line 1438, characters 8-22: axiom extensionality does not contain any local abstract symbol (contains: int, (=), t, to_int)

### verif__http_headers_proof_rlib__header__name__bytes_equal_etag exit=0 tasks=1
Warning, file "/workspace/proof-tools/creusot-data/share/why3find/packages/creusot/creusot/int.coma", line 166, characters 8-22: axiom extensionality does not contain any local abstract symbol (contains: int, (=), t, to_int)
Warning, file "/workspace/proof-tools/creusot-data/share/why3find/packages/creusot/creusot/int.coma", line 484, characters 8-22: axiom extensionality does not contain any local abstract symbol (contains: int, (=), t, to_int)
Warning, file "/workspace/proof-tools/creusot-data/share/why3find/packages/creusot/creusot/int.coma", line 802, characters 8-22: axiom extensionality does not contain any local abstract symbol (contains: int, (=), t, to_int)
Warning, file "/workspace/proof-tools/creusot-data/share/why3find/packages/creusot/creusot/int.coma", line 1120, characters 8-22: axiom extensionality does not contain any local abstract symbol (contains: int, (=), t, to_int)
Warning, file "/workspace/proof-tools/creusot-data/share/why3find/packages/creusot/creusot/int.coma", line 1438, characters 8-22: axiom extensionality does not contain any local abstract symbol (contains: int, (=), t, to_int)

### verif__http_headers_proof_rlib__header__name__bytes_equal_expect exit=0 tasks=1
Warning, file "/workspace/proof-tools/creusot-data/share/why3find/packages/creusot/creusot/int.coma", line 166, characters 8-22: axiom extensionality does not contain any local abstract symbol (contains: int, (=), t, to_int)
Warning, file "/workspace/proof-tools/creusot-data/share/why3find/packages/creusot/creusot/int.coma", line 484, characters 8-22: axiom extensionality does not contain any local abstract symbol (contains: int, (=), t, to_int)
Warning, file "/workspace/proof-tools/creusot-data/share/why3find/packages/creusot/creusot/int.coma", line 802, characters 8-22: axiom extensionality does not contain any local abstract symbol (contains: int, (=), t, to_int)
Warning, file "/workspace/proof-tools/creusot-data/share/why3find/packages/creusot/creusot/int.coma", line 1120, characters 8-22: axiom extensionality does not contain any local abstract symbol (contains: int, (=), t, to_int)
Warning, file "/workspace/proof-tools/creusot-data/share/why3find/packages/creusot/creusot/int.coma", line 1438, characters 8-22: axiom extensionality does not contain any local abstract symbol (contains: int, (=), t, to_int)

### verif__http_headers_proof_rlib__header__name__bytes_equal_expires exit=0 tasks=1
Warning, file "/workspace/proof-tools/creusot-data/share/why3find/packages/creusot/creusot/int.coma", line 166, characters 8-22: axiom extensionality does not contain any local abstract symbol (contains: int, (=), t, to_int)
Warning, file "/workspace/proof-tools/creusot-data/share/why3find/packages/creusot/creusot/int.coma", line 484, characters 8-22: axiom extensionality does not contain any local abstract symbol (contains: int, (=), t, to_int)
Warning, file "/workspace/proof-tools/creusot-data/share/why3find/packages/creusot/creusot/int.coma", line 802, characters 8-22: axiom extensionality does not contain any local abstract symbol (contains: int, (=), t, to_int)
Warning, file "/workspace/proof-tools/creusot-data/share/why3find/packages/creusot/creusot/int.coma", line 1120, characters 8-22: axiom extensionality does not contain any local abstract symbol (contains: int, (=), t, to_int)
Warning, file "/workspace/proof-tools/creusot-data/share/why3find/packages/creusot/creusot/int.coma", line 1438, characters 8-22: axiom extensionality does not contain any local abstract symbol (contains: int, (=), t, to_int)

### verif__http_headers_proof_rlib__header__name__bytes_equal_forwarded exit=0 tasks=1
Warning, file "/workspace/proof-tools/creusot-data/share/why3find/packages/creusot/creusot/int.coma", line 166, characters 8-22: axiom extensionality does not contain any local abstract symbol (contains: int, (=), t, to_int)
Warning, file "/workspace/proof-tools/creusot-data/share/why3find/packages/creusot/creusot/int.coma", line 484, characters 8-22: axiom extensionality does not contain any local abstract symbol (contains: int, (=), t, to_int)
Warning, file "/workspace/proof-tools/creusot-data/share/why3find/packages/creusot/creusot/int.coma", line 802, characters 8-22: axiom extensionality does not contain any local abstract symbol (contains: int, (=), t, to_int)
Warning, file "/workspace/proof-tools/creusot-data/share/why3find/packages/creusot/creusot/int.coma", line 1120, characters 8-22: axiom extensionality does not contain any local abstract symbol (contains: int, (=), t, to_int)
Warning, file "/workspace/proof-tools/creusot-data/share/why3find/packages/creusot/creusot/int.coma", line 1438, characters 8-22: axiom extensionality does not contain any local abstract symbol (contains: int, (=), t, to_int)

### verif__http_headers_proof_rlib__header__name__bytes_equal_from exit=0 tasks=1
Warning, file "/workspace/proof-tools/creusot-data/share/why3find/packages/creusot/creusot/int.coma", line 166, characters 8-22: axiom extensionality does not contain any local abstract symbol (contains: int, (=), t, to_int)
Warning, file "/workspace/proof-tools/creusot-data/share/why3find/packages/creusot/creusot/int.coma", line 484, characters 8-22: axiom extensionality does not contain any local abstract symbol (contains: int, (=), t, to_int)
Warning, file "/workspace/proof-tools/creusot-data/share/why3find/packages/creusot/creusot/int.coma", line 802, characters 8-22: axiom extensionality does not contain any local abstract symbol (contains: int, (=), t, to_int)
Warning, file "/workspace/proof-tools/creusot-data/share/why3find/packages/creusot/creusot/int.coma", line 1120, characters 8-22: axiom extensionality does not contain any local abstract symbol (contains: int, (=), t, to_int)
Warning, file "/workspace/proof-tools/creusot-data/share/why3find/packages/creusot/creusot/int.coma", line 1438, characters 8-22: axiom extensionality does not contain any local abstract symbol (contains: int, (=), t, to_int)

### verif__http_headers_proof_rlib__header__name__bytes_equal_host exit=0 tasks=1
Warning, file "/workspace/proof-tools/creusot-data/share/why3find/packages/creusot/creusot/int.coma", line 166, characters 8-22: axiom extensionality does not contain any local abstract symbol (contains: int, (=), t, to_int)
Warning, file "/workspace/proof-tools/creusot-data/share/why3find/packages/creusot/creusot/int.coma", line 484, characters 8-22: axiom extensionality does not contain any local abstract symbol (contains: int, (=), t, to_int)
Warning, file "/workspace/proof-tools/creusot-data/share/why3find/packages/creusot/creusot/int.coma", line 802, characters 8-22: axiom extensionality does not contain any local abstract symbol (contains: int, (=), t, to_int)
Warning, file "/workspace/proof-tools/creusot-data/share/why3find/packages/creusot/creusot/int.coma", line 1120, characters 8-22: axiom extensionality does not contain any local abstract symbol (contains: int, (=), t, to_int)
Warning, file "/workspace/proof-tools/creusot-data/share/why3find/packages/creusot/creusot/int.coma", line 1438, characters 8-22: axiom extensionality does not contain any local abstract symbol (contains: int, (=), t, to_int)

### verif__http_headers_proof_rlib__header__name__bytes_equal_if_match exit=0 tasks=1
Warning, file "/workspace/proof-tools/creusot-data/share/why3find/packages/creusot/creusot/int.coma", line 166, characters 8-22: axiom extensionality does not contain any local abstract symbol (contains: int, (=), t, to_int)
Warning, file "/workspace/proof-tools/creusot-data/share/why3find/packages/creusot/creusot/int.coma", line 484, characters 8-22: axiom extensionality does not contain any local abstract symbol (contains: int, (=), t, to_int)
Warning, file "/workspace/proof-tools/creusot-data/share/why3find/packages/creusot/creusot/int.coma", line 802, characters 8-22: axiom extensionality does not contain any local abstract symbol (contains: int, (=), t, to_int)
Warning, file "/workspace/proof-tools/creusot-data/share/why3find/packages/creusot/creusot/int.coma", line 1120, characters 8-22: axiom extensionality does not contain any local abstract symbol (contains: int, (=), t, to_int)
Warning, file "/workspace/proof-tools/creusot-data/share/why3find/packages/creusot/creusot/int.coma", line 1438, characters 8-22: axiom extensionality does not contain any local abstract symbol (contains: int, (=), t, to_int)

### verif__http_headers_proof_rlib__header__name__bytes_equal_if_modified_since exit=0 tasks=1
Warning, file "/workspace/proof-tools/creusot-data/share/why3find/packages/creusot/creusot/int.coma", line 166, characters 8-22: axiom extensionality does not contain any local abstract symbol (contains: int, (=), t, to_int)
Warning, file "/workspace/proof-tools/creusot-data/share/why3find/packages/creusot/creusot/int.coma", line 484, characters 8-22: axiom extensionality does not contain any local abstract symbol (contains: int, (=), t, to_int)
Warning, file "/workspace/proof-tools/creusot-data/share/why3find/packages/creusot/creusot/int.coma", line 802, characters 8-22: axiom extensionality does not contain any local abstract symbol (contains: int, (=), t, to_int)
Warning, file "/workspace/proof-tools/creusot-data/share/why3find/packages/creusot/creusot/int.coma", line 1120, characters 8-22: axiom extensionality does not contain any local abstract symbol (contains: int, (=), t, to_int)
Warning, file "/workspace/proof-tools/creusot-data/share/why3find/packages/creusot/creusot/int.coma", line 1438, characters 8-22: axiom extensionality does not contain any local abstract symbol (contains: int, (=), t, to_int)

### verif__http_headers_proof_rlib__header__name__bytes_equal_if_none_match exit=0 tasks=1
Warning, file "/workspace/proof-tools/creusot-data/share/why3find/packages/creusot/creusot/int.coma", line 166, characters 8-22: axiom extensionality does not contain any local abstract symbol (contains: int, (=), t, to_int)
Warning, file "/workspace/proof-tools/creusot-data/share/why3find/packages/creusot/creusot/int.coma", line 484, characters 8-22: axiom extensionality does not contain any local abstract symbol (contains: int, (=), t, to_int)
Warning, file "/workspace/proof-tools/creusot-data/share/why3find/packages/creusot/creusot/int.coma", line 802, characters 8-22: axiom extensionality does not contain any local abstract symbol (contains: int, (=), t, to_int)
Warning, file "/workspace/proof-tools/creusot-data/share/why3find/packages/creusot/creusot/int.coma", line 1120, characters 8-22: axiom extensionality does not contain any local abstract symbol (contains: int, (=), t, to_int)
Warning, file "/workspace/proof-tools/creusot-data/share/why3find/packages/creusot/creusot/int.coma", line 1438, characters 8-22: axiom extensionality does not contain any local abstract symbol (contains: int, (=), t, to_int)

### verif__http_headers_proof_rlib__header__name__bytes_equal_if_range exit=0 tasks=1
Warning, file "/workspace/proof-tools/creusot-data/share/why3find/packages/creusot/creusot/int.coma", line 166, characters 8-22: axiom extensionality does not contain any local abstract symbol (contains: int, (=), t, to_int)
Warning, file "/workspace/proof-tools/creusot-data/share/why3find/packages/creusot/creusot/int.coma", line 484, characters 8-22: axiom extensionality does not contain any local abstract symbol (contains: int, (=), t, to_int)
Warning, file "/workspace/proof-tools/creusot-data/share/why3find/packages/creusot/creusot/int.coma", line 802, characters 8-22: axiom extensionality does not contain any local abstract symbol (contains: int, (=), t, to_int)
Warning, file "/workspace/proof-tools/creusot-data/share/why3find/packages/creusot/creusot/int.coma", line 1120, characters 8-22: axiom extensionality does not contain any local abstract symbol (contains: int, (=), t, to_int)
Warning, file "/workspace/proof-tools/creusot-data/share/why3find/packages/creusot/creusot/int.coma", line 1438, characters 8-22: axiom extensionality does not contain any local abstract symbol (contains: int, (=), t, to_int)

### verif__http_headers_proof_rlib__header__name__bytes_equal_if_unmodified_since exit=0 tasks=1
Warning, file "/workspace/proof-tools/creusot-data/share/why3find/packages/creusot/creusot/int.coma", line 166, characters 8-22: axiom extensionality does not contain any local abstract symbol (contains: int, (=), t, to_int)
Warning, file "/workspace/proof-tools/creusot-data/share/why3find/packages/creusot/creusot/int.coma", line 484, characters 8-22: axiom extensionality does not contain any local abstract symbol (contains: int, (=), t, to_int)
Warning, file "/workspace/proof-tools/creusot-data/share/why3find/packages/creusot/creusot/int.coma", line 802, characters 8-22: axiom extensionality does not contain any local abstract symbol (contains: int, (=), t, to_int)
Warning, file "/workspace/proof-tools/creusot-data/share/why3find/packages/creusot/creusot/int.coma", line 1120, characters 8-22: axiom extensionality does not contain any local abstract symbol (contains: int, (=), t, to_int)
Warning, file "/workspace/proof-tools/creusot-data/share/why3find/packages/creusot/creusot/int.coma", line 1438, characters 8-22: axiom extensionality does not contain any local abstract symbol (contains: int, (=), t, to_int)

### verif__http_headers_proof_rlib__header__name__bytes_equal_last_modified exit=0 tasks=1
Warning, file "/workspace/proof-tools/creusot-data/share/why3find/packages/creusot/creusot/int.coma", line 166, characters 8-22: axiom extensionality does not contain any local abstract symbol (contains: int, (=), t, to_int)
Warning, file "/workspace/proof-tools/creusot-data/share/why3find/packages/creusot/creusot/int.coma", line 484, characters 8-22: axiom extensionality does not contain any local abstract symbol (contains: int, (=), t, to_int)
Warning, file "/workspace/proof-tools/creusot-data/share/why3find/packages/creusot/creusot/int.coma", line 802, characters 8-22: axiom extensionality does not contain any local abstract symbol (contains: int, (=), t, to_int)
Warning, file "/workspace/proof-tools/creusot-data/share/why3find/packages/creusot/creusot/int.coma", line 1120, characters 8-22: axiom extensionality does not contain any local abstract symbol (contains: int, (=), t, to_int)
Warning, file "/workspace/proof-tools/creusot-data/share/why3find/packages/creusot/creusot/int.coma", line 1438, characters 8-22: axiom extensionality does not contain any local abstract symbol (contains: int, (=), t, to_int)

### verif__http_headers_proof_rlib__header__name__bytes_equal_link exit=0 tasks=1
Warning, file "/workspace/proof-tools/creusot-data/share/why3find/packages/creusot/creusot/int.coma", line 166, characters 8-22: axiom extensionality does not contain any local abstract symbol (contains: int, (=), t, to_int)
Warning, file "/workspace/proof-tools/creusot-data/share/why3find/packages/creusot/creusot/int.coma", line 484, characters 8-22: axiom extensionality does not contain any local abstract symbol (contains: int, (=), t, to_int)
Warning, file "/workspace/proof-tools/creusot-data/share/why3find/packages/creusot/creusot/int.coma", line 802, characters 8-22: axiom extensionality does not contain any local abstract symbol (contains: int, (=), t, to_int)
Warning, file "/workspace/proof-tools/creusot-data/share/why3find/packages/creusot/creusot/int.coma", line 1120, characters 8-22: axiom extensionality does not contain any local abstract symbol (contains: int, (=), t, to_int)
Warning, file "/workspace/proof-tools/creusot-data/share/why3find/packages/creusot/creusot/int.coma", line 1438, characters 8-22: axiom extensionality does not contain any local abstract symbol (contains: int, (=), t, to_int)

### verif__http_headers_proof_rlib__header__name__bytes_equal_location exit=0 tasks=1
Warning, file "/workspace/proof-tools/creusot-data/share/why3find/packages/creusot/creusot/int.coma", line 166, characters 8-22: axiom extensionality does not contain any local abstract symbol (contains: int, (=), t, to_int)
Warning, file "/workspace/proof-tools/creusot-data/share/why3find/packages/creusot/creusot/int.coma", line 484, characters 8-22: axiom extensionality does not contain any local abstract symbol (contains: int, (=), t, to_int)
Warning, file "/workspace/proof-tools/creusot-data/share/why3find/packages/creusot/creusot/int.coma", line 802, characters 8-22: axiom extensionality does not contain any local abstract symbol (contains: int, (=), t, to_int)
Warning, file "/workspace/proof-tools/creusot-data/share/why3find/packages/creusot/creusot/int.coma", line 1120, characters 8-22: axiom extensionality does not contain any local abstract symbol (contains: int, (=), t, to_int)
Warning, file "/workspace/proof-tools/creusot-data/share/why3find/packages/creusot/creusot/int.coma", line 1438, characters 8-22: axiom extensionality does not contain any local abstract symbol (contains: int, (=), t, to_int)

### verif__http_headers_proof_rlib__header__name__bytes_equal_max_forwards exit=0 tasks=1
Warning, file "/workspace/proof-tools/creusot-data/share/why3find/packages/creusot/creusot/int.coma", line 166, characters 8-22: axiom extensionality does not contain any local abstract symbol (contains: int, (=), t, to_int)
Warning, file "/workspace/proof-tools/creusot-data/share/why3find/packages/creusot/creusot/int.coma", line 484, characters 8-22: axiom extensionality does not contain any local abstract symbol (contains: int, (=), t, to_int)
Warning, file "/workspace/proof-tools/creusot-data/share/why3find/packages/creusot/creusot/int.coma", line 802, characters 8-22: axiom extensionality does not contain any local abstract symbol (contains: int, (=), t, to_int)
Warning, file "/workspace/proof-tools/creusot-data/share/why3find/packages/creusot/creusot/int.coma", line 1120, characters 8-22: axiom extensionality does not contain any local abstract symbol (contains: int, (=), t, to_int)
Warning, file "/workspace/proof-tools/creusot-data/share/why3find/packages/creusot/creusot/int.coma", line 1438, characters 8-22: axiom extensionality does not contain any local abstract symbol (contains: int, (=), t, to_int)

### verif__http_headers_proof_rlib__header__name__bytes_equal_origin exit=0 tasks=1
Warning, file "/workspace/proof-tools/creusot-data/share/why3find/packages/creusot/creusot/int.coma", line 166, characters 8-22: axiom extensionality does not contain any local abstract symbol (contains: int, (=), t, to_int)
Warning, file "/workspace/proof-tools/creusot-data/share/why3find/packages/creusot/creusot/int.coma", line 484, characters 8-22: axiom extensionality does not contain any local abstract symbol (contains: int, (=), t, to_int)
Warning, file "/workspace/proof-tools/creusot-data/share/why3find/packages/creusot/creusot/int.coma", line 802, characters 8-22: axiom extensionality does not contain any local abstract symbol (contains: int, (=), t, to_int)
Warning, file "/workspace/proof-tools/creusot-data/share/why3find/packages/creusot/creusot/int.coma", line 1120, characters 8-22: axiom extensionality does not contain any local abstract symbol (contains: int, (=), t, to_int)
Warning, file "/workspace/proof-tools/creusot-data/share/why3find/packages/creusot/creusot/int.coma", line 1438, characters 8-22: axiom extensionality does not contain any local abstract symbol (contains: int, (=), t, to_int)

### verif__http_headers_proof_rlib__header__name__bytes_equal_pragma exit=0 tasks=1
Warning, file "/workspace/proof-tools/creusot-data/share/why3find/packages/creusot/creusot/int.coma", line 166, characters 8-22: axiom extensionality does not contain any local abstract symbol (contains: int, (=), t, to_int)
Warning, file "/workspace/proof-tools/creusot-data/share/why3find/packages/creusot/creusot/int.coma", line 484, characters 8-22: axiom extensionality does not contain any local abstract symbol (contains: int, (=), t, to_int)
Warning, file "/workspace/proof-tools/creusot-data/share/why3find/packages/creusot/creusot/int.coma", line 802, characters 8-22: axiom extensionality does not contain any local abstract symbol (contains: int, (=), t, to_int)
Warning, file "/workspace/proof-tools/creusot-data/share/why3find/packages/creusot/creusot/int.coma", line 1120, characters 8-22: axiom extensionality does not contain any local abstract symbol (contains: int, (=), t, to_int)
Warning, file "/workspace/proof-tools/creusot-data/share/why3find/packages/creusot/creusot/int.coma", line 1438, characters 8-22: axiom extensionality does not contain any local abstract symbol (contains: int, (=), t, to_int)

### verif__http_headers_proof_rlib__header__name__bytes_equal_proxy_authenticate exit=0 tasks=1
Warning, file "/workspace/proof-tools/creusot-data/share/why3find/packages/creusot/creusot/int.coma", line 166, characters 8-22: axiom extensionality does not contain any local abstract symbol (contains: int, (=), t, to_int)
Warning, file "/workspace/proof-tools/creusot-data/share/why3find/packages/creusot/creusot/int.coma", line 484, characters 8-22: axiom extensionality does not contain any local abstract symbol (contains: int, (=), t, to_int)
Warning, file "/workspace/proof-tools/creusot-data/share/why3find/packages/creusot/creusot/int.coma", line 802, characters 8-22: axiom extensionality does not contain any local abstract symbol (contains: int, (=), t, to_int)
Warning, file "/workspace/proof-tools/creusot-data/share/why3find/packages/creusot/creusot/int.coma", line 1120, characters 8-22: axiom extensionality does not contain any local abstract symbol (contains: int, (=), t, to_int)
Warning, file "/workspace/proof-tools/creusot-data/share/why3find/packages/creusot/creusot/int.coma", line 1438, characters 8-22: axiom extensionality does not contain any local abstract symbol (contains: int, (=), t, to_int)

### verif__http_headers_proof_rlib__header__name__bytes_equal_proxy_authorization exit=0 tasks=1
Warning, file "/workspace/proof-tools/creusot-data/share/why3find/packages/creusot/creusot/int.coma", line 166, characters 8-22: axiom extensionality does not contain any local abstract symbol (contains: int, (=), t, to_int)
Warning, file "/workspace/proof-tools/creusot-data/share/why3find/packages/creusot/creusot/int.coma", line 484, characters 8-22: axiom extensionality does not contain any local abstract symbol (contains: int, (=), t, to_int)
Warning, file "/workspace/proof-tools/creusot-data/share/why3find/packages/creusot/creusot/int.coma", line 802, characters 8-22: axiom extensionality does not contain any local abstract symbol (contains: int, (=), t, to_int)
Warning, file "/workspace/proof-tools/creusot-data/share/why3find/packages/creusot/creusot/int.coma", line 1120, characters 8-22: axiom extensionality does not contain any local abstract symbol (contains: int, (=), t, to_int)
Warning, file "/workspace/proof-tools/creusot-data/share/why3find/packages/creusot/creusot/int.coma", line 1438, characters 8-22: axiom extensionality does not contain any local abstract symbol (contains: int, (=), t, to_int)

### verif__http_headers_proof_rlib__header__name__bytes_equal_public_key_pins exit=0 tasks=1
Warning, file "/workspace/proof-tools/creusot-data/share/why3find/packages/creusot/creusot/int.coma", line 166, characters 8-22: axiom extensionality does not contain any local abstract symbol (contains: int, (=), t, to_int)
Warning, file "/workspace/proof-tools/creusot-data/share/why3find/packages/creusot/creusot/int.coma", line 484, characters 8-22: axiom extensionality does not contain any local abstract symbol (contains: int, (=), t, to_int)
Warning, file "/workspace/proof-tools/creusot-data/share/why3find/packages/creusot/creusot/int.coma", line 802, characters 8-22: axiom extensionality does not contain any local abstract symbol (contains: int, (=), t, to_int)
Warning, file "/workspace/proof-tools/creusot-data/share/why3find/packages/creusot/creusot/int.coma", line 1120, characters 8-22: axiom extensionality does not contain any local abstract symbol (contains: int, (=), t, to_int)
Warning, file "/workspace/proof-tools/creusot-data/share/why3find/packages/creusot/creusot/int.coma", line 1438, characters 8-22: axiom extensionality does not contain any local abstract symbol (contains: int, (=), t, to_int)

### verif__http_headers_proof_rlib__header__name__bytes_equal_public_key_pins_report_only exit=0 tasks=1
Warning, file "/workspace/proof-tools/creusot-data/share/why3find/packages/creusot/creusot/int.coma", line 166, characters 8-22: axiom extensionality does not contain any local abstract symbol (contains: int, (=), t, to_int)
Warning, file "/workspace/proof-tools/creusot-data/share/why3find/packages/creusot/creusot/int.coma", line 484, characters 8-22: axiom extensionality does not contain any local abstract symbol (contains: int, (=), t, to_int)
Warning, file "/workspace/proof-tools/creusot-data/share/why3find/packages/creusot/creusot/int.coma", line 802, characters 8-22: axiom extensionality does not contain any local abstract symbol (contains: int, (=), t, to_int)
Warning, file "/workspace/proof-tools/creusot-data/share/why3find/packages/creusot/creusot/int.coma", line 1120, characters 8-22: axiom extensionality does not contain any local abstract symbol (contains: int, (=), t, to_int)
Warning, file "/workspace/proof-tools/creusot-data/share/why3find/packages/creusot/creusot/int.coma", line 1438, characters 8-22: axiom extensionality does not contain any local abstract symbol (contains: int, (=), t, to_int)

### verif__http_headers_proof_rlib__header__name__bytes_equal_range exit=0 tasks=1
Warning, file "/workspace/proof-tools/creusot-data/share/why3find/packages/creusot/creusot/int.coma", line 166, characters 8-22: axiom extensionality does not contain any local abstract symbol (contains: int, (=), t, to_int)
Warning, file "/workspace/proof-tools/creusot-data/share/why3find/packages/creusot/creusot/int.coma", line 484, characters 8-22: axiom extensionality does not contain any local abstract symbol (contains: int, (=), t, to_int)
Warning, file "/workspace/proof-tools/creusot-data/share/why3find/packages/creusot/creusot/int.coma", line 802, characters 8-22: axiom extensionality does not contain any local abstract symbol (contains: int, (=), t, to_int)
Warning, file "/workspace/proof-tools/creusot-data/share/why3find/packages/creusot/creusot/int.coma", line 1120, characters 8-22: axiom extensionality does not contain any local abstract symbol (contains: int, (=), t, to_int)
Warning, file "/workspace/proof-tools/creusot-data/share/why3find/packages/creusot/creusot/int.coma", line 1438, characters 8-22: axiom extensionality does not contain any local abstract symbol (contains: int, (=), t, to_int)

### verif__http_headers_proof_rlib__header__name__bytes_equal_referer exit=0 tasks=1
Warning, file "/workspace/proof-tools/creusot-data/share/why3find/packages/creusot/creusot/int.coma", line 166, characters 8-22: axiom extensionality does not contain any local abstract symbol (contains: int, (=), t, to_int)
Warning, file "/workspace/proof-tools/creusot-data/share/why3find/packages/creusot/creusot/int.coma", line 484, characters 8-22: axiom extensionality does not contain any local abstract symbol (contains: int, (=), t, to_int)
Warning, file "/workspace/proof-tools/creusot-data/share/why3find/packages/creusot/creusot/int.coma", line 802, characters 8-22: axiom extensionality does not contain any local abstract symbol (contains: int, (=), t, to_int)
Warning, file "/workspace/proof-tools/creusot-data/share/why3find/packages/creusot/creusot/int.coma", line 1120, characters 8-22: axiom extensionality does not contain any local abstract symbol (contains: int, (=), t, to_int)
Warning, file "/workspace/proof-tools/creusot-data/share/why3find/packages/creusot/creusot/int.coma", line 1438, characters 8-22: axiom extensionality does not contain any local abstract symbol (contains: int, (=), t, to_int)

### verif__http_headers_proof_rlib__header__name__bytes_equal_referrer_policy exit=0 tasks=1
Warning, file "/workspace/proof-tools/creusot-data/share/why3find/packages/creusot/creusot/int.coma", line 166, characters 8-22: axiom extensionality does not contain any local abstract symbol (contains: int, (=), t, to_int)
Warning, file "/workspace/proof-tools/creusot-data/share/why3find/packages/creusot/creusot/int.coma", line 484, characters 8-22: axiom extensionality does not contain any local abstract symbol (contains: int, (=), t, to_int)
Warning, file "/workspace/proof-tools/creusot-data/share/why3find/packages/creusot/creusot/int.coma", line 802, characters 8-22: axiom extensionality does not contain any local abstract symbol (contains: int, (=), t, to_int)
Warning, file "/workspace/proof-tools/creusot-data/share/why3find/packages/creusot/creusot/int.coma", line 1120, characters 8-22: axiom extensionality does not contain any local abstract symbol (contains: int, (=), t, to_int)
Warning, file "/workspace/proof-tools/creusot-data/share/why3find/packages/creusot/creusot/int.coma", line 1438, characters 8-22: axiom extensionality does not contain any local abstract symbol (contains: int, (=), t, to_int)

### verif__http_headers_proof_rlib__header__name__bytes_equal_refresh exit=0 tasks=1
Warning, file "/workspace/proof-tools/creusot-data/share/why3find/packages/creusot/creusot/int.coma", line 166, characters 8-22: axiom extensionality does not contain any local abstract symbol (contains: int, (=), t, to_int)
Warning, file "/workspace/proof-tools/creusot-data/share/why3find/packages/creusot/creusot/int.coma", line 484, characters 8-22: axiom extensionality does not contain any local abstract symbol (contains: int, (=), t, to_int)
Warning, file "/workspace/proof-tools/creusot-data/share/why3find/packages/creusot/creusot/int.coma", line 802, characters 8-22: axiom extensionality does not contain any local abstract symbol (contains: int, (=), t, to_int)
Warning, file "/workspace/proof-tools/creusot-data/share/why3find/packages/creusot/creusot/int.coma", line 1120, characters 8-22: axiom extensionality does not contain any local abstract symbol (contains: int, (=), t, to_int)
Warning, file "/workspace/proof-tools/creusot-data/share/why3find/packages/creusot/creusot/int.coma", line 1438, characters 8-22: axiom extensionality does not contain any local abstract symbol (contains: int, (=), t, to_int)

### verif__http_headers_proof_rlib__header__name__bytes_equal_retry_after exit=0 tasks=1
Warning, file "/workspace/proof-tools/creusot-data/share/why3find/packages/creusot/creusot/int.coma", line 166, characters 8-22: axiom extensionality does not contain any local abstract symbol (contains: int, (=), t, to_int)
Warning, file "/workspace/proof-tools/creusot-data/share/why3find/packages/creusot/creusot/int.coma", line 484, characters 8-22: axiom extensionality does not contain any local abstract symbol (contains: int, (=), t, to_int)
Warning, file "/workspace/proof-tools/creusot-data/share/why3find/packages/creusot/creusot/int.coma", line 802, characters 8-22: axiom extensionality does not contain any local abstract symbol (contains: int, (=), t, to_int)
Warning, file "/workspace/proof-tools/creusot-data/share/why3find/packages/creusot/creusot/int.coma", line 1120, characters 8-22: axiom extensionality does not contain any local abstract symbol (contains: int, (=), t, to_int)
Warning, file "/workspace/proof-tools/creusot-data/share/why3find/packages/creusot/creusot/int.coma", line 1438, characters 8-22: axiom extensionality does not contain any local abstract symbol (contains: int, (=), t, to_int)

### verif__http_headers_proof_rlib__header__name__bytes_equal_sec_web_socket_accept exit=0 tasks=1
Warning, file "/workspace/proof-tools/creusot-data/share/why3find/packages/creusot/creusot/int.coma", line 166, characters 8-22: axiom extensionality does not contain any local abstract symbol (contains: int, (=), t, to_int)
Warning, file "/workspace/proof-tools/creusot-data/share/why3find/packages/creusot/creusot/int.coma", line 484, characters 8-22: axiom extensionality does not contain any local abstract symbol (contains: int, (=), t, to_int)
Warning, file "/workspace/proof-tools/creusot-data/share/why3find/packages/creusot/creusot/int.coma", line 802, characters 8-22: axiom extensionality does not contain any local abstract symbol (contains: int, (=), t, to_int)
Warning, file "/workspace/proof-tools/creusot-data/share/why3find/packages/creusot/creusot/int.coma", line 1120, characters 8-22: axiom extensionality does not contain any local abstract symbol (contains: int, (=), t, to_int)
Warning, file "/workspace/proof-tools/creusot-data/share/why3find/packages/creusot/creusot/int.coma", line 1438, characters 8-22: axiom extensionality does not contain any local abstract symbol (contains: int, (=), t, to_int)

### verif__http_headers_proof_rlib__header__name__bytes_equal_sec_web_socket_extensions exit=0 tasks=1
Warning, file "/workspace/proof-tools/creusot-data/share/why3find/packages/creusot/creusot/int.coma", line 166, characters 8-22: axiom extensionality does not contain any local abstract symbol (contains: int, (=), t, to_int)
Warning, file "/workspace/proof-tools/creusot-data/share/why3find/packages/creusot/creusot/int.coma", line 484, characters 8-22: axiom extensionality does not contain any local abstract symbol (contains: int, (=), t, to_int)
Warning, file "/workspace/proof-tools/creusot-data/share/why3find/packages/creusot/creusot/int.coma", line 802, characters 8-22: axiom extensionality does not contain any local abstract symbol (contains: int, (=), t, to_int)
Warning, file "/workspace/proof-tools/creusot-data/share/why3find/packages/creusot/creusot/int.coma", line 1120, characters 8-22: axiom extensionality does not contain any local abstract symbol (contains: int, (=), t, to_int)
Warning, file "/workspace/proof-tools/creusot-data/share/why3find/packages/creusot/creusot/int.coma", line 1438, characters 8-22: axiom extensionality does not contain any local abstract symbol (contains: int, (=), t, to_int)

### verif__http_headers_proof_rlib__header__name__bytes_equal_sec_web_socket_key exit=0 tasks=1
Warning, file "/workspace/proof-tools/creusot-data/share/why3find/packages/creusot/creusot/int.coma", line 166, characters 8-22: axiom extensionality does not contain any local abstract symbol (contains: int, (=), t, to_int)
Warning, file "/workspace/proof-tools/creusot-data/share/why3find/packages/creusot/creusot/int.coma", line 484, characters 8-22: axiom extensionality does not contain any local abstract symbol (contains: int, (=), t, to_int)
Warning, file "/workspace/proof-tools/creusot-data/share/why3find/packages/creusot/creusot/int.coma", line 802, characters 8-22: axiom extensionality does not contain any local abstract symbol (contains: int, (=), t, to_int)
Warning, file "/workspace/proof-tools/creusot-data/share/why3find/packages/creusot/creusot/int.coma", line 1120, characters 8-22: axiom extensionality does not contain any local abstract symbol (contains: int, (=), t, to_int)
Warning, file "/workspace/proof-tools/creusot-data/share/why3find/packages/creusot/creusot/int.coma", line 1438, characters 8-22: axiom extensionality does not contain any local abstract symbol (contains: int, (=), t, to_int)

### verif__http_headers_proof_rlib__header__name__bytes_equal_sec_web_socket_protocol exit=0 tasks=1
Warning, file "/workspace/proof-tools/creusot-data/share/why3find/packages/creusot/creusot/int.coma", line 166, characters 8-22: axiom extensionality does not contain any local abstract symbol (contains: int, (=), t, to_int)
Warning, file "/workspace/proof-tools/creusot-data/share/why3find/packages/creusot/creusot/int.coma", line 484, characters 8-22: axiom extensionality does not contain any local abstract symbol (contains: int, (=), t, to_int)
Warning, file "/workspace/proof-tools/creusot-data/share/why3find/packages/creusot/creusot/int.coma", line 802, characters 8-22: axiom extensionality does not contain any local abstract symbol (contains: int, (=), t, to_int)
Warning, file "/workspace/proof-tools/creusot-data/share/why3find/packages/creusot/creusot/int.coma", line 1120, characters 8-22: axiom extensionality does not contain any local abstract symbol (contains: int, (=), t, to_int)
Warning, file "/workspace/proof-tools/creusot-data/share/why3find/packages/creusot/creusot/int.coma", line 1438, characters 8-22: axiom extensionality does not contain any local abstract symbol (contains: int, (=), t, to_int)

### verif__http_headers_proof_rlib__header__name__bytes_equal_sec_web_socket_version exit=0 tasks=1
Warning, file "/workspace/proof-tools/creusot-data/share/why3find/packages/creusot/creusot/int.coma", line 166, characters 8-22: axiom extensionality does not contain any local abstract symbol (contains: int, (=), t, to_int)
Warning, file "/workspace/proof-tools/creusot-data/share/why3find/packages/creusot/creusot/int.coma", line 484, characters 8-22: axiom extensionality does not contain any local abstract symbol (contains: int, (=), t, to_int)
Warning, file "/workspace/proof-tools/creusot-data/share/why3find/packages/creusot/creusot/int.coma", line 802, characters 8-22: axiom extensionality does not contain any local abstract symbol (contains: int, (=), t, to_int)
Warning, file "/workspace/proof-tools/creusot-data/share/why3find/packages/creusot/creusot/int.coma", line 1120, characters 8-22: axiom extensionality does not contain any local abstract symbol (contains: int, (=), t, to_int)
Warning, file "/workspace/proof-tools/creusot-data/share/why3find/packages/creusot/creusot/int.coma", line 1438, characters 8-22: axiom extensionality does not contain any local abstract symbol (contains: int, (=), t, to_int)

### verif__http_headers_proof_rlib__header__name__bytes_equal_server exit=0 tasks=1
Warning, file "/workspace/proof-tools/creusot-data/share/why3find/packages/creusot/creusot/int.coma", line 166, characters 8-22: axiom extensionality does not contain any local abstract symbol (contains: int, (=), t, to_int)
Warning, file "/workspace/proof-tools/creusot-data/share/why3find/packages/creusot/creusot/int.coma", line 484, characters 8-22: axiom extensionality does not contain any local abstract symbol (contains: int, (=), t, to_int)
Warning, file "/workspace/proof-tools/creusot-data/share/why3find/packages/creusot/creusot/int.coma", line 802, characters 8-22: axiom extensionality does not contain any local abstract symbol (contains: int, (=), t, to_int)
Warning, file "/workspace/proof-tools/creusot-data/share/why3find/packages/creusot/creusot/int.coma", line 1120, characters 8-22: axiom extensionality does not contain any local abstract symbol (contains: int, (=), t, to_int)
Warning, file "/workspace/proof-tools/creusot-data/share/why3find/packages/creusot/creusot/int.coma", line 1438, characters 8-22: axiom extensionality does not contain any local abstract symbol (contains: int, (=), t, to_int)

### verif__http_headers_proof_rlib__header__name__bytes_equal_set_cookie exit=0 tasks=1
Warning, file "/workspace/proof-tools/creusot-data/share/why3find/packages/creusot/creusot/int.coma", line 166, characters 8-22: axiom extensionality does not contain any local abstract symbol (contains: int, (=), t, to_int)
Warning, file "/workspace/proof-tools/creusot-data/share/why3find/packages/creusot/creusot/int.coma", line 484, characters 8-22: axiom extensionality does not contain any local abstract symbol (contains: int, (=), t, to_int)
Warning, file "/workspace/proof-tools/creusot-data/share/why3find/packages/creusot/creusot/int.coma", line 802, characters 8-22: axiom extensionality does not contain any local abstract symbol (contains: int, (=), t, to_int)
Warning, file "/workspace/proof-tools/creusot-data/share/why3find/packages/creusot/creusot/int.coma", line 1120, characters 8-22: axiom extensionality does not contain any local abstract symbol (contains: int, (=), t, to_int)
Warning, file "/workspace/proof-tools/creusot-data/share/why3find/packages/creusot/creusot/int.coma", line 1438, characters 8-22: axiom extensionality does not contain any local abstract symbol (contains: int, (=), t, to_int)

### verif__http_headers_proof_rlib__header__name__bytes_equal_strict_transport_security exit=0 tasks=1
Warning, file "/workspace/proof-tools/creusot-data/share/why3find/packages/creusot/creusot/int.coma", line 166, characters 8-22: axiom extensionality does not contain any local abstract symbol (contains: int, (=), t, to_int)
Warning, file "/workspace/proof-tools/creusot-data/share/why3find/packages/creusot/creusot/int.coma", line 484, characters 8-22: axiom extensionality does not contain any local abstract symbol (contains: int, (=), t, to_int)
Warning, file "/workspace/proof-tools/creusot-data/share/why3find/packages/creusot/creusot/int.coma", line 802, characters 8-22: axiom extensionality does not contain any local abstract symbol (contains: int, (=), t, to_int)
Warning, file "/workspace/proof-tools/creusot-data/share/why3find/packages/creusot/creusot/int.coma", line 1120, characters 8-22: axiom extensionality does not contain any local abstract symbol (contains: int, (=), t, to_int)
Warning, file "/workspace/proof-tools/creusot-data/share/why3find/packages/creusot/creusot/int.coma", line 1438, characters 8-22: axiom extensionality does not contain any local abstract symbol (contains: int, (=), t, to_int)

### verif__http_headers_proof_rlib__header__name__bytes_equal_te exit=0 tasks=1
Warning, file "/workspace/proof-tools/creusot-data/share/why3find/packages/creusot/creusot/int.coma", line 166, characters 8-22: axiom extensionality does not contain any local abstract symbol (contains: int, (=), t, to_int)
Warning, file "/workspace/proof-tools/creusot-data/share/why3find/packages/creusot/creusot/int.coma", line 484, characters 8-22: axiom extensionality does not contain any local abstract symbol (contains: int, (=), t, to_int)
Warning, file "/workspace/proof-tools/creusot-data/share/why3find/packages/creusot/creusot/int.coma", line 802, characters 8-22: axiom extensionality does not contain any local abstract symbol (contains: int, (=), t, to_int)
Warning, file "/workspace/proof-tools/creusot-data/share/why3find/packages/creusot/creusot/int.coma", line 1120, characters 8-22: axiom extensionality does not contain any local abstract symbol (contains: int, (=), t, to_int)
Warning, file "/workspace/proof-tools/creusot-data/share/why3find/packages/creusot/creusot/int.coma", line 1438, characters 8-22: axiom extensionality does not contain any local abstract symbol (contains: int, (=), t, to_int)

### verif__http_headers_proof_rlib__header__name__bytes_equal_trailer exit=0 tasks=1
Warning, file "/workspace/proof-tools/creusot-data/share/why3find/packages/creusot/creusot/int.coma", line 166, characters 8-22: axiom extensionality does not contain any local abstract symbol (contains: int, (=), t, to_int)
Warning, file "/workspace/proof-tools/creusot-data/share/why3find/packages/creusot/creusot/int.coma", line 484, characters 8-22: axiom extensionality does not contain any local abstract symbol (contains: int, (=), t, to_int)
Warning, file "/workspace/proof-tools/creusot-data/share/why3find/packages/creusot/creusot/int.coma", line 802, characters 8-22: axiom extensionality does not contain any local abstract symbol (contains: int, (=), t, to_int)
Warning, file "/workspace/proof-tools/creusot-data/share/why3find/packages/creusot/creusot/int.coma", line 1120, characters 8-22: axiom extensionality does not contain any local abstract symbol (contains: int, (=), t, to_int)
Warning, file "/workspace/proof-tools/creusot-data/share/why3find/packages/creusot/creusot/int.coma", line 1438, characters 8-22: axiom extensionality does not contain any local abstract symbol (contains: int, (=), t, to_int)

### verif__http_headers_proof_rlib__header__name__bytes_equal_transfer_encoding exit=0 tasks=1
Warning, file "/workspace/proof-tools/creusot-data/share/why3find/packages/creusot/creusot/int.coma", line 166, characters 8-22: axiom extensionality does not contain any local abstract symbol (contains: int, (=), t, to_int)
Warning, file "/workspace/proof-tools/creusot-data/share/why3find/packages/creusot/creusot/int.coma", line 484, characters 8-22: axiom extensionality does not contain any local abstract symbol (contains: int, (=), t, to_int)
Warning, file "/workspace/proof-tools/creusot-data/share/why3find/packages/creusot/creusot/int.coma", line 802, characters 8-22: axiom extensionality does not contain any local abstract symbol (contains: int, (=), t, to_int)
Warning, file "/workspace/proof-tools/creusot-data/share/why3find/packages/creusot/creusot/int.coma", line 1120, characters 8-22: axiom extensionality does not contain any local abstract symbol (contains: int, (=), t, to_int)
Warning, file "/workspace/proof-tools/creusot-data/share/why3find/packages/creusot/creusot/int.coma", line 1438, characters 8-22: axiom extensionality does not contain any local abstract symbol (contains: int, (=), t, to_int)

### verif__http_headers_proof_rlib__header__name__bytes_equal_upgrade exit=0 tasks=1
Warning, file "/workspace/proof-tools/creusot-data/share/why3find/packages/creusot/creusot/int.coma", line 166, characters 8-22: axiom extensionality does not contain any local abstract symbol (contains: int, (=), t, to_int)
Warning, file "/workspace/proof-tools/creusot-data/share/why3find/packages/creusot/creusot/int.coma", line 484, characters 8-22: axiom extensionality does not contain any local abstract symbol (contains: int, (=), t, to_int)
Warning, file "/workspace/proof-tools/creusot-data/share/why3find/packages/creusot/creusot/int.coma", line 802, characters 8-22: axiom extensionality does not contain any local abstract symbol (contains: int, (=), t, to_int)
Warning, file "/workspace/proof-tools/creusot-data/share/why3find/packages/creusot/creusot/int.coma", line 1120, characters 8-22: axiom extensionality does not contain any local abstract symbol (contains: int, (=), t, to_int)
Warning, file "/workspace/proof-tools/creusot-data/share/why3find/packages/creusot/creusot/int.coma", line 1438, characters 8-22: axiom extensionality does not contain any local abstract symbol (contains: int, (=), t, to_int)

### verif__http_headers_proof_rlib__header__name__bytes_equal_upgrade_insecure_requests exit=0 tasks=1
Warning, file "/workspace/proof-tools/creusot-data/share/why3find/packages/creusot/creusot/int.coma", line 166, characters 8-22: axiom extensionality does not contain any local abstract symbol (contains: int, (=), t, to_int)
Warning, file "/workspace/proof-tools/creusot-data/share/why3find/packages/creusot/creusot/int.coma", line 484, characters 8-22: axiom extensionality does not contain any local abstract symbol (contains: int, (=), t, to_int)
Warning, file "/workspace/proof-tools/creusot-data/share/why3find/packages/creusot/creusot/int.coma", line 802, characters 8-22: axiom extensionality does not contain any local abstract symbol (contains: int, (=), t, to_int)
Warning, file "/workspace/proof-tools/creusot-data/share/why3find/packages/creusot/creusot/int.coma", line 1120, characters 8-22: axiom extensionality does not contain any local abstract symbol (contains: int, (=), t, to_int)
Warning, file "/workspace/proof-tools/creusot-data/share/why3find/packages/creusot/creusot/int.coma", line 1438, characters 8-22: axiom extensionality does not contain any local abstract symbol (contains: int, (=), t, to_int)

### verif__http_headers_proof_rlib__header__name__bytes_equal_user_agent exit=0 tasks=1
Warning, file "/workspace/proof-tools/creusot-data/share/why3find/packages/creusot/creusot/int.coma", line 166, characters 8-22: axiom extensionality does not contain any local abstract symbol (contains: int, (=), t, to_int)
Warning, file "/workspace/proof-tools/creusot-data/share/why3find/packages/creusot/creusot/int.coma", line 484, characters 8-22: axiom extensionality does not contain any local abstract symbol (contains: int, (=), t, to_int)
Warning, file "/workspace/proof-tools/creusot-data/share/why3find/packages/creusot/creusot/int.coma", line 802, characters 8-22: axiom extensionality does not contain any local abstract symbol (contains: int, (=), t, to_int)
Warning, file "/workspace/proof-tools/creusot-data/share/why3find/packages/creusot/creusot/int.coma", line 1120, characters 8-22: axiom extensionality does not contain any local abstract symbol (contains: int, (=), t, to_int)
Warning, file "/workspace/proof-tools/creusot-data/share/why3find/packages/creusot/creusot/int.coma", line 1438, characters 8-22: axiom extensionality does not contain any local abstract symbol (contains: int, (=), t, to_int)

### verif__http_headers_proof_rlib__header__name__bytes_equal_vary exit=0 tasks=1
Warning, file "/workspace/proof-tools/creusot-data/share/why3find/packages/creusot/creusot/int.coma", line 166, characters 8-22: axiom extensionality does not contain any local abstract symbol (contains: int, (=), t, to_int)
Warning, file "/workspace/proof-tools/creusot-data/share/why3find/packages/creusot/creusot/int.coma", line 484, characters 8-22: axiom extensionality does not contain any local abstract symbol (contains: int, (=), t, to_int)
Warning, file "/workspace/proof-tools/creusot-data/share/why3find/packages/creusot/creusot/int.coma", line 802, characters 8-22: axiom extensionality does not contain any local abstract symbol (contains: int, (=), t, to_int)
Warning, file "/workspace/proof-tools/creusot-data/share/why3find/packages/creusot/creusot/int.coma", line 1120, characters 8-22: axiom extensionality does not contain any local abstract symbol (contains: int, (=), t, to_int)
Warning, file "/workspace/proof-tools/creusot-data/share/why3find/packages/creusot/creusot/int.coma", line 1438, characters 8-22: axiom extensionality does not contain any local abstract symbol (contains: int, (=), t, to_int)

### verif__http_headers_proof_rlib__header__name__bytes_equal_via exit=0 tasks=1
Warning, file "/workspace/proof-tools/creusot-data/share/why3find/packages/creusot/creusot/int.coma", line 166, characters 8-22: axiom extensionality does not contain any local abstract symbol (contains: int, (=), t, to_int)
Warning, file "/workspace/proof-tools/creusot-data/share/why3find/packages/creusot/creusot/int.coma", line 484, characters 8-22: axiom extensionality does not contain any local abstract symbol (contains: int, (=), t, to_int)
Warning, file "/workspace/proof-tools/creusot-data/share/why3find/packages/creusot/creusot/int.coma", line 802, characters 8-22: axiom extensionality does not contain any local abstract symbol (contains: int, (=), t, to_int)
Warning, file "/workspace/proof-tools/creusot-data/share/why3find/packages/creusot/creusot/int.coma", line 1120, characters 8-22: axiom extensionality does not contain any local abstract symbol (contains: int, (=), t, to_int)
Warning, file "/workspace/proof-tools/creusot-data/share/why3find/packages/creusot/creusot/int.coma", line 1438, characters 8-22: axiom extensionality does not contain any local abstract symbol (contains: int, (=), t, to_int)

### verif__http_headers_proof_rlib__header__name__bytes_equal_warning exit=0 tasks=1
Warning, file "/workspace/proof-tools/creusot-data/share/why3find/packages/creusot/creusot/int.coma", line 166, characters 8-22: axiom extensionality does not contain any local abstract symbol (contains: int, (=), t, to_int)
Warning, file "/workspace/proof-tools/creusot-data/share/why3find/packages/creusot/creusot/int.coma", line 484, characters 8-22: axiom extensionality does not contain any local abstract symbol (contains: int, (=), t, to_int)
Warning, file "/workspace/proof-tools/creusot-data/share/why3find/packages/creusot/creusot/int.coma", line 802, characters 8-22: axiom extensionality does not contain any local abstract symbol (contains: int, (=), t, to_int)
Warning, file "/workspace/proof-tools/creusot-data/share/why3find/packages/creusot/creusot/int.coma", line 1120, characters 8-22: axiom extensionality does not contain any local abstract symbol (contains: int, (=), t, to_int)
Warning, file "/workspace/proof-tools/creusot-data/share/why3find/packages/creusot/creusot/int.coma", line 1438, characters 8-22: axiom extensionality does not contain any local abstract symbol (contains: int, (=), t, to_int)

### verif__http_headers_proof_rlib__header__name__bytes_equal_www_authenticate exit=0 tasks=1
Warning, file "/workspace/proof-tools/creusot-data/share/why3find/packages/creusot/creusot/int.coma", line 166, characters 8-22: axiom extensionality does not contain any local abstract symbol (contains: int, (=), t, to_int)
Warning, file "/workspace/proof-tools/creusot-data/share/why3find/packages/creusot/creusot/int.coma", line 484, characters 8-22: axiom extensionality does not contain any local abstract symbol (contains: int, (=), t, to_int)
Warning, file "/workspace/proof-tools/creusot-data/share/why3find/packages/creusot/creusot/int.coma", line 802, characters 8-22: axiom extensionality does not contain any local abstract symbol (contains: int, (=), t, to_int)
Warning, file "/workspace/proof-tools/creusot-data/share/why3find/packages/creusot/creusot/int.coma", line 1120, characters 8-22: axiom extensionality does not contain any local abstract symbol (contains: int, (=), t, to_int)
Warning, file "/workspace/proof-tools/creusot-data/share/why3find/packages/creusot/creusot/int.coma", line 1438, characters 8-22: axiom extensionality does not contain any local abstract symbol (contains: int, (=), t, to_int)

### verif__http_headers_proof_rlib__header__name__bytes_equal_x_content_type_options exit=0 tasks=1
Warning, file "/workspace/proof-tools/creusot-data/share/why3find/packages/creusot/creusot/int.coma", line 166, characters 8-22: axiom extensionality does not contain any local abstract symbol (contains: int, (=), t, to_int)
Warning, file "/workspace/proof-tools/creusot-data/share/why3find/packages/creusot/creusot/int.coma", line 484, characters 8-22: axiom extensionality does not contain any local abstract symbol (contains: int, (=), t, to_int)
Warning, file "/workspace/proof-tools/creusot-data/share/why3find/packages/creusot/creusot/int.coma", line 802, characters 8-22: axiom extensionality does not contain any local abstract symbol (contains: int, (=), t, to_int)
Warning, file "/workspace/proof-tools/creusot-data/share/why3find/packages/creusot/creusot/int.coma", line 1120, characters 8-22: axiom extensionality does not contain any local abstract symbol (contains: int, (=), t, to_int)
Warning, file "/workspace/proof-tools/creusot-data/share/why3find/packages/creusot/creusot/int.coma", line 1438, characters 8-22: axiom extensionality does not contain any local abstract symbol (contains: int, (=), t, to_int)

### verif__http_headers_proof_rlib__header__name__bytes_equal_x_dns_prefetch_control exit=0 tasks=1
Warning, file "/workspace/proof-tools/creusot-data/share/why3find/packages/creusot/creusot/int.coma", line 166, characters 8-22: axiom extensionality does not contain any local abstract symbol (contains: int, (=), t, to_int)
Warning, file "/workspace/proof-tools/creusot-data/share/why3find/packages/creusot/creusot/int.coma", line 484, characters 8-22: axiom extensionality does not contain any local abstract symbol (contains: int, (=), t, to_int)
Warning, file "/workspace/proof-tools/creusot-data/share/why3find/packages/creusot/creusot/int.coma", line 802, characters 8-22: axiom extensionality does not contain any local abstract symbol (contains: int, (=), t, to_int)
Warning, file "/workspace/proof-tools/creusot-data/share/why3find/packages/creusot/creusot/int.coma", line 1120, characters 8-22: axiom extensionality does not contain any local abstract symbol (contains: int, (=), t, to_int)
Warning, file "/workspace/proof-tools/creusot-data/share/why3find/packages/creusot/creusot/int.coma", line 1438, characters 8-22: axiom extensionality does not contain any local abstract symbol (contains: int, (=), t, to_int)

### verif__http_headers_proof_rlib__header__name__bytes_equal_x_frame_options exit=0 tasks=1
Warning, file "/workspace/proof-tools/creusot-data/share/why3find/packages/creusot/creusot/int.coma", line 166, characters 8-22: axiom extensionality does not contain any local abstract symbol (contains: int, (=), t, to_int)
Warning, file "/workspace/proof-tools/creusot-data/share/why3find/packages/creusot/creusot/int.coma", line 484, characters 8-22: axiom extensionality does not contain any local abstract symbol (contains: int, (=), t, to_int)
Warning, file "/workspace/proof-tools/creusot-data/share/why3find/packages/creusot/creusot/int.coma", line 802, characters 8-22: axiom extensionality does not contain any local abstract symbol (contains: int, (=), t, to_int)
Warning, file "/workspace/proof-tools/creusot-data/share/why3find/packages/creusot/creusot/int.coma", line 1120, characters 8-22: axiom extensionality does not contain any local abstract symbol (contains: int, (=), t, to_int)
Warning, file "/workspace/proof-tools/creusot-data/share/why3find/packages/creusot/creusot/int.coma", line 1438, characters 8-22: axiom extensionality does not contain any local abstract symbol (contains: int, (=), t, to_int)

### verif__http_headers_proof_rlib__header__name__bytes_equal_x_xss_protection exit=0 tasks=1
Warning, file "/workspace/proof-tools/creusot-data/share/why3find/packages/creusot/creusot/int.coma", line 166, characters 8-22: axiom extensionality does not contain any local abstract symbol (contains: int, (=), t, to_int)
Warning, file "/workspace/proof-tools/creusot-data/share/why3find/packages/creusot/creusot/int.coma", line 484, characters 8-22: axiom extensionality does not contain any local abstract symbol (contains: int, (=), t, to_int)
Warning, file "/workspace/proof-tools/creusot-data/share/why3find/packages/creusot/creusot/int.coma", line 802, characters 8-22: axiom extensionality does not contain any local abstract symbol (contains: int, (=), t, to_int)
Warning, file "/workspace/proof-tools/creusot-data/share/why3find/packages/creusot/creusot/int.coma", line 1120, characters 8-22: axiom extensionality does not contain any local abstract symbol (contains: int, (=), t, to_int)
Warning, file "/workspace/proof-tools/creusot-data/share/why3find/packages/creusot/creusot/int.coma", line 1438, characters 8-22: axiom extensionality does not contain any local abstract symbol (contains: int, (=), t, to_int)

### verif__http_headers_proof_rlib__header__name__bytes_equal exit=0 tasks=15
Warning, file "/workspace/proof-tools/creusot-data/share/why3find/packages/creusot/creusot/int.coma", line 166, characters 8-22: axiom extensionality does not contain any local abstract symbol (contains: int, (=), t, to_int)
Warning, file "/workspace/proof-tools/creusot-data/share/why3find/packages/creusot/creusot/int.coma", line 484, characters 8-22: axiom extensionality does not contain any local abstract symbol (contains: int, (=), t, to_int)
Warning, file "/workspace/proof-tools/creusot-data/share/why3find/packages/creusot/creusot/int.coma", line 802, characters 8-22: axiom extensionality does not contain any local abstract symbol (contains: int, (=), t, to_int)
Warning, file "/workspace/proof-tools/creusot-data/share/why3find/packages/creusot/creusot/int.coma", line 1120, characters 8-22: axiom extensionality does not contain any local abstract symbol (contains: int, (=), t, to_int)
Warning, file "/workspace/proof-tools/creusot-data/share/why3find/packages/creusot/creusot/int.coma", line 1438, characters 8-22: axiom extensionality does not contain any local abstract symbol (contains: int, (=), t, to_int)

### verif__http_headers_proof_rlib__header__name__standard_header_absence_case exit=0 tasks=81
Warning, file "/workspace/proof-tools/creusot-data/share/why3find/packages/creusot/creusot/int.coma", line 166, characters 8-22: axiom extensionality does not contain any local abstract symbol (contains: int, (=), t, to_int)
Warning, file "/workspace/proof-tools/creusot-data/share/why3find/packages/creusot/creusot/int.coma", line 484, characters 8-22: axiom extensionality does not contain any local abstract symbol (contains: int, (=), t, to_int)
Warning, file "/workspace/proof-tools/creusot-data/share/why3find/packages/creusot/creusot/int.coma", line 802, characters 8-22: axiom extensionality does not contain any local abstract symbol (contains: int, (=), t, to_int)
Warning, file "/workspace/proof-tools/creusot-data/share/why3find/packages/creusot/creusot/int.coma", line 1120, characters 8-22: axiom extensionality does not contain any local abstract symbol (contains: int, (=), t, to_int)
Warning, file "/workspace/proof-tools/creusot-data/share/why3find/packages/creusot/creusot/int.coma", line 1438, characters 8-22: axiom extensionality does not contain any local abstract symbol (contains: int, (=), t, to_int)

### verif__http_headers_proof_rlib__header__name__impl_StandardHeader__from_bytes exit=0 tasks=83
Warning, file "/workspace/proof-tools/creusot-data/share/why3find/packages/creusot/creusot/int.coma", line 166, characters 8-22: axiom extensionality does not contain any local abstract symbol (contains: int, (=), t, to_int)
Warning, file "/workspace/proof-tools/creusot-data/share/why3find/packages/creusot/creusot/int.coma", line 484, characters 8-22: axiom extensionality does not contain any local abstract symbol (contains: int, (=), t, to_int)
Warning, file "/workspace/proof-tools/creusot-data/share/why3find/packages/creusot/creusot/int.coma", line 802, characters 8-22: axiom extensionality does not contain any local abstract symbol (contains: int, (=), t, to_int)
Warning, file "/workspace/proof-tools/creusot-data/share/why3find/packages/creusot/creusot/int.coma", line 1120, characters 8-22: axiom extensionality does not contain any local abstract symbol (contains: int, (=), t, to_int)
Warning, file "/workspace/proof-tools/creusot-data/share/why3find/packages/creusot/creusot/int.coma", line 1438, characters 8-22: axiom extensionality does not contain any local abstract symbol (contains: int, (=), t, to_int)

### verif__http_headers_proof_rlib__header__name__selected_standard_header_comparator_consumer exit=0 tasks=2
Warning, file "/workspace/proof-tools/creusot-data/share/why3find/packages/creusot/creusot/int.coma", line 166, characters 8-22: axiom extensionality does not contain any local abstract symbol (contains: int, (=), t, to_int)
Warning, file "/workspace/proof-tools/creusot-data/share/why3find/packages/creusot/creusot/int.coma", line 484, characters 8-22: axiom extensionality does not contain any local abstract symbol (contains: int, (=), t, to_int)
Warning, file "/workspace/proof-tools/creusot-data/share/why3find/packages/creusot/creusot/int.coma", line 802, characters 8-22: axiom extensionality does not contain any local abstract symbol (contains: int, (=), t, to_int)
Warning, file "/workspace/proof-tools/creusot-data/share/why3find/packages/creusot/creusot/int.coma", line 1120, characters 8-22: axiom extensionality does not contain any local abstract symbol (contains: int, (=), t, to_int)
Warning, file "/workspace/proof-tools/creusot-data/share/why3find/packages/creusot/creusot/int.coma", line 1438, characters 8-22: axiom extensionality does not contain any local abstract symbol (contains: int, (=), t, to_int)

### verif__http_headers_proof_rlib__header__name__impl_HdrName__from_bytes exit=0 tasks=13
Warning, file "/workspace/proof-tools/creusot-data/share/why3find/packages/creusot/creusot/int.coma", line 166, characters 8-22: axiom extensionality does not contain any local abstract symbol (contains: int, (=), t, to_int)
Warning, file "/workspace/proof-tools/creusot-data/share/why3find/packages/creusot/creusot/int.coma", line 484, characters 8-22: axiom extensionality does not contain any local abstract symbol (contains: int, (=), t, to_int)
Warning, file "/workspace/proof-tools/creusot-data/share/why3find/packages/creusot/creusot/int.coma", line 802, characters 8-22: axiom extensionality does not contain any local abstract symbol (contains: int, (=), t, to_int)
Warning, file "/workspace/proof-tools/creusot-data/share/why3find/packages/creusot/creusot/int.coma", line 1120, characters 8-22: axiom extensionality does not contain any local abstract symbol (contains: int, (=), t, to_int)
Warning, file "/workspace/proof-tools/creusot-data/share/why3find/packages/creusot/creusot/int.coma", line 1438, characters 8-22: axiom extensionality does not contain any local abstract symbol (contains: int, (=), t, to_int)
Warning, file "/workspace/rust-crate-proofs/http/1.5.0/verification/headers/evidence/name_standard_comparators_81_current_2026-10-05/emission/verif/http_headers_proof_rlib/header/name/impl_HdrName/from_bytes.coma", line 508, characters 6-23: axiom to_utf8_char_spec does not contain any local abstract symbol (contains: int, (<=), t, seq, length, t, to_utf8_char)
Warning, file "/workspace/rust-crate-proofs/http/1.5.0/verification/headers/evidence/name_standard_comparators_81_current_2026-10-05/emission/verif/http_headers_proof_rlib/header/name/impl_HdrName/from_bytes.coma", line 543, characters 12-16: unused variable f0'0
Warning, file "/workspace/rust-crate-proofs/http/1.5.0/verification/headers/evidence/name_standard_comparators_81_current_2026-10-05/emission/verif/http_headers_proof_rlib/header/name/impl_HdrName/from_bytes.coma", line 635, characters 14-18: unused variable f0'0
Warning, file "/workspace/rust-crate-proofs/http/1.5.0/verification/headers/evidence/name_standard_comparators_81_current_2026-10-05/emission/verif/http_headers_proof_rlib/header/name/impl_HdrName/from_bytes.coma", line 690, characters 14-18: unused variable f0'0
Warning, file "/workspace/rust-crate-proofs/http/1.5.0/verification/headers/evidence/name_standard_comparators_81_current_2026-10-05/emission/verif/http_headers_proof_rlib/header/name/impl_HdrName/from_bytes.coma", line 697, characters 53-57: unused variable self
Warning, file "/workspace/rust-crate-proofs/http/1.5.0/verification/headers/evidence/name_standard_comparators_81_current_2026-10-05/emission/verif/http_headers_proof_rlib/header/name/impl_HdrName/from_bytes.coma", line 706, characters 52-56: unused variable self
Warning, file "/workspace/rust-crate-proofs/http/1.5.0/verification/headers/evidence/name_standard_comparators_81_current_2026-10-05/emission/verif/http_headers_proof_rlib/header/name/impl_HdrName/from_bytes.coma", line 706, characters 91-103: unused variable result_state
Warning, file "/workspace/rust-crate-proofs/http/1.5.0/verification/headers/evidence/name_standard_comparators_81_current_2026-10-05/emission/verif/http_headers_proof_rlib/header/name/impl_HdrName/from_bytes.coma", line 713, characters 6-27: axiom fn_mut_once_from_spec does not contain any local abstract symbol (contains: tuple0, t_InvalidHeaderName, postcondition_once_from, resolve_from, postcondition_mut_from)
Warning, file "/workspace/rust-crate-proofs/http/1.5.0/verification/headers/evidence/name_standard_comparators_81_current_2026-10-05/emission/verif/http_headers_proof_rlib/header/name/impl_HdrName/from_bytes.coma", line 717, characters 43-47: unused variable self
Warning, file "/workspace/rust-crate-proofs/http/1.5.0/verification/headers/evidence/name_standard_comparators_81_current_2026-10-05/emission/verif/http_headers_proof_rlib/header/name/impl_HdrName/from_bytes.coma", line 717, characters 54-66: unused variable result_state
Warning, file "/workspace/rust-crate-proofs/http/1.5.0/verification/headers/evidence/name_standard_comparators_81_current_2026-10-05/emission/verif/http_headers_proof_rlib/header/name/impl_HdrName/from_bytes.coma", line 723, characters 6-30: axiom hist_inv_trans_from_spec does not contain any local abstract symbol (contains: tuple0, hist_inv_from)
Warning, file "/workspace/rust-crate-proofs/http/1.5.0/verification/headers/evidence/name_standard_comparators_81_current_2026-10-05/emission/verif/http_headers_proof_rlib/header/name/impl_HdrName/from_bytes.coma", line 728, characters 6-29: axiom hist_inv_refl_from_spec does not contain any local abstract symbol (contains: tuple0, hist_inv_from)
Warning, file "/workspace/rust-crate-proofs/http/1.5.0/verification/headers/evidence/name_standard_comparators_81_current_2026-10-05/emission/verif/http_headers_proof_rlib/header/name/impl_HdrName/from_bytes.coma", line 732, characters 6-42: axiom postcondition_mut_hist_inv_from_spec does not contain any local abstract symbol (contains: tuple0, t_InvalidHeaderName, postcondition_mut_from, hist_inv_from)
Warning, file "/workspace/rust-crate-proofs/http/1.5.0/verification/headers/evidence/name_standard_comparators_81_current_2026-10-05/emission/verif/http_headers_proof_rlib/header/name/impl_HdrName/from_bytes.coma", line 738, characters 6-27: axiom fn_hist_inv_from_spec does not contain any local abstract symbol (contains: (=), tuple0, hist_inv_from)
Warning, file "/workspace/rust-crate-proofs/http/1.5.0/verification/headers/evidence/name_standard_comparators_81_current_2026-10-05/emission/verif/http_headers_proof_rlib/header/name/impl_HdrName/from_bytes.coma", line 741, characters 48-52: unused variable self
Warning, file "/workspace/rust-crate-proofs/http/1.5.0/verification/headers/evidence/name_standard_comparators_81_current_2026-10-05/emission/verif/http_headers_proof_rlib/header/name/impl_HdrName/from_bytes.coma", line 748, characters 6-23: axiom fn_once_from_spec does not contain any local abstract symbol (contains: tuple0, t_InvalidHeaderName, postcondition_once_from, resolve_from, postcondition_from)
Warning, file "/workspace/rust-crate-proofs/http/1.5.0/verification/headers/evidence/name_standard_comparators_81_current_2026-10-05/emission/verif/http_headers_proof_rlib/header/name/impl_HdrName/from_bytes.coma", line 754, characters 6-22: axiom fn_mut_from_spec does not contain any local abstract symbol (contains: (=), tuple0, t_InvalidHeaderName, postcondition_mut_from, postcondition_from)

### verif__http_headers_proof_rlib__header__name__impl_HeaderName__from_bytes exit=0 tasks=48
Warning, file "/workspace/proof-tools/creusot-data/share/why3find/packages/creusot/creusot/int.coma", line 166, characters 8-22: axiom extensionality does not contain any local abstract symbol (contains: int, (=), t, to_int)
Warning, file "/workspace/proof-tools/creusot-data/share/why3find/packages/creusot/creusot/int.coma", line 484, characters 8-22: axiom extensionality does not contain any local abstract symbol (contains: int, (=), t, to_int)
Warning, file "/workspace/proof-tools/creusot-data/share/why3find/packages/creusot/creusot/int.coma", line 802, characters 8-22: axiom extensionality does not contain any local abstract symbol (contains: int, (=), t, to_int)
Warning, file "/workspace/proof-tools/creusot-data/share/why3find/packages/creusot/creusot/int.coma", line 1120, characters 8-22: axiom extensionality does not contain any local abstract symbol (contains: int, (=), t, to_int)
Warning, file "/workspace/proof-tools/creusot-data/share/why3find/packages/creusot/creusot/int.coma", line 1438, characters 8-22: axiom extensionality does not contain any local abstract symbol (contains: int, (=), t, to_int)
Warning, file "/workspace/rust-crate-proofs/http/1.5.0/verification/headers/evidence/name_standard_comparators_81_current_2026-10-05/emission/verif/http_headers_proof_rlib/header/name/impl_HeaderName/from_bytes.coma", line 588, characters 6-23: axiom to_utf8_char_spec does not contain any local abstract symbol (contains: int, (<=), t, seq, length, t, to_utf8_char)
Warning, file "/workspace/rust-crate-proofs/http/1.5.0/verification/headers/evidence/name_standard_comparators_81_current_2026-10-05/emission/verif/http_headers_proof_rlib/header/name/impl_HeaderName/from_bytes.coma", line 623, characters 12-16: unused variable f0'0
Warning, file "/workspace/rust-crate-proofs/http/1.5.0/verification/headers/evidence/name_standard_comparators_81_current_2026-10-05/emission/verif/http_headers_proof_rlib/header/name/impl_HeaderName/from_bytes.coma", line 715, characters 14-18: unused variable f0'0
Warning, file "/workspace/rust-crate-proofs/http/1.5.0/verification/headers/evidence/name_standard_comparators_81_current_2026-10-05/emission/verif/http_headers_proof_rlib/header/name/impl_HeaderName/from_bytes.coma", line 779, characters 19-23: unused variable f0'1
Warning, file "/workspace/rust-crate-proofs/http/1.5.0/verification/headers/evidence/name_standard_comparators_81_current_2026-10-05/emission/verif/http_headers_proof_rlib/header/name/impl_HeaderName/from_bytes.coma", line 793, characters 14-18: unused variable f0'1
Warning, file "/workspace/rust-crate-proofs/http/1.5.0/verification/headers/evidence/name_standard_comparators_81_current_2026-10-05/emission/verif/http_headers_proof_rlib/header/name/impl_HeaderName/from_bytes.coma", line 800, characters 53-57: unused variable self
Warning, file "/workspace/rust-crate-proofs/http/1.5.0/verification/headers/evidence/name_standard_comparators_81_current_2026-10-05/emission/verif/http_headers_proof_rlib/header/name/impl_HeaderName/from_bytes.coma", line 809, characters 52-56: unused variable self
Warning, file "/workspace/rust-crate-proofs/http/1.5.0/verification/headers/evidence/name_standard_comparators_81_current_2026-10-05/emission/verif/http_headers_proof_rlib/header/name/impl_HeaderName/from_bytes.coma", line 809, characters 91-103: unused variable result_state
Warning, file "/workspace/rust-crate-proofs/http/1.5.0/verification/headers/evidence/name_standard_comparators_81_current_2026-10-05/emission/verif/http_headers_proof_rlib/header/name/impl_HeaderName/from_bytes.coma", line 816, characters 6-27: axiom fn_mut_once_from_spec does not contain any local abstract symbol (contains: tuple0, t_InvalidHeaderName, postcondition_once_from, resolve_from, postcondition_mut_from)
Warning, file "/workspace/rust-crate-proofs/http/1.5.0/verification/headers/evidence/name_standard_comparators_81_current_2026-10-05/emission/verif/http_headers_proof_rlib/header/name/impl_HeaderName/from_bytes.coma", line 820, characters 43-47: unused variable self
Warning, file "/workspace/rust-crate-proofs/http/1.5.0/verification/headers/evidence/name_standard_comparators_81_current_2026-10-05/emission/verif/http_headers_proof_rlib/header/name/impl_HeaderName/from_bytes.coma", line 820, characters 54-66: unused variable result_state
Warning, file "/workspace/rust-crate-proofs/http/1.5.0/verification/headers/evidence/name_standard_comparators_81_current_2026-10-05/emission/verif/http_headers_proof_rlib/header/name/impl_HeaderName/from_bytes.coma", line 826, characters 6-30: axiom hist_inv_trans_from_spec does not contain any local abstract symbol (contains: tuple0, hist_inv_from)
Warning, file "/workspace/rust-crate-proofs/http/1.5.0/verification/headers/evidence/name_standard_comparators_81_current_2026-10-05/emission/verif/http_headers_proof_rlib/header/name/impl_HeaderName/from_bytes.coma", line 831, characters 6-29: axiom hist_inv_refl_from_spec does not contain any local abstract symbol (contains: tuple0, hist_inv_from)
Warning, file "/workspace/rust-crate-proofs/http/1.5.0/verification/headers/evidence/name_standard_comparators_81_current_2026-10-05/emission/verif/http_headers_proof_rlib/header/name/impl_HeaderName/from_bytes.coma", line 835, characters 6-42: axiom postcondition_mut_hist_inv_from_spec does not contain any local abstract symbol (contains: tuple0, t_InvalidHeaderName, postcondition_mut_from, hist_inv_from)
Warning, file "/workspace/rust-crate-proofs/http/1.5.0/verification/headers/evidence/name_standard_comparators_81_current_2026-10-05/emission/verif/http_headers_proof_rlib/header/name/impl_HeaderName/from_bytes.coma", line 841, characters 6-27: axiom fn_hist_inv_from_spec does not contain any local abstract symbol (contains: (=), tuple0, hist_inv_from)
Warning, file "/workspace/rust-crate-proofs/http/1.5.0/verification/headers/evidence/name_standard_comparators_81_current_2026-10-05/emission/verif/http_headers_proof_rlib/header/name/impl_HeaderName/from_bytes.coma", line 844, characters 48-52: unused variable self
Warning, file "/workspace/rust-crate-proofs/http/1.5.0/verification/headers/evidence/name_standard_comparators_81_current_2026-10-05/emission/verif/http_headers_proof_rlib/header/name/impl_HeaderName/from_bytes.coma", line 851, characters 6-23: axiom fn_once_from_spec does not contain any local abstract symbol (contains: tuple0, t_InvalidHeaderName, postcondition_once_from, resolve_from, postcondition_from)
Warning, file "/workspace/rust-crate-proofs/http/1.5.0/verification/headers/evidence/name_standard_comparators_81_current_2026-10-05/emission/verif/http_headers_proof_rlib/header/name/impl_HeaderName/from_bytes.coma", line 857, characters 6-22: axiom fn_mut_from_spec does not contain any local abstract symbol (contains: (=), tuple0, t_InvalidHeaderName, postcondition_mut_from, postcondition_from)
Warning, file "/workspace/rust-crate-proofs/http/1.5.0/verification/headers/evidence/name_standard_comparators_81_current_2026-10-05/emission/verif/http_headers_proof_rlib/header/name/impl_HeaderName/from_bytes.coma", line 914, characters 47-51: unused variable self
Warning, file "/workspace/rust-crate-proofs/http/1.5.0/verification/headers/evidence/name_standard_comparators_81_current_2026-10-05/emission/verif/http_headers_proof_rlib/header/name/impl_HeaderName/from_bytes.coma", line 948, characters 6-32: axiom deep_model_HeaderName_spec does not contain any local abstract symbol (contains: (=), t, seq, t_HeaderName, t_ReprDeepModel_Seq_u8, header_name_model_bytes, view_HeaderName, deep_model_HeaderName)
Warning, file "/workspace/rust-crate-proofs/http/1.5.0/verification/headers/evidence/name_standard_comparators_81_current_2026-10-05/emission/verif/http_headers_proof_rlib/header/name/impl_HeaderName/from_bytes.coma", line 961, characters 55-59: unused variable self
Warning, file "/workspace/rust-crate-proofs/http/1.5.0/verification/headers/evidence/name_standard_comparators_81_current_2026-10-05/emission/verif/http_headers_proof_rlib/header/name/impl_HeaderName/from_bytes.coma", line 972, characters 54-58: unused variable self
Warning, file "/workspace/rust-crate-proofs/http/1.5.0/verification/headers/evidence/name_standard_comparators_81_current_2026-10-05/emission/verif/http_headers_proof_rlib/header/name/impl_HeaderName/from_bytes.coma", line 972, characters 82-94: unused variable result_state
Warning, file "/workspace/rust-crate-proofs/http/1.5.0/verification/headers/evidence/name_standard_comparators_81_current_2026-10-05/emission/verif/http_headers_proof_rlib/header/name/impl_HeaderName/from_bytes.coma", line 981, characters 6-29: axiom fn_mut_once_from_spec'0 does not contain any local abstract symbol (contains: tuple0, t_Custom, t_HeaderName, postcondition_once_from'0, resolve_from'0, postcondition_mut_from'0)
Warning, file "/workspace/rust-crate-proofs/http/1.5.0/verification/headers/evidence/name_standard_comparators_81_current_2026-10-05/emission/verif/http_headers_proof_rlib/header/name/impl_HeaderName/from_bytes.coma", line 985, characters 45-49: unused variable self
Warning, file "/workspace/rust-crate-proofs/http/1.5.0/verification/headers/evidence/name_standard_comparators_81_current_2026-10-05/emission/verif/http_headers_proof_rlib/header/name/impl_HeaderName/from_bytes.coma", line 985, characters 56-68: unused variable result_state
Warning, file "/workspace/rust-crate-proofs/http/1.5.0/verification/headers/evidence/name_standard_comparators_81_current_2026-10-05/emission/verif/http_headers_proof_rlib/header/name/impl_HeaderName/from_bytes.coma", line 991, characters 6-32: axiom hist_inv_trans_from_spec'0 does not contain any local abstract symbol (contains: tuple0, hist_inv_from'0)
Warning, file "/workspace/rust-crate-proofs/http/1.5.0/verification/headers/evidence/name_standard_comparators_81_current_2026-10-05/emission/verif/http_headers_proof_rlib/header/name/impl_HeaderName/from_bytes.coma", line 996, characters 6-31: axiom hist_inv_refl_from_spec'0 does not contain any local abstract symbol (contains: tuple0, hist_inv_from'0)
Warning, file "/workspace/rust-crate-proofs/http/1.5.0/verification/headers/evidence/name_standard_comparators_81_current_2026-10-05/emission/verif/http_headers_proof_rlib/header/name/impl_HeaderName/from_bytes.coma", line 1000, characters 6-44: axiom postcondition_mut_hist_inv_from_spec'0 does not contain any local abstract symbol (contains: tuple0, t_Custom, t_HeaderName, postcondition_mut_from'0, hist_inv_from'0)
Warning, file "/workspace/rust-crate-proofs/http/1.5.0/verification/headers/evidence/name_standard_comparators_81_current_2026-10-05/emission/verif/http_headers_proof_rlib/header/name/impl_HeaderName/from_bytes.coma", line 1006, characters 6-29: axiom fn_hist_inv_from_spec'0 does not contain any local abstract symbol (contains: (=), tuple0, hist_inv_from'0)
Warning, file "/workspace/rust-crate-proofs/http/1.5.0/verification/headers/evidence/name_standard_comparators_81_current_2026-10-05/emission/verif/http_headers_proof_rlib/header/name/impl_HeaderName/from_bytes.coma", line 1009, characters 50-54: unused variable self
Warning, file "/workspace/rust-crate-proofs/http/1.5.0/verification/headers/evidence/name_standard_comparators_81_current_2026-10-05/emission/verif/http_headers_proof_rlib/header/name/impl_HeaderName/from_bytes.coma", line 1018, characters 6-25: axiom fn_once_from_spec'0 does not contain any local abstract symbol (contains: tuple0, t_Custom, t_HeaderName, postcondition_once_from'0, resolve_from'0, postcondition_from'0)
Warning, file "/workspace/rust-crate-proofs/http/1.5.0/verification/headers/evidence/name_standard_comparators_81_current_2026-10-05/emission/verif/http_headers_proof_rlib/header/name/impl_HeaderName/from_bytes.coma", line 1024, characters 6-24: axiom fn_mut_from_spec'0 does not contain any local abstract symbol (contains: (=), tuple0, t_Custom, t_HeaderName, postcondition_mut_from'0, postcondition_from'0)
Warning, file "/workspace/rust-crate-proofs/http/1.5.0/verification/headers/evidence/name_standard_comparators_81_current_2026-10-05/emission/verif/http_headers_proof_rlib/header/name/impl_HeaderName/from_bytes.coma", line 1131, characters 21-27: unused variable pushed
Warning, file "/workspace/rust-crate-proofs/http/1.5.0/verification/headers/evidence/name_standard_comparators_81_current_2026-10-05/emission/verif/http_headers_proof_rlib/header/name/impl_HeaderName/from_bytes.coma", line 1147, characters 146-157: unused variable reassembled
Warning, file "/workspace/rust-crate-proofs/http/1.5.0/verification/headers/evidence/name_standard_comparators_81_current_2026-10-05/emission/verif/http_headers_proof_rlib/header/name/impl_HeaderName/from_bytes.coma", line 1156, characters 6-39: axiom ascii_bytes_are_valid_utf8_spec'0 does not contain any local abstract symbol (contains: int, (<), (<=), t, t'int, seq, length, get, valid_utf8)
Warning, file "/workspace/rust-crate-proofs/http/1.5.0/verification/headers/evidence/name_standard_comparators_81_current_2026-10-05/emission/verif/http_headers_proof_rlib/header/name/impl_HeaderName/from_bytes.coma", line 1176, characters 19-22: unused variable src
Warning, file "/workspace/rust-crate-proofs/http/1.5.0/verification/headers/evidence/name_standard_comparators_81_current_2026-10-05/emission/verif/http_headers_proof_rlib/header/name/impl_HeaderName/from_bytes.coma", line 1175, characters 49-53: unused variable self
Warning, file "/workspace/rust-crate-proofs/http/1.5.0/verification/headers/evidence/name_standard_comparators_81_current_2026-10-05/emission/verif/http_headers_proof_rlib/header/name/impl_HeaderName/from_bytes.coma", line 1189, characters 55-59: unused variable self
Warning, file "/workspace/rust-crate-proofs/http/1.5.0/verification/headers/evidence/name_standard_comparators_81_current_2026-10-05/emission/verif/http_headers_proof_rlib/header/name/impl_HeaderName/from_bytes.coma", line 1200, characters 54-58: unused variable self
Warning, file "/workspace/rust-crate-proofs/http/1.5.0/verification/headers/evidence/name_standard_comparators_81_current_2026-10-05/emission/verif/http_headers_proof_rlib/header/name/impl_HeaderName/from_bytes.coma", line 1200, characters 90-102: unused variable result_state
Warning, file "/workspace/rust-crate-proofs/http/1.5.0/verification/headers/evidence/name_standard_comparators_81_current_2026-10-05/emission/verif/http_headers_proof_rlib/header/name/impl_HeaderName/from_bytes.coma", line 1209, characters 6-29: axiom fn_mut_once_from_spec'1 does not contain any local abstract symbol (contains: tuple0, t_StandardHeader, t_HeaderName, postcondition_once_from'1, resolve_from'1, postcondition_mut_from'1)
Warning, file "/workspace/rust-crate-proofs/http/1.5.0/verification/headers/evidence/name_standard_comparators_81_current_2026-10-05/emission/verif/http_headers_proof_rlib/header/name/impl_HeaderName/from_bytes.coma", line 1213, characters 45-49: unused variable self
Warning, file "/workspace/rust-crate-proofs/http/1.5.0/verification/headers/evidence/name_standard_comparators_81_current_2026-10-05/emission/verif/http_headers_proof_rlib/header/name/impl_HeaderName/from_bytes.coma", line 1213, characters 56-68: unused variable result_state
Warning, file "/workspace/rust-crate-proofs/http/1.5.0/verification/headers/evidence/name_standard_comparators_81_current_2026-10-05/emission/verif/http_headers_proof_rlib/header/name/impl_HeaderName/from_bytes.coma", line 1219, characters 6-32: axiom hist_inv_trans_from_spec'1 does not contain any local abstract symbol (contains: tuple0, hist_inv_from'1)
Warning, file "/workspace/rust-crate-proofs/http/1.5.0/verification/headers/evidence/name_standard_comparators_81_current_2026-10-05/emission/verif/http_headers_proof_rlib/header/name/impl_HeaderName/from_bytes.coma", line 1224, characters 6-31: axiom hist_inv_refl_from_spec'1 does not contain any local abstract symbol (contains: tuple0, hist_inv_from'1)
Warning, file "/workspace/rust-crate-proofs/http/1.5.0/verification/headers/evidence/name_standard_comparators_81_current_2026-10-05/emission/verif/http_headers_proof_rlib/header/name/impl_HeaderName/from_bytes.coma", line 1228, characters 6-44: axiom postcondition_mut_hist_inv_from_spec'1 does not contain any local abstract symbol (contains: tuple0, t_StandardHeader, t_HeaderName, postcondition_mut_from'1, hist_inv_from'1)
Warning, file "/workspace/rust-crate-proofs/http/1.5.0/verification/headers/evidence/name_standard_comparators_81_current_2026-10-05/emission/verif/http_headers_proof_rlib/header/name/impl_HeaderName/from_bytes.coma", line 1234, characters 6-29: axiom fn_hist_inv_from_spec'1 does not contain any local abstract symbol (contains: (=), tuple0, hist_inv_from'1)
Warning, file "/workspace/rust-crate-proofs/http/1.5.0/verification/headers/evidence/name_standard_comparators_81_current_2026-10-05/emission/verif/http_headers_proof_rlib/header/name/impl_HeaderName/from_bytes.coma", line 1237, characters 50-54: unused variable self
Warning, file "/workspace/rust-crate-proofs/http/1.5.0/verification/headers/evidence/name_standard_comparators_81_current_2026-10-05/emission/verif/http_headers_proof_rlib/header/name/impl_HeaderName/from_bytes.coma", line 1246, characters 6-25: axiom fn_once_from_spec'1 does not contain any local abstract symbol (contains: tuple0, t_StandardHeader, t_HeaderName, postcondition_once_from'1, resolve_from'1, postcondition_from'1)
Warning, file "/workspace/rust-crate-proofs/http/1.5.0/verification/headers/evidence/name_standard_comparators_81_current_2026-10-05/emission/verif/http_headers_proof_rlib/header/name/impl_HeaderName/from_bytes.coma", line 1252, characters 6-24: axiom fn_mut_from_spec'1 does not contain any local abstract symbol (contains: (=), tuple0, t_StandardHeader, t_HeaderName, postcondition_mut_from'1, postcondition_from'1)
