path,line,name,qualifiers,signature,source_kind
src/allocation_ops.rs,10,deallocate_u8,pub(crate) unsafe,"pub(crate) unsafe fn deallocate_u8(base: *mut u8, capacity: usize)",original_or_components
src/allocation_ops.rs,25,reallocate_u8,pub(crate) unsafe,"pub(crate) unsafe fn reallocate_u8(base: *mut u8, old_capacity: usize, capacity: usize) -> core::ptr::NonNull<u8>",original_or_components
src/arithmetic.rs,6,saturating_sub_usize_u64,pub(crate),"pub(crate) fn saturating_sub_usize_u64(a: usize, b: u64) -> usize",original_or_components
src/arithmetic.rs,15,min_u64_usize,pub(crate),"pub(crate) fn min_u64_usize(a: u64, b: usize) -> usize",original_or_components
src/bounded_ops.rs,7,bounded_len,pub(crate),"pub(crate) fn bounded_len(available: usize, limit: usize) -> usize",original_or_components
src/bounded_ops.rs,13,bounded_chunk,pub(crate),"pub(crate) fn bounded_chunk(bytes: &[u8], limit: usize) -> &[u8]",original_or_components
src/bounded_ops.rs,20,decrease_limit,pub(crate),"pub(crate) fn decrease_limit(limit: &mut usize, count: usize)",original_or_components
src/buf/buf_impl.rs,91,sign_extend,,"fn sign_extend(val: u64, nbytes: usize) -> i64",original_or_components
src/buf/buf_impl.rs,146,remaining,,fn remaining(&self) -> usize,original_or_components
src/buf/buf_impl.rs,179,chunk,,fn chunk(&self) -> &[u8],original_or_components
src/buf/buf_impl.rs,210,chunks_vectored,,"fn chunks_vectored<'a>(&'a self, dst: &mut [IoSlice<'a>]) -> usize",original_or_components
src/buf/buf_impl.rs,253,advance,,"fn advance(&mut self, cnt: usize)",original_or_components
src/buf/buf_impl.rs,272,has_remaining,,fn has_remaining(&self) -> bool,original_or_components
src/buf/buf_impl.rs,297,copy_to_slice,,"fn copy_to_slice(&mut self, dst: &mut [u8])",original_or_components
src/buf/buf_impl.rs,318,get_u8,,fn get_u8(&mut self) -> u8,original_or_components
src/buf/buf_impl.rs,346,get_i8,,fn get_i8(&mut self) -> i8,original_or_components
src/buf/buf_impl.rs,374,get_u16,,fn get_u16(&mut self) -> u16,original_or_components
src/buf/buf_impl.rs,394,get_u16_le,,fn get_u16_le(&mut self) -> u16,original_or_components
src/buf/buf_impl.rs,417,get_u16_ne,,fn get_u16_ne(&mut self) -> u16,original_or_components
src/buf/buf_impl.rs,437,get_i16,,fn get_i16(&mut self) -> i16,original_or_components
src/buf/buf_impl.rs,457,get_i16_le,,fn get_i16_le(&mut self) -> i16,original_or_components
src/buf/buf_impl.rs,480,get_i16_ne,,fn get_i16_ne(&mut self) -> i16,original_or_components
src/buf/buf_impl.rs,500,get_u32,,fn get_u32(&mut self) -> u32,original_or_components
src/buf/buf_impl.rs,520,get_u32_le,,fn get_u32_le(&mut self) -> u32,original_or_components
src/buf/buf_impl.rs,543,get_u32_ne,,fn get_u32_ne(&mut self) -> u32,original_or_components
src/buf/buf_impl.rs,563,get_i32,,fn get_i32(&mut self) -> i32,original_or_components
src/buf/buf_impl.rs,583,get_i32_le,,fn get_i32_le(&mut self) -> i32,original_or_components
src/buf/buf_impl.rs,606,get_i32_ne,,fn get_i32_ne(&mut self) -> i32,original_or_components
src/buf/buf_impl.rs,626,get_u64,,fn get_u64(&mut self) -> u64,original_or_components
src/buf/buf_impl.rs,646,get_u64_le,,fn get_u64_le(&mut self) -> u64,original_or_components
src/buf/buf_impl.rs,669,get_u64_ne,,fn get_u64_ne(&mut self) -> u64,original_or_components
src/buf/buf_impl.rs,689,get_i64,,fn get_i64(&mut self) -> i64,original_or_components
src/buf/buf_impl.rs,709,get_i64_le,,fn get_i64_le(&mut self) -> i64,original_or_components
src/buf/buf_impl.rs,732,get_i64_ne,,fn get_i64_ne(&mut self) -> i64,original_or_components
src/buf/buf_impl.rs,752,get_u128,,fn get_u128(&mut self) -> u128,original_or_components
src/buf/buf_impl.rs,772,get_u128_le,,fn get_u128_le(&mut self) -> u128,original_or_components
src/buf/buf_impl.rs,795,get_u128_ne,,fn get_u128_ne(&mut self) -> u128,original_or_components
src/buf/buf_impl.rs,815,get_i128,,fn get_i128(&mut self) -> i128,original_or_components
src/buf/buf_impl.rs,835,get_i128_le,,fn get_i128_le(&mut self) -> i128,original_or_components
src/buf/buf_impl.rs,858,get_i128_ne,,fn get_i128_ne(&mut self) -> i128,original_or_components
src/buf/buf_impl.rs,879,get_uint,,"fn get_uint(&mut self, nbytes: usize) -> u64",original_or_components
src/buf/buf_impl.rs,900,get_uint_le,,"fn get_uint_le(&mut self, nbytes: usize) -> u64",original_or_components
src/buf/buf_impl.rs,924,get_uint_ne,,"fn get_uint_ne(&mut self, nbytes: usize) -> u64",original_or_components
src/buf/buf_impl.rs,949,get_int,,"fn get_int(&mut self, nbytes: usize) -> i64",original_or_components
src/buf/buf_impl.rs,970,get_int_le,,"fn get_int_le(&mut self, nbytes: usize) -> i64",original_or_components
src/buf/buf_impl.rs,994,get_int_ne,,"fn get_int_ne(&mut self, nbytes: usize) -> i64",original_or_components
src/buf/buf_impl.rs,1019,get_f32,,fn get_f32(&mut self) -> f32,original_or_components
src/buf/buf_impl.rs,1040,get_f32_le,,fn get_f32_le(&mut self) -> f32,original_or_components
src/buf/buf_impl.rs,1064,get_f32_ne,,fn get_f32_ne(&mut self) -> f32,original_or_components
src/buf/buf_impl.rs,1085,get_f64,,fn get_f64(&mut self) -> f64,original_or_components
src/buf/buf_impl.rs,1106,get_f64_le,,fn get_f64_le(&mut self) -> f64,original_or_components
src/buf/buf_impl.rs,1130,get_f64_ne,,fn get_f64_ne(&mut self) -> f64,original_or_components
src/buf/buf_impl.rs,1164,try_copy_to_slice,,"fn try_copy_to_slice(&mut self, mut dst: &mut [u8]) -> Result<(), TryGetError>",original_or_components
src/buf/buf_impl.rs,1207,try_get_u8,,"fn try_get_u8(&mut self) -> Result<u8, TryGetError>",original_or_components
src/buf/buf_impl.rs,1242,try_get_i8,,"fn try_get_i8(&mut self) -> Result<i8, TryGetError>",original_or_components
src/buf/buf_impl.rs,1278,try_get_u16,,"fn try_get_u16(&mut self) -> Result<u16, TryGetError>",original_or_components
src/buf/buf_impl.rs,1306,try_get_u16_le,,"fn try_get_u16_le(&mut self) -> Result<u16, TryGetError>",original_or_components
src/buf/buf_impl.rs,1337,try_get_u16_ne,,"fn try_get_u16_ne(&mut self) -> Result<u16, TryGetError>",original_or_components
src/buf/buf_impl.rs,1365,try_get_i16,,"fn try_get_i16(&mut self) -> Result<i16, TryGetError>",original_or_components
src/buf/buf_impl.rs,1393,try_get_i16_le,,"fn try_get_i16_le(&mut self) -> Result<i16, TryGetError>",original_or_components
src/buf/buf_impl.rs,1424,try_get_i16_ne,,"fn try_get_i16_ne(&mut self) -> Result<i16, TryGetError>",original_or_components
src/buf/buf_impl.rs,1452,try_get_u32,,"fn try_get_u32(&mut self) -> Result<u32, TryGetError>",original_or_components
src/buf/buf_impl.rs,1480,try_get_u32_le,,"fn try_get_u32_le(&mut self) -> Result<u32, TryGetError>",original_or_components
src/buf/buf_impl.rs,1511,try_get_u32_ne,,"fn try_get_u32_ne(&mut self) -> Result<u32, TryGetError>",original_or_components
src/buf/buf_impl.rs,1539,try_get_i32,,"fn try_get_i32(&mut self) -> Result<i32, TryGetError>",original_or_components
src/buf/buf_impl.rs,1567,try_get_i32_le,,"fn try_get_i32_le(&mut self) -> Result<i32, TryGetError>",original_or_components
src/buf/buf_impl.rs,1598,try_get_i32_ne,,"fn try_get_i32_ne(&mut self) -> Result<i32, TryGetError>",original_or_components
src/buf/buf_impl.rs,1626,try_get_u64,,"fn try_get_u64(&mut self) -> Result<u64, TryGetError>",original_or_components
src/buf/buf_impl.rs,1654,try_get_u64_le,,"fn try_get_u64_le(&mut self) -> Result<u64, TryGetError>",original_or_components
src/buf/buf_impl.rs,1685,try_get_u64_ne,,"fn try_get_u64_ne(&mut self) -> Result<u64, TryGetError>",original_or_components
src/buf/buf_impl.rs,1713,try_get_i64,,"fn try_get_i64(&mut self) -> Result<i64, TryGetError>",original_or_components
src/buf/buf_impl.rs,1741,try_get_i64_le,,"fn try_get_i64_le(&mut self) -> Result<i64, TryGetError>",original_or_components
src/buf/buf_impl.rs,1772,try_get_i64_ne,,"fn try_get_i64_ne(&mut self) -> Result<i64, TryGetError>",original_or_components
src/buf/buf_impl.rs,1800,try_get_u128,,"fn try_get_u128(&mut self) -> Result<u128, TryGetError>",original_or_components
src/buf/buf_impl.rs,1828,try_get_u128_le,,"fn try_get_u128_le(&mut self) -> Result<u128, TryGetError>",original_or_components
src/buf/buf_impl.rs,1859,try_get_u128_ne,,"fn try_get_u128_ne(&mut self) -> Result<u128, TryGetError>",original_or_components
src/buf/buf_impl.rs,1887,try_get_i128,,"fn try_get_i128(&mut self) -> Result<i128, TryGetError>",original_or_components
src/buf/buf_impl.rs,1915,try_get_i128_le,,"fn try_get_i128_le(&mut self) -> Result<i128, TryGetError>",original_or_components
src/buf/buf_impl.rs,1946,try_get_i128_ne,,"fn try_get_i128_ne(&mut self) -> Result<i128, TryGetError>",original_or_components
src/buf/buf_impl.rs,1978,try_get_uint,,"fn try_get_uint(&mut self, nbytes: usize) -> Result<u64, TryGetError>",original_or_components
src/buf/buf_impl.rs,2010,try_get_uint_le,,"fn try_get_uint_le(&mut self, nbytes: usize) -> Result<u64, TryGetError>",original_or_components
src/buf/buf_impl.rs,2048,try_get_uint_ne,,"fn try_get_uint_ne(&mut self, nbytes: usize) -> Result<u64, TryGetError>",original_or_components
src/buf/buf_impl.rs,2084,try_get_int,,"fn try_get_int(&mut self, nbytes: usize) -> Result<i64, TryGetError>",original_or_components
src/buf/buf_impl.rs,2116,try_get_int_le,,"fn try_get_int_le(&mut self, nbytes: usize) -> Result<i64, TryGetError>",original_or_components
src/buf/buf_impl.rs,2154,try_get_int_ne,,"fn try_get_int_ne(&mut self, nbytes: usize) -> Result<i64, TryGetError>",original_or_components
src/buf/buf_impl.rs,2187,try_get_f32,,"fn try_get_f32(&mut self) -> Result<f32, TryGetError>",original_or_components
src/buf/buf_impl.rs,2216,try_get_f32_le,,"fn try_get_f32_le(&mut self) -> Result<f32, TryGetError>",original_or_components
src/buf/buf_impl.rs,2248,try_get_f32_ne,,"fn try_get_f32_ne(&mut self) -> Result<f32, TryGetError>",original_or_components
src/buf/buf_impl.rs,2277,try_get_f64,,"fn try_get_f64(&mut self) -> Result<f64, TryGetError>",original_or_components
src/buf/buf_impl.rs,2306,try_get_f64_le,,"fn try_get_f64_le(&mut self) -> Result<f64, TryGetError>",original_or_components
src/buf/buf_impl.rs,2338,try_get_f64_ne,,"fn try_get_f64_ne(&mut self) -> Result<f64, TryGetError>",original_or_components
src/buf/buf_impl.rs,2361,copy_to_bytes,,"fn copy_to_bytes(&mut self, len: usize) -> crate::Bytes",original_or_components
src/buf/buf_impl.rs,2402,take,,"fn take(self, limit: usize) -> Take<Self> where Self: Sized,",original_or_components
src/buf/buf_impl.rs,2425,chain,,"fn chain<U: Buf>(self, next: U) -> Chain<Self, U> where Self: Sized,",original_or_components
src/buf/buf_impl.rs,2457,reader,,"fn reader(self) -> Reader<Self> where Self: Sized,",original_or_components
src/buf/buf_impl.rs,2468,remaining,,fn remaining(&self) -> usize,original_or_components
src/buf/buf_impl.rs,2473,chunk,,fn chunk(&self) -> &[u8],original_or_components
src/buf/buf_impl.rs,2479,chunks_vectored,,"fn chunks_vectored<'b>(&'b self, dst: &mut [IoSlice<'b>]) -> usize",original_or_components
src/buf/buf_impl.rs,2484,advance,,"fn advance(&mut self, cnt: usize)",original_or_components
src/buf/buf_impl.rs,2489,has_remaining,,fn has_remaining(&self) -> bool,original_or_components
src/buf/buf_impl.rs,2494,copy_to_slice,,"fn copy_to_slice(&mut self, dst: &mut [u8])",original_or_components
src/buf/buf_impl.rs,2499,get_u8,,fn get_u8(&mut self) -> u8,original_or_components
src/buf/buf_impl.rs,2504,get_i8,,fn get_i8(&mut self) -> i8,original_or_components
src/buf/buf_impl.rs,2509,get_u16,,fn get_u16(&mut self) -> u16,original_or_components
src/buf/buf_impl.rs,2514,get_u16_le,,fn get_u16_le(&mut self) -> u16,original_or_components
src/buf/buf_impl.rs,2519,get_u16_ne,,fn get_u16_ne(&mut self) -> u16,original_or_components
src/buf/buf_impl.rs,2524,get_i16,,fn get_i16(&mut self) -> i16,original_or_components
src/buf/buf_impl.rs,2529,get_i16_le,,fn get_i16_le(&mut self) -> i16,original_or_components
src/buf/buf_impl.rs,2534,get_i16_ne,,fn get_i16_ne(&mut self) -> i16,original_or_components
src/buf/buf_impl.rs,2539,get_u32,,fn get_u32(&mut self) -> u32,original_or_components
src/buf/buf_impl.rs,2544,get_u32_le,,fn get_u32_le(&mut self) -> u32,original_or_components
src/buf/buf_impl.rs,2549,get_u32_ne,,fn get_u32_ne(&mut self) -> u32,original_or_components
src/buf/buf_impl.rs,2554,get_i32,,fn get_i32(&mut self) -> i32,original_or_components
src/buf/buf_impl.rs,2559,get_i32_le,,fn get_i32_le(&mut self) -> i32,original_or_components
src/buf/buf_impl.rs,2564,get_i32_ne,,fn get_i32_ne(&mut self) -> i32,original_or_components
src/buf/buf_impl.rs,2569,get_u64,,fn get_u64(&mut self) -> u64,original_or_components
src/buf/buf_impl.rs,2574,get_u64_le,,fn get_u64_le(&mut self) -> u64,original_or_components
src/buf/buf_impl.rs,2579,get_u64_ne,,fn get_u64_ne(&mut self) -> u64,original_or_components
src/buf/buf_impl.rs,2584,get_i64,,fn get_i64(&mut self) -> i64,original_or_components
src/buf/buf_impl.rs,2589,get_i64_le,,fn get_i64_le(&mut self) -> i64,original_or_components
src/buf/buf_impl.rs,2594,get_i64_ne,,fn get_i64_ne(&mut self) -> i64,original_or_components
src/buf/buf_impl.rs,2599,get_u128,,fn get_u128(&mut self) -> u128,original_or_components
src/buf/buf_impl.rs,2604,get_u128_le,,fn get_u128_le(&mut self) -> u128,original_or_components
src/buf/buf_impl.rs,2609,get_u128_ne,,fn get_u128_ne(&mut self) -> u128,original_or_components
src/buf/buf_impl.rs,2614,get_i128,,fn get_i128(&mut self) -> i128,original_or_components
src/buf/buf_impl.rs,2619,get_i128_le,,fn get_i128_le(&mut self) -> i128,original_or_components
src/buf/buf_impl.rs,2624,get_i128_ne,,fn get_i128_ne(&mut self) -> i128,original_or_components
src/buf/buf_impl.rs,2629,get_uint,,"fn get_uint(&mut self, nbytes: usize) -> u64",original_or_components
src/buf/buf_impl.rs,2634,get_uint_le,,"fn get_uint_le(&mut self, nbytes: usize) -> u64",original_or_components
src/buf/buf_impl.rs,2639,get_uint_ne,,"fn get_uint_ne(&mut self, nbytes: usize) -> u64",original_or_components
src/buf/buf_impl.rs,2644,get_int,,"fn get_int(&mut self, nbytes: usize) -> i64",original_or_components
src/buf/buf_impl.rs,2649,get_int_le,,"fn get_int_le(&mut self, nbytes: usize) -> i64",original_or_components
src/buf/buf_impl.rs,2654,get_int_ne,,"fn get_int_ne(&mut self, nbytes: usize) -> i64",original_or_components
src/buf/buf_impl.rs,2659,get_f32,,fn get_f32(&mut self) -> f32,original_or_components
src/buf/buf_impl.rs,2664,get_f32_le,,fn get_f32_le(&mut self) -> f32,original_or_components
src/buf/buf_impl.rs,2669,get_f32_ne,,fn get_f32_ne(&mut self) -> f32,original_or_components
src/buf/buf_impl.rs,2674,get_f64,,fn get_f64(&mut self) -> f64,original_or_components
src/buf/buf_impl.rs,2679,get_f64_le,,fn get_f64_le(&mut self) -> f64,original_or_components
src/buf/buf_impl.rs,2684,get_f64_ne,,fn get_f64_ne(&mut self) -> f64,original_or_components
src/buf/buf_impl.rs,2689,try_copy_to_slice,,"fn try_copy_to_slice(&mut self, dst: &mut [u8]) -> Result<(), TryGetError>",original_or_components
src/buf/buf_impl.rs,2694,try_get_u8,,"fn try_get_u8(&mut self) -> Result<u8, TryGetError>",original_or_components
src/buf/buf_impl.rs,2699,try_get_i8,,"fn try_get_i8(&mut self) -> Result<i8, TryGetError>",original_or_components
src/buf/buf_impl.rs,2704,try_get_u16,,"fn try_get_u16(&mut self) -> Result<u16, TryGetError>",original_or_components
src/buf/buf_impl.rs,2709,try_get_u16_le,,"fn try_get_u16_le(&mut self) -> Result<u16, TryGetError>",original_or_components
src/buf/buf_impl.rs,2714,try_get_u16_ne,,"fn try_get_u16_ne(&mut self) -> Result<u16, TryGetError>",original_or_components
src/buf/buf_impl.rs,2719,try_get_i16,,"fn try_get_i16(&mut self) -> Result<i16, TryGetError>",original_or_components
src/buf/buf_impl.rs,2724,try_get_i16_le,,"fn try_get_i16_le(&mut self) -> Result<i16, TryGetError>",original_or_components
src/buf/buf_impl.rs,2729,try_get_i16_ne,,"fn try_get_i16_ne(&mut self) -> Result<i16, TryGetError>",original_or_components
src/buf/buf_impl.rs,2734,try_get_u32,,"fn try_get_u32(&mut self) -> Result<u32, TryGetError>",original_or_components
src/buf/buf_impl.rs,2739,try_get_u32_le,,"fn try_get_u32_le(&mut self) -> Result<u32, TryGetError>",original_or_components
src/buf/buf_impl.rs,2744,try_get_u32_ne,,"fn try_get_u32_ne(&mut self) -> Result<u32, TryGetError>",original_or_components
src/buf/buf_impl.rs,2749,try_get_i32,,"fn try_get_i32(&mut self) -> Result<i32, TryGetError>",original_or_components
src/buf/buf_impl.rs,2754,try_get_i32_le,,"fn try_get_i32_le(&mut self) -> Result<i32, TryGetError>",original_or_components
src/buf/buf_impl.rs,2759,try_get_i32_ne,,"fn try_get_i32_ne(&mut self) -> Result<i32, TryGetError>",original_or_components
src/buf/buf_impl.rs,2764,try_get_u64,,"fn try_get_u64(&mut self) -> Result<u64, TryGetError>",original_or_components
src/buf/buf_impl.rs,2769,try_get_u64_le,,"fn try_get_u64_le(&mut self) -> Result<u64, TryGetError>",original_or_components
src/buf/buf_impl.rs,2774,try_get_u64_ne,,"fn try_get_u64_ne(&mut self) -> Result<u64, TryGetError>",original_or_components
src/buf/buf_impl.rs,2779,try_get_i64,,"fn try_get_i64(&mut self) -> Result<i64, TryGetError>",original_or_components
src/buf/buf_impl.rs,2784,try_get_i64_le,,"fn try_get_i64_le(&mut self) -> Result<i64, TryGetError>",original_or_components
src/buf/buf_impl.rs,2789,try_get_i64_ne,,"fn try_get_i64_ne(&mut self) -> Result<i64, TryGetError>",original_or_components
src/buf/buf_impl.rs,2794,try_get_u128,,"fn try_get_u128(&mut self) -> Result<u128, TryGetError>",original_or_components
src/buf/buf_impl.rs,2799,try_get_u128_le,,"fn try_get_u128_le(&mut self) -> Result<u128, TryGetError>",original_or_components
src/buf/buf_impl.rs,2804,try_get_u128_ne,,"fn try_get_u128_ne(&mut self) -> Result<u128, TryGetError>",original_or_components
src/buf/buf_impl.rs,2809,try_get_i128,,"fn try_get_i128(&mut self) -> Result<i128, TryGetError>",original_or_components
src/buf/buf_impl.rs,2814,try_get_i128_le,,"fn try_get_i128_le(&mut self) -> Result<i128, TryGetError>",original_or_components
src/buf/buf_impl.rs,2819,try_get_i128_ne,,"fn try_get_i128_ne(&mut self) -> Result<i128, TryGetError>",original_or_components
src/buf/buf_impl.rs,2824,try_get_uint,,"fn try_get_uint(&mut self, nbytes: usize) -> Result<u64, TryGetError>",original_or_components
src/buf/buf_impl.rs,2829,try_get_uint_le,,"fn try_get_uint_le(&mut self, nbytes: usize) -> Result<u64, TryGetError>",original_or_components
src/buf/buf_impl.rs,2834,try_get_uint_ne,,"fn try_get_uint_ne(&mut self, nbytes: usize) -> Result<u64, TryGetError>",original_or_components
src/buf/buf_impl.rs,2839,try_get_int,,"fn try_get_int(&mut self, nbytes: usize) -> Result<i64, TryGetError>",original_or_components
src/buf/buf_impl.rs,2844,try_get_int_le,,"fn try_get_int_le(&mut self, nbytes: usize) -> Result<i64, TryGetError>",original_or_components
src/buf/buf_impl.rs,2849,try_get_int_ne,,"fn try_get_int_ne(&mut self, nbytes: usize) -> Result<i64, TryGetError>",original_or_components
src/buf/buf_impl.rs,2854,try_get_f32,,"fn try_get_f32(&mut self) -> Result<f32, TryGetError>",original_or_components
src/buf/buf_impl.rs,2859,try_get_f32_le,,"fn try_get_f32_le(&mut self) -> Result<f32, TryGetError>",original_or_components
src/buf/buf_impl.rs,2864,try_get_f32_ne,,"fn try_get_f32_ne(&mut self) -> Result<f32, TryGetError>",original_or_components
src/buf/buf_impl.rs,2869,try_get_f64,,"fn try_get_f64(&mut self) -> Result<f64, TryGetError>",original_or_components
src/buf/buf_impl.rs,2874,try_get_f64_le,,"fn try_get_f64_le(&mut self) -> Result<f64, TryGetError>",original_or_components
src/buf/buf_impl.rs,2879,try_get_f64_ne,,"fn try_get_f64_ne(&mut self) -> Result<f64, TryGetError>",original_or_components
src/buf/buf_impl.rs,2884,copy_to_bytes,,"fn copy_to_bytes(&mut self, len: usize) -> crate::Bytes",original_or_components
src/buf/buf_impl.rs,2900,remaining,,fn remaining(&self) -> usize,original_or_components
src/buf/buf_impl.rs,2905,chunk,,fn chunk(&self) -> &[u8],original_or_components
src/buf/buf_impl.rs,2910,advance,,"fn advance(&mut self, cnt: usize)",original_or_components
src/buf/buf_impl.rs,2922,copy_to_slice,,"fn copy_to_slice(&mut self, dst: &mut [u8])",original_or_components
src/buf/buf_impl.rs,2933,get_u8,,fn get_u8(&mut self) -> u8,original_or_components
src/buf/buf_impl.rs,2941,try_get_u8,,"fn try_get_u8(&mut self) -> Result<u8, TryGetError>",original_or_components
src/buf/buf_impl.rs,2949,get_u16,,fn get_u16(&mut self) -> u16,original_or_components
src/buf/buf_impl.rs,2957,try_get_u16,,"fn try_get_u16(&mut self) -> Result<u16, TryGetError>",original_or_components
src/buf/buf_impl.rs,2965,get_u32,,fn get_u32(&mut self) -> u32,original_or_components
src/buf/buf_impl.rs,2973,try_get_u32,,"fn try_get_u32(&mut self) -> Result<u32, TryGetError>",original_or_components
src/buf/buf_impl.rs,2981,get_u64,,fn get_u64(&mut self) -> u64,original_or_components
src/buf/buf_impl.rs,2989,try_get_u64,,"fn try_get_u64(&mut self) -> Result<u64, TryGetError>",original_or_components
src/buf/buf_impl.rs,2997,get_u128,,fn get_u128(&mut self) -> u128,original_or_components
src/buf/buf_impl.rs,3005,try_get_u128,,"fn try_get_u128(&mut self) -> Result<u128, TryGetError>",original_or_components
src/buf/buf_impl.rs,3013,get_u16_le,,fn get_u16_le(&mut self) -> u16,original_or_components
src/buf/buf_impl.rs,3021,try_get_u16_le,,"fn try_get_u16_le(&mut self) -> Result<u16, TryGetError>",original_or_components
src/buf/buf_impl.rs,3029,get_u32_le,,fn get_u32_le(&mut self) -> u32,original_or_components
src/buf/buf_impl.rs,3037,try_get_u32_le,,"fn try_get_u32_le(&mut self) -> Result<u32, TryGetError>",original_or_components
src/buf/buf_impl.rs,3045,get_u64_le,,fn get_u64_le(&mut self) -> u64,original_or_components
src/buf/buf_impl.rs,3053,try_get_u64_le,,"fn try_get_u64_le(&mut self) -> Result<u64, TryGetError>",original_or_components
src/buf/buf_impl.rs,3061,get_u128_le,,fn get_u128_le(&mut self) -> u128,original_or_components
src/buf/buf_impl.rs,3069,try_get_u128_le,,"fn try_get_u128_le(&mut self) -> Result<u128, TryGetError>",original_or_components
src/buf/buf_impl.rs,3077,get_uint,,"fn get_uint(&mut self, nbytes: usize) -> u64",original_or_components
src/buf/buf_impl.rs,3085,get_uint_le,,"fn get_uint_le(&mut self, nbytes: usize) -> u64",original_or_components
src/buf/buf_impl.rs,3093,try_get_uint,,"fn try_get_uint(&mut self, nbytes: usize) -> Result<u64, TryGetError>",original_or_components
src/buf/buf_impl.rs,3106,try_get_uint_le,,"fn try_get_uint_le(&mut self, nbytes: usize) -> Result<u64, TryGetError>",original_or_components
src/buf/buf_impl.rs,3119,get_i16,,fn get_i16(&mut self) -> i16,original_or_components
src/buf/buf_impl.rs,3127,try_get_i16,,"fn try_get_i16(&mut self) -> Result<i16, TryGetError>",original_or_components
src/buf/buf_impl.rs,3135,get_i16_le,,fn get_i16_le(&mut self) -> i16,original_or_components
src/buf/buf_impl.rs,3143,try_get_i16_le,,"fn try_get_i16_le(&mut self) -> Result<i16, TryGetError>",original_or_components
src/buf/buf_impl.rs,3151,get_i32,,fn get_i32(&mut self) -> i32,original_or_components
src/buf/buf_impl.rs,3159,try_get_i32,,"fn try_get_i32(&mut self) -> Result<i32, TryGetError>",original_or_components
src/buf/buf_impl.rs,3167,get_i32_le,,fn get_i32_le(&mut self) -> i32,original_or_components
src/buf/buf_impl.rs,3175,try_get_i32_le,,"fn try_get_i32_le(&mut self) -> Result<i32, TryGetError>",original_or_components
src/buf/buf_impl.rs,3183,get_i64,,fn get_i64(&mut self) -> i64,original_or_components
src/buf/buf_impl.rs,3191,try_get_i64,,"fn try_get_i64(&mut self) -> Result<i64, TryGetError>",original_or_components
src/buf/buf_impl.rs,3199,get_i64_le,,fn get_i64_le(&mut self) -> i64,original_or_components
src/buf/buf_impl.rs,3207,try_get_i64_le,,"fn try_get_i64_le(&mut self) -> Result<i64, TryGetError>",original_or_components
src/buf/buf_impl.rs,3215,get_i128,,fn get_i128(&mut self) -> i128,original_or_components
src/buf/buf_impl.rs,3223,try_get_i128,,"fn try_get_i128(&mut self) -> Result<i128, TryGetError>",original_or_components
src/buf/buf_impl.rs,3231,get_i128_le,,fn get_i128_le(&mut self) -> i128,original_or_components
src/buf/buf_impl.rs,3239,try_get_i128_le,,"fn try_get_i128_le(&mut self) -> Result<i128, TryGetError>",original_or_components
src/buf/buf_impl.rs,3250,remaining,,fn remaining(&self) -> usize,original_or_components
src/buf/buf_impl.rs,3255,chunk,,fn chunk(&self) -> &[u8],original_or_components
src/buf/buf_impl.rs,3261,advance,,"fn advance(&mut self, cnt: usize)",original_or_components
src/buf/buf_impl.rs,3287,_assert_trait_object,,fn _assert_trait_object(_b: &dyn Buf),original_or_components
src/buf/buf_mut.rs,66,remaining_mut,,fn remaining_mut(&self) -> usize,original_or_components
src/buf/buf_mut.rs,109,advance_mut,unsafe,"unsafe fn advance_mut(&mut self, cnt: usize)",original_or_components
src/buf/buf_mut.rs,130,has_remaining_mut,,fn has_remaining_mut(&self) -> bool,original_or_components
src/buf/buf_mut.rs,181,chunk_mut,,fn chunk_mut(&mut self) -> &mut UninitSlice,original_or_components
src/buf/buf_mut.rs,204,put,,"fn put<T: super::Buf>(&mut self, mut src: T) where Self: Sized,",original_or_components
src/buf/buf_mut.rs,248,put_slice,,"fn put_slice(&mut self, mut src: &[u8])",original_or_components
src/buf/buf_mut.rs,294,put_bytes,,"fn put_bytes(&mut self, val: u8, mut cnt: usize)",original_or_components
src/buf/buf_mut.rs,332,put_u8,,"fn put_u8(&mut self, n: u8)",original_or_components
src/buf/buf_mut.rs,356,put_i8,,"fn put_i8(&mut self, n: i8)",original_or_components
src/buf/buf_mut.rs,380,put_u16,,"fn put_u16(&mut self, n: u16)",original_or_components
src/buf/buf_mut.rs,403,put_u16_le,,"fn put_u16_le(&mut self, n: u16)",original_or_components
src/buf/buf_mut.rs,430,put_u16_ne,,"fn put_u16_ne(&mut self, n: u16)",original_or_components
src/buf/buf_mut.rs,453,put_i16,,"fn put_i16(&mut self, n: i16)",original_or_components
src/buf/buf_mut.rs,476,put_i16_le,,"fn put_i16_le(&mut self, n: i16)",original_or_components
src/buf/buf_mut.rs,503,put_i16_ne,,"fn put_i16_ne(&mut self, n: i16)",original_or_components
src/buf/buf_mut.rs,526,put_u32,,"fn put_u32(&mut self, n: u32)",original_or_components
src/buf/buf_mut.rs,549,put_u32_le,,"fn put_u32_le(&mut self, n: u32)",original_or_components
src/buf/buf_mut.rs,576,put_u32_ne,,"fn put_u32_ne(&mut self, n: u32)",original_or_components
src/buf/buf_mut.rs,599,put_i32,,"fn put_i32(&mut self, n: i32)",original_or_components
src/buf/buf_mut.rs,622,put_i32_le,,"fn put_i32_le(&mut self, n: i32)",original_or_components
src/buf/buf_mut.rs,649,put_i32_ne,,"fn put_i32_ne(&mut self, n: i32)",original_or_components
src/buf/buf_mut.rs,672,put_u64,,"fn put_u64(&mut self, n: u64)",original_or_components
src/buf/buf_mut.rs,695,put_u64_le,,"fn put_u64_le(&mut self, n: u64)",original_or_components
src/buf/buf_mut.rs,722,put_u64_ne,,"fn put_u64_ne(&mut self, n: u64)",original_or_components
src/buf/buf_mut.rs,745,put_i64,,"fn put_i64(&mut self, n: i64)",original_or_components
src/buf/buf_mut.rs,768,put_i64_le,,"fn put_i64_le(&mut self, n: i64)",original_or_components
src/buf/buf_mut.rs,795,put_i64_ne,,"fn put_i64_ne(&mut self, n: i64)",original_or_components
src/buf/buf_mut.rs,818,put_u128,,"fn put_u128(&mut self, n: u128)",original_or_components
src/buf/buf_mut.rs,841,put_u128_le,,"fn put_u128_le(&mut self, n: u128)",original_or_components
src/buf/buf_mut.rs,868,put_u128_ne,,"fn put_u128_ne(&mut self, n: u128)",original_or_components
src/buf/buf_mut.rs,891,put_i128,,"fn put_i128(&mut self, n: i128)",original_or_components
src/buf/buf_mut.rs,914,put_i128_le,,"fn put_i128_le(&mut self, n: i128)",original_or_components
src/buf/buf_mut.rs,941,put_i128_ne,,"fn put_i128_ne(&mut self, n: i128)",original_or_components
src/buf/buf_mut.rs,964,put_uint,,"fn put_uint(&mut self, n: u64, nbytes: usize)",original_or_components
src/buf/buf_mut.rs,992,put_uint_le,,"fn put_uint_le(&mut self, n: u64, nbytes: usize)",original_or_components
src/buf/buf_mut.rs,1025,put_uint_ne,,"fn put_uint_ne(&mut self, n: u64, nbytes: usize)",original_or_components
src/buf/buf_mut.rs,1052,put_int,,"fn put_int(&mut self, n: i64, nbytes: usize)",original_or_components
src/buf/buf_mut.rs,1080,put_int_le,,"fn put_int_le(&mut self, n: i64, nbytes: usize)",original_or_components
src/buf/buf_mut.rs,1113,put_int_ne,,"fn put_int_ne(&mut self, n: i64, nbytes: usize)",original_or_components
src/buf/buf_mut.rs,1141,put_f32,,"fn put_f32(&mut self, n: f32)",original_or_components
src/buf/buf_mut.rs,1165,put_f32_le,,"fn put_f32_le(&mut self, n: f32)",original_or_components
src/buf/buf_mut.rs,1193,put_f32_ne,,"fn put_f32_ne(&mut self, n: f32)",original_or_components
src/buf/buf_mut.rs,1217,put_f64,,"fn put_f64(&mut self, n: f64)",original_or_components
src/buf/buf_mut.rs,1241,put_f64_le,,"fn put_f64_le(&mut self, n: f64)",original_or_components
src/buf/buf_mut.rs,1269,put_f64_ne,,"fn put_f64_ne(&mut self, n: f64)",original_or_components
src/buf/buf_mut.rs,1287,limit,,"fn limit(self, limit: usize) -> Limit<Self> where Self: Sized,",original_or_components
src/buf/buf_mut.rs,1319,writer,,"fn writer(self) -> Writer<Self> where Self: Sized,",original_or_components
src/buf/buf_mut.rs,1348,chain_mut,,"fn chain_mut<U: BufMut>(self, next: U) -> Chain<Self, U> where Self: Sized,",original_or_components
src/buf/buf_mut.rs,1359,remaining_mut,,fn remaining_mut(&self) -> usize,original_or_components
src/buf/buf_mut.rs,1364,chunk_mut,,fn chunk_mut(&mut self) -> &mut UninitSlice,original_or_components
src/buf/buf_mut.rs,1369,advance_mut,unsafe,"unsafe fn advance_mut(&mut self, cnt: usize)",original_or_components
src/buf/buf_mut.rs,1374,put_slice,,"fn put_slice(&mut self, src: &[u8])",original_or_components
src/buf/buf_mut.rs,1379,put_u8,,"fn put_u8(&mut self, n: u8)",original_or_components
src/buf/buf_mut.rs,1384,put_i8,,"fn put_i8(&mut self, n: i8)",original_or_components
src/buf/buf_mut.rs,1389,put_u16,,"fn put_u16(&mut self, n: u16)",original_or_components
src/buf/buf_mut.rs,1394,put_u16_le,,"fn put_u16_le(&mut self, n: u16)",original_or_components
src/buf/buf_mut.rs,1399,put_u16_ne,,"fn put_u16_ne(&mut self, n: u16)",original_or_components
src/buf/buf_mut.rs,1404,put_i16,,"fn put_i16(&mut self, n: i16)",original_or_components
src/buf/buf_mut.rs,1409,put_i16_le,,"fn put_i16_le(&mut self, n: i16)",original_or_components
src/buf/buf_mut.rs,1414,put_i16_ne,,"fn put_i16_ne(&mut self, n: i16)",original_or_components
src/buf/buf_mut.rs,1419,put_u32,,"fn put_u32(&mut self, n: u32)",original_or_components
src/buf/buf_mut.rs,1424,put_u32_le,,"fn put_u32_le(&mut self, n: u32)",original_or_components
src/buf/buf_mut.rs,1429,put_u32_ne,,"fn put_u32_ne(&mut self, n: u32)",original_or_components
src/buf/buf_mut.rs,1434,put_i32,,"fn put_i32(&mut self, n: i32)",original_or_components
src/buf/buf_mut.rs,1439,put_i32_le,,"fn put_i32_le(&mut self, n: i32)",original_or_components
src/buf/buf_mut.rs,1444,put_i32_ne,,"fn put_i32_ne(&mut self, n: i32)",original_or_components
src/buf/buf_mut.rs,1449,put_u64,,"fn put_u64(&mut self, n: u64)",original_or_components
src/buf/buf_mut.rs,1454,put_u64_le,,"fn put_u64_le(&mut self, n: u64)",original_or_components
src/buf/buf_mut.rs,1459,put_u64_ne,,"fn put_u64_ne(&mut self, n: u64)",original_or_components
src/buf/buf_mut.rs,1464,put_i64,,"fn put_i64(&mut self, n: i64)",original_or_components
src/buf/buf_mut.rs,1469,put_i64_le,,"fn put_i64_le(&mut self, n: i64)",original_or_components
src/buf/buf_mut.rs,1474,put_i64_ne,,"fn put_i64_ne(&mut self, n: i64)",original_or_components
src/buf/buf_mut.rs,1490,remaining_mut,,fn remaining_mut(&self) -> usize,original_or_components
src/buf/buf_mut.rs,1495,chunk_mut,,fn chunk_mut(&mut self) -> &mut UninitSlice,original_or_components
src/buf/buf_mut.rs,1500,advance_mut,unsafe,"unsafe fn advance_mut(&mut self, cnt: usize)",original_or_components
src/buf/buf_mut.rs,1512,put_slice,,"fn put_slice(&mut self, src: &[u8])",original_or_components
src/buf/buf_mut.rs,1524,put_bytes,,"fn put_bytes(&mut self, val: u8, cnt: usize)",original_or_components
src/buf/buf_mut.rs,1538,remaining_mut,,fn remaining_mut(&self) -> usize,original_or_components
src/buf/buf_mut.rs,1543,chunk_mut,,fn chunk_mut(&mut self) -> &mut UninitSlice,original_or_components
src/buf/buf_mut.rs,1548,advance_mut,unsafe,"unsafe fn advance_mut(&mut self, cnt: usize)",original_or_components
src/buf/buf_mut.rs,1560,put_slice,,"fn put_slice(&mut self, src: &[u8])",original_or_components
src/buf/buf_mut.rs,1572,put_bytes,,"fn put_bytes(&mut self, val: u8, cnt: usize)",original_or_components
src/buf/buf_mut.rs,1586,remaining_mut,,fn remaining_mut(&self) -> usize,original_or_components
src/buf/buf_mut.rs,1592,advance_mut,unsafe,"unsafe fn advance_mut(&mut self, cnt: usize)",original_or_components
src/buf/buf_mut.rs,1608,chunk_mut,,fn chunk_mut(&mut self) -> &mut UninitSlice,original_or_components
src/buf/buf_mut.rs,1626,put,,"fn put<T: super::Buf>(&mut self, mut src: T) where Self: Sized,",original_or_components
src/buf/buf_mut.rs,1642,put_slice,,"fn put_slice(&mut self, src: &[u8])",original_or_components
src/buf/buf_mut.rs,1647,put_bytes,,"fn put_bytes(&mut self, val: u8, cnt: usize)",original_or_components
src/buf/buf_mut.rs,1659,_assert_trait_object,,fn _assert_trait_object(_b: &dyn BufMut),original_or_components
src/buf/chain.rs,42,new,pub(crate),"pub(crate) fn new(a: T, b: U) -> Chain<T, U>",original_or_components
src/buf/chain.rs,60,first_ref,pub,pub fn first_ref(&self) -> &T,original_or_components
src/buf/chain.rs,79,first_mut,pub,pub fn first_mut(&mut self) -> &mut T,original_or_components
src/buf/chain.rs,97,last_ref,pub,pub fn last_ref(&self) -> &U,original_or_components
src/buf/chain.rs,116,last_mut,pub,pub fn last_mut(&mut self) -> &mut U,original_or_components
src/buf/chain.rs,134,into_inner,pub,"pub fn into_inner(self) -> (T, U)",original_or_components
src/buf/chain.rs,144,remaining,,fn remaining(&self) -> usize,original_or_components
src/buf/chain.rs,148,chunk,,fn chunk(&self) -> &[u8],original_or_components
src/buf/chain.rs,156,advance,,"fn advance(&mut self, mut cnt: usize)",original_or_components
src/buf/chain.rs,175,chunks_vectored,,"fn chunks_vectored<'a>(&'a self, dst: &mut [IoSlice<'a>]) -> usize",original_or_components
src/buf/chain.rs,181,copy_to_bytes,,"fn copy_to_bytes(&mut self, len: usize) -> crate::Bytes",original_or_components
src/buf/chain.rs,209,remaining_mut,,fn remaining_mut(&self) -> usize,original_or_components
src/buf/chain.rs,213,chunk_mut,,fn chunk_mut(&mut self) -> &mut UninitSlice,original_or_components
src/buf/chain.rs,221,advance_mut,unsafe,"unsafe fn advance_mut(&mut self, mut cnt: usize)",original_or_components
src/buf/chain.rs,248,into_iter,,fn into_iter(self) -> Self::IntoIter,original_or_components
src/buf/iter.rs,41,new,pub,pub fn new(inner: T) -> IntoIter<T>,original_or_components
src/buf/iter.rs,60,into_inner,pub,pub fn into_inner(self) -> T,original_or_components
src/buf/iter.rs,80,get_ref,pub,pub fn get_ref(&self) -> &T,original_or_components
src/buf/iter.rs,102,get_mut,pub,pub fn get_mut(&mut self) -> &mut T,original_or_components
src/buf/iter.rs,110,next,,fn next(&mut self) -> Option<u8>,original_or_components
src/buf/iter.rs,121,size_hint,,"fn size_hint(&self) -> (usize, Option<usize>)",original_or_components
src/buf/limit.rs,13,new,pub(super),"pub(super) fn new<T>(inner: T, limit: usize) -> Limit<T>",original_or_components
src/buf/limit.rs,19,into_inner,pub,pub fn into_inner(self) -> T,original_or_components
src/buf/limit.rs,26,get_ref,pub,pub fn get_ref(&self) -> &T,original_or_components
src/buf/limit.rs,33,get_mut,pub,pub fn get_mut(&mut self) -> &mut T,original_or_components
src/buf/limit.rs,43,limit,pub,pub fn limit(&self) -> usize,original_or_components
src/buf/limit.rs,53,set_limit,pub,"pub fn set_limit(&mut self, lim: usize)",original_or_components
src/buf/limit.rs,59,remaining_mut,,fn remaining_mut(&self) -> usize,original_or_components
src/buf/limit.rs,63,chunk_mut,,fn chunk_mut(&mut self) -> &mut UninitSlice,original_or_components
src/buf/limit.rs,69,advance_mut,unsafe,"unsafe fn advance_mut(&mut self, cnt: usize)",original_or_components
src/buf/proof_convenience.rs,13,take,pub(crate),"pub(crate) fn take<T: Buf>(inner: T, limit: usize) -> Take<T>",original_or_components
src/buf/proof_convenience.rs,22,chain,pub(crate),"pub(crate) fn chain<T: Buf, U: Buf>(first: T, second: U) -> Chain<T, U>",original_or_components
src/buf/proof_convenience.rs,32,reader,pub(crate),pub(crate) fn reader<T: Buf>(inner: T) -> super::Reader<T>,original_or_components
src/buf/proof_convenience.rs,42,writer,pub(crate),pub(crate) fn writer<T: BufMut>(inner: T) -> super::Writer<T>,original_or_components
src/buf/proof_convenience.rs,51,chain_mut,pub(crate),"pub(crate) fn chain_mut<T: BufMut, U: BufMut>(first: T, second: U) -> Chain<T, U>",original_or_components
src/buf/reader.rs,19,new,pub,pub fn new<B>(buf: B) -> Reader<B>,original_or_components
src/buf/reader.rs,39,get_ref,pub,pub fn get_ref(&self) -> &B,original_or_components
src/buf/reader.rs,46,get_mut,pub,pub fn get_mut(&mut self) -> &mut B,original_or_components
src/buf/reader.rs,66,into_inner,pub,pub fn into_inner(self) -> B,original_or_components
src/buf/reader.rs,72,read,,"fn read(&mut self, dst: &mut [u8]) -> io::Result<usize>",original_or_components
src/buf/reader.rs,81,fill_buf,,fn fill_buf(&mut self) -> io::Result<&[u8]>,original_or_components
src/buf/reader.rs,84,consume,,"fn consume(&mut self, amt: usize)",original_or_components
src/buf/take.rs,21,new,pub,"pub fn new<T>(inner: T, limit: usize) -> Take<T>",original_or_components
src/buf/take.rs,45,into_inner,pub,pub fn into_inner(self) -> T,original_or_components
src/buf/take.rs,64,get_ref,pub,pub fn get_ref(&self) -> &T,original_or_components
src/buf/take.rs,85,get_mut,pub,pub fn get_mut(&mut self) -> &mut T,original_or_components
src/buf/take.rs,109,limit,pub,pub fn limit(&self) -> usize,original_or_components
src/buf/take.rs,137,set_limit,pub,"pub fn set_limit(&mut self, lim: usize)",original_or_components
src/buf/take.rs,143,remaining,,fn remaining(&self) -> usize,original_or_components
src/buf/take.rs,147,chunk,,fn chunk(&self) -> &[u8],original_or_components
src/buf/take.rs,152,advance,,"fn advance(&mut self, cnt: usize)",original_or_components
src/buf/take.rs,158,copy_to_bytes,,"fn copy_to_bytes(&mut self, len: usize) -> crate::Bytes",original_or_components
src/buf/take.rs,170,chunks_vectored,,"fn chunks_vectored<'a>(&'a self, dst: &mut [IoSlice<'a>]) -> usize",original_or_components
src/buf/uninit_slice.rs,29,view,,fn view(self) -> Self::ViewTy,original_or_components
src/buf/uninit_slice.rs,53,new,pub,pub fn new(slice: &mut [u8]) -> &mut UninitSlice,original_or_components
src/buf/uninit_slice.rs,81,uninit,pub,pub fn uninit(slice: &mut [MaybeUninit<u8>]) -> &mut UninitSlice,original_or_components
src/buf/uninit_slice.rs,90,uninit_ref,,fn uninit_ref(slice: &[MaybeUninit<u8>]) -> &UninitSlice,original_or_components
src/buf/uninit_slice.rs,114,from_raw_parts_mut,pub unsafe,"pub unsafe fn from_raw_parts_mut<'a>(ptr: *mut u8, len: usize) -> &'a mut UninitSlice",original_or_components
src/buf/uninit_slice.rs,147,from_raw_parts_mut,pub unsafe,"pub unsafe fn from_raw_parts_mut<'a>( ptr: *mut u8, len: usize, bound: crate::ownership_proof::raw_vec::BoundPtr, region: Ghost<&'a mut crate::ownership_proof::raw_vec::PhysicalRegion>, ) -> &'a mut UninitSlice",original_or_components
src/buf/uninit_slice.rs,183,write_byte,pub,"pub fn write_byte(&mut self, index: usize, byte: u8)",original_or_components
src/buf/uninit_slice.rs,213,copy_from_slice,pub,"pub fn copy_from_slice(&mut self, src: &[u8])",original_or_components
src/buf/uninit_slice.rs,244,as_mut_ptr,pub,pub fn as_mut_ptr(&mut self) -> *mut u8,original_or_components
src/buf/uninit_slice.rs,275,as_uninit_slice_mut,pub unsafe,pub unsafe fn as_uninit_slice_mut(&mut self) -> &mut [MaybeUninit<u8>],original_or_components
src/buf/uninit_slice.rs,294,len,pub,pub fn len(&self) -> usize,original_or_components
src/buf/uninit_slice.rs,300,fmt,,"fn fmt(&self, fmt: &mut fmt::Formatter<'_>) -> fmt::Result",original_or_components
src/buf/uninit_slice.rs,311,from,,fn from(slice: &'a mut [u8]) -> Self,original_or_components
src/buf/uninit_slice.rs,322,from,,fn from(slice: &'a mut [MaybeUninit<u8>]) -> Self,original_or_components
src/buf/uninit_slice.rs,334,uninit_in_bounds,,"fn uninit_in_bounds(self, source: Seq<Option<u8>>) -> bool",original_or_components
src/buf/uninit_slice.rs,337,uninit_view,,"fn uninit_view(self, source: Seq<Option<u8>>) -> Seq<Option<u8>>",original_or_components
src/buf/uninit_slice.rs,340,uninit_frame,,"fn uninit_frame( self, old: Seq<Option<u8>>, final_view: Seq<Option<u8>>, ) -> bool",original_or_components
src/buf/uninit_slice.rs,349,uninit_in_bounds,,"fn uninit_in_bounds(self, source: Seq<Option<u8>>) -> bool",original_or_components
src/buf/uninit_slice.rs,354,uninit_view,,"fn uninit_view(self, source: Seq<Option<u8>>) -> Seq<Option<u8>>",original_or_components
src/buf/uninit_slice.rs,359,uninit_frame,,"fn uninit_frame( self, old: Seq<Option<u8>>, final_view: Seq<Option<u8>>, ) -> bool",original_or_components
src/buf/uninit_slice.rs,373,uninit_in_bounds,,"fn uninit_in_bounds(self, source: Seq<Option<u8>>) -> bool",original_or_components
src/buf/uninit_slice.rs,378,uninit_view,,"fn uninit_view(self, source: Seq<Option<u8>>) -> Seq<Option<u8>>",original_or_components
src/buf/uninit_slice.rs,383,uninit_frame,,"fn uninit_frame( self, old: Seq<Option<u8>>, final_view: Seq<Option<u8>>, ) -> bool",original_or_components
src/buf/uninit_slice.rs,397,uninit_in_bounds,,"fn uninit_in_bounds(self, source: Seq<Option<u8>>) -> bool",original_or_components
src/buf/uninit_slice.rs,402,uninit_view,,"fn uninit_view(self, source: Seq<Option<u8>>) -> Seq<Option<u8>>",original_or_components
src/buf/uninit_slice.rs,407,uninit_frame,,"fn uninit_frame( self, old: Seq<Option<u8>>, final_view: Seq<Option<u8>>, ) -> bool",original_or_components
src/buf/uninit_slice.rs,421,uninit_in_bounds,,"fn uninit_in_bounds(self, source: Seq<Option<u8>>) -> bool",original_or_components
src/buf/uninit_slice.rs,426,uninit_view,,"fn uninit_view(self, source: Seq<Option<u8>>) -> Seq<Option<u8>>",original_or_components
src/buf/uninit_slice.rs,431,uninit_frame,,"fn uninit_frame( self, old: Seq<Option<u8>>, final_view: Seq<Option<u8>>, ) -> bool",original_or_components
src/buf/uninit_slice.rs,445,uninit_in_bounds,,"fn uninit_in_bounds(self, source: Seq<Option<u8>>) -> bool",original_or_components
src/buf/uninit_slice.rs,453,uninit_view,,"fn uninit_view(self, source: Seq<Option<u8>>) -> Seq<Option<u8>>",original_or_components
src/buf/uninit_slice.rs,464,uninit_frame,,"fn uninit_frame( self, old: Seq<Option<u8>>, final_view: Seq<Option<u8>>, ) -> bool",original_or_components
src/buf/uninit_slice.rs,489,index,,"fn index(&self, index: Range<usize>) -> &UninitSlice",original_or_components
src/buf/uninit_slice.rs,504,index_mut,,"fn index_mut(&mut self, index: Range<usize>) -> &mut UninitSlice",original_or_components
src/buf/uninit_slice.rs,517,index,,"fn index(&self, index: RangeFull) -> &UninitSlice",original_or_components
src/buf/uninit_slice.rs,529,index_mut,,"fn index_mut(&mut self, index: RangeFull) -> &mut UninitSlice",original_or_components
src/buf/uninit_slice.rs,542,index,,"fn index(&self, index: $index_ty) -> &UninitSlice",original_or_components
src/buf/uninit_slice.rs,555,index_mut,,"fn index_mut(&mut self, index: $index_ty) -> &mut UninitSlice",original_or_components
src/buf/uninit_slice.rs,566,index,,"fn index(&self, index: $t) -> &UninitSlice",original_or_components
src/buf/uninit_slice.rs,573,index_mut,,"fn index_mut(&mut self, index: $t) -> &mut UninitSlice",original_or_components
src/buf/vec_deque.rs,8,remaining,,fn remaining(&self) -> usize,original_or_components
src/buf/vec_deque.rs,12,chunk,,fn chunk(&self) -> &[u8],original_or_components
src/buf/vec_deque.rs,22,chunks_vectored,,"fn chunks_vectored<'a>(&'a self, dst: &mut [io::IoSlice<'a>]) -> usize",original_or_components
src/buf/vec_deque.rs,37,advance,,"fn advance(&mut self, cnt: usize)",original_or_components
src/buf/writer.rs,19,new,pub,pub fn new<B>(buf: B) -> Writer<B>,original_or_components
src/buf/writer.rs,39,get_ref,pub,pub fn get_ref(&self) -> &B,original_or_components
src/buf/writer.rs,58,get_mut,pub,pub fn get_mut(&mut self) -> &mut B,original_or_components
src/buf/writer.rs,78,into_inner,pub,pub fn into_inner(self) -> B,original_or_components
src/buf/writer.rs,84,write,,"fn write(&mut self, src: &[u8]) -> io::Result<usize>",original_or_components
src/buf/writer.rs,91,flush,,fn flush(&mut self) -> io::Result<()>,original_or_components
src/byte_codec_ops.rs,13,decode_be_u16,pub(crate),pub(crate) fn decode_be_u16(bytes: [u8; 2]) -> u16,original_or_components
src/byte_codec_ops.rs,21,encode_be_u16,pub(crate),pub(crate) fn encode_be_u16(value: u16) -> [u8; 2],original_or_components
src/byte_codec_ops.rs,28,decode_be_u32,pub(crate),pub(crate) fn decode_be_u32(bytes: [u8; 4]) -> u32,original_or_components
src/byte_codec_ops.rs,41,encode_be_u32,pub(crate),pub(crate) fn encode_be_u32(value: u32) -> [u8; 4],original_or_components
src/byte_codec_wide_ops.rs,13,decode_be_u64,pub(crate),pub(crate) fn decode_be_u64(bytes: [u8; 8]) -> u64,original_or_components
src/byte_codec_wide_ops.rs,36,encode_be_u64,pub(crate),pub(crate) fn encode_be_u64(value: u64) -> [u8; 8],original_or_components
src/byte_codec_wide_ops.rs,52,decode_le_u64,pub(crate),pub(crate) fn decode_le_u64(bytes: [u8; 8]) -> u64,original_or_components
src/byte_codec_wide_ops.rs,75,encode_le_u64,pub(crate),pub(crate) fn encode_le_u64(value: u64) -> [u8; 8],original_or_components
src/byte_codec_wide_ops.rs,91,decode_be_u128,pub(crate),pub(crate) fn decode_be_u128(bytes: [u8; 16]) -> u128,original_or_components
src/byte_codec_wide_ops.rs,130,encode_be_u128,pub(crate),pub(crate) fn encode_be_u128(value: u128) -> [u8; 16],original_or_components
src/byte_codec_wide_ops.rs,154,decode_le_u128,pub(crate),pub(crate) fn decode_le_u128(bytes: [u8; 16]) -> u128,original_or_components
src/byte_codec_wide_ops.rs,193,encode_le_u128,pub(crate),pub(crate) fn encode_le_u128(value: u128) -> [u8; 16],original_or_components
src/bytes.rs,153,new,pub const,pub const fn new() -> Self,original_or_components
src/bytes.rs,162,new,pub,pub fn new() -> Self,original_or_components
src/bytes.rs,182,from_static,pub const,pub const fn from_static(bytes: &'static [u8]) -> Self,original_or_components
src/bytes.rs,193,from_static,pub,pub fn from_static(bytes: &'static [u8]) -> Self,original_or_components
src/bytes.rs,203,new_empty_with_ptr,,fn new_empty_with_ptr(ptr: *const u8) -> Self,original_or_components
src/bytes.rs,265,from_owner,pub,"pub fn from_owner<T>(owner: T) -> Self where T: AsRef<[u8]> + Send + 'static,",original_or_components
src/bytes.rs,314,len,pub const,pub const fn len(&self) -> usize,original_or_components
src/bytes.rs,329,is_empty,pub const,pub const fn is_empty(&self) -> bool,original_or_components
src/bytes.rs,353,is_unique,pub,pub fn is_unique(&self) -> bool,original_or_components
src/bytes.rs,358,copy_from_slice,pub,pub fn copy_from_slice(data: &[u8]) -> Self,original_or_components
src/bytes.rs,384,slice,pub,"pub fn slice(&self, range: impl RangeBounds<usize>) -> Self",original_or_components
src/bytes.rs,451,slice_ref,pub,"pub fn slice_ref(&self, subset: &[u8]) -> Self",original_or_components
src/bytes.rs,510,split_off,pub,"pub fn split_off(&mut self, at: usize) -> Self",original_or_components
src/bytes.rs,559,split_to,pub,"pub fn split_to(&mut self, at: usize) -> Self",original_or_components
src/bytes.rs,603,truncate,pub,"pub fn truncate(&mut self, len: usize)",original_or_components
src/bytes.rs,628,clear,pub,pub fn clear(&mut self),original_or_components
src/bytes.rs,650,try_into_mut,pub,"pub fn try_into_mut(self) -> Result<BytesMut, Bytes>",original_or_components
src/bytes.rs,663,with_vtable,pub(crate) unsafe,"pub(crate) unsafe fn with_vtable( #[cfg(not(bytes_proof_frozen))] ptr: *const u8, #[cfg(bytes_proof_frozen)] ptr: crate::ownership_proof::raw_vec::BoundPtr, len: usize, data: AtomicPtr<()>, vtable: &'static Vtable, #[cfg(bytes_proof_frozen)] frozen: crate::ownership_proof::frozen_region::FrozenReader, ) -> Bytes",original_or_components
src/bytes.rs,691,as_slice,,fn as_slice(&self) -> &[u8],original_or_components
src/bytes.rs,717,proof_share_frozen,pub(crate),"pub(crate) fn proof_share_frozen(&mut self,at:usize,len:usize)->Bytes",original_or_components
src/bytes.rs,733,proof_return_frozen_ticket,pub(crate),pub(crate) fn proof_return_frozen_ticket(mut self) -> creusot_std::ghost::lifetime_logic::LifetimeToken,original_or_components
src/bytes.rs,741,inc_start,unsafe,"unsafe fn inc_start(&mut self, by: usize)",original_or_components
src/bytes.rs,755,drop,,fn drop(&mut self),original_or_components
src/bytes.rs,762,clone,,fn clone(&self) -> Bytes,original_or_components
src/bytes.rs,769,remaining,,fn remaining(&self) -> usize,original_or_components
src/bytes.rs,774,chunk,,fn chunk(&self) -> &[u8],original_or_components
src/bytes.rs,779,advance,,"fn advance(&mut self, cnt: usize)",original_or_components
src/bytes.rs,792,copy_to_bytes,,"fn copy_to_bytes(&mut self, len: usize) -> Self",original_or_components
src/bytes.rs,801,deref,,fn deref(&self) -> &[u8],original_or_components
src/bytes.rs,808,as_ref,,fn as_ref(&self) -> &[u8],original_or_components
src/bytes.rs,814,hash,,"fn hash<H>(&self, state: &mut H) where H: hash::Hasher,",original_or_components
src/bytes.rs,823,borrow,,fn borrow(&self) -> &[u8],original_or_components
src/bytes.rs,832,into_iter,,fn into_iter(self) -> Self::IntoIter,original_or_components
src/bytes.rs,841,into_iter,,fn into_iter(self) -> Self::IntoIter,original_or_components
src/bytes.rs,847,from_iter,,fn from_iter<T: IntoIterator<Item = u8>>(into_iter: T) -> Self,original_or_components
src/bytes.rs,863,eq,,"fn eq(&self, other: &Bytes) -> bool",original_or_components
src/bytes.rs,869,partial_cmp,,"fn partial_cmp(&self, other: &Bytes) -> Option<cmp::Ordering>",original_or_components
src/bytes.rs,875,cmp,,"fn cmp(&self, other: &Bytes) -> cmp::Ordering",original_or_components
src/bytes.rs,883,eq,,"fn eq(&self, other: &[u8]) -> bool",original_or_components
src/bytes.rs,889,partial_cmp,,"fn partial_cmp(&self, other: &[u8]) -> Option<cmp::Ordering>",original_or_components
src/bytes.rs,895,eq,,"fn eq(&self, other: &Bytes) -> bool",original_or_components
src/bytes.rs,901,partial_cmp,,"fn partial_cmp(&self, other: &Bytes) -> Option<cmp::Ordering>",original_or_components
src/bytes.rs,907,eq,,"fn eq(&self, other: &str) -> bool",original_or_components
src/bytes.rs,913,partial_cmp,,"fn partial_cmp(&self, other: &str) -> Option<cmp::Ordering>",original_or_components
src/bytes.rs,919,eq,,"fn eq(&self, other: &Bytes) -> bool",original_or_components
src/bytes.rs,925,partial_cmp,,"fn partial_cmp(&self, other: &Bytes) -> Option<cmp::Ordering>",original_or_components
src/bytes.rs,931,eq,,"fn eq(&self, other: &Vec<u8>) -> bool",original_or_components
src/bytes.rs,937,partial_cmp,,"fn partial_cmp(&self, other: &Vec<u8>) -> Option<cmp::Ordering>",original_or_components
src/bytes.rs,943,eq,,"fn eq(&self, other: &Bytes) -> bool",original_or_components
src/bytes.rs,949,partial_cmp,,"fn partial_cmp(&self, other: &Bytes) -> Option<cmp::Ordering>",original_or_components
src/bytes.rs,955,eq,,"fn eq(&self, other: &String) -> bool",original_or_components
src/bytes.rs,961,partial_cmp,,"fn partial_cmp(&self, other: &String) -> Option<cmp::Ordering>",original_or_components
src/bytes.rs,967,eq,,"fn eq(&self, other: &Bytes) -> bool",original_or_components
src/bytes.rs,973,partial_cmp,,"fn partial_cmp(&self, other: &Bytes) -> Option<cmp::Ordering>",original_or_components
src/bytes.rs,979,eq,,"fn eq(&self, other: &Bytes) -> bool",original_or_components
src/bytes.rs,985,partial_cmp,,"fn partial_cmp(&self, other: &Bytes) -> Option<cmp::Ordering>",original_or_components
src/bytes.rs,991,eq,,"fn eq(&self, other: &Bytes) -> bool",original_or_components
src/bytes.rs,997,partial_cmp,,"fn partial_cmp(&self, other: &Bytes) -> Option<cmp::Ordering>",original_or_components
src/bytes.rs,1007,eq,,"fn eq(&self, other: &&'a T) -> bool",original_or_components
src/bytes.rs,1017,partial_cmp,,"fn partial_cmp(&self, other: &&'a T) -> Option<cmp::Ordering>",original_or_components
src/bytes.rs,1032,__creusot_eq_bytes,pub,"pub fn __creusot_eq_bytes(&self, other: &Bytes) -> bool",original_or_components
src/bytes.rs,1038,__creusot_cmp_bytes,pub,"pub fn __creusot_cmp_bytes(&self, other: &Bytes) -> cmp::Ordering",original_or_components
src/bytes.rs,1044,__creusot_eq_bytes_mut,pub,"pub fn __creusot_eq_bytes_mut(&self, other: &BytesMut) -> bool",original_or_components
src/bytes.rs,1050,__creusot_eq_slice,pub,"pub fn __creusot_eq_slice(&self, other: &[u8]) -> bool",original_or_components
src/bytes.rs,1056,__creusot_cmp_slice,pub,"pub fn __creusot_cmp_slice(&self, other: &[u8]) -> cmp::Ordering",original_or_components
src/bytes.rs,1062,__creusot_eq_str,pub,"pub fn __creusot_eq_str(&self, other: &str) -> bool",original_or_components
src/bytes.rs,1068,__creusot_cmp_str,pub,"pub fn __creusot_cmp_str(&self, other: &str) -> cmp::Ordering",original_or_components
src/bytes.rs,1077,default,,fn default() -> Bytes,original_or_components
src/bytes.rs,1083,from,,fn from(slice: &'static [u8]) -> Bytes,original_or_components
src/bytes.rs,1089,from,,fn from(slice: &'static str) -> Bytes,original_or_components
src/bytes.rs,1095,from,,fn from(vec: Vec<u8>) -> Bytes,original_or_components
src/bytes.rs,1130,from,,fn from(slice: Box<[u8]>) -> Bytes,original_or_components
src/bytes.rs,1176,from,,fn from(bytes: Bytes) -> Self,original_or_components
src/bytes.rs,1183,from,,fn from(s: String) -> Bytes,original_or_components
src/bytes.rs,1189,from,,fn from(bytes: Bytes) -> Vec<u8>,original_or_components
src/bytes.rs,1198,fmt,,"fn fmt(&self, f: &mut fmt::Formatter<'_>) -> fmt::Result",original_or_components
src/bytes.rs,1217,static_clone,unsafe,"unsafe fn static_clone( _: &AtomicPtr<()>, ptr: *const u8, len: usize, vtable: &'static Vtable, ) -> Bytes",original_or_components
src/bytes.rs,1231,static_to_vec,unsafe,"unsafe fn static_to_vec(_: &AtomicPtr<()>, ptr: *const u8, len: usize) -> Vec<u8>",original_or_components
src/bytes.rs,1236,static_to_mut,unsafe,"unsafe fn static_to_mut(_: &AtomicPtr<()>, ptr: *const u8, len: usize) -> BytesMut",original_or_components
src/bytes.rs,1241,static_is_unique,,fn static_is_unique(_: &AtomicPtr<()>) -> bool,original_or_components
src/bytes.rs,1245,static_drop,unsafe,"unsafe fn static_drop(_: &mut AtomicPtr<()>, _: *const u8, _: usize)",original_or_components
src/bytes.rs,1268,owned_clone,unsafe,"unsafe fn owned_clone<T>( data: &AtomicPtr<()>, ptr: *const u8, len: usize, vtable: &'static Vtable, ) -> Bytes",original_or_components
src/bytes.rs,1288,owned_to_vec,unsafe,"unsafe fn owned_to_vec<T>(data: &AtomicPtr<()>, ptr: *const u8, len: usize) -> Vec<u8>",original_or_components
src/bytes.rs,1295,owned_to_mut,unsafe,"unsafe fn owned_to_mut<T>(data: &AtomicPtr<()>, ptr: *const u8, len: usize) -> BytesMut",original_or_components
src/bytes.rs,1299,owned_is_unique,unsafe,unsafe fn owned_is_unique(_data: &AtomicPtr<()>) -> bool,original_or_components
src/bytes.rs,1303,owned_drop_impl,unsafe,unsafe fn owned_drop_impl<T>(owned: *mut ()),original_or_components
src/bytes.rs,1321,owned_drop,unsafe,"unsafe fn owned_drop<T>(data: &mut AtomicPtr<()>, _ptr: *const u8, _len: usize)",original_or_components
src/bytes.rs,1346,promotable_even_clone,unsafe,"unsafe fn promotable_even_clone( data: &AtomicPtr<()>, ptr: *const u8, len: usize, _: &'static Vtable, ) -> Bytes",original_or_components
src/bytes.rs,1364,promotable_to_vec,unsafe,"unsafe fn promotable_to_vec( data: &AtomicPtr<()>, ptr: *const u8, len: usize, f: fn(*mut ()) -> *mut u8, ) -> Vec<u8>",original_or_components
src/bytes.rs,1390,promotable_to_mut,unsafe,"unsafe fn promotable_to_mut( data: &AtomicPtr<()>, ptr: *const u8, len: usize, f: fn(*mut ()) -> *mut u8, ) -> BytesMut",original_or_components
src/bytes.rs,1419,promotable_even_to_vec,unsafe,"unsafe fn promotable_even_to_vec(data: &AtomicPtr<()>, ptr: *const u8, len: usize) -> Vec<u8>",original_or_components
src/bytes.rs,1425,promotable_even_to_mut,unsafe,"unsafe fn promotable_even_to_mut(data: &AtomicPtr<()>, ptr: *const u8, len: usize) -> BytesMut",original_or_components
src/bytes.rs,1431,promotable_even_drop,unsafe,"unsafe fn promotable_even_drop(data: &mut AtomicPtr<()>, ptr: *const u8, len: usize)",original_or_components
src/bytes.rs,1446,promotable_odd_clone,unsafe,"unsafe fn promotable_odd_clone( data: &AtomicPtr<()>, ptr: *const u8, len: usize, _: &'static Vtable, ) -> Bytes",original_or_components
src/bytes.rs,1463,promotable_odd_to_vec,unsafe,"unsafe fn promotable_odd_to_vec(data: &AtomicPtr<()>, ptr: *const u8, len: usize) -> Vec<u8>",original_or_components
src/bytes.rs,1467,promotable_odd_to_mut,unsafe,"unsafe fn promotable_odd_to_mut(data: &AtomicPtr<()>, ptr: *const u8, len: usize) -> BytesMut",original_or_components
src/bytes.rs,1471,promotable_odd_drop,unsafe,"unsafe fn promotable_odd_drop(data: &mut AtomicPtr<()>, ptr: *const u8, len: usize)",original_or_components
src/bytes.rs,1486,promotable_is_unique,unsafe,unsafe fn promotable_is_unique(data: &AtomicPtr<()>) -> bool,original_or_components
src/bytes.rs,1498,free_boxed_slice,unsafe,"unsafe fn free_boxed_slice(buf: *mut u8, offset: *const u8, len: usize)",original_or_components
src/bytes.rs,1513,drop,,fn drop(&mut self),original_or_components
src/bytes.rs,1537,shared_clone,unsafe,"unsafe fn shared_clone( data: &AtomicPtr<()>, ptr: *const u8, len: usize, _: &'static Vtable, ) -> Bytes",original_or_components
src/bytes.rs,1547,shared_to_vec_impl,unsafe,"unsafe fn shared_to_vec_impl(shared: *mut Shared, ptr: *const u8, len: usize) -> Vec<u8>",original_or_components
src/bytes.rs,1576,shared_to_vec,unsafe,"unsafe fn shared_to_vec(data: &AtomicPtr<()>, ptr: *const u8, len: usize) -> Vec<u8>",original_or_components
src/bytes.rs,1580,shared_to_mut_impl,unsafe,"unsafe fn shared_to_mut_impl(shared: *mut Shared, ptr: *const u8, len: usize) -> BytesMut",original_or_components
src/bytes.rs,1615,shared_to_mut,unsafe,"unsafe fn shared_to_mut(data: &AtomicPtr<()>, ptr: *const u8, len: usize) -> BytesMut",original_or_components
src/bytes.rs,1619,shared_is_unique,pub(crate) unsafe,pub(crate) unsafe fn shared_is_unique(data: &AtomicPtr<()>) -> bool,original_or_components
src/bytes.rs,1625,shared_drop,unsafe,"unsafe fn shared_drop(data: &mut AtomicPtr<()>, _ptr: *const u8, _len: usize)",original_or_components
src/bytes.rs,1631,shallow_clone_arc,unsafe,"unsafe fn shallow_clone_arc(shared: *mut Shared, ptr: *const u8, len: usize) -> Bytes",original_or_components
src/bytes.rs,1647,shallow_clone_vec,unsafe,"unsafe fn shallow_clone_vec( atom: &AtomicPtr<()>, ptr: *const (), buf: *mut u8, offset: *const u8, len: usize, ) -> Bytes",original_or_components
src/bytes.rs,1718,release_shared,unsafe,unsafe fn release_shared(ptr: *mut Shared),original_or_components
src/bytes.rs,1756,ptr_map,,"fn ptr_map<F>(ptr: *mut u8, f: F) -> *mut u8 where F: FnOnce(usize) -> usize,",original_or_components
src/bytes.rs,1766,ptr_map,,"fn ptr_map<F>(ptr: *mut u8, f: F) -> *mut u8 where F: FnOnce(usize) -> usize,",original_or_components
src/bytes.rs,1775,without_provenance,,fn without_provenance(ptr: usize) -> *const u8,original_or_components
src/bytes.rs,1789,_split_to_must_use,,fn _split_to_must_use(),original_or_components
src/bytes.rs,1799,_split_off_must_use,,fn _split_off_must_use(),original_or_components
src/bytes.rs,1808,assert_matches_old_pointer_classifier,,fn assert_matches_old_pointer_classifier(vtable: &Vtable),original_or_components
src/bytes.rs,1815,promotable_tag_matches_old_classifier_for_all_vtable_paths,,fn promotable_tag_matches_old_classifier_for_all_vtable_paths(),original_or_components
src/bytes.rs,1857,bytes_cloning_vec,,fn bytes_cloning_vec(),original_or_components
src/bytes_mut.rs,91,invariant,,fn invariant(self) -> bool,original_or_components
src/bytes_mut.rs,146,view_slot,,"fn view_slot(self, index: Int) -> Option<Option<u8>>",original_or_components
src/bytes_mut.rs,159,owned_slot,,"fn owned_slot(self, index: Int) -> Option<Option<u8>>",original_or_components
src/bytes_mut.rs,172,unique_owned,,fn unique_owned(self) -> bool,original_or_components
src/bytes_mut.rs,198,initialized,,fn initialized(self) -> bool,original_or_components
src/bytes_mut.rs,222,from_valid,,fn from_valid(value: BytesMut) -> Self,original_or_components
src/bytes_mut.rs,270,advance_to_valid,,"fn advance_to_valid(self, count: usize) -> BytesMut",original_or_components
src/bytes_mut.rs,289,shared_buffer_unbound,,fn shared_buffer_unbound(base: NonNull<u8>) -> NonNull<u8>,original_or_components
src/bytes_mut.rs,291,shared_buffer_unbound,,fn shared_buffer_unbound(base: NonNull<u8>) -> crate::ownership_proof::raw_vec::BoundPtr,original_or_components
src/bytes_mut.rs,300,fetch_add,,"fn fetch_add(&self, value: usize, order: Ordering) -> usize",original_or_components
src/bytes_mut.rs,302,fetch_sub,,"fn fetch_sub(&self, value: usize, order: Ordering) -> usize",original_or_components
src/bytes_mut.rs,304,load,,"fn load(&self, order: Ordering) -> usize",original_or_components
src/bytes_mut.rs,309,fetch_add,,"fn fetch_add(&self, _value: usize, _order: Ordering) -> usize",original_or_components
src/bytes_mut.rs,311,fetch_sub,,"fn fetch_sub(&self, _value: usize, _order: Ordering) -> usize",original_or_components
src/bytes_mut.rs,313,load,,"fn load(&self, _order: Ordering) -> usize",original_or_components
src/bytes_mut.rs,319,from_handle,unsafe,"unsafe fn from_handle(ptr: *mut u8, capacity: usize, offset: usize) -> Self",original_or_components
src/bytes_mut.rs,323,capacity,,fn capacity(&self) -> usize,original_or_components
src/bytes_mut.rs,324,as_mut_ptr,,fn as_mut_ptr(&self) -> *mut u8,original_or_components
src/bytes_mut.rs,328,take_vec,unsafe,unsafe fn take_vec(&mut self) -> Vec<u8>,original_or_components
src/bytes_mut.rs,337,reserve,unsafe,"unsafe fn reserve(&mut self, capacity: usize)",original_or_components
src/bytes_mut.rs,359,drop,,fn drop(&mut self),original_or_components
src/bytes_mut.rs,415,with_capacity,pub,pub fn with_capacity(capacity: usize) -> BytesMut,original_or_components
src/bytes_mut.rs,454,new,pub,pub fn new() -> BytesMut,original_or_components
src/bytes_mut.rs,470,len,pub,pub fn len(&self) -> usize,original_or_components
src/bytes_mut.rs,487,is_empty,pub,pub fn is_empty(&self) -> bool,original_or_components
src/bytes_mut.rs,503,capacity,pub,pub fn capacity(&self) -> usize,original_or_components
src/bytes_mut.rs,542,freeze,pub,"pub fn freeze(self, #[cfg(bytes_proof_frozen)] coordinator: &mut Option<crate::ownership_proof::frozen_region::FrozenOwner>, #[cfg(bytes_proof_frozen)] table: &'static crate::bytes::Vtable, ) -> Bytes",original_or_components
src/bytes_mut.rs,608,zeroed,pub,pub fn zeroed(len: usize) -> BytesMut,original_or_components
src/bytes_mut.rs,675,split_off,pub,"pub fn split_off(&mut self, at: usize) -> BytesMut",original_or_components
src/bytes_mut.rs,747,split,pub,pub fn split(&mut self) -> BytesMut,original_or_components
src/bytes_mut.rs,815,split_to,pub,"pub fn split_to(&mut self, at: usize) -> BytesMut",original_or_components
src/bytes_mut.rs,867,truncate,pub,"pub fn truncate(&mut self, len: usize)",original_or_components
src/bytes_mut.rs,891,clear,pub,pub fn clear(&mut self),original_or_components
src/bytes_mut.rs,959,resize,pub,"pub fn resize(&mut self, new_len: usize, value: u8, #[cfg(bytes_proof_shared_reserve)] mut coordinator: Ghost<&mut Option<sequential_shared_control::ControlContext>>, )",original_or_components
src/bytes_mut.rs,1019,set_len,pub unsafe,"pub unsafe fn set_len(&mut self, len: usize)",original_or_components
src/bytes_mut.rs,1123,reserve,pub,"pub fn reserve(&mut self, additional: usize, #[cfg(bytes_proof_shared_reserve)] mut coordinator: Ghost<&mut Option<sequential_shared_control::ControlContext>>, )",original_or_components
src/bytes_mut.rs,1212,reserve_unique_growing,,"fn reserve_unique_growing(&mut self, additional: usize)",original_or_components
src/bytes_mut.rs,1250,reclaim_unique,,fn reclaim_unique(&mut self),original_or_components
src/bytes_mut.rs,1284,reserve_inner,,"fn reserve_inner(&mut self, additional: usize, allocate: bool) -> bool",original_or_components
src/bytes_mut.rs,1526,try_reclaim,pub,"pub fn try_reclaim(&mut self, additional: usize, #[cfg(bytes_proof_shared_reclaim)] mut coordinator: Ghost<&mut Option<sequential_shared_control::ControlContext>>, ) -> bool",original_or_components
src/bytes_mut.rs,1633,extend_from_slice,pub,"pub fn extend_from_slice(&mut self, extend: &[u8], #[cfg(bytes_proof_shared_reserve)] mut coordinator: Ghost<&mut Option<sequential_shared_control::ControlContext>>, )",original_or_components
src/bytes_mut.rs,1771,unsplit,pub,"pub fn unsplit(&mut self, other: BytesMut, #[cfg(any(bytes_proof_adjacent_unsplit, bytes_proof_unsplit_fallbacks, bytes_proof_unsplit_independent, bytes_proof_unsplit_mixed))] context: Ghost<&mut sequential_shared_control::ControlContext>, #[cfg(bytes_proof_unsplit_independent)] other_context: Ghost<&mut sequential_shared_control::ControlContext>, )",original_or_components
src/bytes_mut.rs,1881,from_vec,pub(crate),pub(crate) fn from_vec(vec: Vec<u8>) -> BytesMut,original_or_components
src/bytes_mut.rs,1913,proof_view_slot,pub(crate),"pub(crate) fn proof_view_slot(self, index: Int) -> Option<Option<u8>>",original_or_components
src/bytes_mut.rs,1927,proof_owned_slot,pub(crate),"pub(crate) fn proof_owned_slot(self, index: Int) -> Option<Option<u8>>",original_or_components
src/bytes_mut.rs,1940,proof_empty_valid,,fn proof_empty_valid(self) -> bool,original_or_components
src/bytes_mut.rs,1950,proof_owned_valid,,fn proof_owned_valid(self) -> bool,original_or_components
src/bytes_mut.rs,1955,proof_owned_valid,,fn proof_owned_valid(self) -> bool,original_or_components
src/bytes_mut.rs,1962,proof_initialized,,fn proof_initialized(self) -> bool,original_or_components
src/bytes_mut.rs,1971,proof_pending_valid,,fn proof_pending_valid(self) -> bool,original_or_components
src/bytes_mut.rs,1986,proof_shared_allocation_registered,,fn proof_shared_allocation_registered(self) -> bool,original_or_components
src/bytes_mut.rs,2001,proof_registered_valid,,fn proof_registered_valid(self) -> bool,original_or_components
src/bytes_mut.rs,2021,proof_split_pair_valid,pub(crate),"pub(crate) fn proof_split_pair_valid(self, left: Self) -> bool",original_or_components
src/bytes_mut.rs,2058,proof_register_split,,"fn proof_register_split(&mut self, other: &mut Self, at: usize)",original_or_components
src/bytes_mut.rs,2072,proof_take_coordinator,,fn proof_take_coordinator(&mut self) -> Ghost<sequential_shared_control::ControlContext>,original_or_components
src/bytes_mut.rs,2087,proof_release,,"fn proof_release(mut self, context: Ghost<&mut sequential_shared_control::ControlContext>, left: bool) -> bool",original_or_components
src/bytes_mut.rs,2108,proof_split_then_release,pub(crate),"pub(crate) fn proof_split_then_release(input: Vec<u8>, at: usize, right_first: bool)",original_or_components
src/bytes_mut.rs,2125,proof_reject_missing_empty_ticket,pub(crate),pub(crate) fn proof_reject_missing_empty_ticket(input: Vec<u8>),original_or_components
src/bytes_mut.rs,2140,proof_mutate_split_then_release,pub(crate),"pub(crate) fn proof_mutate_split_then_release(input: Vec<u8>, at: usize, left_value: u8, right_value: u8, right_first: bool)",original_or_components
src/bytes_mut.rs,2169,proof_access_split_then_release,pub(crate),"pub(crate) fn proof_access_split_then_release(input: Vec<u8>, at: usize, right_first: bool)",original_or_components
src/bytes_mut.rs,2190,proof_reject_pending_access,pub(crate),pub(crate) fn proof_reject_pending_access(input: Vec<u8>),original_or_components
src/bytes_mut.rs,2199,proof_reject_stale_contents,pub(crate),pub(crate) fn proof_reject_stale_contents(input: Vec<u8>),original_or_components
src/bytes_mut.rs,2209,proof_split_off_then_release,pub(crate),"pub(crate) fn proof_split_off_then_release(input: Vec<u8>, requested: usize, right_first: bool)",original_or_components
src/bytes_mut.rs,2240,proof_shrink_split_off_then_release,pub(crate),"pub(crate) fn proof_shrink_split_off_then_release(input: Vec<u8>, requested: usize, keep: usize, right_first: bool)",original_or_components
src/bytes_mut.rs,2273,proof_reject_split_off_unknown,pub(crate),pub(crate) fn proof_reject_split_off_unknown(),original_or_components
src/bytes_mut.rs,2287,proof_advance_split_off_then_release,pub(crate),"pub(crate) fn proof_advance_split_off_then_release(input: Vec<u8>, requested: usize, left_count: usize, right_count: usize, right_first: bool)",original_or_components
src/bytes_mut.rs,2327,proof_reject_advanced_unknown,pub(crate),pub(crate) fn proof_reject_advanced_unknown(),original_or_components
src/bytes_mut.rs,2354,proof_initialize_spare_byte,,"fn proof_initialize_spare_byte(&mut self, value: u8, use_write: bool)",original_or_components
src/bytes_mut.rs,2368,proof_initialize_split_spare,pub(crate),"pub(crate) fn proof_initialize_split_spare(input: Vec<u8>, requested: usize, right_first: bool)",original_or_components
src/bytes_mut.rs,2394,proof_reinitialize_split_prefix,pub(crate),"pub(crate) fn proof_reinitialize_split_prefix(input: Vec<u8>, right_first: bool)",original_or_components
src/bytes_mut.rs,2414,proof_reject_reuninitialized_growth,pub(crate),pub(crate) fn proof_reject_reuninitialized_growth(input: Vec<u8>),original_or_components
src/bytes_mut.rs,2426,proof_readonly_split,pub(crate),"pub(crate) fn proof_readonly_split(input: Vec<u8>, requested: usize, right_first: bool)",original_or_components
src/bytes_mut.rs,2458,proof_reject_read_after_release,pub(crate),pub(crate) fn proof_reject_read_after_release(input: Vec<u8>),original_or_components
src/bytes_mut.rs,2469,proof_unique_access,pub(crate),"pub(crate) fn proof_unique_access(input: Vec<u8>, keep: usize, value: u8)",original_or_components
src/bytes_mut.rs,2490,proof_reject_unique_uninitialized_growth,pub(crate),pub(crate) fn proof_reject_unique_uninitialized_growth(input: Vec<u8>),original_or_components
src/bytes_mut.rs,2502,proof_generic_as_ref,,fn proof_generic_as_ref<T: AsRef<[u8]>>(owner: &T) -> Option<u8>,original_or_components
src/bytes_mut.rs,2507,proof_generic_as_mut,,"fn proof_generic_as_mut<T: AsMut<[u8]>>(owner: &mut T, value: u8)",original_or_components
src/bytes_mut.rs,2512,proof_traits_unique,pub(crate),"pub(crate) fn proof_traits_unique(input: Vec<u8>, value: u8)",original_or_components
src/bytes_mut.rs,2528,proof_reject_unregistered_as_ref,pub(crate),"pub(crate) fn proof_reject_unregistered_as_ref(#[cfg_attr(creusot, creusot::open_inv)] owner: &Self)",original_or_components
src/bytes_mut.rs,2539,proof_unique_owned,,fn proof_unique_owned(self) -> bool,original_or_components
src/bytes_mut.rs,2565,proof_release_unique,pub(crate),pub(crate) fn proof_release_unique(mut self),original_or_components
src/bytes_mut.rs,2576,proof_unique_advance,pub(crate),"pub(crate) fn proof_unique_advance(input: Vec<u8>, first: usize, second: usize, value: u8)",original_or_components
src/bytes_mut.rs,2602,proof_reject_unique_advanced_growth,pub(crate),pub(crate) fn proof_reject_unique_advanced_growth(),original_or_components
src/bytes_mut.rs,2615,proof_reject_unregistered_arc_advance,pub(crate),pub(crate) fn proof_reject_unregistered_arc_advance(),original_or_components
src/bytes_mut.rs,2635,proof_same_storage,,"fn proof_same_storage(self, other: Self) -> bool",original_or_components
src/bytes_mut.rs,2655,proof_noalloc_update,,"fn proof_noalloc_update(&mut self, new_len: usize, value: u8, extend: &[u8])",original_or_components
src/bytes_mut.rs,2672,proof_noalloc_unique,pub(crate),"pub(crate) fn proof_noalloc_unique(input: Vec<u8>, new_len: usize, value: u8, extend: &[u8])",original_or_components
src/bytes_mut.rs,2681,proof_noalloc_split,pub(crate),"pub(crate) fn proof_noalloc_split(input: Vec<u8>, split: usize, new_len: usize, value: u8, extend: &[u8], left_first: bool)",original_or_components
src/bytes_mut.rs,2704,proof_carrier_initialized,,fn proof_carrier_initialized(self) -> bool,original_or_components
src/bytes_mut.rs,2714,proof_initialization_coordinates,,fn proof_initialization_coordinates(handle: Snapshot<Self>),original_or_components
src/bytes_mut.rs,2749,proof_finish_carrier_split,,"fn proof_finish_carrier_split(&mut self, mut other: Self, at: usize) -> Self",original_or_components
src/bytes_mut.rs,2784,proof_finish_carrier_split_off,,"fn proof_finish_carrier_split_off(&mut self, mut other: Self, at: usize) -> Self",original_or_components
src/bytes_mut.rs,2800,proof_carrier_ready,,fn proof_carrier_ready(self) -> bool,original_or_components
src/bytes_mut.rs,2812,proof_carrier_pending,,fn proof_carrier_pending(self) -> bool,original_or_components
src/bytes_mut.rs,2823,proof_carrier_slot,,"fn proof_carrier_slot(self, index: Int) -> Option<Option<u8>>",original_or_components
src/bytes_mut.rs,2833,proof_carrier_pair,,"fn proof_carrier_pair(self, other: Self) -> bool",original_or_components
src/bytes_mut.rs,2888,proof_register_carrier_split,,"fn proof_register_carrier_split(&mut self, other: &mut Self, at: usize)",original_or_components
src/bytes_mut.rs,2921,proof_carrier_release,,"fn proof_carrier_release(mut self, context: Ghost<&mut sequential_shared_control::ControlContext>) -> bool",original_or_components
src/bytes_mut.rs,2940,proof_carrier_release_three,,"fn proof_carrier_release_three(a: Self, b: Self, c: Self, mut context: Ghost<&mut sequential_shared_control::ControlContext>, order: u8)",original_or_components
src/bytes_mut.rs,2951,proof_carrier_split,pub(crate),"pub(crate) fn proof_carrier_split(input: Vec<u8>, first: usize, second: usize, order: u8, value: u8)",original_or_components
src/bytes_mut.rs,2965,proof_carrier_split_off,pub(crate),"pub(crate) fn proof_carrier_split_off(input: Vec<u8>, first: usize, second: usize, order: u8, value: u8)",original_or_components
src/bytes_mut.rs,2979,proof_carrier_missing_empty_ticket,pub(crate),pub(crate) fn proof_carrier_missing_empty_ticket(),original_or_components
src/bytes_mut.rs,2991,proof_carrier_unknown_publication,pub(crate),pub(crate) fn proof_carrier_unknown_publication(),original_or_components
src/bytes_mut.rs,3004,proof_carrier_storage,pub(crate),"pub(crate) fn proof_carrier_storage(input: Vec<u8>, first: usize, second: usize, order: u8, value: u8)",original_or_components
src/bytes_mut.rs,3042,proof_carrier_capacity_ops,pub(crate),"pub(crate) fn proof_carrier_capacity_ops(input: Vec<u8>, first: usize, second: usize, order: u8, value: u8)",original_or_components
src/bytes_mut.rs,3059,proof_carrier_convenience,pub(crate),"pub(crate) fn proof_carrier_convenience(input: Vec<u8>, first: usize, second: usize, order: u8, value: u8)",original_or_components
src/bytes_mut.rs,3084,proof_put_coordinator,,"fn proof_put_coordinator(&mut self, context: Ghost<sequential_shared_control::ControlContext>)",original_or_components
src/bytes_mut.rs,3088,proof_carrier_relocate,pub(crate),"pub(crate) fn proof_carrier_relocate(input: Vec<u8>, first: usize, second: usize, order: u8, value: u8)",original_or_components
src/bytes_mut.rs,3109,proof_unique_growing,pub(crate),"pub(crate) fn proof_unique_growing(input: Vec<u8>, offset: usize, additional: usize, value: u8)",original_or_components
src/bytes_mut.rs,3129,proof_all_unique_reserve,pub(crate),"pub(crate) fn proof_all_unique_reserve(input: Vec<u8>, offset: usize, additional: usize, value: u8)",original_or_components
src/bytes_mut.rs,3147,proof_unique_resize_growth,pub(crate),"pub(crate) fn proof_unique_resize_growth(input: Vec<u8>, value: u8)",original_or_components
src/bytes_mut.rs,3164,proof_unique_extend_growth,pub(crate),"pub(crate) fn proof_unique_extend_growth(input: Vec<u8>, value: u8)",original_or_components
src/bytes_mut.rs,3187,proof_unique_at_zero_owned,pub(crate),pub(crate) fn proof_unique_at_zero_owned(self) -> bool,original_or_components
src/bytes_mut.rs,3212,proof_unique_at_zero_valid,pub(crate),pub(crate) fn proof_unique_at_zero_valid(self) -> bool,original_or_components
src/bytes_mut.rs,3222,proof_unique_slot,pub(crate),"pub(crate) fn proof_unique_slot(self, index: Int) -> Option<Option<u8>>",original_or_components
src/bytes_mut.rs,3238,proof_release_unique_at_zero,pub(crate),pub(crate) fn proof_release_unique_at_zero(mut self),original_or_components
src/bytes_mut.rs,3265,as_slice,,fn as_slice(&self) -> &[u8],original_or_components
src/bytes_mut.rs,3314,as_slice_mut,,fn as_slice_mut(&mut self) -> &mut [u8],original_or_components
src/bytes_mut.rs,3371,advance_unchecked,pub(crate) unsafe,"pub(crate) unsafe fn advance_unchecked(&mut self, count: usize)",original_or_components
src/bytes_mut.rs,3437,try_unsplit,,"fn try_unsplit(&mut self, other: BytesMut) -> Result<(), BytesMut>",original_or_components
src/bytes_mut.rs,3460,kind,,fn kind(&self) -> usize,original_or_components
src/bytes_mut.rs,3472,promote_to_shared,unsafe,"unsafe fn promote_to_shared(&mut self, ref_cnt: usize)",original_or_components
src/bytes_mut.rs,3563,shallow_clone,unsafe,unsafe fn shallow_clone(&mut self) -> BytesMut,original_or_components
src/bytes_mut.rs,3593,pending_descriptor_copy,,fn pending_descriptor_copy(&self) -> BytesMut,original_or_components
src/bytes_mut.rs,3610,get_vec_pos,unsafe,unsafe fn get_vec_pos(&self) -> usize,original_or_components
src/bytes_mut.rs,3627,set_vec_pos,unsafe,"unsafe fn set_vec_pos(&mut self, pos: usize)",original_or_components
src/bytes_mut.rs,3700,spare_capacity_mut,pub,pub fn spare_capacity_mut(&mut self) -> &mut [MaybeUninit<u8>],original_or_components
src/bytes_mut.rs,3738,release_unique_storage,unsafe,"unsafe fn release_unique_storage( #[cfg(not(any(creusot, bytes_proof_probe)))] ptr: NonNull<u8>, #[cfg(any(creusot, bytes_proof_probe))] ptr: crate::ownership_proof::raw_vec::BoundPtr, capacity: usize, offset: usize, #[cfg(any(creusot, bytes_proof_probe))] capabilities: Ghost<(crate::ownership_proof::raw_vec::Recovery, crate::ownership_proof::raw_vec::PhysicalRegion)>, )",original_or_components
src/bytes_mut.rs,3756,drop,,fn drop(&mut self),original_or_components
src/bytes_mut.rs,3777,remaining,,fn remaining(&self) -> usize,original_or_components
src/bytes_mut.rs,3782,chunk,,fn chunk(&self) -> &[u8],original_or_components
src/bytes_mut.rs,3787,advance,,"fn advance(&mut self, cnt: usize)",original_or_components
src/bytes_mut.rs,3801,copy_to_bytes,,"fn copy_to_bytes(&mut self, len: usize) -> Bytes",original_or_components
src/bytes_mut.rs,3808,remaining_mut,,fn remaining_mut(&self) -> usize,original_or_components
src/bytes_mut.rs,3814,advance_mut,unsafe,"unsafe fn advance_mut(&mut self, cnt: usize)",original_or_components
src/bytes_mut.rs,3827,chunk_mut,,fn chunk_mut(&mut self) -> &mut UninitSlice,original_or_components
src/bytes_mut.rs,3837,put,,"fn put<T: Buf>(&mut self, mut src: T) where Self: Sized,",original_or_components
src/bytes_mut.rs,3865,put_slice,,"fn put_slice(&mut self, src: &[u8])",original_or_components
src/bytes_mut.rs,3869,put_bytes,,"fn put_bytes(&mut self, val: u8, cnt: usize)",original_or_components
src/bytes_mut.rs,3889,as_ref,,fn as_ref(&self) -> &[u8],original_or_components
src/bytes_mut.rs,3899,deref,,fn deref(&self) -> &[u8],original_or_components
src/bytes_mut.rs,3927,as_mut,,fn as_mut(&mut self) -> &mut [u8],original_or_components
src/bytes_mut.rs,3934,deref_mut,,fn deref_mut(&mut self) -> &mut [u8],original_or_components
src/bytes_mut.rs,3944,from,,fn from(src: &'a [u8]) -> BytesMut,original_or_components
src/bytes_mut.rs,3950,from,,fn from(src: &'a str) -> BytesMut,original_or_components
src/bytes_mut.rs,3956,from,,fn from(src: BytesMut) -> Bytes,original_or_components
src/bytes_mut.rs,3966,eq,,"fn eq(&self, other: &BytesMut) -> bool",original_or_components
src/bytes_mut.rs,3972,partial_cmp,,"fn partial_cmp(&self, other: &BytesMut) -> Option<cmp::Ordering>",original_or_components
src/bytes_mut.rs,3978,cmp,,"fn cmp(&self, other: &BytesMut) -> cmp::Ordering",original_or_components
src/bytes_mut.rs,3995,__creusot_eq_bytes_mut,pub,"pub fn __creusot_eq_bytes_mut(&self, other: &BytesMut) -> bool",original_or_components
src/bytes_mut.rs,4001,__creusot_cmp_bytes_mut,pub,"pub fn __creusot_cmp_bytes_mut(&self, other: &BytesMut) -> cmp::Ordering",original_or_components
src/bytes_mut.rs,4007,__creusot_eq_slice,pub,"pub fn __creusot_eq_slice(&self, other: &[u8]) -> bool",original_or_components
src/bytes_mut.rs,4013,__creusot_cmp_slice,pub,"pub fn __creusot_cmp_slice(&self, other: &[u8]) -> cmp::Ordering",original_or_components
src/bytes_mut.rs,4019,__creusot_eq_str,pub,"pub fn __creusot_eq_str(&self, other: &str) -> bool",original_or_components
src/bytes_mut.rs,4025,__creusot_cmp_str,pub,"pub fn __creusot_cmp_str(&self, other: &str) -> cmp::Ordering",original_or_components
src/bytes_mut.rs,4031,__creusot_eq_bytes,pub,"pub fn __creusot_eq_bytes(&self, other: &Bytes) -> bool",original_or_components
src/bytes_mut.rs,4038,default,,fn default() -> BytesMut,original_or_components
src/bytes_mut.rs,4044,hash,,"fn hash<H>(&self, state: &mut H) where H: hash::Hasher,",original_or_components
src/bytes_mut.rs,4054,borrow,,fn borrow(&self) -> &[u8],original_or_components
src/bytes_mut.rs,4060,borrow_mut,,fn borrow_mut(&mut self) -> &mut [u8],original_or_components
src/bytes_mut.rs,4067,write_str,,"fn write_str(&mut self, s: &str) -> fmt::Result",original_or_components
src/bytes_mut.rs,4077,write_fmt,,"fn write_fmt(&mut self, args: fmt::Arguments<'_>) -> fmt::Result",original_or_components
src/bytes_mut.rs,4083,clone,,fn clone(&self) -> BytesMut,original_or_components
src/bytes_mut.rs,4092,into_iter,,fn into_iter(self) -> Self::IntoIter,original_or_components
src/bytes_mut.rs,4101,into_iter,,fn into_iter(self) -> Self::IntoIter,original_or_components
src/bytes_mut.rs,4107,extend,,"fn extend<T>(&mut self, iter: T) where T: IntoIterator<Item = u8>,",original_or_components
src/bytes_mut.rs,4125,extend,,"fn extend<T>(&mut self, iter: T) where T: IntoIterator<Item = &'a u8>,",original_or_components
src/bytes_mut.rs,4134,extend,,"fn extend<T>(&mut self, iter: T) where T: IntoIterator<Item = Bytes>,",original_or_components
src/bytes_mut.rs,4145,from_iter,,fn from_iter<T: IntoIterator<Item = u8>>(into_iter: T) -> Self,original_or_components
src/bytes_mut.rs,4151,from_iter,,fn from_iter<T: IntoIterator<Item = &'a u8>>(into_iter: T) -> Self,original_or_components
src/bytes_mut.rs,4168,increment_shared,unsafe,"unsafe fn increment_shared(ptr: *mut Shared, #[cfg(bytes_proof_repeated_split)] control: sequential_shared_control::ControlPtr, #[cfg(bytes_proof_repeated_split)] context: Ghost<&mut sequential_shared_control::ControlContext>, )",original_or_components
src/bytes_mut.rs,4196,release_shared,unsafe,"unsafe fn release_shared(ptr: *mut Shared, #[cfg(bytes_proof_repeated_split)] control: sequential_shared_control::ControlPtr, #[cfg(bytes_proof_repeated_split)] mut context: Ghost<&mut sequential_shared_control::ControlContext>, #[cfg(bytes_proof_repeated_split)] registration: Ghost<sequential_shared_control::HandleRegistration>, ) -> bool",original_or_components
src/bytes_mut.rs,4267,is_unique,,fn is_unique(&self) -> bool,original_or_components
src/bytes_mut.rs,4287,test_original_capacity_to_repr,,fn test_original_capacity_to_repr(),original_or_components
src/bytes_mut.rs,4321,test_original_capacity_from_repr,,fn test_original_capacity_from_repr(),original_or_components
src/bytes_mut.rs,4357,eq,,"fn eq(&self, other: &[u8]) -> bool",original_or_components
src/bytes_mut.rs,4363,partial_cmp,,"fn partial_cmp(&self, other: &[u8]) -> Option<cmp::Ordering>",original_or_components
src/bytes_mut.rs,4369,eq,,"fn eq(&self, other: &BytesMut) -> bool",original_or_components
src/bytes_mut.rs,4375,partial_cmp,,"fn partial_cmp(&self, other: &BytesMut) -> Option<cmp::Ordering>",original_or_components
src/bytes_mut.rs,4381,eq,,"fn eq(&self, other: &str) -> bool",original_or_components
src/bytes_mut.rs,4387,partial_cmp,,"fn partial_cmp(&self, other: &str) -> Option<cmp::Ordering>",original_or_components
src/bytes_mut.rs,4393,eq,,"fn eq(&self, other: &BytesMut) -> bool",original_or_components
src/bytes_mut.rs,4399,partial_cmp,,"fn partial_cmp(&self, other: &BytesMut) -> Option<cmp::Ordering>",original_or_components
src/bytes_mut.rs,4405,eq,,"fn eq(&self, other: &Vec<u8>) -> bool",original_or_components
src/bytes_mut.rs,4411,partial_cmp,,"fn partial_cmp(&self, other: &Vec<u8>) -> Option<cmp::Ordering>",original_or_components
src/bytes_mut.rs,4417,eq,,"fn eq(&self, other: &BytesMut) -> bool",original_or_components
src/bytes_mut.rs,4423,partial_cmp,,"fn partial_cmp(&self, other: &BytesMut) -> Option<cmp::Ordering>",original_or_components
src/bytes_mut.rs,4429,eq,,"fn eq(&self, other: &String) -> bool",original_or_components
src/bytes_mut.rs,4435,partial_cmp,,"fn partial_cmp(&self, other: &String) -> Option<cmp::Ordering>",original_or_components
src/bytes_mut.rs,4441,eq,,"fn eq(&self, other: &BytesMut) -> bool",original_or_components
src/bytes_mut.rs,4447,partial_cmp,,"fn partial_cmp(&self, other: &BytesMut) -> Option<cmp::Ordering>",original_or_components
src/bytes_mut.rs,4457,eq,,"fn eq(&self, other: &&'a T) -> bool",original_or_components
src/bytes_mut.rs,4467,partial_cmp,,"fn partial_cmp(&self, other: &&'a T) -> Option<cmp::Ordering>",original_or_components
src/bytes_mut.rs,4473,eq,,"fn eq(&self, other: &BytesMut) -> bool",original_or_components
src/bytes_mut.rs,4479,partial_cmp,,"fn partial_cmp(&self, other: &BytesMut) -> Option<cmp::Ordering>",original_or_components
src/bytes_mut.rs,4485,eq,,"fn eq(&self, other: &BytesMut) -> bool",original_or_components
src/bytes_mut.rs,4491,partial_cmp,,"fn partial_cmp(&self, other: &BytesMut) -> Option<cmp::Ordering>",original_or_components
src/bytes_mut.rs,4497,eq,,"fn eq(&self, other: &BytesMut) -> bool",original_or_components
src/bytes_mut.rs,4503,eq,,"fn eq(&self, other: &Bytes) -> bool",original_or_components
src/bytes_mut.rs,4511,from,,fn from(bytes: BytesMut) -> Self,original_or_components
src/bytes_mut.rs,4547,vptr,,fn vptr(ptr: *mut u8) -> NonNull<u8>,original_or_components
src/bytes_mut.rs,4560,vptr,,fn vptr(ptr: *mut u8) -> crate::ownership_proof::raw_vec::BoundPtr,original_or_components
src/bytes_mut.rs,4576,invalid_ptr,,fn invalid_ptr<T>(addr: usize) -> *mut T,original_or_components
src/bytes_mut.rs,4584,rebuild_vec,unsafe,"unsafe fn rebuild_vec(ptr: *mut u8, mut len: usize, mut cap: usize, off: usize) -> Vec<u8>",original_or_components
src/bytes_mut.rs,4603,shared_v_clone,unsafe,"unsafe fn shared_v_clone( data: &AtomicPtr<()>, ptr: *const u8, len: usize, vtable: &'static Vtable, ) -> Bytes",original_or_components
src/bytes_mut.rs,4616,shared_v_to_vec,unsafe,"unsafe fn shared_v_to_vec(data: &AtomicPtr<()>, ptr: *const u8, len: usize) -> Vec<u8>",original_or_components
src/bytes_mut.rs,4638,shared_v_to_mut,unsafe,"unsafe fn shared_v_to_mut(data: &AtomicPtr<()>, ptr: *const u8, len: usize) -> BytesMut",original_or_components
src/bytes_mut.rs,4675,shared_v_is_unique,unsafe,unsafe fn shared_v_is_unique(data: &AtomicPtr<()>) -> bool,original_or_components
src/bytes_mut.rs,4681,shared_v_drop,unsafe,"unsafe fn shared_v_drop(data: &mut AtomicPtr<()>, _ptr: *const u8, _len: usize)",original_or_components
src/bytes_mut.rs,4697,_split_to_must_use,,fn _split_to_must_use(),original_or_components
src/bytes_mut.rs,4707,_split_off_must_use,,fn _split_off_must_use(),original_or_components
src/bytes_mut.rs,4717,_split_must_use,,fn _split_must_use(),original_or_components
src/bytes_mut.rs,4729,bytes_mut_cloning_frozen,,fn bytes_mut_cloning_frozen(),original_or_components
src/bytes_mut.rs,4776,valid,pub(super),"pub(super) fn valid(self, control: ControlPtr) -> bool",original_or_components
src/bytes_mut.rs,4794,active,pub(super),pub(super) fn active(self) -> bool,original_or_components
src/bytes_mut.rs,4806,valid,pub(super),"pub(super) fn valid(self, pointer: *mut Shared, base: BoundPtr, capacity: usize) -> bool",original_or_components
src/bytes_mut.rs,4829,view_lo,pub(super),pub(super) fn view_lo(self) -> Int,original_or_components
src/bytes_mut.rs,4833,view_hi,pub(super),pub(super) fn view_hi(self) -> Int,original_or_components
src/bytes_mut.rs,4838,valid,pub(super),pub(super) fn valid(self) -> bool,original_or_components
src/bytes_mut.rs,4843,same_registration,pub(super),"pub(super) fn same_registration(self, other: Self) -> bool",original_or_components
src/bytes_mut.rs,4853,matches,pub(super),"pub(super) fn matches(self, context: ControlContext) -> bool",original_or_components
src/bytes_mut.rs,4884,activate,pub(super),"pub(super) fn activate(pointer: *mut Shared, base: BoundPtr, capacity: usize, split: usize, pending: Ghost<PendingControl>) -> (Ghost<ControlContext>, Ghost<HandleRegistration>, Ghost<HandleRegistration>)",original_or_components
src/bytes_mut.rs,4913,new,,"fn new(input: Vec<u8>, split: usize) -> (ControlPtr, Ghost<ControlContext>, Ghost<Packet>, Ghost<Packet>)",original_or_components
src/bytes_mut.rs,4950,release,pub(super),"pub(super) fn release(control: ControlPtr, mut context: Ghost<&mut ControlContext>, packet: Ghost<Packet>, left: bool) -> bool",original_or_components
src/bytes_mut.rs,4994,release_left_then_right,pub(crate),"pub(crate) fn release_left_then_right(input: Vec<u8>, split: usize)",original_or_components
src/bytes_mut.rs,5003,release_right_then_left,pub(crate),"pub(crate) fn release_right_then_left(input: Vec<u8>, split: usize)",original_or_components
src/bytes_mut.rs,5012,reject_missing_empty_ticket,pub(crate),pub(crate) fn reject_missing_empty_ticket(input: Vec<u8>),original_or_components
src/capacity_ops.rs,41,original_capacity_class_logic,pub(crate),pub(crate) fn original_capacity_class_logic(cap: usize) -> Int,original_or_components
src/capacity_ops.rs,72,original_capacity_to_repr,pub(crate),pub(crate) fn original_capacity_to_repr(cap: usize) -> usize,original_or_components
src/capacity_ops.rs,89,original_capacity_from_repr,pub(crate),pub(crate) fn original_capacity_from_repr(repr: usize) -> usize,original_or_components
src/capacity_ops.rs,104,reconstructed_original_capacity,pub(crate),pub(crate) fn reconstructed_original_capacity(cap: usize) -> usize,original_or_components
src/capacity_ops.rs,117,pack_vec_metadata,pub(crate),pub(crate) fn pack_vec_metadata(repr: usize) -> usize,original_or_components
src/capacity_ops.rs,125,original_capacity_repr_from_data,pub(crate),pub(crate) fn original_capacity_repr_from_data(data: usize) -> usize,original_or_components
src/capacity_ops.rs,132,vec_pos_from_data,pub(crate),pub(crate) fn vec_pos_from_data(data: usize) -> usize,original_or_components
src/capacity_ops.rs,143,set_vec_pos_in_data,pub(crate),"pub(crate) fn set_vec_pos_in_data(data: usize, pos: usize) -> usize",original_or_components
src/chain_ops.rs,8,saturating_sum,pub(crate),"pub(crate) fn saturating_sum(a: usize, b: usize) -> usize",original_or_components
src/chain_ops.rs,21,split_count,pub(crate),"pub(crate) fn split_count(a_remaining: usize, count: usize) -> (usize, usize)",original_or_components
src/comparison_ops.rs,7,equal,pub(crate),"pub(crate) fn equal(left: &[u8], right: &[u8]) -> bool",original_or_components
src/comparison_ops.rs,13,compare,pub(crate),"pub(crate) fn compare(left: &[u8], right: &[u8]) -> core::cmp::Ordering",original_or_components
src/cursor_ops.rs,12,cursor_remaining,pub(crate),"pub(crate) fn cursor_remaining(len: usize, pos: u64) -> usize",original_or_components
src/cursor_ops.rs,19,cursor_chunk_start,pub(crate),"pub(crate) fn cursor_chunk_start(pos: u64, len: usize) -> usize",original_or_components
src/cursor_ops.rs,29,cursor_chunk,pub(crate),"pub(crate) fn cursor_chunk<'a>(slice: &'a [u8], pos: u64) -> &'a [u8]",original_or_components
src/cursor_ops.rs,44,cursor_position_after_advance,pub(crate),"pub(crate) fn cursor_position_after_advance(len: usize, pos: u64, cnt: usize) -> u64",original_or_components
src/endian_ops.rs,9,signed_u16,pub,pub fn signed_u16(word: Int) -> Int,original_or_components
src/endian_ops.rs,18,signed_u32,pub,pub fn signed_u32(word: Int) -> Int,original_or_components
src/endian_ops.rs,28,signed_from_u16,,fn signed_from_u16(word: u16) -> i16,original_or_components
src/endian_ops.rs,38,signed_from_u32,,fn signed_from_u32(word: u32) -> i32,original_or_components
src/endian_ops.rs,50,encode_le_u16,pub(crate),pub(crate) fn encode_le_u16(value: u16) -> [u8; 2],original_or_components
src/endian_ops.rs,61,encode_le_u32,pub(crate),pub(crate) fn encode_le_u32(value: u32) -> [u8; 4],original_or_components
src/endian_ops.rs,74,read_le_u16,pub(crate),pub(crate) fn read_le_u16(input: &mut &[u8]) -> Option<u16>,original_or_components
src/endian_ops.rs,96,read_le_u32,pub(crate),pub(crate) fn read_le_u32(input: &mut &[u8]) -> Option<u32>,original_or_components
src/endian_ops.rs,116,read_be_i16,pub(crate),pub(crate) fn read_be_i16(input: &mut &[u8]) -> Option<i16>,original_or_components
src/endian_ops.rs,131,read_le_i16,pub(crate),pub(crate) fn read_le_i16(input: &mut &[u8]) -> Option<i16>,original_or_components
src/endian_ops.rs,151,read_be_i32,pub(crate),pub(crate) fn read_be_i32(input: &mut &[u8]) -> Option<i32>,original_or_components
src/endian_ops.rs,171,read_le_i32,pub(crate),pub(crate) fn read_le_i32(input: &mut &[u8]) -> Option<i32>,original_or_components
src/fmt/debug.rs,13,fmt,,"fn fmt(&self, f: &mut Formatter<'_>) -> Result",original_or_components
src/fmt/hex.rs,7,fmt,,"fn fmt(&self, f: &mut Formatter<'_>) -> Result",original_or_components
src/fmt/hex.rs,16,fmt,,"fn fmt(&self, f: &mut Formatter<'_>) -> Result",original_or_components
src/fmt/mod.rs,4,fmt,,"fn fmt(&self, f: &mut Formatter<'_>) -> Result",original_or_components
src/lib.rs,142,abort,,fn abort() -> !,original_or_components
src/lib.rs,152,drop,,fn drop(&mut self),original_or_components
src/lib.rs,189,fmt,,"fn fmt(&self, f: &mut core::fmt::Formatter<'_>) -> Result<(), core::fmt::Error>",original_or_components
src/lib.rs,206,from,,fn from(error: TryGetError) -> Self,original_or_components
src/lib.rs,214,panic_advance,,fn panic_advance(error_info: &TryGetError) -> !,original_or_components
src/lib.rs,223,panic_does_not_fit,,"fn panic_does_not_fit(size: usize, nbytes: usize) -> !",original_or_components
src/loom.rs,10,with_mut,,"fn with_mut<F, R>(&mut self, f: F) -> R where F: FnOnce(&mut *mut T) -> R",original_or_components
src/loom.rs,16,with_mut,,"fn with_mut<F, R>(&mut self, f: F) -> R where F: FnOnce(&mut *mut T) -> R,",original_or_components
src/ownership_proof/adjacent_region.rs,32,merge,pub(crate),"pub(crate) fn merge( coordinator: Ghost<&mut Coordinator>, left: Ghost<Packet>, right: Ghost<Packet>, ) -> Ghost<Packet>",ownership
src/ownership_proof/bound_ptr.rs,43,detach_bound_vec,pub(crate),"pub(crate) fn detach_bound_vec( input: Vec<u8>, ) -> (BoundPtr, usize, usize, Ghost<(Recovery, PhysicalRegion)>)",ownership
src/ownership_proof/boxed_alignment.rs,13,into_raw_aligned,pub(crate),"pub(crate) fn into_raw_aligned<T>(value: Box<T>) -> (*mut T, Ghost<Box<Perm<*const T>>>)",ownership
src/ownership_proof/boxed_alignment.rs,23,aligned_address_has_clear_low_bit,pub(crate),"pub(crate) fn aligned_address_has_clear_low_bit(address: usize, alignment: usize)",ownership
src/ownership_proof/carrier_protocol.rs,22,valid_count,pub(super),"pub(super) fn valid_count(self, control: ControlPtr, extra: Int) -> bool",ownership
src/ownership_proof/carrier_protocol.rs,41,valid,pub(super),"pub(super) fn valid(self, control: ControlPtr) -> bool",ownership
src/ownership_proof/carrier_protocol.rs,43,active,pub(super),pub(super) fn active(self) -> bool,ownership
src/ownership_proof/carrier_protocol.rs,52,valid,pub(super),"pub(super) fn valid(self, pointer: *mut Shared, base: BoundPtr, capacity: usize) -> bool",ownership
src/ownership_proof/carrier_protocol.rs,83,singleton_is_sole,pub(super),"pub(super) fn singleton_is_sole(context: Snapshot<ControlContext>, registration: Snapshot<Self>)",ownership
src/ownership_proof/carrier_protocol.rs,93,view_lo,pub(super),pub(super) fn view_lo(self) -> Int,ownership
src/ownership_proof/carrier_protocol.rs,95,view_hi,pub(super),pub(super) fn view_hi(self) -> Int,ownership
src/ownership_proof/carrier_protocol.rs,98,valid,pub(super),pub(super) fn valid(self) -> bool,ownership
src/ownership_proof/carrier_protocol.rs,100,matches,pub(super),"pub(super) fn matches(self, context: ControlContext) -> bool",ownership
src/ownership_proof/carrier_protocol.rs,105,matches_incremented,pub(super),"pub(super) fn matches_incremented(self, context: ControlContext) -> bool",ownership
src/ownership_proof/carrier_protocol.rs,125,activate,pub(super),"pub(super) fn activate(pointer: *mut Shared, base: BoundPtr, capacity: usize, cut: Snapshot<Int>, pending: Ghost<PendingControl>) -> Ghost<(ControlContext, HandleRegistration, HandleRegistration)>",ownership
src/ownership_proof/carrier_protocol.rs,148,increment,pub(super),"pub(super) fn increment(control: ControlPtr, mut context: Ghost<&mut ControlContext>) -> usize",ownership
src/ownership_proof/carrier_protocol.rs,182,split_more,pub(super),"pub(super) fn split_more(mut context: Ghost<&mut ControlContext>, parent: Ghost<HandleRegistration>, cut: Snapshot<Int>) -> Ghost<(HandleRegistration, HandleRegistration)>",ownership
src/ownership_proof/carrier_protocol.rs,207,release,pub(super),"pub(super) fn release(control: ControlPtr, context: Ghost<&mut ControlContext>, registration: Ghost<HandleRegistration>) -> bool",ownership
src/ownership_proof/carrier_protocol.rs,239,borrow_packet_mut,pub(crate) unsafe,"pub(crate) unsafe fn borrow_packet_mut<'a>( bound: &'a raw_vec::BoundPtr, len: usize, mut packet: Ghost<&'a mut Packet>, status: Ghost<Snapshot<Status>>, left: Ghost<bool>, ) -> &'a mut [u8]",ownership
src/ownership_proof/carrier_protocol.rs,265,borrow_packet,pub(crate) unsafe,"pub(crate) unsafe fn borrow_packet<'a>( bound: &'a raw_vec::BoundPtr, len: usize, packet: Ghost<&'a Packet>, status: Ghost<Snapshot<Status>>, left: Ghost<bool>, ) -> &'a [u8]",ownership
src/ownership_proof/carrier_protocol.rs,301,borrow_packet_uninit_mut,pub(crate) unsafe,"pub(crate) unsafe fn borrow_packet_uninit_mut<'a>( base: raw_vec::BoundPtr, visible: usize, capacity: usize, mut packet: Ghost<&'a mut Packet>, status: Ghost<Snapshot<Status>>, left: Ghost<bool>, ) -> &'a mut [core::mem::MaybeUninit<u8>]",ownership
src/ownership_proof/frozen_region.rs,28,borrow_frozen,pub(crate),"pub(crate) fn borrow_frozen<'a>( bound: &'a BoundPtr, len: usize, shared: Ghost<FrozenRegion>, ticket: &'a LifetimeToken, ) -> &'a [u8]",ownership
src/ownership_proof/frozen_region.rs,50,valid,pub(crate),"pub(crate) fn valid(self, bound: BoundPtr, len: usize) -> bool",ownership
src/ownership_proof/frozen_region.rs,78,valid,pub(crate),pub(crate) fn valid(self) -> bool,ownership
src/ownership_proof/frozen_region.rs,107,new,pub(crate),"pub(crate) fn new(bound:BoundPtr, capacity:usize, len:usize, capabilities:Ghost<(raw_vec::Recovery,PhysicalRegion)>) -> (Self,FrozenReader)",ownership
src/ownership_proof/frozen_region.rs,119,reclaim,pub(crate),"pub(crate) fn reclaim(self,ticket:LifetimeToken)",ownership
src/ownership_proof/owned_region.rs,32,map_compose_eq,pub(crate),"pub(crate) fn map_compose_eq( left: Snapshot<SlotMap>, right: Snapshot<SlotMap>, whole: Snapshot<SlotMap>, )",ownership
src/ownership_proof/owned_region.rs,47,map_op_get,pub(crate),"pub(crate) fn map_op_get( left: Snapshot<SlotMap>, right: Snapshot<SlotMap>, whole: Snapshot<SlotMap>, )",ownership
src/ownership_proof/owned_region.rs,76,view,,fn view(self) -> Self::ViewTy,ownership
src/ownership_proof/owned_region.rs,83,invariant,,fn invariant(self) -> bool,ownership
src/ownership_proof/owned_region.rs,108,from_model_ledger,pub(crate),"pub(crate) fn from_model_ledger(lo: Int, hi: Int, resource: Resource<KernelRA>) -> Self",ownership
src/ownership_proof/owned_region.rs,125,into_parts,pub(crate),"pub(crate) fn into_parts(self) -> (Int, Int, Resource<KernelRA>)",ownership
src/ownership_proof/owned_region.rs,131,lo,pub(crate),pub(crate) fn lo(self) -> Int,ownership
src/ownership_proof/owned_region.rs,137,hi,pub(crate),pub(crate) fn hi(self) -> Int,ownership
src/ownership_proof/owned_region.rs,143,resource_id,pub(crate),pub(crate) fn resource_id(self) -> Id,ownership
src/ownership_proof/owned_region.rs,149,slots,pub(crate),"pub(crate) fn slots(self) -> FMap<Int, Excl<Option<u8>>>",ownership
src/ownership_proof/owned_region.rs,156,slot,pub(crate),"pub(crate) fn slot(self, index: Int) -> Option<Option<u8>>",ownership
src/ownership_proof/owned_region.rs,167,restrict,,"fn restrict( map: FMap<Int, Excl<Option<u8>>>, lo: Int, hi: Int, ) -> FMap<Int, Excl<Option<u8>>>",ownership
src/ownership_proof/owned_region.rs,192,split_at,pub(crate),"pub(crate) fn split_at(self, at: Int) -> (Self, Self)",ownership
src/ownership_proof/owned_region.rs,243,join,pub(crate),"pub(crate) fn join(self, other: Self) -> Self",ownership
src/ownership_proof/raw_buffer.rs,27,detach,pub(crate),"pub(crate) fn detach(buffer: Vec<u8>) -> (RawBuffer, usize)",ownership
src/ownership_proof/raw_buffer.rs,41,base_ptr,pub(crate),pub(crate) fn base_ptr(&self) -> *mut u8,ownership
src/ownership_proof/raw_buffer.rs,46,capacity,pub(crate),pub(crate) fn capacity(&self) -> usize,ownership
src/ownership_proof/raw_buffer.rs,60,into_vec,pub(crate) unsafe,"pub(crate) unsafe fn into_vec(self, len: usize) -> Vec<u8>",ownership
src/ownership_proof/raw_buffer.rs,78,deallocate,pub(crate) unsafe,pub(crate) unsafe fn deallocate(self),ownership
src/ownership_proof/raw_vec.rs,50,slots_from_vec,,"fn slots_from_vec(contents: Seq<u8>, capacity: Int) -> SlotMap",ownership
src/ownership_proof/raw_vec.rs,72,slots_grown,,"fn slots_grown(old: SlotMap, old_capacity: Int, capacity: Int) -> SlotMap",ownership
src/ownership_proof/raw_vec.rs,103,reallocate_bound,pub(crate) unsafe,"pub(crate) unsafe fn reallocate_bound(base: BoundPtr, old_capacity: usize, capacity: usize, capabilities: Ghost<(Recovery, PhysicalRegion)>) -> (BoundPtr, Ghost<(Recovery, PhysicalRegion)>)",ownership
src/ownership_proof/raw_vec.rs,147,view,,fn view(self) -> Self::ViewTy,ownership
src/ownership_proof/raw_vec.rs,154,invariant,,fn invariant(self) -> bool,ownership
src/ownership_proof/raw_vec.rs,165,base_address,pub,pub fn base_address(self) -> Int,ownership
src/ownership_proof/raw_vec.rs,171,capacity,pub(crate),pub(crate) fn capacity(self) -> Int,ownership
src/ownership_proof/raw_vec.rs,177,namespace,pub(crate),pub(crate) fn namespace(self) -> Id,ownership
src/ownership_proof/raw_vec.rs,193,bound_ptr_at_zero,pub(crate),"pub(crate) fn bound_ptr_at_zero(&self) -> (BoundPtr, usize)",ownership
src/ownership_proof/raw_vec.rs,248,view,,fn view(self) -> Self::ViewTy,ownership
src/ownership_proof/raw_vec.rs,265,invariant,,fn invariant(self) -> bool,ownership
src/ownership_proof/raw_vec.rs,284,current_address,pub,pub fn current_address(self) -> Int,ownership
src/ownership_proof/raw_vec.rs,294,raw_pointer,pub(crate),pub(crate) fn raw_pointer(self) -> *mut u8,ownership
src/ownership_proof/raw_vec.rs,301,unbound,pub(crate),pub(crate) fn unbound(pointer: NonNull<u8>) -> Self,ownership
src/ownership_proof/raw_vec.rs,316,as_ptr,pub(crate),pub(crate) fn as_ptr(&self) -> *mut u8,ownership
src/ownership_proof/raw_vec.rs,323,as_non_null,pub(crate),pub(crate) fn as_non_null(&self) -> NonNull<u8>,ownership
src/ownership_proof/raw_vec.rs,346,offset_from_bound_base,pub(crate),"pub(crate) fn offset_from_bound_base(&self, base: Self) -> usize",ownership
src/ownership_proof/raw_vec.rs,358,retreat_within,pub(crate),"pub(crate) fn retreat_within(&self, count: usize) -> Self",ownership
src/ownership_proof/raw_vec.rs,404,advance_within,pub(crate),"pub(crate) fn advance_within(&self, count: usize) -> Self",ownership
src/ownership_proof/raw_vec.rs,453,into_bound_ptr_at_zero,pub(crate),"pub(crate) fn into_bound_ptr_at_zero(self) -> (BoundPtr, usize)",ownership
src/ownership_proof/raw_vec.rs,491,view,,fn view(self) -> Self::ViewTy,ownership
src/ownership_proof/raw_vec.rs,501,namespace,pub(crate),pub(crate) fn namespace(self) -> Id,ownership
src/ownership_proof/raw_vec.rs,506,capacity,pub(crate),pub(crate) fn capacity(self) -> Int,ownership
src/ownership_proof/raw_vec.rs,511,invariant,pub(crate),pub(crate) fn invariant(self) -> bool,ownership
src/ownership_proof/raw_vec.rs,533,view,,fn view(self) -> Self::ViewTy,ownership
src/ownership_proof/raw_vec.rs,542,invariant,,fn invariant(self) -> bool,ownership
src/ownership_proof/raw_vec.rs,555,lo,pub(crate),pub(crate) fn lo(self) -> Int,ownership
src/ownership_proof/raw_vec.rs,560,hi,pub(crate),pub(crate) fn hi(self) -> Int,ownership
src/ownership_proof/raw_vec.rs,565,namespace,pub(crate),pub(crate) fn namespace(self) -> Id,ownership
src/ownership_proof/raw_vec.rs,570,capacity,pub(crate),pub(crate) fn capacity(self) -> Int,ownership
src/ownership_proof/raw_vec.rs,575,resource_id,pub(crate),pub(crate) fn resource_id(self) -> Id,ownership
src/ownership_proof/raw_vec.rs,580,slot,pub(crate),"pub(crate) fn slot(self, index: Int) -> Option<Option<u8>>",ownership
src/ownership_proof/raw_vec.rs,609,split_at,pub(crate),"pub(crate) fn split_at(self, at: Int) -> (Self, Self)",ownership
src/ownership_proof/raw_vec.rs,639,join,pub(crate),"pub(crate) fn join(self, other: Self) -> Self",ownership
src/ownership_proof/raw_vec.rs,663,view,,fn view(self) -> Self::ViewTy,ownership
src/ownership_proof/raw_vec.rs,673,invariant,,fn invariant(self) -> bool,ownership
src/ownership_proof/raw_vec.rs,686,capacity,pub(crate),pub(crate) fn capacity(self) -> Int,ownership
src/ownership_proof/raw_vec.rs,691,namespace,pub(crate),pub(crate) fn namespace(self) -> Id,ownership
src/ownership_proof/raw_vec.rs,696,resource_id,pub(crate),pub(crate) fn resource_id(self) -> Id,ownership
src/ownership_proof/raw_vec.rs,701,contains,pub(crate),"pub(crate) fn contains(self, index: Int) -> bool",ownership
src/ownership_proof/raw_vec.rs,706,slot,pub(crate),"pub(crate) fn slot(self, index: Int) -> Option<Option<u8>>",ownership
src/ownership_proof/raw_vec.rs,720,kernel_unit_is_empty,,fn kernel_unit_is_empty(),ownership
src/ownership_proof/raw_vec.rs,746,empty_from,pub(crate),pub(crate) fn empty_from(region: &PhysicalRegion) -> Self,ownership
src/ownership_proof/raw_vec.rs,779,retire,pub(crate),"pub(crate) fn retire(self, region: PhysicalRegion) -> Self",ownership
src/ownership_proof/raw_vec.rs,815,finish,pub(crate),"pub(crate) fn finish(self, lo: Int) -> PhysicalRegion",ownership
src/ownership_proof/raw_vec.rs,862,detach_vec,pub(crate),"pub(crate) fn detach_vec( input: Vec<u8>, ) -> (RawAllocation, usize, Ghost<(Recovery, PhysicalRegion)>)",ownership
src/ownership_proof/raw_vec.rs,951,resume_vec,pub(crate) unsafe,"pub(crate) unsafe fn resume_vec( raw: RawAllocation, len: usize, capabilities: Ghost<(Recovery, PhysicalRegion)>, ) -> Vec<u8>",ownership
src/ownership_proof/raw_vec.rs,987,deallocate_vec,pub(crate) unsafe,"pub(crate) unsafe fn deallocate_vec( raw: RawAllocation, capabilities: Ghost<(Recovery, PhysicalRegion)>, )",ownership
src/ownership_proof/raw_vec.rs,1022,deallocate_bound_vec,pub(crate) unsafe,"pub(crate) unsafe fn deallocate_bound_vec( bound: BoundPtr, capacity: usize, capabilities: Ghost<(Recovery, PhysicalRegion)>, )",ownership
src/ownership_proof/raw_vec.rs,1071,borrow_mut,pub(crate) unsafe,"pub(crate) unsafe fn borrow_mut<'a>( raw: &'a RawAllocation, start: usize, len: usize, region: Ghost<&'a mut PhysicalRegion>, ) -> &'a mut [u8]",ownership
src/ownership_proof/raw_vec.rs,1087,slot_known,pub(crate),pub(crate) fn slot_known(slot: Option<Option<u8>>) -> bool,ownership
src/ownership_proof/raw_vec.rs,1093,slot_known_equivalence,pub(crate),pub(crate) fn slot_known_equivalence(slot: Option<Option<u8>>),ownership
src/ownership_proof/raw_vec.rs,1132,borrow_bound_mut,pub(crate) unsafe,"pub(crate) unsafe fn borrow_bound_mut<'a>( bound: &'a BoundPtr, len: usize, region: Ghost<&'a mut PhysicalRegion>, ) -> &'a mut [u8]",ownership
src/ownership_proof/raw_vec.rs,1172,borrow_bound_uninit_mut,pub(crate) unsafe,"pub(crate) unsafe fn borrow_bound_uninit_mut<'a>( bound: BoundPtr, len: usize, region: Ghost<&'a mut PhysicalRegion>, ) -> &'a mut [core::mem::MaybeUninit<u8>]",ownership
src/ownership_proof/raw_vec.rs,1210,borrow_spare_preserving_prefix,pub(crate) unsafe,"pub(crate) unsafe fn borrow_spare_preserving_prefix<'a>( base: BoundPtr, visible: usize, capacity: usize, region: Ghost<&'a mut PhysicalRegion>, ) -> &'a mut [core::mem::MaybeUninit<u8>]",ownership
src/ownership_proof/raw_vec.rs,1240,borrow_bound,pub(crate) unsafe,"pub(crate) unsafe fn borrow_bound<'a>( bound: &'a BoundPtr, len: usize, region: Ghost<&'a PhysicalRegion>, ) -> &'a [u8]",ownership
src/ownership_proof/raw_vec.rs,1256,borrow_empty_bound,pub(crate) unsafe,pub(crate) unsafe fn borrow_empty_bound<'a>(bound: &'a BoundPtr) -> &'a [u8],ownership
src/ownership_proof/raw_vec.rs,1265,borrow_empty_bound_mut,pub(crate) unsafe,pub(crate) unsafe fn borrow_empty_bound_mut<'a>(bound: &'a BoundPtr) -> &'a mut [u8],ownership
src/ownership_proof/raw_vec.rs,1273,borrow_empty_bound_uninit_mut,pub(crate) unsafe,"pub(crate) unsafe fn borrow_empty_bound_uninit_mut<'a>( bound: &'a BoundPtr, ) -> &'a mut [core::mem::MaybeUninit<u8>]",ownership
src/ownership_proof/scalable_tickets.rs,32,issued_prefix,,"fn issued_prefix(registrations: RegistrationMap, next_id: Int) -> bool",ownership
src/ownership_proof/scalable_tickets.rs,53,logical_id,pub(crate),pub(crate) fn logical_id(self) -> Int,ownership
src/ownership_proof/scalable_tickets.rs,86,active_registrations,,"fn active_registrations(pending: FMap<Int, (Int, Int)>) -> RegistrationMap",ownership
src/ownership_proof/scalable_tickets.rs,91,pending_interval_bounds_valid,,"fn pending_interval_bounds_valid(pending: FMap<Int, (Int, Int)>, capacity: Int) -> bool",ownership
src/ownership_proof/scalable_tickets.rs,101,pending_outside,,"fn pending_outside(pending: FMap<Int, (Int, Int)>, index: Int) -> bool",ownership
src/ownership_proof/scalable_tickets.rs,131,pending_split_geometry,,"fn pending_split_geometry( pending: Snapshot<FMap<Int, (Int, Int)>>, parent: Snapshot<Int>, left: Snapshot<Int>, right: Snapshot<Int>, lo: Snapshot<Int>, at: Snapshot<Int>, hi: Snapshot<Int>, capacity: Snapshot<Int>, )",ownership
src/ownership_proof/scalable_tickets.rs,148,active_singleton,,"fn active_singleton(id: Snapshot<Int>, bounds: Snapshot<(Int, Int)>)",ownership
src/ownership_proof/scalable_tickets.rs,158,pending_cardinality,pub(crate),"pub(crate) fn pending_cardinality(pending: Snapshot<FMap<Int, (Int, Int)>>)",ownership
src/ownership_proof/scalable_tickets.rs,168,active_remove,,"fn active_remove(pending: Snapshot<FMap<Int, (Int, Int)>>, id: Snapshot<Int>)",ownership
src/ownership_proof/scalable_tickets.rs,178,active_insert,,"fn active_insert( pending: Snapshot<FMap<Int, (Int, Int)>>, id: Snapshot<Int>, bounds: Snapshot<(Int, Int)>, )",ownership
src/ownership_proof/scalable_tickets.rs,195,active_partition_at,,"fn active_partition_at(pending: Snapshot<FMap<Int, (Int, Int)>>, id: Snapshot<Int>)",ownership
src/ownership_proof/scalable_tickets.rs,214,ledger_transfer,,"fn ledger_transfer( returned: Snapshot<RegistrationMap>, ticket: Snapshot<RegistrationMap>, remaining: Snapshot<RegistrationMap>, active: Snapshot<RegistrationMap>, new_returned: Snapshot<RegistrationMap>, authority: Snapshot<RegistrationMap>, )",ownership
src/ownership_proof/scalable_tickets.rs,240,fresh_ticket_extension,,"fn fresh_ticket_extension( map: Snapshot<RegistrationMap>, first: Snapshot<Int>, second: Snapshot<Int>, )",ownership
src/ownership_proof/scalable_tickets.rs,270,ledger_extend_fresh,,"fn ledger_extend_fresh( returned: Snapshot<RegistrationMap>, active: Snapshot<RegistrationMap>, authority: Snapshot<RegistrationMap>, fresh: Snapshot<Int>, )",ownership
src/ownership_proof/scalable_tickets.rs,298,issue_two_at_frontier,,"fn issue_two_at_frontier( authority: &mut Authority<RegistrationMap>, next: Snapshot<Int>, ) -> (Fragment<RegistrationMap>, Fragment<RegistrationMap>)",ownership
src/ownership_proof/scalable_tickets.rs,315,ticket_matches,pub(crate),"pub(crate) fn ticket_matches(ticket: Ticket, registration: Id) -> bool",ownership
src/ownership_proof/scalable_tickets.rs,324,packet_matches,pub(crate),"pub(crate) fn packet_matches(packet: Packet, status: Status) -> bool",ownership
src/ownership_proof/scalable_tickets.rs,337,state_resources_valid,,fn state_resources_valid(state: State) -> bool,ownership
src/ownership_proof/scalable_tickets.rs,354,state_ledger_valid,,fn state_ledger_valid(state: State) -> bool,ownership
src/ownership_proof/scalable_tickets.rs,370,state_interval_bounds_valid,,fn state_interval_bounds_valid(state: State) -> bool,ownership
src/ownership_proof/scalable_tickets.rs,378,state_pending_pool_disjoint,,fn state_pending_pool_disjoint(state: State) -> bool,ownership
src/ownership_proof/scalable_tickets.rs,393,state_pending_regions_disjoint,,fn state_pending_regions_disjoint(state: State) -> bool,ownership
src/ownership_proof/scalable_tickets.rs,407,state_pool_complement_coverage,,fn state_pool_complement_coverage(state: State) -> bool,ownership
src/ownership_proof/scalable_tickets.rs,421,state_geometry_valid,,fn state_geometry_valid(state: State) -> bool,ownership
src/ownership_proof/scalable_tickets.rs,435,public,,fn public(self) -> Status,ownership
src/ownership_proof/scalable_tickets.rs,438,protocol,,fn protocol(self) -> bool,ownership
src/ownership_proof/scalable_tickets.rs,465,initialize_from_caps,pub(crate),"pub(crate) fn initialize_from_caps(capacity: usize, caps: Ghost<(Recovery, PhysicalRegion)>) -> Ghost<(Coordinator, Packet)>",ownership
src/ownership_proof/scalable_tickets.rs,508,initialize,pub(crate),"pub(crate) fn initialize(input: alloc::vec::Vec<u8>) -> (crate::ownership_proof::raw_vec::BoundPtr, usize, Ghost<(Coordinator, Packet)>)",ownership
src/ownership_proof/scalable_tickets.rs,545,split_registration,,"fn split_registration( state: Ghost<&mut State>, parent: Ghost<Ticket>, at_snapshot: Snapshot<Int>, ) -> Ghost<(Ticket, Ticket)>",ownership
src/ownership_proof/scalable_tickets.rs,679,replace_at,pub(crate),"pub(crate) fn replace_at( coordinator: Ghost<&mut Coordinator>, packet: Ghost<Packet>, cut: Snapshot<Int>, ) -> Ghost<(Packet, Packet)>",ownership
src/ownership_proof/scalable_tickets.rs,729,replace,pub(crate),"pub(crate) fn replace( coordinator: Ghost<&mut Coordinator>, packet: Ghost<Packet>, at: usize, ) -> Ghost<(Packet, Packet)>",ownership
src/ownership_proof/scalable_tickets.rs,752,retire,pub(crate),"pub(crate) fn retire(coordinator: Ghost<&mut Coordinator>, packet: Ghost<Packet>)",ownership
src/ownership_proof/scalable_tickets.rs,796,finish,pub(crate),"pub(crate) fn finish(coordinator: Ghost<Coordinator>) -> Ghost<(Recovery, PhysicalRegion)>",ownership
src/ownership_proof/sequential_counter.rs,35,view,,fn view(self) -> Id,ownership
src/ownership_proof/sequential_counter.rs,40,view,,fn view(self) -> Self::ViewTy,ownership
src/ownership_proof/sequential_counter.rs,48,new,pub(crate),"pub(crate) fn new(value: usize) -> (Self, Ghost<CounterOwn>)",ownership
src/ownership_proof/sequential_counter.rs,66,fetch_add_relaxed,pub(crate),"pub(crate) fn fetch_add_relaxed(&self, amount: usize, own: Ghost<&mut CounterOwn>) -> usize",ownership
src/ownership_proof/sequential_counter.rs,79,fetch_sub_release,pub(crate),"pub(crate) fn fetch_sub_release(&self, amount: usize, own: Ghost<&mut CounterOwn>) -> usize",ownership
src/ownership_proof/sequential_counter.rs,89,load_acquire,pub(crate),"pub(crate) fn load_acquire(&self, own: Ghost<&CounterOwn>) -> usize",ownership
src/ownership_proof/shared_copy.rs,12,initialized_coordinates,,fn initialized_coordinates(handle:Snapshot<BytesMut>),ownership
src/ownership_proof/shared_copy.rs,32,reserve_copy,pub(crate),"pub(crate) fn reserve_copy( handle: BytesMut, additional: usize, mut context: Ghost<&mut ControlContext>, ) -> BytesMut",ownership
src/ownership_proof/shared_protocol.rs,37,ticket_value,,fn ticket_value(left: bool) -> RegistrationRA,ownership
src/ownership_proof/shared_protocol.rs,42,packet_matches,pub(crate),"pub(crate) fn packet_matches(packet: Packet, allocation: Id, capacity: Int, split: Int, registration: Id, left: bool) -> bool",ownership
src/ownership_proof/shared_protocol.rs,58,public,,fn public(self) -> Status,ownership
src/ownership_proof/shared_protocol.rs,60,protocol,,fn protocol(self) -> bool,ownership
src/ownership_proof/shared_protocol.rs,103,initialize,pub(crate),"pub(crate) fn initialize(capacity: usize, split: usize, caps: Ghost<(Recovery, PhysicalRegion)>) -> Ghost<(Coordinator, Packet, Packet)>",ownership
src/ownership_proof/shared_protocol.rs,135,retire,pub(crate),"pub(crate) fn retire(coordinator: Ghost<&mut Coordinator>, packet: Ghost<Packet>, left: bool)",ownership
src/ownership_proof/shared_protocol.rs,162,finish,pub(crate),"pub(crate) fn finish(coordinator: Ghost<Coordinator>) -> Ghost<(Recovery, PhysicalRegion)>",ownership
src/ownership_proof/shared_protocol.rs,200,borrow_packet_mut,pub(crate) unsafe,"pub(crate) unsafe fn borrow_packet_mut<'a>( bound: &'a super::raw_vec::BoundPtr, len: usize, mut packet: Ghost<&'a mut Packet>, status: Ghost<Snapshot<Status>>, left: Ghost<bool>, ) -> &'a mut [u8]",ownership
src/ownership_proof/shared_protocol.rs,237,borrow_packet_uninit_mut,pub(crate) unsafe,"pub(crate) unsafe fn borrow_packet_uninit_mut<'a>( base: super::raw_vec::BoundPtr, visible: usize, capacity: usize, mut packet: Ghost<&'a mut Packet>, status: Ghost<Snapshot<Status>>, left: Ghost<bool>, ) -> &'a mut [core::mem::MaybeUninit<u8>]",ownership
src/ownership_proof/shared_protocol.rs,265,borrow_packet,pub(crate) unsafe,"pub(crate) unsafe fn borrow_packet<'a>( bound: &'a super::raw_vec::BoundPtr, len: usize, packet: Ghost<&'a Packet>, status: Ghost<Snapshot<Status>>, left: Ghost<bool>, ) -> &'a [u8]",ownership
src/ownership_proof/shared_reclaim.rs,20,valid,pub(crate),"pub(crate) fn valid(self, control: ControlPtr) -> bool",ownership
src/ownership_proof/shared_reclaim.rs,41,is_unique,pub(crate),"pub(crate) fn is_unique(control: ControlPtr, context: Ghost<&ControlContext>) -> bool",ownership
src/ownership_proof/shared_reclaim.rs,55,acquire,pub(crate),"pub(crate) fn acquire( control: ControlPtr, context: Ghost<ControlContext>, registration: Ghost<HandleRegistration>, ) -> Ghost<SingletonLease>",ownership
src/ownership_proof/shared_reclaim.rs,85,reactivate,pub(crate),"pub(crate) fn reactivate( control: ControlPtr, lease: Ghost<SingletonLease>, ) -> Ghost<(ControlContext, HandleRegistration)>",ownership
src/ownership_proof/shared_reserve.rs,29,reserve_lease,pub(crate),"pub(crate) fn reserve_lease( control: ControlPtr, lease: Ghost<SingletonLease>, view: BoundPtr, offset: usize, len: usize, additional: usize, ) -> (BoundPtr, usize, Ghost<SingletonLease>)",ownership
src/ownership_proof/shared_reserve.rs,89,reactivate_view,pub(crate),"pub(crate) fn reactivate_view( control: ControlPtr, lease: Ghost<SingletonLease>, end: Snapshot<Int>, ) -> Ghost<(ControlContext, HandleRegistration)>",ownership
src/ownership_proof/shared_unsplit.rs,29,merge,pub(crate),"pub(crate) fn merge( control: ControlPtr, mut context: Ghost<&mut ControlContext>, left: Ghost<HandleRegistration>, right: Ghost<HandleRegistration>, ) -> Ghost<HandleRegistration>",ownership
src/ownership_proof/shared_unsplit.rs,83,merge_into,pub(crate),"pub(crate) fn merge_into(left: &mut BytesMut, mut right: BytesMut, context: Ghost<&mut ControlContext>)",ownership
src/ownership_proof/shared_unsplit_fallbacks.rs,11,zero_coordinate_valid,,fn zero_coordinate_valid(handle:Snapshot<BytesMut>),ownership
src/ownership_proof/shared_unsplit_fallbacks.rs,29,empty_other,pub(crate),"pub(crate) fn empty_other(left:&mut BytesMut,right:BytesMut,context:Ghost<&mut ControlContext>)",ownership
src/ownership_proof/shared_unsplit_fallbacks.rs,47,empty_adopt,pub(crate),"pub(crate) fn empty_adopt(left:&mut BytesMut,right:BytesMut,context:Ghost<&mut ControlContext>)",ownership
src/ownership_proof/shared_unsplit_fallbacks.rs,70,copy_concat,pub(crate),"pub(crate) fn copy_concat(left:BytesMut,right:BytesMut,mut context:Ghost<&mut ControlContext>)->BytesMut",ownership
src/ownership_proof/shared_unsplit_independent.rs,10,zero_coordinate_valid,,fn zero_coordinate_valid(handle:Snapshot<BytesMut>),ownership
src/ownership_proof/shared_unsplit_independent.rs,36,independent_concat,pub(crate),"pub(crate) fn independent_concat(left:BytesMut,right:BytesMut,left_context:Ghost<&mut ControlContext>,right_context:Ghost<&mut ControlContext>)->BytesMut",ownership
src/ownership_proof/shared_unsplit_mixed.rs,10,empty_metadata_bits,pub(crate),pub(crate) fn empty_metadata_bits(),ownership
src/ownership_proof/shared_unsplit_mixed.rs,15,initial_coordinates,pub(crate),pub(crate) fn initial_coordinates(handle:Snapshot<BytesMut>),ownership
src/ownership_proof/shared_unsplit_mixed.rs,22,final_coordinates,,fn final_coordinates(handle:Snapshot<BytesMut>),ownership
src/ownership_proof/shared_unsplit_mixed.rs,31,copy_pair,pub(crate),"pub(crate) fn copy_pair(left:&BytesMut,right:&BytesMut)->BytesMut",ownership
src/ownership_proof/shared_unsplit_mixed.rs,46,retire_unique,pub(crate),pub(crate) fn retire_unique(mut handle:BytesMut),ownership
src/ownership_proof/shared_unsplit_mixed.rs,65,retire_pair,pub(crate),"pub(crate) fn retire_pair(left:BytesMut,right:BytesMut,context:Ghost<&mut ControlContext>)",ownership
src/ownership_proof/singleton_region.rs,17,recover,pub(crate),"pub(crate) fn recover( coordinator: Ghost<Coordinator>, packet: Ghost<Packet>, ) -> Ghost<(Recovery, PhysicalRegion)>",ownership
src/ownership_proof/unique_reclaim.rs,26,reclaim,pub(crate),"pub(crate) fn reclaim( view: BoundPtr, offset: usize, len: usize, region: Ghost<PhysicalRegion>, ) -> (BoundPtr, Ghost<PhysicalRegion>)",ownership
src/ownership_proof/vec_capacity.rs,50,with_capacity_bound,pub(crate),"pub(crate) fn with_capacity_bound( requested: usize, ) -> (BoundPtr, usize, usize, Ghost<(Recovery, PhysicalRegion)>)",ownership
src/ownership_proof/vec_capacity.rs,60,native_allocate_and_release,pub,"pub fn native_allocate_and_release(requested: usize) -> (usize, usize)",ownership
src/provenance_specs.rs,19,pointer_addr_eq,pub(crate),"pub(crate) fn pointer_addr_eq<T>(left: *const T, right: *const T) -> bool",original_or_components
src/provenance_specs.rs,43,wrapping_add,,"fn wrapping_add(self, offset: usize) -> *mut T",original_or_components
src/provenance_specs.rs,52,pointer_addr,pub(crate),pub(crate) fn pointer_addr<T>(ptr: *const T) -> usize,original_or_components
src/provenance_specs.rs,61,pointer_addr,pub(crate),pub(crate) fn pointer_addr<T>(ptr: *const T) -> usize,original_or_components
src/provenance_specs.rs,77,wrapping_offset,pub(crate),"pub(crate) fn wrapping_offset(ptr: *mut u8, offset: usize) -> *mut u8",original_or_components
src/provenance_specs.rs,88,pointer_with_address,pub(crate),"pub(crate) fn pointer_with_address(ptr: *mut u8, new_addr: usize) -> *mut u8",original_or_components
src/provenance_specs.rs,98,metadata_pointer,pub(crate),pub(crate) fn metadata_pointer(addr: usize) -> *mut u8,original_or_components
src/serde.rs,11,serialize,,"fn serialize<S>(&self, serializer: S) -> Result<S::Ok, S::Error> where S: Serializer,",original_or_components
src/serde.rs,24,expecting,,"fn expecting(&self, formatter: &mut fmt::Formatter<'_>) -> fmt::Result",original_or_components
src/serde.rs,29,visit_seq,,"fn visit_seq<V>(self, mut seq: V) -> Result<Self::Value, V::Error> where V: de::SeqAccess<'de>,",original_or_components
src/serde.rs,44,visit_bytes,,"fn visit_bytes<E>(self, v: &[u8]) -> Result<Self::Value, E> where E: de::Error,",original_or_components
src/serde.rs,52,visit_byte_buf,,"fn visit_byte_buf<E>(self, v: Vec<u8>) -> Result<Self::Value, E> where E: de::Error,",original_or_components
src/serde.rs,60,visit_str,,"fn visit_str<E>(self, v: &str) -> Result<Self::Value, E> where E: de::Error,",original_or_components
src/serde.rs,68,visit_string,,"fn visit_string<E>(self, v: String) -> Result<Self::Value, E> where E: de::Error,",original_or_components
src/serde.rs,78,deserialize,,"fn deserialize<D>(deserializer: D) -> Result<$ty, D::Error> where D: Deserializer<'de>,",original_or_components
src/signed_wide_ops.rs,9,signed_u64,pub,pub fn signed_u64(word: Int) -> Int,original_or_components
src/signed_wide_ops.rs,18,signed_u128,pub,pub fn signed_u128(word: Int) -> Int,original_or_components
src/signed_wide_ops.rs,28,signed_from_u64,pub(crate),pub(crate) fn signed_from_u64(word: u64) -> i64,original_or_components
src/signed_wide_ops.rs,38,signed_from_u128,pub(crate),pub(crate) fn signed_from_u128(word: u128) -> i128,original_or_components
src/signed_wide_ops.rs,64,read_be_i64,pub(crate),pub(crate) fn read_be_i64(input: &mut &[u8]) -> Option<i64>,original_or_components
src/signed_wide_ops.rs,88,read_le_i64,pub(crate),pub(crate) fn read_le_i64(input: &mut &[u8]) -> Option<i64>,original_or_components
src/signed_wide_ops.rs,120,read_be_i128,pub(crate),pub(crate) fn read_be_i128(input: &mut &[u8]) -> Option<i128>,original_or_components
src/signed_wide_ops.rs,152,read_le_i128,pub(crate),pub(crate) fn read_le_i128(input: &mut &[u8]) -> Option<i128>,original_or_components
src/slice_mut_ops.rs,15,advance_slice_mut,pub(crate),"pub(crate) fn advance_slice_mut<'a, T>(input: &mut &'a mut [T], count: usize) -> &'a mut [T]",original_or_components
src/slice_mut_ops.rs,29,copy_to_slice_mut,pub(crate),"pub(crate) fn copy_to_slice_mut<'a>(input: &mut &'a mut [u8], source: &[u8]) -> &'a mut [u8]",original_or_components
src/slice_mut_ops.rs,44,fill_slice_mut,pub(crate),"pub(crate) fn fill_slice_mut<'a>(input: &mut &'a mut [u8], count: usize, value: u8) -> &'a mut [u8]",original_or_components
src/slice_ops.rs,15,advance_slice,pub(crate),"pub(crate) fn advance_slice(input: &mut &[u8], count: usize)",original_or_components
src/slice_ops.rs,27,copy_to_slice,pub(crate),"pub(crate) fn copy_to_slice(input: &mut &[u8], dst: &mut [u8])",original_or_components
src/slice_read_ops.rs,16,read_u8,pub(crate),pub(crate) fn read_u8(input: &mut &[u8]) -> Option<u8>,original_or_components
src/slice_read_ops.rs,35,read_be_u16,pub(crate),pub(crate) fn read_be_u16(input: &mut &[u8]) -> Option<u16>,original_or_components
src/slice_read_ops.rs,57,read_be_u32,pub(crate),pub(crate) fn read_be_u32(input: &mut &[u8]) -> Option<u32>,original_or_components
src/slice_wide_read_ops.rs,15,read_be_u64,pub(crate),pub(crate) fn read_be_u64(input: &mut &[u8]) -> Option<u64>,original_or_components
src/slice_wide_read_ops.rs,34,read_le_u64,pub(crate),pub(crate) fn read_le_u64(input: &mut &[u8]) -> Option<u64>,original_or_components
src/slice_wide_read_ops.rs,53,read_be_u128,pub(crate),pub(crate) fn read_be_u128(input: &mut &[u8]) -> Option<u128>,original_or_components
src/slice_wide_read_ops.rs,72,read_le_u128,pub(crate),pub(crate) fn read_le_u128(input: &mut &[u8]) -> Option<u128>,original_or_components
src/std_specs.rs,12,try_from,,"fn try_from(value: u64) -> Result<usize, <usize as core::convert::TryFrom<u64>>::Error>",original_or_components
src/storage_ops.rs,15,fill_uninit_prefix,pub(crate),"pub(crate) fn fill_uninit_prefix(dst: &mut [MaybeUninit<u8>], count: usize, value: u8)",original_or_components
src/storage_ops.rs,36,copy_to_uninit_prefix,pub(crate),"pub(crate) fn copy_to_uninit_prefix(dst: &mut [MaybeUninit<u8>], src: &[u8])",original_or_components
src/uninit_ops.rs,17,initialize_prefix,pub(crate),"pub(crate) fn initialize_prefix<'a>( input: &mut &'a mut [MaybeUninit<u8>], source: &[u8], ) -> &'a mut [MaybeUninit<u8>]",original_or_components
src/uninit_ops.rs,43,fill_prefix,pub(crate),"pub(crate) fn fill_prefix<'a>( input: &mut &'a mut [MaybeUninit<u8>], count: usize, value: u8, ) -> &'a mut [MaybeUninit<u8>]",original_or_components
src/variable_read_ops.rs,9,be_weight,pub,"pub fn be_weight(bytes: Seq<u8>, n: Int) -> Int",original_or_components
src/variable_read_ops.rs,23,le_weight,pub,"pub fn le_weight(bytes: Seq<u8>, n: Int) -> Int",original_or_components
src/variable_read_ops.rs,45,read_be_u64,pub(crate),"pub(crate) fn read_be_u64(input: &mut &[u8], nbytes: usize) -> Option<u64>",original_or_components
src/variable_read_ops.rs,80,read_le_u64,pub(crate),"pub(crate) fn read_le_u64(input: &mut &[u8], nbytes: usize) -> Option<u64>",original_or_components
src/verification.rs,19,view,,fn view(self) -> Int,original_or_components
src/verification.rs,26,invariant,,fn invariant(self) -> bool,original_or_components
src/verification.rs,34,new,pub const,pub const fn new() -> Self,original_or_components
src/verification.rs,40,len,pub const,pub const fn len(&self) -> usize,original_or_components
src/verification.rs,46,is_empty,pub const,pub const fn is_empty(&self) -> bool,original_or_components
src/verification.rs,54,split_off,pub,"pub fn split_off(&mut self, at: usize) -> Self",original_or_components
src/verification.rs,64,split_to,pub,"pub fn split_to(&mut self, at: usize) -> Self",original_or_components
src/verification.rs,72,truncate,pub,"pub fn truncate(&mut self, len: usize)",original_or_components
src/verification.rs,80,clear,pub,pub fn clear(&mut self),original_or_components
src/verification.rs,95,view,,fn view(self) -> Int,original_or_components
src/verification.rs,102,invariant,,fn invariant(self) -> bool,original_or_components
src/verification.rs,110,capacity_logic,pub,pub fn capacity_logic(self) -> Int,original_or_components
src/verification.rs,117,new,pub const,pub const fn new() -> Self,original_or_components
src/verification.rs,124,with_capacity,pub,pub fn with_capacity(capacity: usize) -> Self,original_or_components
src/verification.rs,133,len,pub const,pub const fn len(&self) -> usize,original_or_components
src/verification.rs,139,is_empty,pub const,pub const fn is_empty(&self) -> bool,original_or_components
src/verification.rs,145,capacity,pub const,pub const fn capacity(&self) -> usize,original_or_components
src/verification.rs,155,split_off,pub,"pub fn split_off(&mut self, at: usize) -> Self",original_or_components
src/verification.rs,171,split_to,pub,"pub fn split_to(&mut self, at: usize) -> Self",original_or_components
src/verification.rs,181,truncate,pub,"pub fn truncate(&mut self, len: usize)",original_or_components
src/verification.rs,190,clear,pub,pub fn clear(&mut self),original_or_components
src/verification.rs,198,resize,pub,"pub fn resize(&mut self, new_len: usize, _value: u8)",original_or_components
src/verification.rs,207,freeze,pub,pub fn freeze(self) -> Bytes,original_or_components
src/verification.rs,216,remaining,,fn remaining(&self) -> usize,original_or_components
src/verification.rs,221,advance,,"fn advance(&mut self, cnt: usize)",original_or_components
src/verification.rs,227,remaining_mut,,fn remaining_mut(&self) -> usize,original_or_components
src/verification.rs,232,remaining,,fn remaining(&self) -> usize,original_or_components
src/verification.rs,238,advance,,"fn advance(&mut self, cnt: usize)",original_or_components
src/verification.rs,245,remaining,,fn remaining(&self) -> usize,original_or_components
src/verification.rs,252,advance,,"fn advance(&mut self, cnt: usize)",original_or_components
src/verification.rs,259,remaining_mut,,fn remaining_mut(&self) -> usize,original_or_components
src/verified/adapters.rs,14,view,,fn view(self) -> Seq<u8>,modified
src/verified/adapters.rs,20,inner_view,pub,pub fn inner_view(self) -> Seq<u8>,modified
src/verified/adapters.rs,24,limit_view,pub,pub fn limit_view(self) -> Int,modified
src/verified/adapters.rs,30,new,pub,"pub fn new(inner: Cursor<'a>, limit: usize) -> Self",modified
src/verified/adapters.rs,34,limit,pub,pub fn limit(&self) -> usize,modified
src/verified/adapters.rs,40,set_limit,pub,"pub fn set_limit(&mut self, limit: usize)",modified
src/verified/adapters.rs,48,get_ref,pub,pub fn get_ref(&self) -> &Cursor<'a>,modified
src/verified/adapters.rs,58,get_mut,pub,pub fn get_mut(&mut self) -> &mut Cursor<'a>,modified
src/verified/adapters.rs,62,into_inner,pub,pub fn into_inner(self) -> Cursor<'a>,modified
src/verified/adapters.rs,66,remaining,pub,pub fn remaining(&self) -> usize,modified
src/verified/adapters.rs,75,chunk,pub,pub fn chunk(&self) -> &'a [u8],modified
src/verified/adapters.rs,84,advance,pub,"pub fn advance(&mut self, count: usize) -> bool",modified
src/verified/adapters.rs,101,copy_to_slice,pub,"pub fn copy_to_slice(&mut self, dst: &mut [u8]) -> bool",modified
src/verified/adapters.rs,120,try_get_u16_be,pub,pub fn try_get_u16_be(&mut self) -> Option<u16>,modified
src/verified/adapters.rs,138,rejoin_prefix,,"fn rejoin_prefix(original: Snapshot<Seq<u8>>, filled: Snapshot<Seq<u8>>, middle: Snapshot<Int>)",modified
src/verified/adapters.rs,157,view,,fn view(self) -> Seq<u8>,modified
src/verified/adapters.rs,165,new,pub,"pub fn new(left: Cursor<'a>, right: Cursor<'a>) -> Self",modified
src/verified/adapters.rs,169,left_view,pub,pub fn left_view(self) -> Seq<u8>,modified
src/verified/adapters.rs,173,right_view,pub,pub fn right_view(self) -> Seq<u8>,modified
src/verified/adapters.rs,178,first_ref,pub,pub fn first_ref(&self) -> &Cursor<'a>,modified
src/verified/adapters.rs,185,first_mut,pub,pub fn first_mut(&mut self) -> &mut Cursor<'a>,modified
src/verified/adapters.rs,190,last_ref,pub,pub fn last_ref(&self) -> &Cursor<'a>,modified
src/verified/adapters.rs,197,last_mut,pub,pub fn last_mut(&mut self) -> &mut Cursor<'a>,modified
src/verified/adapters.rs,203,into_inner,pub,"pub fn into_inner(self) -> (Cursor<'a>, Cursor<'a>)",modified
src/verified/adapters.rs,208,remaining,pub,pub fn remaining(&self) -> usize,modified
src/verified/adapters.rs,219,chunk,pub,pub fn chunk(&self) -> &'a [u8],modified
src/verified/adapters.rs,228,advance,pub,"pub fn advance(&mut self, count: usize) -> bool",modified
src/verified/adapters.rs,248,copy_to_slice,pub,"pub fn copy_to_slice(&mut self, dst: &mut [u8]) -> bool",modified
src/verified/adapters.rs,273,try_get_u16_be,pub,pub fn try_get_u16_be(&mut self) -> Option<u16>,modified
src/verified/adapters.rs,288,limited_cursor_accessors_return_suffix,pub(crate),"pub(crate) fn limited_cursor_accessors_return_suffix<'a>( input: &'a [u8], consumed: usize, ) -> &'a [u8]",modified
src/verified/adapters.rs,321,chained_cursor_accessors_return_suffixes,pub(crate),"pub(crate) fn chained_cursor_accessors_return_suffixes<'a>( input: &'a [u8], split: usize, left_consumed: usize, right_consumed: usize, ) -> (&'a [u8], &'a [u8])",modified
src/verified/adapters.rs,362,scoped_limited_read,pub,"pub fn scoped_limited_read(input: Vec<u8>, limit: usize) -> (Option<u16>, usize)",modified
src/verified/adapters.rs,381,scoped_chained_read,pub,"pub fn scoped_chained_read(input: Vec<u8>, split: usize) -> Option<(Option<u16>, usize)>",modified
src/verified/adapters.rs,405,limited_cursor_bounds_and_underlying_suffix,,fn limited_cursor_bounds_and_underlying_suffix(),modified
src/verified/adapters.rs,421,cursor_adapters_project_and_recover_the_remaining_input,,fn cursor_adapters_project_and_recover_the_remaining_input(),modified
src/verified/adapters.rs,444,chained_cursor_crosses_boundary_and_preserves_failed_destination,,fn chained_cursor_crosses_boundary_and_preserves_failed_destination(),modified
src/verified/adapters.rs,469,adapters_read_actual_shared_storage_and_close,,fn adapters_read_actual_shared_storage_and_close(),modified
src/verified/atomic.rs,14,model,pub,pub fn model(self)->ModelAtomic,modified
src/verified/atomic.rs,20,new,pub,"pub fn new(n:usize,current:Ghost<&mut SyncView>)->(Self,Ghost<Perm<ModelAtomic>>)",modified
src/verified/atomic.rs,32,decrement,pub,"pub fn decrement<F>(&self,f:Ghost<F>)->usize where F:FnGhost+FnOnce(&mut Committer<ModelAtomic,usize,Relaxed,Release>)",modified
src/verified/atomic.rs,42,acquire,pub,"pub fn acquire<F>(&self,f:Ghost<F>)->usize where F:FnGhost+FnOnce(&Committer<ModelAtomic,usize,Acquire,NoStore>)",modified
src/verified/atomic.rs,64,release_rmw,pub,"pub fn release_rmw(c:&mut Committer<ModelAtomic,usize,Relaxed,Release>,own:&mut Perm<ModelAtomic>,current:&mut SyncView)->Snapshot<SyncView>",modified
src/verified/atomic.rs,73,two_native_release_rmws_have_one_last_observer,,fn two_native_release_rmws_have_one_last_observer(),modified
src/verified/atomic.rs,104,fence_acquire,pub,pub fn fence_acquire(acq_view: Ghost<creusot_std::std::sync::view::AcquireSyncView>) -> Ghost<SyncView>,modified
src/verified/callbacks.rs,14,with_shared_read,pub,"pub fn with_shared_read<F,G,R,S>(input:Vec<u8>,first:F,second:G)->(R,S) where F: Send + for<'a> FnOnce(&'a [u8])->R, G: Send + for<'a> FnOnce(&'a [u8])->S, R: Send, S: Send,",modified
src/verified/callbacks.rs,59,with_shared_read_then_thaw,pub,"pub fn with_shared_read_then_thaw<F,G,R,S>(input:Vec<u8>,first:F,second:G)->(Vec<u8>,R,S) where F: Send + for<'a> FnOnce(&'a [u8])->R, G: Send + for<'a> FnOnce(&'a [u8])->S, R: Send, S: Send,",modified
src/verified/callbacks.rs,93,scoped_address_roundtrip,pub(crate),"pub(crate) fn scoped_address_roundtrip(input: Vec<u8>) -> (usize, usize)",modified
src/verified/callbacks.rs,112,share_thaw_set_and_read,pub,"pub fn share_thaw_set_and_read(input:Vec<u8>,write_index:usize,value:u8,read_index:usize) ->(Option<u8>,bool,Option<u8>)",modified
src/verified/callbacks.rs,125,callback_length_and_first,pub,"pub fn callback_length_and_first(input:Vec<u8>)->(usize,Option<u8>)",modified
src/verified/callbacks.rs,135,callbacks_return_owned_results_and_use_captures,,fn callbacks_return_owned_results_and_use_captures(),modified
src/verified/callbacks.rs,150,observed_address_survives_shared_read_and_thaw,,fn observed_address_survives_shared_read_and_thaw(),modified
src/verified/callbacks.rs,157,thaw_preserves_native_allocation_then_mutates_and_reshares,,fn thaw_preserves_native_allocation_then_mutates_and_reshares(),modified
src/verified/conversions.rs,12,copy_from_slice,pub,pub fn copy_from_slice(source: &[u8]) -> Self,modified
src/verified/conversions.rs,18,copy_clone,pub,pub fn copy_clone(&self) -> Self,modified
src/verified/conversions.rs,30,try_copy_slice,pub,"pub fn try_copy_slice(&self, range: Range<usize>) -> Option<Self>",modified
src/verified/conversions.rs,41,copy_from_str,pub,pub fn copy_from_str(source: &str) -> Self,modified
src/verified/conversions.rs,47,append_str,pub,"pub fn append_str(&mut self, source: &str)",modified
src/verified/conversions.rs,54,from_string,pub,pub fn from_string(source: String) -> Self,modified
src/verified/conversions.rs,60,from_boxed_slice,pub,pub fn from_boxed_slice(source: Box<[u8]>) -> Self,modified
src/verified/conversions.rs,73,from_iter,pub,"pub fn from_iter<I>(source: I) -> Self where I: IntoIterator<Item = u8>, I::IntoIter: IteratorSpec,",modified
src/verified/conversions.rs,91,append_iter,pub,"pub fn append_iter<I>(&mut self, source: I) where I: IntoIterator<Item = u8>, I::IntoIter: IteratorSpec,",modified
src/verified/conversions.rs,103,default,,fn default() -> Self,modified
src/verified/conversions.rs,109,copy_clone_then_close,pub(crate),pub(crate) fn copy_clone_then_close(owner: ExclusiveBytes),modified
src/verified/conversions.rs,117,copy_slice_then_close,pub(crate),"pub(crate) fn copy_slice_then_close(owner: ExclusiveBytes, range: Range<usize>) -> bool",modified
src/verified/conversions.rs,143,copy_slice_then_set_and_share,pub,"pub fn copy_slice_then_set_and_share( source: &[u8], write_index: usize, value: u8, read_index: usize, leaves: usize, ) -> (bool, Option<(Option<u8>, usize, bool, bool)>)",modified
src/verified/conversions.rs,161,standard_conversions_feed_explicit_cleanup_paths,,fn standard_conversions_feed_explicit_cleanup_paths(),modified
src/verified/conversions.rs,231,appended_string_uses_checked_owned_conversion,,fn appended_string_uses_checked_owned_conversion(),modified
src/verified/conversions.rs,239,copy_ranges_cover_empty_and_invalid_owners,,fn copy_ranges_cover_empty_and_invalid_owners(),modified
src/verified/cursor.rs,19,view,,fn view(self) -> Self::ViewTy,modified
src/verified/cursor.rs,25,variable_width_modulus,pub,pub fn variable_width_modulus(nbytes: Int) -> Int,modified
src/verified/cursor.rs,48,signed_variable_value,pub,"pub fn signed_variable_value(word: Int, nbytes: Int) -> Int",modified
src/verified/cursor.rs,62,signed_from_variable_word,,"fn signed_from_variable_word(word: u64, nbytes: usize) -> i64",modified
src/verified/cursor.rs,120,be_u128_weight,pub,pub fn be_u128_weight(bytes: Seq<u8>) -> Int,modified
src/verified/cursor.rs,142,le_u128_weight,pub,pub fn le_u128_weight(bytes: Seq<u8>) -> Int,modified
src/verified/cursor.rs,166,new,pub,pub fn new(input: &'a [u8]) -> Self,modified
src/verified/cursor.rs,172,remaining,pub,pub fn remaining(&self) -> usize,modified
src/verified/cursor.rs,178,chunk,pub,pub fn chunk(&self) -> &'a [u8],modified
src/verified/cursor.rs,187,into_inner,pub,pub fn into_inner(self) -> &'a [u8],modified
src/verified/cursor.rs,198,advance,pub,"pub fn advance(&mut self, count: usize) -> bool",modified
src/verified/cursor.rs,217,copy_to_slice,pub,"pub fn copy_to_slice(&mut self, dst: &mut [u8]) -> bool",modified
src/verified/cursor.rs,232,read_prefix,pub,"pub fn read_prefix(&mut self, dst: &mut [u8]) -> usize",modified
src/verified/cursor.rs,246,try_copy_to_owner,pub,"pub fn try_copy_to_owner(&mut self, count: usize) -> Option<ExclusiveBytes>",modified
src/verified/cursor.rs,270,try_get_u8,pub,pub fn try_get_u8(&mut self) -> Option<u8>,modified
src/verified/cursor.rs,281,try_get_i8,pub,pub fn try_get_i8(&mut self) -> Option<i8>,modified
src/verified/cursor.rs,298,try_get_u16_be,pub,pub fn try_get_u16_be(&mut self) -> Option<u16>,modified
src/verified/cursor.rs,309,try_get_u16_le,pub,pub fn try_get_u16_le(&mut self) -> Option<u16>,modified
src/verified/cursor.rs,323,try_get_u32_be,pub,pub fn try_get_u32_be(&mut self) -> Option<u32>,modified
src/verified/cursor.rs,337,try_get_u32_le,pub,pub fn try_get_u32_le(&mut self) -> Option<u32>,modified
src/verified/cursor.rs,355,try_get_u64_be,pub,pub fn try_get_u64_be(&mut self) -> Option<u64>,modified
src/verified/cursor.rs,373,try_get_u64_le,pub,pub fn try_get_u64_le(&mut self) -> Option<u64>,modified
src/verified/cursor.rs,399,try_get_u128_be,pub,pub fn try_get_u128_be(&mut self) -> Option<u128>,modified
src/verified/cursor.rs,425,try_get_u128_le,pub,pub fn try_get_u128_le(&mut self) -> Option<u128>,modified
src/verified/cursor.rs,438,try_get_i16_be,pub,pub fn try_get_i16_be(&mut self) -> Option<i16>,modified
src/verified/cursor.rs,451,try_get_i16_le,pub,pub fn try_get_i16_le(&mut self) -> Option<i16>,modified
src/verified/cursor.rs,467,try_get_i32_be,pub,pub fn try_get_i32_be(&mut self) -> Option<i32>,modified
src/verified/cursor.rs,483,try_get_i32_le,pub,pub fn try_get_i32_le(&mut self) -> Option<i32>,modified
src/verified/cursor.rs,503,try_get_i64_be,pub,pub fn try_get_i64_be(&mut self) -> Option<i64>,modified
src/verified/cursor.rs,523,try_get_i64_le,pub,pub fn try_get_i64_le(&mut self) -> Option<i64>,modified
src/verified/cursor.rs,551,try_get_i128_be,pub,pub fn try_get_i128_be(&mut self) -> Option<i128>,modified
src/verified/cursor.rs,579,try_get_i128_le,pub,pub fn try_get_i128_le(&mut self) -> Option<i128>,modified
src/verified/cursor.rs,594,try_get_uint_be,pub,"pub fn try_get_uint_be(&mut self, nbytes: usize) -> Option<u64>",modified
src/verified/cursor.rs,613,try_get_uint_le,pub,"pub fn try_get_uint_le(&mut self, nbytes: usize) -> Option<u64>",modified
src/verified/cursor.rs,632,try_get_int_be,pub,"pub fn try_get_int_be(&mut self, nbytes: usize) -> Option<i64>",modified
src/verified/cursor.rs,648,try_get_int_le,pub,"pub fn try_get_int_le(&mut self, nbytes: usize) -> Option<i64>",modified
src/verified/cursor.rs,668,try_get_uint_ne,pub,"pub fn try_get_uint_ne(&mut self, nbytes: usize) -> Option<u64>",modified
src/verified/cursor.rs,698,try_get_int_ne,pub,"pub fn try_get_int_ne(&mut self, nbytes: usize) -> Option<i64>",modified
src/verified/cursor.rs,722,try_get_u16_ne,pub,pub fn try_get_u16_ne(&mut self) -> Option<u16>,modified
src/verified/cursor.rs,752,try_get_u32_ne,pub,pub fn try_get_u32_ne(&mut self) -> Option<u32>,modified
src/verified/cursor.rs,776,try_get_u64_ne,pub,pub fn try_get_u64_ne(&mut self) -> Option<u64>,modified
src/verified/cursor.rs,800,try_get_u128_ne,pub,pub fn try_get_u128_ne(&mut self) -> Option<u128>,modified
src/verified/cursor.rs,828,try_get_i16_ne,pub,pub fn try_get_i16_ne(&mut self) -> Option<i16>,modified
src/verified/cursor.rs,862,try_get_i32_ne,pub,pub fn try_get_i32_ne(&mut self) -> Option<i32>,modified
src/verified/cursor.rs,890,try_get_i64_ne,pub,pub fn try_get_i64_ne(&mut self) -> Option<i64>,modified
src/verified/cursor.rs,914,try_get_i128_ne,pub,pub fn try_get_i128_ne(&mut self) -> Option<i128>,modified
src/verified/cursor.rs,935,read,,"fn read(&mut self, dst: &mut [u8]) -> std::io::Result<usize>",modified
src/verified/cursor.rs,947,copy_to_owner_then_close,pub(crate),"pub(crate) fn copy_to_owner_then_close(input: &[u8], count: usize) -> (bool, usize, usize)",modified
src/verified/cursor.rs,968,cursor_basics_and_nonconsuming_failures,,fn cursor_basics_and_nonconsuming_failures(),modified
src/verified/cursor.rs,992,partial_prefix_reads_preserve_unwritten_destination_suffix,,fn partial_prefix_reads_preserve_unwritten_destination_suffix(),modified
src/verified/cursor.rs,1012,copied_owner_consumes_exact_prefix_and_closes,,fn copied_owner_consumes_exact_prefix_and_closes(),modified
src/verified/cursor.rs,1041,standard_read_uses_the_checked_partial_prefix_body,,fn standard_read_uses_the_checked_partial_prefix_body(),modified
src/verified/cursor.rs,1053,fixed_width_reads_match_native_endian_decoding,,fn fixed_width_reads_match_native_endian_decoding(),modified
src/verified/cursor.rs,1132,variable_width_reads_check_width_and_preserve_short_input,,fn variable_width_reads_check_width_and_preserve_short_input(),modified
src/verified/cursor.rs,1153,signed_byte_variable_and_native_endian_reads,,fn signed_byte_variable_and_native_endian_reads(),modified
src/verified/encoding_spec.rs,10,byte_power,pub,pub fn byte_power(exponent: Int) -> Int,modified
src/verified/encoding_spec.rs,36,model_be_bytes,pub,"pub fn model_be_bytes(value: Int, width: Int) -> Seq<Int>",modified
src/verified/encoding_spec.rs,47,model_le_bytes,pub,"pub fn model_le_bytes(value: Int, width: Int) -> Seq<Int>",modified
src/verified/encoding_spec.rs,56,append_model_holds,pub,"pub fn append_model_holds( old: Seq<u8>, new: Seq<u8>, suffix: Seq<Int>, ) -> bool",modified
src/verified/exclusive.rs,19,split_rejoins,,"fn split_rejoins(source: Snapshot<Seq<u8>>, index: Snapshot<Int>)",modified
src/verified/exclusive.rs,43,view,,fn view(self) -> Self::ViewTy,modified
src/verified/exclusive.rs,52,from_vec,pub,pub fn from_vec(bytes: Vec<u8>) -> Self,modified
src/verified/exclusive.rs,61,with_capacity,pub,pub fn with_capacity(capacity: usize) -> Self,modified
src/verified/exclusive.rs,70,capacity,pub,pub fn capacity(&self) -> usize,modified
src/verified/exclusive.rs,77,zeroed,pub,pub fn zeroed(len: usize) -> Self,modified
src/verified/exclusive.rs,85,into_vec,pub,pub fn into_vec(self) -> Vec<u8>,modified
src/verified/exclusive.rs,92,len,pub,pub fn len(&self) -> usize,modified
src/verified/exclusive.rs,98,is_empty,pub,pub fn is_empty(&self) -> bool,modified
src/verified/exclusive.rs,104,as_slice,pub,pub fn as_slice(&self) -> &[u8],modified
src/verified/exclusive.rs,110,append_initialized_slice,pub(super),"pub(super) fn append_initialized_slice(&mut self, source: &[u8])",modified
src/verified/exclusive.rs,117,get,pub,"pub fn get(&self, index: usize) -> Option<u8>",modified
src/verified/exclusive.rs,130,set,pub,"pub fn set(&mut self, index: usize, value: u8) -> bool",modified
src/verified/exclusive.rs,141,push,pub,"pub fn push(&mut self, value: u8)",modified
src/verified/exclusive.rs,150,pop,pub,pub fn pop(&mut self) -> Option<u8>,modified
src/verified/exclusive.rs,157,truncate,pub,"pub fn truncate(&mut self, len: usize)",modified
src/verified/exclusive.rs,176,clear,pub,pub fn clear(&mut self),modified
src/verified/exclusive.rs,191,try_split_off_copy,pub,"pub fn try_split_off_copy(&mut self, index: usize) -> Option<Self>",modified
src/verified/exclusive.rs,214,try_split_to_copy,pub,"pub fn try_split_to_copy(&mut self, index: usize) -> Option<Self>",modified
src/verified/exclusive.rs,230,append_owner,pub,"pub fn append_owner(&mut self, other: Self)",modified
src/verified/exclusive.rs,244,append_repeated,pub,"pub fn append_repeated(&mut self, byte: u8, count: usize) -> bool",modified
src/verified/exclusive.rs,260,resize,pub,"pub fn resize(&mut self, new_len: usize, value: u8)",modified
src/verified/exclusive.rs,286,reserve,pub,"pub fn reserve(&mut self, additional: usize)",modified
src/verified/exclusive.rs,300,reserve_exact,pub,"pub fn reserve_exact(&mut self, additional: usize)",modified
src/verified/exclusive.rs,319,try_reserve,pub,"pub fn try_reserve( &mut self, additional: usize, ) -> Result<(), alloc::collections::TryReserveError>",modified
src/verified/exclusive.rs,338,try_reserve_exact,pub,"pub fn try_reserve_exact( &mut self, additional: usize, ) -> Result<(), alloc::collections::TryReserveError>",modified
src/verified/exclusive.rs,361,try_reclaim,pub,"pub fn try_reclaim(&mut self, additional: usize) -> bool",modified
src/verified/exclusive.rs,368,close,pub,pub fn close(self),modified
src/verified/exclusive.rs,383,reserve_then_close,pub(crate),"pub(crate) fn reserve_then_close(mut owner: ExclusiveBytes, additional: usize) -> usize",modified
src/verified/exclusive.rs,400,split_off_copy_then_close,pub(crate),"pub(crate) fn split_off_copy_then_close( input: Vec<u8>, index: usize, ) -> (bool, usize, usize)",modified
src/verified/exclusive.rs,427,split_to_copy_then_close,pub(crate),"pub(crate) fn split_to_copy_then_close( input: Vec<u8>, index: usize, ) -> (bool, usize, usize)",modified
src/verified/exclusive.rs,450,append_repeated_then_close,pub(crate),"pub(crate) fn append_repeated_then_close( mut owner: ExclusiveBytes, byte: u8, count: usize, ) -> bool",modified
src/verified/exclusive.rs,465,try_reclaim_then_close,pub(crate),"pub(crate) fn try_reclaim_then_close(mut owner: ExclusiveBytes, additional: usize) -> bool",modified
src/verified/exclusive.rs,480,as_ref,,fn as_ref(&self) -> &[u8],modified
src/verified/exclusive.rs,490,deref,,fn deref(&self) -> &Self::Target,modified
src/verified/exclusive.rs,500,deref_mut,,fn deref_mut(&mut self) -> &mut Self::Target,modified
src/verified/exclusive.rs,510,as_mut,,fn as_mut(&mut self) -> &mut [u8],modified
src/verified/exclusive.rs,520,borrow_mut,,fn borrow_mut(&mut self) -> &mut [u8],modified
src/verified/exclusive.rs,531,mutable_slice_traits_preserve_owner_sequence_and_close,,fn mutable_slice_traits_preserve_owner_sequence_and_close(),modified
src/verified/exclusive.rs,540,exclusive_sequence_operations,,fn exclusive_sequence_operations(),modified
src/verified/exclusive.rs,584,try_reserve_overflow_preserves_contents_and_capacity,,fn try_reserve_overflow_preserves_contents_and_capacity(),modified
src/verified/exclusive.rs,595,try_reserve_exact_overflow_preserves_contents_and_capacity,,fn try_reserve_exact_overflow_preserves_contents_and_capacity(),modified
src/verified/exclusive.rs,606,try_reclaim_observes_existing_spare_without_moving_or_growing,,fn try_reclaim_observes_existing_spare_without_moving_or_growing(),modified
src/verified/exclusive.rs,630,zero_and_spare_capacity_reservations_preserve_capacity,,fn zero_and_spare_capacity_reservations_preserve_capacity(),modified
src/verified/exclusive.rs,647,successful_reservations_preserve_contents_and_meet_lower_bound,,fn successful_reservations_preserve_contents_and_meet_lower_bound(),modified
src/verified/exclusive.rs,665,reserve_then_close_preserves_contents_and_capacity_lower_bound,,fn reserve_then_close_preserves_contents_and_capacity_lower_bound(),modified
src/verified/exclusive.rs,677,explicit_close_releases_empty_and_nonempty_allocations,,fn explicit_close_releases_empty_and_nonempty_allocations(),modified
src/verified/exclusive.rs,684,closed_convenience_mutations_preserve_exact_sequences,,fn closed_convenience_mutations_preserve_exact_sequences(),modified
src/verified/exclusive.rs,699,checked_copy_splits_preserve_sequences_and_close_both_owners,,fn checked_copy_splits_preserve_sequences_and_close_both_owners(),modified
src/verified/exclusive.rs,762,split_cleanup_callers_cover_empty_boundaries_and_invalid_indices,,fn split_cleanup_callers_cover_empty_boundaries_and_invalid_indices(),modified
src/verified/exclusive.rs,798,repeated_append_handles_zero_success_and_checked_overflow,,fn repeated_append_handles_zero_success_and_checked_overflow(),modified
src/verified/float_bits.rs,24,view,,fn view(self) -> Self::ViewTy,modified
src/verified/float_bits.rs,32,from_bits,pub,pub fn from_bits(bits: u32) -> Self,modified
src/verified/float_bits.rs,38,bits,pub,pub fn bits(self) -> u32,modified
src/verified/float_bits.rs,53,view,,fn view(self) -> Self::ViewTy,modified
src/verified/float_bits.rs,61,from_bits,pub,pub fn from_bits(bits: u64) -> Self,modified
src/verified/float_bits.rs,67,bits,pub,pub fn bits(self) -> u64,modified
src/verified/float_bits.rs,83,try_get_f32_bits_be,pub,pub fn try_get_f32_bits_be(&mut self) -> Option<Float32Bits>,modified
src/verified/float_bits.rs,100,try_get_f32_bits_le,pub,pub fn try_get_f32_bits_le(&mut self) -> Option<Float32Bits>,modified
src/verified/float_bits.rs,126,try_get_f32_bits_ne,pub,pub fn try_get_f32_bits_ne(&mut self) -> Option<Float32Bits>,modified
src/verified/float_bits.rs,151,try_get_f64_bits_be,pub,pub fn try_get_f64_bits_be(&mut self) -> Option<Float64Bits>,modified
src/verified/float_bits.rs,172,try_get_f64_bits_le,pub,pub fn try_get_f64_bits_le(&mut self) -> Option<Float64Bits>,modified
src/verified/float_bits.rs,206,try_get_f64_bits_ne,pub,pub fn try_get_f64_bits_ne(&mut self) -> Option<Float64Bits>,modified
src/verified/float_bits.rs,225,write_f32_bits_be,pub,"pub fn write_f32_bits_be(&mut self, value: Float32Bits)",modified
src/verified/float_bits.rs,235,write_f32_bits_le,pub,"pub fn write_f32_bits_le(&mut self, value: Float32Bits)",modified
src/verified/float_bits.rs,250,write_f32_bits_ne,pub,"pub fn write_f32_bits_ne(&mut self, value: Float32Bits)",modified
src/verified/float_bits.rs,263,write_f64_bits_be,pub,"pub fn write_f64_bits_be(&mut self, value: Float64Bits)",modified
src/verified/float_bits.rs,273,write_f64_bits_le,pub,"pub fn write_f64_bits_le(&mut self, value: Float64Bits)",modified
src/verified/float_bits.rs,288,write_f64_bits_ne,pub,"pub fn write_f64_bits_ne(&mut self, value: Float64Bits)",modified
src/verified/float_bits.rs,299,scoped_f32_bits_roundtrip,pub,pub fn scoped_f32_bits_roundtrip(value: Float32Bits) -> Float32Bits,modified
src/verified/float_bits.rs,327,check_f32_order,,"fn check_f32_order(bits: u32, le: bool)",modified
src/verified/float_bits.rs,349,check_f64_order,,"fn check_f64_order(bits: u64, le: bool)",modified
src/verified/float_bits.rs,372,binary32_words_round_trip_all_endian_forms_without_float_conversion,,fn binary32_words_round_trip_all_endian_forms_without_float_conversion(),modified
src/verified/float_bits.rs,406,binary64_words_round_trip_all_endian_forms_without_float_conversion,,fn binary64_words_round_trip_all_endian_forms_without_float_conversion(),modified
src/verified/float_bits.rs,440,binary32_word_survives_scoped_shared_read,,fn binary32_word_survives_scoped_shared_read(),modified
src/verified/iteration.rs,11,iter,pub,"pub fn iter(&self) -> slice::Iter<'_, u8>",modified
src/verified/iteration.rs,18,copy_iter_then_close,pub,pub fn copy_iter_then_close(source: ExclusiveBytes) -> ExclusiveBytes,modified
src/verified/iteration.rs,29,read_first_and_return_cursor,pub,"pub fn read_first_and_return_cursor(owner: ExclusiveBytes) -> (OwnedByteCursor, Option<u8>, usize)",modified
src/verified/iteration.rs,39,read_first_and_close_normally,pub,"pub fn read_first_and_close_normally(owner: ExclusiveBytes) -> (Option<u8>, usize)",modified
src/verified/iteration.rs,51,sequence_drop_first,,"fn sequence_drop_first(source: Snapshot<Seq<u8>>, start: Snapshot<Int>, end: Snapshot<Int>)",modified
src/verified/iteration.rs,79,invariant,,fn invariant(self) -> bool,modified
src/verified/iteration.rs,88,view,,fn view(self) -> Self::ViewTy,modified
src/verified/iteration.rs,97,new,pub,pub fn new(owner: ExclusiveBytes) -> Self,modified
src/verified/iteration.rs,119,next_byte,pub,pub fn next_byte(&mut self) -> Option<u8>,modified
src/verified/iteration.rs,139,remaining_len,pub,pub fn remaining_len(&self) -> usize,modified
src/verified/iteration.rs,144,close,pub,pub fn close(self),modified
src/verified/iteration.rs,154,borrowed_iteration_copies_then_closes_the_source,,fn borrowed_iteration_copies_then_closes_the_source(),modified
src/verified/iteration.rs,162,owned_cursor_preserves_owner_until_explicit_close,,fn owned_cursor_preserves_owner_until_explicit_close(),modified
src/verified/iteration.rs,175,empty_owned_cursor_stays_exhausted,,fn empty_owned_cursor_stays_exhausted(),modified
src/verified/observers.rs,13,deep_model,,fn deep_model(self) -> Self::DeepModelTy,modified
src/verified/observers.rs,20,borrow,,fn borrow(&self) -> &[u8],modified
src/verified/observers.rs,27,eq,,"fn eq(&self, other: &Self) -> bool",modified
src/verified/observers.rs,36,eq,,"fn eq(&self, other: &[u8]) -> bool",modified
src/verified/observers.rs,43,partial_cmp,,"fn partial_cmp(&self, other: &[u8]) -> Option<Ordering>",modified
src/verified/observers.rs,50,eq,,"fn eq(&self, other: &ExclusiveBytes) -> bool",modified
src/verified/observers.rs,57,partial_cmp,,"fn partial_cmp(&self, other: &ExclusiveBytes) -> Option<Ordering>",modified
src/verified/observers.rs,64,eq,,"fn eq(&self, other: &Vec<u8>) -> bool",modified
src/verified/observers.rs,71,partial_cmp,,"fn partial_cmp(&self, other: &Vec<u8>) -> Option<Ordering>",modified
src/verified/observers.rs,78,eq,,"fn eq(&self, other: &ExclusiveBytes) -> bool",modified
src/verified/observers.rs,85,partial_cmp,,"fn partial_cmp(&self, other: &ExclusiveBytes) -> Option<Ordering>",modified
src/verified/observers.rs,93,eq_str_copy,pub,"pub fn eq_str_copy(&self, other: &str) -> bool",modified
src/verified/observers.rs,103,cmp_str_copy,pub,"pub fn cmp_str_copy(&self, other: &str) -> Option<Ordering>",modified
src/verified/observers.rs,112,eq_string_copy,pub,"pub fn eq_string_copy(&self, other: &alloc::string::String) -> bool",modified
src/verified/observers.rs,119,cmp_string_copy,pub,"pub fn cmp_string_copy(&self, other: &alloc::string::String) -> Option<Ordering>",modified
src/verified/observers.rs,126,partial_cmp,,"fn partial_cmp(&self, other: &Self) -> Option<Ordering>",modified
src/verified/observers.rs,133,cmp,,"fn cmp(&self, other: &Self) -> Ordering",modified
src/verified/observers.rs,141,full_prefix,,fn full_prefix(source: Snapshot<Seq<Int>>),modified
src/verified/observers.rs,154,prefix_snoc,,"fn prefix_snoc(source: Snapshot<Seq<Int>>, index: Snapshot<Int>)",modified
src/verified/observers.rs,173,equal_then_close,pub,"pub fn equal_then_close(left: ExclusiveBytes, right: ExclusiveBytes) -> bool",modified
src/verified/observers.rs,182,borrowed_matches,,"fn borrowed_matches<T: Borrow<[u8]> + DeepModel<DeepModelTy = Seq<Int>>>( source: &T, expected: &[u8], ) -> bool",modified
src/verified/observers.rs,191,borrow_matches_then_close,pub(crate),"pub(crate) fn borrow_matches_then_close(owner: ExclusiveBytes, expected: &[u8]) -> bool",modified
src/verified/observers.rs,199,cmp_then_close,pub,"pub fn cmp_then_close(left: ExclusiveBytes, right: ExclusiveBytes) -> Ordering",modified
src/verified/observers.rs,211,stable_digest_step_model,pub,"pub fn stable_digest_step_model(prefix: Int, byte: Int) -> Int",modified
src/verified/observers.rs,219,stable_digest_model,pub,pub fn stable_digest_model(bytes: Seq<Int>) -> Int,modified
src/verified/observers.rs,236,stable_digest_model_snoc,,"fn stable_digest_model_snoc(prefix: Snapshot<Seq<Int>>, byte: Snapshot<Int>)",modified
src/verified/observers.rs,245,wrapping_digest_step,,"fn wrapping_digest_step(prefix: u64, byte: u8) -> u64",modified
src/verified/observers.rs,251,hex_digit_model,pub,pub fn hex_digit_model(nibble: Int) -> Int,modified
src/verified/observers.rs,259,encode_hex_digit,,fn encode_hex_digit(nibble: u8) -> u8,modified
src/verified/observers.rs,269,hex_byte_model,pub,pub fn hex_byte_model(byte: Int) -> Seq<Int>,modified
src/verified/observers.rs,279,hex_bytes_model,pub,pub fn hex_bytes_model(bytes: Seq<Int>) -> Seq<Int>,modified
src/verified/observers.rs,294,hex_bytes_model_snoc,,"fn hex_bytes_model_snoc(prefix: Snapshot<Seq<Int>>, byte: Snapshot<Int>)",modified
src/verified/observers.rs,309,stable_digest,pub,pub fn stable_digest(&self) -> u64,modified
src/verified/observers.rs,340,hex_bytes,pub,pub fn hex_bytes(&self) -> ExclusiveBytes,modified
src/verified/observers.rs,373,digest_and_hex_close,pub,"pub fn digest_and_hex_close(source: ExclusiveBytes) -> (u64, ExclusiveBytes)",modified
src/verified/observers.rs,385,ordering_matches_lexicographic_slice_order_and_closes,,fn ordering_matches_lexicographic_slice_order_and_closes(),modified
src/verified/observers.rs,392,borrow_trait_returns_the_same_bytes_and_closes_explicitly,,fn borrow_trait_returns_the_same_bytes_and_closes_explicitly(),modified
src/verified/observers.rs,404,cross_slice_comparisons_match_slice_equality_and_order,,fn cross_slice_comparisons_match_slice_equality_and_order(),modified
src/verified/observers.rs,415,cross_vec_comparisons_match_slice_equality_and_order,,fn cross_vec_comparisons_match_slice_equality_and_order(),modified
src/verified/observers.rs,429,explicit_string_comparison_uses_utf8_bytes_and_closes_temporary_copies,,fn explicit_string_comparison_uses_utf8_bytes_and_closes_temporary_copies(),modified
src/verified/observers.rs,449,deterministic_digest_and_hex_model_match_and_close,,fn deterministic_digest_and_hex_model_match_and_close(),modified
src/verified/observers.rs,463,empty_deterministic_summaries_close,,fn empty_deterministic_summaries_close(),modified
src/verified/owner_io.rs,14,fill_buf,,fn fill_buf(&mut self) -> std::io::Result<&[u8]>,modified
src/verified/owner_io.rs,23,consume,,"fn consume(&mut self, amount: usize)",modified
src/verified/owner_io.rs,50,byte_view,,fn byte_view(self) -> Seq<u8>,modified
src/verified/owner_io.rs,54,copy_bytes,,fn copy_bytes(&self) -> Vec<u8>,modified
src/verified/owner_io.rs,60,byte_view,,fn byte_view(self) -> Seq<u8>,modified
src/verified/owner_io.rs,65,copy_bytes,,fn copy_bytes(&self) -> Vec<u8>,modified
src/verified/owner_io.rs,73,byte_view,,fn byte_view(self) -> Seq<u8>,modified
src/verified/owner_io.rs,78,copy_bytes,,fn copy_bytes(&self) -> Vec<u8>,modified
src/verified/owner_io.rs,86,byte_view,,fn byte_view(self) -> Seq<u8>,modified
src/verified/owner_io.rs,91,copy_bytes,,fn copy_bytes(&self) -> Vec<u8>,modified
src/verified/owner_io.rs,99,byte_view,,fn byte_view(self) -> Seq<u8>,modified
src/verified/owner_io.rs,104,copy_bytes,,fn copy_bytes(&self) -> Vec<u8>,modified
src/verified/owner_io.rs,115,copy_from_owner,pub,"pub fn copy_from_owner<T: ReadableOwner>(source: T) -> (T, ExclusiveBytes)",modified
src/verified/owner_io.rs,130,copy_owner_read_prefix_and_close,pub,"pub fn copy_owner_read_prefix_and_close<T: ReadableOwner>( source: T, destination: &mut [u8], ) -> (T, usize)",modified
src/verified/owner_io.rs,146,initialized_slices,pub,pub fn initialized_slices<'a>(slices: Seq<&'a [u8]>) -> Seq<u8>,modified
src/verified/owner_io.rs,161,initialized_mut_slices_range,pub,"pub fn initialized_mut_slices_range<'a>( slices: Seq<&'a mut [u8]>, start: Int, end: Int, ) -> Seq<u8>",modified
src/verified/owner_io.rs,178,initialized_mut_slices,pub,pub fn initialized_mut_slices<'a>(slices: Seq<&'a mut [u8]>) -> Seq<u8>,modified
src/verified/owner_io.rs,191,initialized_mut_slices_range_split,,"fn initialized_mut_slices_range_split<'a>( slices: Snapshot<Seq<&'a mut [u8]>>, start: usize, index: usize, end: usize, )",modified
src/verified/owner_io.rs,223,initialized_mut_slices_range_congruent,,"fn initialized_mut_slices_range_congruent<'a>( before: Snapshot<Seq<&'a mut [u8]>>, after: Snapshot<Seq<&'a mut [u8]>>, start: usize, end: usize, )",modified
src/verified/owner_io.rs,252,read_scatter_segment,,"fn read_scatter_segment(cursor: &mut Cursor<'_>, destination: &mut [u8]) -> usize",modified
src/verified/owner_io.rs,283,scatter_segment_splice,,"fn scatter_segment_splice( input: Snapshot<Seq<u8>>, original: Snapshot<Seq<u8>>, prefix: Snapshot<Seq<u8>>, segment: Snapshot<Seq<u8>>, suffix: Snapshot<Seq<u8>>, c: usize, n: usize, input_len: usize, )",modified
src/verified/owner_io.rs,370,extend_from_slices,pub,"pub fn extend_from_slices(&mut self, sources: &[&[u8]])",modified
src/verified/owner_io.rs,396,read_scatter_prefix,pub,"pub fn read_scatter_prefix(&mut self, destinations: &mut [&mut [u8]]) -> usize",modified
src/verified/owner_io.rs,489,append_slices_scatter_read_and_close,pub,"pub fn append_slices_scatter_read_and_close( prefix: &[u8], sources: &[&[u8]], destinations: &mut [&mut [u8]], ) -> usize",modified
src/verified/owner_io.rs,516,cursor_bufread_fill_is_nonconsuming_and_consume_clamps,,fn cursor_bufread_fill_is_nonconsuming_and_consume_clamps(),modified
src/verified/owner_io.rs,532,readable_owner_copies_return_original_values,,fn readable_owner_copies_return_original_values(),modified
src/verified/owner_io.rs,559,copied_owner_read_returns_owner_and_closes_copy,,fn copied_owner_read_returns_owner_and_closes_copy(),modified
src/verified/owner_io.rs,576,explicit_scatter_gather_preserves_tail_bytes_and_empty_segments,,fn explicit_scatter_gather_preserves_tail_bytes_and_empty_segments(),modified
src/verified/owner_io.rs,603,scatter_reads_the_next_segment_after_consuming_half_the_input,,fn scatter_reads_the_next_segment_after_consuming_half_the_input(),modified
src/verified/owner_io.rs,618,sealed_trait_method_is_callable_as_a_byte_law,,fn sealed_trait_method_is_callable_as_a_byte_law(),modified
src/verified/owner_io.rs,625,explicit_readable_owner_cleanup_uses_the_verified_close_path,,fn explicit_readable_owner_cleanup_uses_the_verified_close_path(),modified
src/verified/ranges.rs,7,range_fits,pub,"pub fn range_fits(bytes:Seq<u8>,range:Range<usize>)->bool",modified
src/verified/ranges.rs,28,with_shared_ranges,pub,"pub fn with_shared_ranges<F,G,R,S>(input:Vec<u8>,first_range:Range<usize>,second_range:Range<usize>, first:F,second:G)->Option<(R,S)> where F:Send + for<'a> FnOnce(&'a[u8])->R, G:Send + for<'a> FnOnce(&'a[u8])->S, R:Send, S:Send,",modified
src/verified/ranges.rs,68,range_first_bytes,pub,"pub fn range_first_bytes(input:Vec<u8>,first:Range<usize>,second:Range<usize>) ->Option<(Option<u8>,Option<u8>)>",modified
src/verified/ranges.rs,80,checked_ranges_return_owned_results_and_close_empty_leases,,fn checked_ranges_return_owned_results_and_close_empty_leases(),modified
src/verified/retirement.rs,19,is_left,pub(crate),pub(crate) fn is_left(self)->bool,modified
src/verified/retirement.rs,31,count,,fn count(r:Tickets)->usize,modified
src/verified/retirement.rs,72,accepts_receipt,pub(crate),"pub(crate) fn accepts_receipt(self,receipt:Receipt,last:bool)->bool",modified
src/verified/retirement.rs,80,new,pub,"pub fn new(expected:Snapshot<(T::Metadata,T::Metadata)>)->(Self,Ghost<Ticket>,Ghost<Ticket>)",modified
src/verified/retirement.rs,108,retire,pub,"pub fn retire(&self,ticket:Ghost<Ticket>,resource:Ghost<T>,mut tokens:Ghost<Tokens>)->(bool,Ghost<Option<(T,T)>>,Ghost<Receipt>)",modified
src/verified/retirement.rs,169,finish,pub(crate),"pub(crate) fn finish(self,first_last:bool,first:Ghost<Receipt>,second_last:bool,second:Ghost<Receipt>)",modified
src/verified/scoped.rs,35,metadata,,fn metadata(self)->Self::Metadata,modified
src/verified/scoped.rs,37,wellformed,,fn wellformed(self)->bool,modified
src/verified/scoped.rs,79,borrow_anchored,,"fn borrow_anchored<'a>( bound: &'a raw_vec::BoundPtr, len: usize, shared: Ghost<frozen_region::FrozenRegion>, ticket: Ghost<&'a LifetimeToken>, ) -> &'a [u8]",modified
src/verified/scoped.rs,95,valid,pub(crate),pub(crate) fn valid(self)->bool,modified
src/verified/scoped.rs,107,contents,pub,pub fn contents(self)->Seq<u8>,modified
src/verified/scoped.rs,111,capacity,pub(crate),pub(crate) fn capacity(&self)->usize,modified
src/verified/scoped.rs,122,new,pub,pub fn new(input:Vec<u8>)->Self,modified
src/verified/scoped.rs,146,share_pair,pub,"pub fn share_pair(&mut self)->(ReadHandle<'_>,ReadHandle<'_>,CloseContext)",modified
src/verified/scoped.rs,165,recover,,"fn recover(self,context:CloseContext,first:Closed,second:Closed)->(RecoveredAllocation,bool,bool)",modified
src/verified/scoped.rs,185,close,pub,"pub fn close(self,context:CloseContext,first:Closed,second:Closed)->(bool,bool)",modified
src/verified/scoped.rs,203,thaw,,"fn thaw(self,context:CloseContext,first:Closed,second:Closed)->(Vec<u8>,bool,bool)",modified
src/verified/scoped.rs,220,valid,,fn valid(self)->bool,modified
src/verified/scoped.rs,235,contents,,fn contents(self)->Seq<u8>,modified
src/verified/scoped.rs,238,close,,fn close(self),modified
src/verified/scoped.rs,250,into_vec,,fn into_vec(self)->Vec<u8>,modified
src/verified/scoped.rs,260,valid,pub,pub fn valid(self)->bool,modified
src/verified/scoped.rs,262,matches_owner,pub(crate),"pub(crate) fn matches_owner(self,owner:Owner)->bool",modified
src/verified/scoped.rs,273,contents,pub,pub fn contents(self)->Seq<u8>,modified
src/verified/scoped.rs,275,is_left,pub,pub fn is_left(self)->bool,modified
src/verified/scoped.rs,277,accepted_by,pub,"pub fn accepted_by(self,context:CloseContext)->bool",modified
src/verified/scoped.rs,281,len,pub,pub fn len(&self)->usize,modified
src/verified/scoped.rs,284,read,pub,"pub fn read(&self,index:usize)->u8",modified
src/verified/scoped.rs,290,close,pub,"pub fn close(self,context:&CloseContext,tokens:Ghost<Tokens>)->Closed",modified
src/verified/scoped.rs,298,is_left,pub,pub fn is_left(self)->bool,modified
src/verified/scoped.rs,300,accepted_by,pub,"pub fn accepted_by(self,context:CloseContext)->bool",modified
src/verified/scoped.rs,315,scoped_roundtrip,pub,"pub fn scoped_roundtrip(input:Vec<u8>,index:usize,reverse:bool)->(Option<u8>,Option<u8>,bool,bool)",modified
src/verified/scoped.rs,341,scoped_after_peer_close,pub,"pub fn scoped_after_peer_close(input:Vec<u8>,index:usize,reverse:bool)->(Option<u8>,Option<u8>,bool,bool)",modified
src/verified/scoped.rs,374,scoped_set_and_read,pub,"pub fn scoped_set_and_read(input:Vec<u8>,write_index:usize,value:u8,read_index:usize,leaves:usize) ->(bool,Option<(Option<u8>,usize,bool,bool)>)",modified
src/verified/scoped.rs,391,scoped_numeric_read,pub,"pub fn scoped_numeric_read(input:Vec<u8>,reverse:bool)->(Option<u16>,usize,bool,bool)",modified
src/verified/scoped.rs,425,actual_scoped_readers_and_single_cleanup,,fn actual_scoped_readers_and_single_cleanup(),modified
src/verified/scoped.rs,437,exclusive_mutation_reaches_shared_physical_reads,,fn exclusive_mutation_reaches_shared_physical_reads(),modified
src/verified/scoped.rs,455,shared_physical_numeric_cursor_reads,,fn shared_physical_numeric_cursor_reads(),modified
src/verified/spawn_failure.rs,9,parent_retained_builder_attempt,pub,"pub fn parent_retained_builder_attempt( input: Vec<u8>, index: usize, force_builder_error: bool, mut tokens: Ghost<Tokens>, ) -> (Option<u8>, bool, bool, bool)",modified
src/verified/spawn_failure.rs,68,token,,fn token() -> Ghost<Tokens<'static>>,modified
src/verified/spawn_failure.rs,73,successful_spawn_returns_the_lease_to_parent,,fn successful_spawn_returns_the_lease_to_parent(),modified
src/verified/spawn_failure.rs,82,builder_error_leaves_the_parent_slot_for_explicit_close,,fn builder_error_leaves_the_parent_slot_for_explicit_close(),modified
src/verified/tree.rs,16,restores_to,,"fn restores_to(self, parent: CloseContext) -> bool",modified
src/verified/tree.rs,39,finish,,"fn finish(self, parent: &CloseContext, first: Closed, second: Closed) -> ReadHandle<'a>",modified
src/verified/tree.rs,61,branch,,"fn branch(self, parent: &CloseContext) -> (ReadHandle<'a>,ReadHandle<'a>,BranchContext<'a>)",modified
src/verified/tree.rs,85,worker,,"fn worker(handle:ReadHandle<'_>,parent:&CloseContext,tokens:Ghost<Tokens>,index:usize,leaves:usize) ->(Option<u8>,usize,Closed)",modified
src/verified/tree.rs,113,cleanup_vec,,fn cleanup_vec(input:Vec<u8>),modified
src/verified/tree.rs,126,scoped_tree,pub,"pub fn scoped_tree(input:Vec<u8>,index:usize,leaves:usize) ->Option<(Option<u8>,usize,bool,bool)>",modified
src/verified/tree.rs,151,finite_tree_reads_and_cleanup,,fn finite_tree_reads_and_cleanup(),modified
src/verified/write_readback.rs,11,scoped_write_read_u16_be,pub,"pub fn scoped_write_read_u16_be( value: u16, reverse: bool, ) -> (Option<u16>, usize, bool, bool)",modified
src/verified/writer_adapters.rs,14,owner_view,pub,pub fn owner_view(self) -> Seq<u8>,modified
src/verified/writer_adapters.rs,19,owner_final_view,pub,pub fn owner_final_view(self) -> Seq<u8>,modified
src/verified/writer_adapters.rs,24,remaining_view,pub,pub fn remaining_view(self) -> Int,modified
src/verified/writer_adapters.rs,32,new,pub,"pub fn new(owner: &'a mut ExclusiveBytes, limit: usize) -> Self",modified
src/verified/writer_adapters.rs,38,remaining,pub,pub fn remaining(&self) -> usize,modified
src/verified/writer_adapters.rs,44,limit,pub,pub fn limit(&self) -> usize,modified
src/verified/writer_adapters.rs,52,set_limit,pub,"pub fn set_limit(&mut self, limit: usize)",modified
src/verified/writer_adapters.rs,58,get_ref,pub,pub fn get_ref(&self) -> &ExclusiveBytes,modified
src/verified/writer_adapters.rs,67,get_mut,pub,pub fn get_mut(&mut self) -> &mut ExclusiveBytes,modified
src/verified/writer_adapters.rs,85,write_slice,pub,"pub fn write_slice(&mut self, source: &[u8]) -> bool",modified
src/verified/writer_adapters.rs,100,into_inner,pub,pub fn into_inner(self) -> &'a mut ExclusiveBytes,modified
src/verified/writer_adapters.rs,110,append_through_limited_writer,pub,"pub fn append_through_limited_writer( owner: &mut ExclusiveBytes, source: &[u8], limit: usize, ) -> bool",modified
src/verified/writer_adapters.rs,139,limited_write_then_close,pub,"pub fn limited_write_then_close( mut owner: ExclusiveBytes, source: &[u8], limit: usize, ) -> bool",modified
src/verified/writer_adapters.rs,166,limited_writer_accessors_then_close,pub(crate),"pub(crate) fn limited_writer_accessors_then_close( mut owner: ExclusiveBytes, source: &[u8], limit: usize, marker: u8, ) -> bool",modified
src/verified/writer_adapters.rs,196,left_chunk_len,,"fn left_chunk_len(source_len: Int, left_budget: Int) -> Int",modified
src/verified/writer_adapters.rs,210,left_view,pub,pub fn left_view(self) -> Seq<u8>,modified
src/verified/writer_adapters.rs,215,right_view,pub,pub fn right_view(self) -> Seq<u8>,modified
src/verified/writer_adapters.rs,220,left_final_view,pub,pub fn left_final_view(self) -> Seq<u8>,modified
src/verified/writer_adapters.rs,225,right_final_view,pub,pub fn right_final_view(self) -> Seq<u8>,modified
src/verified/writer_adapters.rs,230,left_remaining_view,pub,pub fn left_remaining_view(self) -> Int,modified
src/verified/writer_adapters.rs,235,right_remaining_view,pub,pub fn right_remaining_view(self) -> Int,modified
src/verified/writer_adapters.rs,241,first_ref,pub,pub fn first_ref(&self) -> &ExclusiveBytes,modified
src/verified/writer_adapters.rs,253,first_mut,pub,pub fn first_mut(&mut self) -> &mut ExclusiveBytes,modified
src/verified/writer_adapters.rs,259,last_ref,pub,pub fn last_ref(&self) -> &ExclusiveBytes,modified
src/verified/writer_adapters.rs,271,last_mut,pub,pub fn last_mut(&mut self) -> &mut ExclusiveBytes,modified
src/verified/writer_adapters.rs,282,new,pub,"pub fn new( left: &'a mut ExclusiveBytes, right: &'a mut ExclusiveBytes, left_limit: usize, right_limit: usize, ) -> Self",modified
src/verified/writer_adapters.rs,322,write_slice,pub,"pub fn write_slice(&mut self, source: &[u8]) -> bool",modified
src/verified/writer_adapters.rs,349,into_inner,pub,"pub fn into_inner(self) -> (&'a mut ExclusiveBytes, &'a mut ExclusiveBytes)",modified
src/verified/writer_adapters.rs,368,append_through_chained_writer,pub,"pub fn append_through_chained_writer( left: &mut ExclusiveBytes, right: &mut ExclusiveBytes, source: &[u8], left_limit: usize, right_limit: usize, ) -> bool",modified
src/verified/writer_adapters.rs,415,chained_write_then_close,pub,"pub fn chained_write_then_close( mut left: ExclusiveBytes, mut right: ExclusiveBytes, source: &[u8], left_limit: usize, right_limit: usize, ) -> bool",modified
src/verified/writer_adapters.rs,457,chained_writer_accessors_then_close,pub(crate),"pub(crate) fn chained_writer_accessors_then_close( mut left: ExclusiveBytes, mut right: ExclusiveBytes, left_marker: u8, right_marker: u8, ) -> bool",modified
src/verified/writer_adapters.rs,498,limited_writer_accepts_empty_write_with_zero_budget,,fn limited_writer_accepts_empty_write_with_zero_budget(),modified
src/verified/writer_adapters.rs,512,limited_writer_projects_and_returns_mutated_owner,,fn limited_writer_projects_and_returns_mutated_owner(),modified
src/verified/writer_adapters.rs,532,limited_writer_accepts_exact_budget_and_rejects_later_write,,fn limited_writer_accepts_exact_budget_and_rejects_later_write(),modified
src/verified/writer_adapters.rs,547,limited_writer_rejects_oversized_write_without_mutation,,fn limited_writer_rejects_oversized_write_without_mutation(),modified
src/verified/writer_adapters.rs,560,chained_writer_splits_across_left_then_right,,fn chained_writer_splits_across_left_then_right(),modified
src/verified/writer_adapters.rs,575,chained_writer_projects_and_returns_mutated_owners,,fn chained_writer_projects_and_returns_mutated_owners(),modified
src/verified/writer_adapters.rs,597,chained_writer_rejects_insufficient_total_budget_without_mutation,,fn chained_writer_rejects_insufficient_total_budget_without_mutation(),modified
src/verified/writer_adapters.rs,612,chained_writer_accepts_empty_write_with_zero_budgets,,fn chained_writer_accepts_empty_write_with_zero_budgets(),modified
src/verified/writes.rs,13,extend_from_slice,pub,"pub fn extend_from_slice(&mut self, source: &[u8])",modified
src/verified/writes.rs,19,write_u8,pub,"pub fn write_u8(&mut self, value: u8)",modified
src/verified/writes.rs,25,write_i8,pub,"pub fn write_i8(&mut self, value: i8)",modified
src/verified/writes.rs,31,write_u16_be,pub,"pub fn write_u16_be(&mut self, value: u16)",modified
src/verified/writes.rs,38,write_u16_le,pub,"pub fn write_u16_le(&mut self, value: u16)",modified
src/verified/writes.rs,45,write_u32_be,pub,"pub fn write_u32_be(&mut self, value: u32)",modified
src/verified/writes.rs,52,write_u32_le,pub,"pub fn write_u32_le(&mut self, value: u32)",modified
src/verified/writes.rs,59,write_u64_be,pub,"pub fn write_u64_be(&mut self, value: u64)",modified
src/verified/writes.rs,66,write_u64_le,pub,"pub fn write_u64_le(&mut self, value: u64)",modified
src/verified/writes.rs,73,write_u128_be,pub,"pub fn write_u128_be(&mut self, value: u128)",modified
src/verified/writes.rs,80,write_u128_le,pub,"pub fn write_u128_le(&mut self, value: u128)",modified
src/verified/writes.rs,87,write_i16_be,pub,"pub fn write_i16_be(&mut self, value: i16)",modified
src/verified/writes.rs,93,write_i16_le,pub,"pub fn write_i16_le(&mut self, value: i16)",modified
src/verified/writes.rs,99,write_i32_be,pub,"pub fn write_i32_be(&mut self, value: i32)",modified
src/verified/writes.rs,105,write_i32_le,pub,"pub fn write_i32_le(&mut self, value: i32)",modified
src/verified/writes.rs,111,write_i64_be,pub,"pub fn write_i64_be(&mut self, value: i64)",modified
src/verified/writes.rs,117,write_i64_le,pub,"pub fn write_i64_le(&mut self, value: i64)",modified
src/verified/writes.rs,123,write_i128_be,pub,"pub fn write_i128_be(&mut self, value: i128)",modified
src/verified/writes.rs,129,write_i128_le,pub,"pub fn write_i128_le(&mut self, value: i128)",modified
src/verified/writes.rs,136,write_u16_ne,pub,"pub fn write_u16_ne(&mut self, value: u16)",modified
src/verified/writes.rs,146,write_u32_ne,pub,"pub fn write_u32_ne(&mut self, value: u32)",modified
src/verified/writes.rs,156,write_u64_ne,pub,"pub fn write_u64_ne(&mut self, value: u64)",modified
src/verified/writes.rs,166,write_u128_ne,pub,"pub fn write_u128_ne(&mut self, value: u128)",modified
src/verified/writes.rs,176,write_i16_ne,pub,"pub fn write_i16_ne(&mut self, value: i16)",modified
src/verified/writes.rs,186,write_i32_ne,pub,"pub fn write_i32_ne(&mut self, value: i32)",modified
src/verified/writes.rs,196,write_i64_ne,pub,"pub fn write_i64_ne(&mut self, value: i64)",modified
src/verified/writes.rs,206,write_i128_ne,pub,"pub fn write_i128_ne(&mut self, value: i128)",modified
src/verified/writes.rs,221,try_write_uint_be,pub,"pub fn try_write_uint_be(&mut self, value: u64, nbytes: usize) -> bool",modified
src/verified/writes.rs,250,try_write_uint_le,pub,"pub fn try_write_uint_le(&mut self, value: u64, nbytes: usize) -> bool",modified
src/verified/writes.rs,279,try_write_int_be,pub,"pub fn try_write_int_be(&mut self, value: i64, nbytes: usize) -> bool",modified
src/verified/writes.rs,291,try_write_int_le,pub,"pub fn try_write_int_le(&mut self, value: i64, nbytes: usize) -> bool",modified
src/verified/writes.rs,305,try_write_uint_ne,pub,"pub fn try_write_uint_ne(&mut self, value: u64, nbytes: usize) -> bool",modified
src/verified/writes.rs,322,try_write_int_ne,pub,"pub fn try_write_int_ne(&mut self, value: i64, nbytes: usize) -> bool",modified
src/verified/writes.rs,337,write,,"fn write(&mut self, source: &[u8]) -> std::io::Result<usize>",modified
src/verified/writes.rs,344,flush,,fn flush(&mut self) -> std::io::Result<()>,modified
src/verified/writes.rs,355,check_u16,,fn check_u16(value: u16),modified
src/verified/writes.rs,381,check_u32,,fn check_u32(value: u32),modified
src/verified/writes.rs,407,check_u64,,fn check_u64(value: u64),modified
src/verified/writes.rs,433,check_u128,,fn check_u128(value: u128),modified
src/verified/writes.rs,459,check_i16,,fn check_i16(value: i16),modified
src/verified/writes.rs,485,check_i32,,fn check_i32(value: i32),modified
src/verified/writes.rs,511,check_i64,,fn check_i64(value: i64),modified
src/verified/writes.rs,537,check_i128,,fn check_i128(value: i128),modified
src/verified/writes.rs,563,signed_low_width,,"fn signed_low_width(value: i64, width: usize) -> i64",modified
src/verified/writes.rs,581,unsigned_low_width,,"fn unsigned_low_width(value: u64, width: usize) -> u64",modified
src/verified/writes.rs,591,decode_be,,fn decode_be(bytes: &[u8]) -> u64,modified
src/verified/writes.rs,595,decode_le,,fn decode_le(bytes: &[u8]) -> u64,modified
src/verified/writes.rs,602,extend_from_slice_appends_initialized_bytes_and_cursor_reads_them,,fn extend_from_slice_appends_initialized_bytes_and_cursor_reads_them(),modified
src/verified/writes.rs,612,fixed_width_endian_writes_round_trip_extrema,,fn fixed_width_endian_writes_round_trip_extrema(),modified
src/verified/writes.rs,620,one_byte_unsigned_and_signed_writes_round_trip,,fn one_byte_unsigned_and_signed_writes_round_trip(),modified
src/verified/writes.rs,640,signed_fixed_endian_and_native_writes_round_trip_extrema,,fn signed_fixed_endian_and_native_writes_round_trip_extrema(),modified
src/verified/writes.rs,649,written_u16_is_read_after_real_shared_close_lifecycle,,fn written_u16_is_read_after_real_shared_close_lifecycle(),modified
src/verified/writes.rs,662,variable_width_writes_cover_zero_through_nine_and_read_back,,fn variable_width_writes_cover_zero_through_nine_and_read_back(),modified
src/verified/writes.rs,713,variable_signed_writes_cover_all_widths_and_endian_aliases,,fn variable_signed_writes_cover_all_widths_and_endian_aliases(),modified
src/verified/writes.rs,759,standard_write_appends_all_bytes_and_flushes,,fn standard_write_appends_all_bytes_and_flushes(),modified
